
================ c1  seed=2  (Pp=100 Pd=0 Pt=25000 rewire=True k=5 c=1 eps=0,02 qmax=0,05 N=10000 theta=6 crash=0 shape=0 multi=1 randrw=0 oracle=False fixedthr=0) ================

================ eps001  seed=2  (Pp=100 Pd=0 Pt=25000 rewire=True k=5 c=2 eps=0,01 qmax=0,05 N=10000 theta=6 crash=0 shape=0 multi=1 randrw=0 oracle=False fixedthr=0) ================

================ k4  seed=1  (Pp=100 Pd=0 Pt=25000 rewire=True k=4 c=2 eps=0,02 qmax=0,05 N=10000 theta=6 crash=0 shape=0 multi=1 randrw=0 oracle=False fixedthr=0) ================

================ th3  seed=2  (Pp=100 Pd=0 Pt=25000 rewire=True k=5 c=2 eps=0,02 qmax=0,05 N=10000 theta=3 crash=0 shape=0 multi=1 randrw=0 oracle=False fixedthr=0) ================

================ eps001  seed=1  (Pp=100 Pd=0 Pt=25000 rewire=True k=5 c=2 eps=0,01 qmax=0,05 N=10000 theta=6 crash=0 shape=0 multi=1 randrw=0 oracle=False fixedthr=0) ================

================ k4  seed=2  (Pp=100 Pd=0 Pt=25000 rewire=True k=4 c=2 eps=0,02 qmax=0,05 N=10000 theta=6 crash=0 shape=0 multi=1 randrw=0 oracle=False fixedthr=0) ================

================ c1  seed=1  (Pp=100 Pd=0 Pt=25000 rewire=True k=5 c=1 eps=0,02 qmax=0,05 N=10000 theta=6 crash=0 shape=0 multi=1 randrw=0 oracle=False fixedthr=0) ================

================ th3  seed=1  (Pp=100 Pd=0 Pt=25000 rewire=True k=5 c=2 eps=0,02 qmax=0,05 N=10000 theta=3 crash=0 shape=0 multi=1 randrw=0 oracle=False fixedthr=0) ================
t=200  N=209  holderDeg=-1  probe(ttl4/6/8/12)=0/0/0/0 of 20
t=200  N=209  holderDeg=-1  probe(ttl4/6/8/12)=0/0/0/0 of 20
t=200  N=209  holderDeg=-1  probe(ttl4/6/8/12)=0/0/0/0 of 20
t=200  N=209  holderDeg=-1  probe(ttl4/6/8/12)=0/0/0/0 of 20
t=200  N=209  holderDeg=-1  probe(ttl4/6/8/12)=0/0/0/0 of 20
t=200  N=209  holderDeg=-1  probe(ttl4/6/8/12)=0/0/0/0 of 20
t=200  N=209  holderDeg=-1  probe(ttl4/6/8/12)=0/0/0/0 of 20
t=200  N=209  holderDeg=-1  probe(ttl4/6/8/12)=0/0/0/0 of 20
t=400  N=409  holderDeg=-1  probe(ttl4/6/8/12)=0/0/0/0 of 20
t=400  N=409  holderDeg=-1  probe(ttl4/6/8/12)=0/0/0/0 of 20
t=400  N=409  holderDeg=-1  probe(ttl4/6/8/12)=0/0/0/0 of 20
t=400  N=409  holderDeg=-1  probe(ttl4/6/8/12)=0/0/0/0 of 20
t=400  N=409  holderDeg=-1  probe(ttl4/6/8/12)=0/0/0/0 of 20
t=400  N=409  holderDeg=-1  probe(ttl4/6/8/12)=0/0/0/0 of 20
t=400  N=409  holderDeg=-1  probe(ttl4/6/8/12)=0/0/0/0 of 20
t=400  N=409  holderDeg=-1  probe(ttl4/6/8/12)=0/0/0/0 of 20
t=600  N=609  holderDeg=-1  probe(ttl4/6/8/12)=0/0/0/0 of 20
t=600  N=609  holderDeg=-1  probe(ttl4/6/8/12)=0/0/0/0 of 20
t=600  N=609  holderDeg=-1  probe(ttl4/6/8/12)=0/0/0/0 of 20
t=600  N=609  holderDeg=-1  probe(ttl4/6/8/12)=0/0/0/0 of 20
t=600  N=609  holderDeg=-1  probe(ttl4/6/8/12)=0/0/0/0 of 20
t=600  N=609  holderDeg=-1  probe(ttl4/6/8/12)=0/0/0/0 of 20
t=600  N=609  holderDeg=-1  probe(ttl4/6/8/12)=0/0/0/0 of 20
t=600  N=609  holderDeg=-1  probe(ttl4/6/8/12)=0/0/0/0 of 20
t=800  N=809  holderDeg=-1  probe(ttl4/6/8/12)=0/0/0/0 of 20
t=800  N=809  holderDeg=-1  probe(ttl4/6/8/12)=0/0/0/0 of 20
t=800  N=809  holderDeg=-1  probe(ttl4/6/8/12)=0/0/0/0 of 20
t=800  N=809  holderDeg=-1  probe(ttl4/6/8/12)=0/0/0/0 of 20
t=800  N=809  holderDeg=-1  probe(ttl4/6/8/12)=0/0/0/0 of 20
t=800  N=809  holderDeg=-1  probe(ttl4/6/8/12)=0/0/0/0 of 20
t=800  N=809  holderDeg=-1  probe(ttl4/6/8/12)=0/0/0/0 of 20
t=800  N=809  holderDeg=-1  probe(ttl4/6/8/12)=0/0/0/0 of 20
t=1000  N=1009  holderDeg=-1  probe(ttl4/6/8/12)=0/0/0/0 of 20
t=1000  N=1009  holderDeg=-1  probe(ttl4/6/8/12)=0/0/0/0 of 20
t=1000  N=1009  holderDeg=-1  probe(ttl4/6/8/12)=0/0/0/0 of 20
t=1200  N=1209  holderDeg=-1  probe(ttl4/6/8/12)=0/0/0/0 of 20
t=1000  N=1009  holderDeg=-1  probe(ttl4/6/8/12)=0/0/0/0 of 20
t=1000  N=1009  holderDeg=-1  probe(ttl4/6/8/12)=0/0/0/0 of 20
t=1000  N=1009  holderDeg=-1  probe(ttl4/6/8/12)=0/0/0/0 of 20
t=1200  N=1209  holderDeg=-1  probe(ttl4/6/8/12)=0/0/0/0 of 20
t=1000  N=1009  holderDeg=-1  probe(ttl4/6/8/12)=0/0/0/0 of 20
t=1000  N=1009  holderDeg=-1  probe(ttl4/6/8/12)=0/0/0/0 of 20
t=1400  N=1409  holderDeg=-1  probe(ttl4/6/8/12)=0/0/0/0 of 20
t=1200  N=1209  holderDeg=-1  probe(ttl4/6/8/12)=0/0/0/0 of 20
t=1200  N=1209  holderDeg=-1  probe(ttl4/6/8/12)=0/0/0/0 of 20
t=1400  N=1409  holderDeg=-1  probe(ttl4/6/8/12)=0/0/0/0 of 20
t=1200  N=1209  holderDeg=-1  probe(ttl4/6/8/12)=0/0/0/0 of 20
t=1200  N=1209  holderDeg=-1  probe(ttl4/6/8/12)=0/0/0/0 of 20
t=1200  N=1209  holderDeg=-1  probe(ttl4/6/8/12)=0/0/0/0 of 20
t=1400  N=1409  holderDeg=-1  probe(ttl4/6/8/12)=0/0/0/0 of 20
t=1600  N=1609  holderDeg=-1  probe(ttl4/6/8/12)=0/0/0/0 of 20
t=1400  N=1409  holderDeg=-1  probe(ttl4/6/8/12)=0/0/0/0 of 20
t=1200  N=1209  holderDeg=-1  probe(ttl4/6/8/12)=0/0/0/0 of 20
t=1400  N=1409  holderDeg=-1  probe(ttl4/6/8/12)=0/0/0/0 of 20
t=1600  N=1609  holderDeg=-1  probe(ttl4/6/8/12)=0/0/0/0 of 20
t=1400  N=1409  holderDeg=-1  probe(ttl4/6/8/12)=0/0/0/0 of 20
t=1400  N=1409  holderDeg=-1  probe(ttl4/6/8/12)=0/0/0/0 of 20
t=1600  N=1609  holderDeg=-1  probe(ttl4/6/8/12)=0/0/0/0 of 20
t=1600  N=1609  holderDeg=-1  probe(ttl4/6/8/12)=0/0/0/0 of 20
t=1400  N=1409  holderDeg=-1  probe(ttl4/6/8/12)=0/0/0/0 of 20
t=1800  N=1809  holderDeg=-1  probe(ttl4/6/8/12)=0/0/0/0 of 20
t=1800  N=1809  holderDeg=-1  probe(ttl4/6/8/12)=0/0/0/0 of 20
t=1600  N=1609  holderDeg=-1  probe(ttl4/6/8/12)=0/0/0/0 of 20
t=1600  N=1609  holderDeg=-1  probe(ttl4/6/8/12)=0/0/0/0 of 20
t=1600  N=1609  holderDeg=-1  probe(ttl4/6/8/12)=0/0/0/0 of 20
t=1800  N=1809  holderDeg=-1  probe(ttl4/6/8/12)=0/0/0/0 of 20
t=1600  N=1609  holderDeg=-1  probe(ttl4/6/8/12)=0/0/0/0 of 20
t=2000  N=2009  holderDeg=-1  probe(ttl4/6/8/12)=0/0/0/0 of 20
t=1800  N=1809  holderDeg=-1  probe(ttl4/6/8/12)=0/0/0/0 of 20
t=2000  N=2009  holderDeg=-1  probe(ttl4/6/8/12)=0/0/0/0 of 20
t=1800  N=1809  holderDeg=-1  probe(ttl4/6/8/12)=0/0/0/0 of 20
t=2000  N=2009  holderDeg=-1  probe(ttl4/6/8/12)=0/0/0/0 of 20
t=1800  N=1809  holderDeg=-1  probe(ttl4/6/8/12)=0/0/0/0 of 20
t=1800  N=1809  holderDeg=-1  probe(ttl4/6/8/12)=0/0/0/0 of 20
t=1800  N=1809  holderDeg=-1  probe(ttl4/6/8/12)=0/0/0/0 of 20
t=2200  N=2209  holderDeg=-1  probe(ttl4/6/8/12)=0/0/0/0 of 20
t=2000  N=2009  holderDeg=-1  probe(ttl4/6/8/12)=0/0/0/0 of 20
t=2000  N=2009  holderDeg=-1  probe(ttl4/6/8/12)=0/0/0/0 of 20
t=2000  N=2009  holderDeg=-1  probe(ttl4/6/8/12)=0/0/0/0 of 20
t=2200  N=2209  holderDeg=-1  probe(ttl4/6/8/12)=0/0/0/0 of 20
t=2000  N=2009  holderDeg=-1  probe(ttl4/6/8/12)=0/0/0/0 of 20
t=2200  N=2209  holderDeg=-1  probe(ttl4/6/8/12)=0/0/0/0 of 20
t=2400  N=2409  holderDeg=-1  probe(ttl4/6/8/12)=0/0/0/0 of 20
t=2000  N=2009  holderDeg=-1  probe(ttl4/6/8/12)=0/0/0/0 of 20
t=2200  N=2209  holderDeg=-1  probe(ttl4/6/8/12)=0/0/0/0 of 20
t=2200  N=2209  holderDeg=-1  probe(ttl4/6/8/12)=0/0/0/0 of 20
t=2200  N=2209  holderDeg=-1  probe(ttl4/6/8/12)=0/0/0/0 of 20
t=2200  N=2209  holderDeg=-1  probe(ttl4/6/8/12)=0/0/0/0 of 20
t=2400  N=2409  holderDeg=-1  probe(ttl4/6/8/12)=0/0/0/0 of 20
t=2600  N=2609  holderDeg=-1  probe(ttl4/6/8/12)=0/0/0/0 of 20
t=2400  N=2409  holderDeg=-1  probe(ttl4/6/8/12)=0/0/0/0 of 20
t=2200  N=2209  holderDeg=-1  probe(ttl4/6/8/12)=0/0/0/0 of 20
t=2400  N=2409  holderDeg=-1  probe(ttl4/6/8/12)=0/0/0/0 of 20
t=2400  N=2409  holderDeg=-1  probe(ttl4/6/8/12)=0/0/0/0 of 20
t=2400  N=2409  holderDeg=-1  probe(ttl4/6/8/12)=0/0/0/0 of 20
t=2400  N=2409  holderDeg=-1  probe(ttl4/6/8/12)=0/0/0/0 of 20
t=2600  N=2609  holderDeg=-1  probe(ttl4/6/8/12)=0/0/0/0 of 20
t=2600  N=2609  holderDeg=-1  probe(ttl4/6/8/12)=0/0/0/0 of 20
t=2600  N=2609  holderDeg=-1  probe(ttl4/6/8/12)=0/0/0/0 of 20
t=2400  N=2409  holderDeg=-1  probe(ttl4/6/8/12)=0/0/0/0 of 20
t=2800  N=2809  holderDeg=-1  probe(ttl4/6/8/12)=0/0/0/0 of 20
t=2600  N=2609  holderDeg=-1  probe(ttl4/6/8/12)=0/0/0/0 of 20
t=2600  N=2609  holderDeg=-1  probe(ttl4/6/8/12)=0/0/0/0 of 20
t=2800  N=2809  holderDeg=-1  probe(ttl4/6/8/12)=0/0/0/0 of 20
t=2800  N=2809  holderDeg=-1  probe(ttl4/6/8/12)=0/0/0/0 of 20
t=2600  N=2609  holderDeg=-1  probe(ttl4/6/8/12)=0/0/0/0 of 20
t=2600  N=2609  holderDeg=-1  probe(ttl4/6/8/12)=0/0/0/0 of 20
t=3000  N=3009  holderDeg=3  probe(ttl4/6/8/12)=1/3/9/13 of 20
t=2800  N=2809  holderDeg=-1  probe(ttl4/6/8/12)=0/0/0/0 of 20
t=3000  N=3009  holderDeg=3  probe(ttl4/6/8/12)=0/0/11/14 of 20
t=2800  N=2809  holderDeg=-1  probe(ttl4/6/8/12)=0/0/0/0 of 20
t=3000  N=3009  holderDeg=3  probe(ttl4/6/8/12)=0/2/7/8 of 20
t=2800  N=2809  holderDeg=-1  probe(ttl4/6/8/12)=0/0/0/0 of 20
t=2800  N=2809  holderDeg=-1  probe(ttl4/6/8/12)=0/0/0/0 of 20
t=3000  N=3009  holderDeg=3  probe(ttl4/6/8/12)=0/2/5/7 of 20
t=3200  N=3209  holderDeg=3  probe(ttl4/6/8/12)=1/1/6/14 of 20
t=2800  N=2809  holderDeg=-1  probe(ttl4/6/8/12)=0/0/0/0 of 20
t=3000  N=3009  holderDeg=3  probe(ttl4/6/8/12)=0/3/5/8 of 20
t=3200  N=3209  holderDeg=3  probe(ttl4/6/8/12)=0/1/12/14 of 20
t=3200  N=3209  holderDeg=3  probe(ttl4/6/8/12)=0/2/6/9 of 20
t=3000  N=3009  holderDeg=3  probe(ttl4/6/8/12)=0/1/5/13 of 20
t=3000  N=3009  holderDeg=3  probe(ttl4/6/8/12)=0/2/2/1 of 20
t=3400  N=3409  holderDeg=3  probe(ttl4/6/8/12)=0/2/5/18 of 20
t=3200  N=3209  holderDeg=3  probe(ttl4/6/8/12)=0/2/3/6 of 20
t=3400  N=3409  holderDeg=3  probe(ttl4/6/8/12)=0/0/5/5 of 20
t=3400  N=3409  holderDeg=5  probe(ttl4/6/8/12)=1/1/6/17 of 20
t=3200  N=3209  holderDeg=3  probe(ttl4/6/8/12)=0/0/6/10 of 20
t=3000  N=3009  holderDeg=3  probe(ttl4/6/8/12)=0/6/7/14 of 20
t=3600  N=3609  holderDeg=3  probe(ttl4/6/8/12)=0/2/7/16 of 20
t=3200  N=3209  holderDeg=3  probe(ttl4/6/8/12)=0/2/1/1 of 20
t=3400  N=3409  holderDeg=3  probe(ttl4/6/8/12)=1/0/8/9 of 20
t=3600  N=3609  holderDeg=3  probe(ttl4/6/8/12)=0/2/7/5 of 20
t=3400  N=3409  holderDeg=3  probe(ttl4/6/8/12)=1/2/7/7 of 20
t=3400  N=3409  holderDeg=3  probe(ttl4/6/8/12)=0/2/3/2 of 20
t=3200  N=3209  holderDeg=3  probe(ttl4/6/8/12)=1/3/5/11 of 20
t=3200  N=3209  holderDeg=3  probe(ttl4/6/8/12)=1/1/9/11 of 20
t=3600  N=3609  holderDeg=7  probe(ttl4/6/8/12)=0/3/11/19 of 20
t=3800  N=3809  holderDeg=3  probe(ttl4/6/8/12)=0/2/8/17 of 20
t=3800  N=3809  holderDeg=3  probe(ttl4/6/8/12)=0/1/4/8 of 20
t=3600  N=3609  holderDeg=3  probe(ttl4/6/8/12)=0/3/3/6 of 20
t=3400  N=3409  holderDeg=3  probe(ttl4/6/8/12)=0/2/5/12 of 20
t=3600  N=3609  holderDeg=3  probe(ttl4/6/8/12)=0/2/5/1 of 20
t=3600  N=3609  holderDeg=3  probe(ttl4/6/8/12)=0/0/4/6 of 20
t=4000  N=4009  holderDeg=3  probe(ttl4/6/8/12)=0/1/7/15 of 20
t=3400  N=3409  holderDeg=3  probe(ttl4/6/8/12)=2/3/7/10 of 20
t=3800  N=3809  holderDeg=9  probe(ttl4/6/8/12)=1/8/15/19 of 20
t=4000  N=4009  holderDeg=3  probe(ttl4/6/8/12)=0/1/6/6 of 20
t=3800  N=3809  holderDeg=3  probe(ttl4/6/8/12)=0/0/4/6 of 20
t=3600  N=3609  holderDeg=3  probe(ttl4/6/8/12)=0/1/6/10 of 20
t=3800  N=3809  holderDeg=3  probe(ttl4/6/8/12)=0/1/4/4 of 20
t=4200  N=4209  holderDeg=3  probe(ttl4/6/8/12)=0/1/4/14 of 20
t=4000  N=4009  holderDeg=11  probe(ttl4/6/8/12)=1/4/13/20 of 20
t=3600  N=3609  holderDeg=3  probe(ttl4/6/8/12)=0/2/6/9 of 20
t=3800  N=3809  holderDeg=3  probe(ttl4/6/8/12)=1/0/2/4 of 20
t=4000  N=4009  holderDeg=3  probe(ttl4/6/8/12)=1/3/5/8 of 20
t=4200  N=4209  holderDeg=3  probe(ttl4/6/8/12)=1/0/8/4 of 20
t=3800  N=3809  holderDeg=3  probe(ttl4/6/8/12)=0/2/11/7 of 20
t=4000  N=4009  holderDeg=3  probe(ttl4/6/8/12)=0/1/3/7 of 20
t=4200  N=4209  holderDeg=11  probe(ttl4/6/8/12)=1/8/13/18 of 20
t=4400  N=4409  holderDeg=3  probe(ttl4/6/8/12)=0/2/10/15 of 20
t=3800  N=3809  holderDeg=3  probe(ttl4/6/8/12)=1/1/3/10 of 20
t=4000  N=4009  holderDeg=3  probe(ttl4/6/8/12)=0/0/3/2 of 20
t=4400  N=4409  holderDeg=3  probe(ttl4/6/8/12)=2/1/6/11 of 20
t=4200  N=4209  holderDeg=3  probe(ttl4/6/8/12)=0/1/5/10 of 20
t=4000  N=4009  holderDeg=3  probe(ttl4/6/8/12)=0/2/6/11 of 20
t=4600  N=4609  holderDeg=3  probe(ttl4/6/8/12)=0/2/11/14 of 20
t=4000  N=4009  holderDeg=3  probe(ttl4/6/8/12)=0/0/3/10 of 20
t=4200  N=4209  holderDeg=5  probe(ttl4/6/8/12)=0/2/10/17 of 20
t=4400  N=4409  holderDeg=11  probe(ttl4/6/8/12)=1/4/11/19 of 20
t=4200  N=4209  holderDeg=3  probe(ttl4/6/8/12)=1/0/0/4 of 20
t=4600  N=4609  holderDeg=3  probe(ttl4/6/8/12)=2/3/4/3 of 20
t=4400  N=4409  holderDeg=3  probe(ttl4/6/8/12)=0/3/5/9 of 20
t=4200  N=4209  holderDeg=5  probe(ttl4/6/8/12)=0/4/9/11 of 20
t=4600  N=4609  holderDeg=11  probe(ttl4/6/8/12)=0/8/10/19 of 20
t=4400  N=4409  holderDeg=3  probe(ttl4/6/8/12)=0/2/4/2 of 20
t=4200  N=4209  holderDeg=3  probe(ttl4/6/8/12)=0/2/7/7 of 20
t=4400  N=4409  holderDeg=7  probe(ttl4/6/8/12)=0/4/11/13 of 20
t=4800  N=4809  holderDeg=3  probe(ttl4/6/8/12)=0/2/5/3 of 20
t=4600  N=4609  holderDeg=3  probe(ttl4/6/8/12)=1/0/4/7 of 20
t=4400  N=4409  holderDeg=3  probe(ttl4/6/8/12)=0/2/5/8 of 20
t=4400  N=4409  holderDeg=7  probe(ttl4/6/8/12)=1/3/10/13 of 20
t=4600  N=4609  holderDeg=3  probe(ttl4/6/8/12)=0/0/1/2 of 20
t=4800  N=4809  holderDeg=3  probe(ttl4/6/8/12)=0/2/5/13 of 20
t=5000  N=5009  holderDeg=3  probe(ttl4/6/8/12)=0/0/2/5 of 20
t=4600  N=4609  holderDeg=5  probe(ttl4/6/8/12)=2/4/12/12 of 20
t=4800  N=4809  holderDeg=11  probe(ttl4/6/8/12)=1/9/14/20 of 20
t=4800  N=4809  holderDeg=3  probe(ttl4/6/8/12)=1/0/4/7 of 20
t=4600  N=4609  holderDeg=10  probe(ttl4/6/8/12)=0/3/13/16 of 20
t=4600  N=4609  holderDeg=9  probe(ttl4/6/8/12)=1/2/11/18 of 20
t=4800  N=4809  holderDeg=3  probe(ttl4/6/8/12)=0/1/0/2 of 20
t=5000  N=5009  holderDeg=3  probe(ttl4/6/8/12)=0/2/5/15 of 20
t=5200  N=5209  holderDeg=3  probe(ttl4/6/8/12)=0/2/1/5 of 20
t=4800  N=4809  holderDeg=7  probe(ttl4/6/8/12)=0/2/9/17 of 20
t=4800  N=4809  holderDeg=12  probe(ttl4/6/8/12)=1/3/11/17 of 20
t=5000  N=5009  holderDeg=3  probe(ttl4/6/8/12)=0/0/4/9 of 20
t=5000  N=5009  holderDeg=11  probe(ttl4/6/8/12)=1/4/13/20 of 20
t=4800  N=4809  holderDeg=11  probe(ttl4/6/8/12)=2/6/17/18 of 20
t=5000  N=5009  holderDeg=3  probe(ttl4/6/8/12)=0/0/1/3 of 20
t=5400  N=5409  holderDeg=4  probe(ttl4/6/8/12)=1/3/2/2 of 20
t=5000  N=5009  holderDeg=14  probe(ttl4/6/8/12)=0/5/14/20 of 20
t=5200  N=5209  holderDeg=3  probe(ttl4/6/8/12)=0/1/1/15 of 20
t=5000  N=5009  holderDeg=9  probe(ttl4/6/8/12)=2/3/11/16 of 20
t=5200  N=5209  holderDeg=11  probe(ttl4/6/8/12)=2/5/12/18 of 20
t=5200  N=5209  holderDeg=3  probe(ttl4/6/8/12)=0/1/1/2 of 20
t=5000  N=5009  holderDeg=13  probe(ttl4/6/8/12)=0/7/14/17 of 20
t=5200  N=5209  holderDeg=3  probe(ttl4/6/8/12)=0/1/6/4 of 20
t=5600  N=5609  holderDeg=4  probe(ttl4/6/8/12)=1/1/6/9 of 20
t=5200  N=5209  holderDeg=16  probe(ttl4/6/8/12)=1/6/14/20 of 20
t=5400  N=5409  holderDeg=3  probe(ttl4/6/8/12)=0/3/6/16 of 20
t=5200  N=5209  holderDeg=11  probe(ttl4/6/8/12)=1/4/15/19 of 20
t=5400  N=5409  holderDeg=11  probe(ttl4/6/8/12)=1/3/15/18 of 20
t=5400  N=5409  holderDeg=3  probe(ttl4/6/8/12)=0/1/2/2 of 20
t=5200  N=5209  holderDeg=15  probe(ttl4/6/8/12)=2/4/16/19 of 20
t=5400  N=5409  holderDeg=3  probe(ttl4/6/8/12)=1/1/3/6 of 20
t=5800  N=5809  holderDeg=4  probe(ttl4/6/8/12)=0/1/3/6 of 20
t=5600  N=5609  holderDeg=3  probe(ttl4/6/8/12)=0/2/4/17 of 20
t=5400  N=5409  holderDeg=18  probe(ttl4/6/8/12)=2/7/16/20 of 20
t=5400  N=5409  holderDeg=17  probe(ttl4/6/8/12)=0/5/20/20 of 20
t=5600  N=5609  holderDeg=3  probe(ttl4/6/8/12)=0/0/1/1 of 20
t=5400  N=5409  holderDeg=13  probe(ttl4/6/8/12)=1/3/14/19 of 20
t=5600  N=5609  holderDeg=11  probe(ttl4/6/8/12)=1/3/14/20 of 20
t=6000  N=6009  holderDeg=4  probe(ttl4/6/8/12)=1/2/5/10 of 20
t=5800  N=5809  holderDeg=3  probe(ttl4/6/8/12)=0/0/6/16 of 20
t=5600  N=5609  holderDeg=3  probe(ttl4/6/8/12)=0/2/4/5 of 20
t=5600  N=5609  holderDeg=20  probe(ttl4/6/8/12)=1/9/15/20 of 20
t=5600  N=5609  holderDeg=15  probe(ttl4/6/8/12)=1/7/16/20 of 20
t=6000  N=6009  holderDeg=3  probe(ttl4/6/8/12)=0/1/8/12 of 20
t=5600  N=5609  holderDeg=19  probe(ttl4/6/8/12)=1/6/19/19 of 20
t=5800  N=5809  holderDeg=11  probe(ttl4/6/8/12)=0/4/12/20 of 20
t=5800  N=5809  holderDeg=3  probe(ttl4/6/8/12)=1/1/2/1 of 20
t=5800  N=5809  holderDeg=3  probe(ttl4/6/8/12)=0/1/5/6 of 20
t=6200  N=6209  holderDeg=4  probe(ttl4/6/8/12)=0/1/7/8 of 20
t=5800  N=5809  holderDeg=17  probe(ttl4/6/8/12)=1/6/13/19 of 20
t=6200  N=6209  holderDeg=3  probe(ttl4/6/8/12)=0/1/6/14 of 20
t=5800  N=5809  holderDeg=22  probe(ttl4/6/8/12)=3/10/18/20 of 20
t=6000  N=6009  holderDeg=3  probe(ttl4/6/8/12)=0/0/1/1 of 20
t=6000  N=6009  holderDeg=11  probe(ttl4/6/8/12)=2/5/9/17 of 20
t=6400  N=6409  holderDeg=4  probe(ttl4/6/8/12)=0/1/6/5 of 20
t=5800  N=5809  holderDeg=21  probe(ttl4/6/8/12)=0/9/20/20 of 20
t=6000  N=6009  holderDeg=3  probe(ttl4/6/8/12)=0/1/4/4 of 20
t=6000  N=6009  holderDeg=19  probe(ttl4/6/8/12)=2/9/17/20 of 20
t=6400  N=6409  holderDeg=3  probe(ttl4/6/8/12)=0/0/6/13 of 20
t=6200  N=6209  holderDeg=3  probe(ttl4/6/8/12)=0/0/0/0 of 20
t=6000  N=6009  holderDeg=24  probe(ttl4/6/8/12)=2/11/16/20 of 20
t=6600  N=6609  holderDeg=4  probe(ttl4/6/8/12)=0/1/3/11 of 20
t=6200  N=6209  holderDeg=11  probe(ttl4/6/8/12)=0/1/13/19 of 20
t=6200  N=6209  holderDeg=3  probe(ttl4/6/8/12)=0/0/2/2 of 20
t=6000  N=6009  holderDeg=23  probe(ttl4/6/8/12)=1/6/19/20 of 20
t=6400  N=6409  holderDeg=3  probe(ttl4/6/8/12)=0/1/0/0 of 20
t=6600  N=6609  holderDeg=3  probe(ttl4/6/8/12)=1/1/7/13 of 20
t=6400  N=6409  holderDeg=3  probe(ttl4/6/8/12)=0/2/3/5 of 20
t=6200  N=6209  holderDeg=26  probe(ttl4/6/8/12)=1/5/15/20 of 20
t=6400  N=6409  holderDeg=11  probe(ttl4/6/8/12)=1/2/10/18 of 20
t=6800  N=6809  holderDeg=4  probe(ttl4/6/8/12)=0/0/5/3 of 20
t=6200  N=6209  holderDeg=21  probe(ttl4/6/8/12)=1/10/20/20 of 20
t=6200  N=6209  holderDeg=25  probe(ttl4/6/8/12)=0/9/16/20 of 20
t=6600  N=6609  holderDeg=3  probe(ttl4/6/8/12)=0/0/2/2 of 20
t=6800  N=6809  holderDeg=3  probe(ttl4/6/8/12)=0/0/0/12 of 20
t=6600  N=6609  holderDeg=3  probe(ttl4/6/8/12)=0/1/3/3 of 20
t=6400  N=6409  holderDeg=21  probe(ttl4/6/8/12)=0/7/19/20 of 20
t=6400  N=6409  holderDeg=26  probe(ttl4/6/8/12)=1/9/16/19 of 20
t=6400  N=6409  holderDeg=25  probe(ttl4/6/8/12)=0/10/17/20 of 20
t=6600  N=6609  holderDeg=11  probe(ttl4/6/8/12)=0/2/11/17 of 20
t=7000  N=7009  holderDeg=4  probe(ttl4/6/8/12)=0/1/1/2 of 20
t=6800  N=6809  holderDeg=3  probe(ttl4/6/8/12)=0/2/2/3 of 20
t=7000  N=7009  holderDeg=3  probe(ttl4/6/8/12)=0/0/6/15 of 20
t=6600  N=6609  holderDeg=21  probe(ttl4/6/8/12)=1/4/14/20 of 20
t=6800  N=6809  holderDeg=3  probe(ttl4/6/8/12)=0/2/1/2 of 20
t=6800  N=6809  holderDeg=11  probe(ttl4/6/8/12)=0/4/11/18 of 20
t=6600  N=6609  holderDeg=25  probe(ttl4/6/8/12)=1/6/18/20 of 20
t=6600  N=6609  holderDeg=26  probe(ttl4/6/8/12)=1/5/19/20 of 20
t=7200  N=7209  holderDeg=5  probe(ttl4/6/8/12)=0/0/4/13 of 20
t=7200  N=7209  holderDeg=4  probe(ttl4/6/8/12)=1/0/4/7 of 20
t=6800  N=6809  holderDeg=21  probe(ttl4/6/8/12)=0/7/17/20 of 20
t=7000  N=7009  holderDeg=3  probe(ttl4/6/8/12)=1/2/3/2 of 20
t=7000  N=7009  holderDeg=3  probe(ttl4/6/8/12)=0/0/1/2 of 20
t=7400  N=7409  holderDeg=7  probe(ttl4/6/8/12)=1/5/10/13 of 20
t=7000  N=7009  holderDeg=21  probe(ttl4/6/8/12)=2/7/14/19 of 20
t=6800  N=6809  holderDeg=26  probe(ttl4/6/8/12)=3/9/16/20 of 20
t=6800  N=6809  holderDeg=25  probe(ttl4/6/8/12)=2/6/19/20 of 20
t=7200  N=7209  holderDeg=3  probe(ttl4/6/8/12)=0/1/1/3 of 20
t=7000  N=7009  holderDeg=11  probe(ttl4/6/8/12)=0/5/11/16 of 20
t=7200  N=7209  holderDeg=3  probe(ttl4/6/8/12)=0/2/3/2 of 20
t=7400  N=7409  holderDeg=4  probe(ttl4/6/8/12)=0/2/2/3 of 20
t=7600  N=7609  holderDeg=9  probe(ttl4/6/8/12)=1/3/9/17 of 20
t=7200  N=7209  holderDeg=21  probe(ttl4/6/8/12)=1/7/18/18 of 20
t=7000  N=7009  holderDeg=25  probe(ttl4/6/8/12)=5/8/16/20 of 20
t=7000  N=7009  holderDeg=28  probe(ttl4/6/8/12)=2/7/18/19 of 20
t=7400  N=7409  holderDeg=3  probe(ttl4/6/8/12)=0/2/5/6 of 20
t=7200  N=7209  holderDeg=11  probe(ttl4/6/8/12)=0/5/10/18 of 20
t=7400  N=7409  holderDeg=3  probe(ttl4/6/8/12)=0/0/0/0 of 20
t=7600  N=7609  holderDeg=4  probe(ttl4/6/8/12)=0/0/7/3 of 20
t=7400  N=7409  holderDeg=21  probe(ttl4/6/8/12)=1/3/14/19 of 20
t=7800  N=7809  holderDeg=11  probe(ttl4/6/8/12)=1/3/12/18 of 20
t=7200  N=7209  holderDeg=25  probe(ttl4/6/8/12)=2/10/18/20 of 20
t=7400  N=7409  holderDeg=11  probe(ttl4/6/8/12)=0/6/5/17 of 20
t=7800  N=7809  holderDeg=4  probe(ttl4/6/8/12)=0/2/0/6 of 20
t=7600  N=7609  holderDeg=3  probe(ttl4/6/8/12)=0/1/3/5 of 20
t=7600  N=7609  holderDeg=21  probe(ttl4/6/8/12)=1/6/11/20 of 20
t=7600  N=7609  holderDeg=3  probe(ttl4/6/8/12)=0/0/1/3 of 20
t=8000  N=8009  holderDeg=13  probe(ttl4/6/8/12)=2/6/12/19 of 20
t=7400  N=7409  holderDeg=25  probe(ttl4/6/8/12)=1/6/18/20 of 20
t=7200  N=7209  holderDeg=30  probe(ttl4/6/8/12)=1/7/18/20 of 20
t=7600  N=7609  holderDeg=11  probe(ttl4/6/8/12)=1/3/15/18 of 20
t=7800  N=7809  holderDeg=3  probe(ttl4/6/8/12)=0/0/3/3 of 20
t=8000  N=8009  holderDeg=4  probe(ttl4/6/8/12)=0/2/3/6 of 20
t=7800  N=7809  holderDeg=21  probe(ttl4/6/8/12)=0/10/15/19 of 20
t=8200  N=8209  holderDeg=15  probe(ttl4/6/8/12)=0/6/11/20 of 20
t=7800  N=7809  holderDeg=3  probe(ttl4/6/8/12)=1/0/3/1 of 20
t=7400  N=7409  holderDeg=33  probe(ttl4/6/8/12)=3/8/19/20 of 20
t=7600  N=7609  holderDeg=25  probe(ttl4/6/8/12)=1/4/18/20 of 20
t=7800  N=7809  holderDeg=11  probe(ttl4/6/8/12)=0/2/9/19 of 20
t=8200  N=8209  holderDeg=4  probe(ttl4/6/8/12)=1/0/4/6 of 20
t=8000  N=8009  holderDeg=3  probe(ttl4/6/8/12)=0/0/2/5 of 20
t=8000  N=8009  holderDeg=21  probe(ttl4/6/8/12)=0/6/17/19 of 20
t=8400  N=8409  holderDeg=17  probe(ttl4/6/8/12)=1/2/12/20 of 20
t=7600  N=7609  holderDeg=35  probe(ttl4/6/8/12)=0/12/19/20 of 20
t=8400  N=8409  holderDeg=4  probe(ttl4/6/8/12)=0/1/5/10 of 20
t=8000  N=8009  holderDeg=3  probe(ttl4/6/8/12)=0/0/0/1 of 20
t=7800  N=7809  holderDeg=25  probe(ttl4/6/8/12)=0/7/15/19 of 20
t=8200  N=8209  holderDeg=21  probe(ttl4/6/8/12)=2/8/17/20 of 20
t=7800  N=7809  holderDeg=37  probe(ttl4/6/8/12)=0/3/20/20 of 20
t=8600  N=8609  holderDeg=19  probe(ttl4/6/8/12)=1/2/14/20 of 20
t=8200  N=8209  holderDeg=3  probe(ttl4/6/8/12)=0/0/2/8 of 20
t=8600  N=8609  holderDeg=4  probe(ttl4/6/8/12)=0/1/5/8 of 20
t=8200  N=8209  holderDeg=3  probe(ttl4/6/8/12)=0/1/1/0 of 20
t=8000  N=8009  holderDeg=25  probe(ttl4/6/8/12)=2/8/17/19 of 20
t=8400  N=8409  holderDeg=21  probe(ttl4/6/8/12)=0/4/14/20 of 20
t=8000  N=8009  holderDeg=39  probe(ttl4/6/8/12)=1/10/17/20 of 20
t=8400  N=8409  holderDeg=3  probe(ttl4/6/8/12)=0/0/4/6 of 20
t=8800  N=8809  holderDeg=21  probe(ttl4/6/8/12)=2/3/13/19 of 20
t=8800  N=8809  holderDeg=4  probe(ttl4/6/8/12)=0/1/2/4 of 20
t=8400  N=8409  holderDeg=3  probe(ttl4/6/8/12)=0/1/1/0 of 20
t=8000  N=8009  holderDeg=11  probe(ttl4/6/8/12)=0/2/9/19 of 20
t=8200  N=8209  holderDeg=25  probe(ttl4/6/8/12)=1/5/16/20 of 20
t=9000  N=9009  holderDeg=23  probe(ttl4/6/8/12)=2/7/16/20 of 20
t=9000  N=9009  holderDeg=4  probe(ttl4/6/8/12)=2/0/4/3 of 20
t=8600  N=8609  holderDeg=21  probe(ttl4/6/8/12)=2/3/14/20 of 20
t=8200  N=8209  holderDeg=41  probe(ttl4/6/8/12)=3/8/19/20 of 20
t=8600  N=8609  holderDeg=3  probe(ttl4/6/8/12)=0/1/1/5 of 20
t=8200  N=8209  holderDeg=11  probe(ttl4/6/8/12)=1/2/11/17 of 20
t=8400  N=8409  holderDeg=25  probe(ttl4/6/8/12)=1/6/17/20 of 20
t=8600  N=8609  holderDeg=3  probe(ttl4/6/8/12)=0/2/0/2 of 20
t=8400  N=8409  holderDeg=44  probe(ttl4/6/8/12)=1/10/20/20 of 20
t=8800  N=8809  holderDeg=21  probe(ttl4/6/8/12)=1/6/13/20 of 20
t=8400  N=8409  holderDeg=11  probe(ttl4/6/8/12)=0/5/10/17 of 20
t=9200  N=9209  holderDeg=25  probe(ttl4/6/8/12)=2/8/13/20 of 20
t=8800  N=8809  holderDeg=3  probe(ttl4/6/8/12)=0/1/1/11 of 20
t=9200  N=9209  holderDeg=4  probe(ttl4/6/8/12)=0/1/4/6 of 20
t=8600  N=8609  holderDeg=25  probe(ttl4/6/8/12)=2/9/17/19 of 20
t=9000  N=9009  holderDeg=21  probe(ttl4/6/8/12)=0/6/15/20 of 20
t=8600  N=8609  holderDeg=11  probe(ttl4/6/8/12)=0/4/9/15 of 20
t=8600  N=8609  holderDeg=46  probe(ttl4/6/8/12)=0/9/19/20 of 20
t=8800  N=8809  holderDeg=3  probe(ttl4/6/8/12)=0/1/0/1 of 20
t=9000  N=9009  holderDeg=3  probe(ttl4/6/8/12)=0/1/2/11 of 20
t=8800  N=8809  holderDeg=25  probe(ttl4/6/8/12)=0/8/17/19 of 20
t=9400  N=9409  holderDeg=4  probe(ttl4/6/8/12)=0/0/3/6 of 20
t=9400  N=9409  holderDeg=27  probe(ttl4/6/8/12)=2/4/16/20 of 20
t=8800  N=8809  holderDeg=49  probe(ttl4/6/8/12)=2/12/18/20 of 20
t=9200  N=9209  holderDeg=3  probe(ttl4/6/8/12)=0/0/2/6 of 20
t=8800  N=8809  holderDeg=11  probe(ttl4/6/8/12)=0/2/11/17 of 20
t=9600  N=9609  holderDeg=29  probe(ttl4/6/8/12)=1/5/13/20 of 20
t=9000  N=9009  holderDeg=25  probe(ttl4/6/8/12)=1/4/16/18 of 20
t=9200  N=9209  holderDeg=21  probe(ttl4/6/8/12)=0/7/16/20 of 20
t=9600  N=9609  holderDeg=4  probe(ttl4/6/8/12)=1/1/3/3 of 20
t=9000  N=9009  holderDeg=51  probe(ttl4/6/8/12)=1/8/19/20 of 20
t=9000  N=9009  holderDeg=11  probe(ttl4/6/8/12)=0/2/12/20 of 20
t=9800  N=9809  holderDeg=31  probe(ttl4/6/8/12)=0/7/16/20 of 20
t=9400  N=9409  holderDeg=3  probe(ttl4/6/8/12)=0/0/2/11 of 20
t=9400  N=9409  holderDeg=21  probe(ttl4/6/8/12)=0/6/12/20 of 20
t=9200  N=9209  holderDeg=25  probe(ttl4/6/8/12)=1/6/18/20 of 20
t=9800  N=9809  holderDeg=4  probe(ttl4/6/8/12)=0/1/6/10 of 20
t=9200  N=9209  holderDeg=53  probe(ttl4/6/8/12)=1/13/20/20 of 20
t=9000  N=9009  holderDeg=3  probe(ttl4/6/8/12)=0/1/2/8 of 20
t=9600  N=9609  holderDeg=21  probe(ttl4/6/8/12)=0/3/12/20 of 20
t=9600  N=9609  holderDeg=3  probe(ttl4/6/8/12)=0/0/4/6 of 20
t=9200  N=9209  holderDeg=11  probe(ttl4/6/8/12)=1/3/7/19 of 20
t=10000  N=10009  holderDeg=33  probe(ttl4/6/8/12)=1/8/17/20 of 20
t=10000  N=10009  holderDeg=4  probe(ttl4/6/8/12)=0/0/2/1 of 20
t=9400  N=9409  holderDeg=26  probe(ttl4/6/8/12)=1/5/16/20 of 20
t=9800  N=9809  holderDeg=3  probe(ttl4/6/8/12)=0/3/4/11 of 20
t=9200  N=9209  holderDeg=3  probe(ttl4/6/8/12)=0/1/0/7 of 20
t=9400  N=9409  holderDeg=13  probe(ttl4/6/8/12)=2/3/6/19 of 20
t=9800  N=9809  holderDeg=21  probe(ttl4/6/8/12)=0/3/15/20 of 20
t=10200  N=10209  holderDeg=36  probe(ttl4/6/8/12)=0/8/18/20 of 20
t=10200  N=10209  holderDeg=4  probe(ttl4/6/8/12)=0/0/1/5 of 20
t=9400  N=9409  holderDeg=3  probe(ttl4/6/8/12)=0/0/3/8 of 20
t=9400  N=9409  holderDeg=53  probe(ttl4/6/8/12)=3/11/17/20 of 20
t=10000  N=10009  holderDeg=3  probe(ttl4/6/8/12)=0/1/6/12 of 20
t=9600  N=9609  holderDeg=15  probe(ttl4/6/8/12)=0/7/13/20 of 20
t=9600  N=9609  holderDeg=26  probe(ttl4/6/8/12)=0/5/16/20 of 20
t=10000  N=10009  holderDeg=21  probe(ttl4/6/8/12)=0/3/10/16 of 20
t=10400  N=10409  holderDeg=4  probe(ttl4/6/8/12)=0/1/5/7 of 20
t=10400  N=10409  holderDeg=41  probe(ttl4/6/8/12)=3/12/16/20 of 20
t=9600  N=9609  holderDeg=3  probe(ttl4/6/8/12)=0/0/3/6 of 20
t=9600  N=9609  holderDeg=53  probe(ttl4/6/8/12)=0/9/18/20 of 20
t=10200  N=10209  holderDeg=3  probe(ttl4/6/8/12)=0/1/2/5 of 20
t=10200  N=10209  holderDeg=21  probe(ttl4/6/8/12)=0/5/17/20 of 20
t=9800  N=9809  holderDeg=26  probe(ttl4/6/8/12)=1/6/16/19 of 20
t=9800  N=9809  holderDeg=17  probe(ttl4/6/8/12)=1/2/13/17 of 20
t=9800  N=9809  holderDeg=3  probe(ttl4/6/8/12)=0/1/2/3 of 20
t=10600  N=10609  holderDeg=4  probe(ttl4/6/8/12)=0/2/2/4 of 20
t=9800  N=9809  holderDeg=53  probe(ttl4/6/8/12)=3/13/20/20 of 20
t=10600  N=10609  holderDeg=43  probe(ttl4/6/8/12)=2/7/18/20 of 20
t=10400  N=10409  holderDeg=3  probe(ttl4/6/8/12)=0/2/3/10 of 20
t=10000  N=10009  holderDeg=19  probe(ttl4/6/8/12)=0/5/14/20 of 20
t=10000  N=10009  holderDeg=26  probe(ttl4/6/8/12)=2/4/18/19 of 20
t=10400  N=10409  holderDeg=21  probe(ttl4/6/8/12)=1/4/12/20 of 20
t=10000  N=10009  holderDeg=3  probe(ttl4/6/8/12)=0/0/3/4 of 20
t=10800  N=10809  holderDeg=4  probe(ttl4/6/8/12)=1/1/3/5 of 20
t=10000  N=10009  holderDeg=55  probe(ttl4/6/8/12)=6/13/18/20 of 20
t=10800  N=10809  holderDeg=46  probe(ttl4/6/8/12)=0/14/18/20 of 20
t=10600  N=10609  holderDeg=21  probe(ttl4/6/8/12)=2/2/14/20 of 20
t=10600  N=10609  holderDeg=3  probe(ttl4/6/8/12)=0/0/3/7 of 20
t=10200  N=10209  holderDeg=26  probe(ttl4/6/8/12)=1/8/14/20 of 20
t=10200  N=10209  holderDeg=57  probe(ttl4/6/8/12)=3/9/19/20 of 20
t=10200  N=10209  holderDeg=21  probe(ttl4/6/8/12)=1/3/15/18 of 20
t=11000  N=11009  holderDeg=4  probe(ttl4/6/8/12)=0/1/3/6 of 20
t=10800  N=10809  holderDeg=21  probe(ttl4/6/8/12)=0/4/11/20 of 20
t=10800  N=10809  holderDeg=3  probe(ttl4/6/8/12)=0/1/2/12 of 20
t=11000  N=11009  holderDeg=48  probe(ttl4/6/8/12)=3/8/19/20 of 20
t=10200  N=10209  holderDeg=3  probe(ttl4/6/8/12)=0/0/2/6 of 20
t=10400  N=10409  holderDeg=59  probe(ttl4/6/8/12)=5/10/18/20 of 20
t=11200  N=11209  holderDeg=4  probe(ttl4/6/8/12)=0/2/2/4 of 20
t=10400  N=10409  holderDeg=23  probe(ttl4/6/8/12)=1/3/17/20 of 20
t=11000  N=11009  holderDeg=21  probe(ttl4/6/8/12)=0/8/13/19 of 20
t=11200  N=11209  holderDeg=50  probe(ttl4/6/8/12)=0/10/17/20 of 20
t=11000  N=11009  holderDeg=3  probe(ttl4/6/8/12)=0/0/1/9 of 20
t=10600  N=10609  holderDeg=61  probe(ttl4/6/8/12)=2/10/18/20 of 20
t=10400  N=10409  holderDeg=3  probe(ttl4/6/8/12)=0/0/3/6 of 20
t=10400  N=10409  holderDeg=26  probe(ttl4/6/8/12)=0/5/16/19 of 20
t=11400  N=11409  holderDeg=4  probe(ttl4/6/8/12)=0/1/2/3 of 20
t=10600  N=10609  holderDeg=25  probe(ttl4/6/8/12)=4/4/16/20 of 20
t=11200  N=11209  holderDeg=21  probe(ttl4/6/8/12)=1/7/13/20 of 20
t=11200  N=11209  holderDeg=3  probe(ttl4/6/8/12)=0/0/4/11 of 20
t=10800  N=10809  holderDeg=64  probe(ttl4/6/8/12)=3/14/18/20 of 20
t=10600  N=10609  holderDeg=3  probe(ttl4/6/8/12)=0/0/2/6 of 20
t=11400  N=11409  holderDeg=52  probe(ttl4/6/8/12)=3/8/18/20 of 20
t=11600  N=11609  holderDeg=4  probe(ttl4/6/8/12)=0/0/5/6 of 20
t=10800  N=10809  holderDeg=27  probe(ttl4/6/8/12)=0/1/18/20 of 20
t=10600  N=10609  holderDeg=28  probe(ttl4/6/8/12)=0/4/15/20 of 20
t=11000  N=11009  holderDeg=64  probe(ttl4/6/8/12)=1/7/19/20 of 20
t=11400  N=11409  holderDeg=3  probe(ttl4/6/8/12)=0/2/3/12 of 20
t=10800  N=10809  holderDeg=3  probe(ttl4/6/8/12)=0/0/4/5 of 20
t=11400  N=11409  holderDeg=21  probe(ttl4/6/8/12)=0/6/8/18 of 20
t=11600  N=11609  holderDeg=54  probe(ttl4/6/8/12)=2/9/19/20 of 20
t=11800  N=11809  holderDeg=4  probe(ttl4/6/8/12)=0/0/4/2 of 20
t=11000  N=11009  holderDeg=30  probe(ttl4/6/8/12)=2/4/16/20 of 20
t=10800  N=10809  holderDeg=30  probe(ttl4/6/8/12)=1/6/15/20 of 20
t=11000  N=11009  holderDeg=3  probe(ttl4/6/8/12)=0/0/2/8 of 20
t=11200  N=11209  holderDeg=64  probe(ttl4/6/8/12)=2/12/20/20 of 20
t=11600  N=11609  holderDeg=3  probe(ttl4/6/8/12)=0/1/2/9 of 20
t=11200  N=11209  holderDeg=32  probe(ttl4/6/8/12)=2/6/16/20 of 20
t=12000  N=12009  holderDeg=4  probe(ttl4/6/8/12)=0/1/5/9 of 20
t=11600  N=11609  holderDeg=21  probe(ttl4/6/8/12)=2/5/12/16 of 20
t=11800  N=11809  holderDeg=56  probe(ttl4/6/8/12)=1/13/20/20 of 20
t=11400  N=11409  holderDeg=64  probe(ttl4/6/8/12)=3/9/18/20 of 20
t=11200  N=11209  holderDeg=3  probe(ttl4/6/8/12)=0/1/4/6 of 20
t=11000  N=11009  holderDeg=32  probe(ttl4/6/8/12)=1/10/15/20 of 20
t=11400  N=11409  holderDeg=34  probe(ttl4/6/8/12)=1/10/17/20 of 20
t=12200  N=12209  holderDeg=4  probe(ttl4/6/8/12)=0/1/3/6 of 20
t=11800  N=11809  holderDeg=21  probe(ttl4/6/8/12)=0/6/9/17 of 20
t=11600  N=11609  holderDeg=64  probe(ttl4/6/8/12)=1/11/17/20 of 20
t=11400  N=11409  holderDeg=3  probe(ttl4/6/8/12)=0/1/6/6 of 20
t=11800  N=11809  holderDeg=3  probe(ttl4/6/8/12)=0/0/0/13 of 20
t=11200  N=11209  holderDeg=32  probe(ttl4/6/8/12)=1/11/13/20 of 20
t=12000  N=12009  holderDeg=58  probe(ttl4/6/8/12)=0/12/19/20 of 20
t=11600  N=11609  holderDeg=34  probe(ttl4/6/8/12)=1/2/18/20 of 20
t=12000  N=12009  holderDeg=21  probe(ttl4/6/8/12)=1/4/12/20 of 20
t=12000  N=12009  holderDeg=3  probe(ttl4/6/8/12)=0/0/2/10 of 20
t=11600  N=11609  holderDeg=3  probe(ttl4/6/8/12)=0/1/3/3 of 20
t=11400  N=11409  holderDeg=32  probe(ttl4/6/8/12)=0/3/14/20 of 20
t=11800  N=11809  holderDeg=64  probe(ttl4/6/8/12)=2/12/19/20 of 20
t=12200  N=12209  holderDeg=61  probe(ttl4/6/8/12)=2/5/19/20 of 20
t=12400  N=12409  holderDeg=4  probe(ttl4/6/8/12)=0/0/2/5 of 20
t=11800  N=11809  holderDeg=34  probe(ttl4/6/8/12)=0/8/14/20 of 20
t=12200  N=12209  holderDeg=21  probe(ttl4/6/8/12)=0/2/8/19 of 20
t=12200  N=12209  holderDeg=3  probe(ttl4/6/8/12)=0/0/6/9 of 20
t=12000  N=12009  holderDeg=64  probe(ttl4/6/8/12)=1/10/19/20 of 20
t=11800  N=11809  holderDeg=3  probe(ttl4/6/8/12)=0/1/0/6 of 20
t=12400  N=12409  holderDeg=63  probe(ttl4/6/8/12)=0/11/18/20 of 20
t=11600  N=11609  holderDeg=32  probe(ttl4/6/8/12)=2/4/19/20 of 20
t=12600  N=12609  holderDeg=4  probe(ttl4/6/8/12)=0/1/1/2 of 20
t=12000  N=12009  holderDeg=34  probe(ttl4/6/8/12)=0/9/14/20 of 20
t=12400  N=12409  holderDeg=3  probe(ttl4/6/8/12)=0/0/4/13 of 20
t=12400  N=12409  holderDeg=21  probe(ttl4/6/8/12)=0/2/12/16 of 20
t=12600  N=12609  holderDeg=65  probe(ttl4/6/8/12)=0/12/19/20 of 20
t=12000  N=12009  holderDeg=3  probe(ttl4/6/8/12)=0/2/0/5 of 20
t=11800  N=11809  holderDeg=32  probe(ttl4/6/8/12)=0/5/15/20 of 20
t=12800  N=12809  holderDeg=4  probe(ttl4/6/8/12)=0/0/0/4 of 20
t=12600  N=12609  holderDeg=3  probe(ttl4/6/8/12)=0/1/2/10 of 20
t=12600  N=12609  holderDeg=21  probe(ttl4/6/8/12)=0/4/12/20 of 20
t=12200  N=12209  holderDeg=3  probe(ttl4/6/8/12)=0/0/0/4 of 20
t=12200  N=12209  holderDeg=64  probe(ttl4/6/8/12)=2/12/20/20 of 20
t=12800  N=12809  holderDeg=67  probe(ttl4/6/8/12)=2/12/20/20 of 20
t=12000  N=12009  holderDeg=32  probe(ttl4/6/8/12)=1/7/18/20 of 20
t=12200  N=12209  holderDeg=34  probe(ttl4/6/8/12)=1/5/18/20 of 20
t=12800  N=12809  holderDeg=21  probe(ttl4/6/8/12)=0/4/12/16 of 20
t=12800  N=12809  holderDeg=3  probe(ttl4/6/8/12)=0/1/2/12 of 20
t=12400  N=12409  holderDeg=3  probe(ttl4/6/8/12)=0/1/0/5 of 20
t=13000  N=13009  holderDeg=4  probe(ttl4/6/8/12)=0/0/3/6 of 20
t=12200  N=12209  holderDeg=32  probe(ttl4/6/8/12)=2/7/18/20 of 20
t=12400  N=12409  holderDeg=64  probe(ttl4/6/8/12)=1/7/18/20 of 20
t=12400  N=12409  holderDeg=34  probe(ttl4/6/8/12)=2/8/18/20 of 20
t=13000  N=13009  holderDeg=69  probe(ttl4/6/8/12)=2/10/19/20 of 20
t=13000  N=13009  holderDeg=21  probe(ttl4/6/8/12)=0/3/8/20 of 20
t=13000  N=13009  holderDeg=3  probe(ttl4/6/8/12)=0/1/4/12 of 20
t=13200  N=13209  holderDeg=4  probe(ttl4/6/8/12)=0/0/4/5 of 20
t=12600  N=12609  holderDeg=34  probe(ttl4/6/8/12)=0/4/17/20 of 20
t=13200  N=13209  holderDeg=71  probe(ttl4/6/8/12)=3/10/18/20 of 20
t=12400  N=12409  holderDeg=32  probe(ttl4/6/8/12)=1/4/18/20 of 20
t=12600  N=12609  holderDeg=65  probe(ttl4/6/8/12)=0/10/20/20 of 20
t=13200  N=13209  holderDeg=21  probe(ttl4/6/8/12)=1/4/12/19 of 20
t=13200  N=13209  holderDeg=3  probe(ttl4/6/8/12)=0/0/4/13 of 20
t=12600  N=12609  holderDeg=3  probe(ttl4/6/8/12)=0/1/2/3 of 20
t=12800  N=12809  holderDeg=34  probe(ttl4/6/8/12)=1/3/17/20 of 20
t=12800  N=12809  holderDeg=65  probe(ttl4/6/8/12)=1/8/18/20 of 20
t=13400  N=13409  holderDeg=4  probe(ttl4/6/8/12)=0/1/2/4 of 20
t=13400  N=13409  holderDeg=73  probe(ttl4/6/8/12)=3/9/19/20 of 20
t=12600  N=12609  holderDeg=32  probe(ttl4/6/8/12)=2/3/17/19 of 20
t=13400  N=13409  holderDeg=21  probe(ttl4/6/8/12)=0/6/11/20 of 20
t=13400  N=13409  holderDeg=3  probe(ttl4/6/8/12)=0/0/1/7 of 20
t=13000  N=13009  holderDeg=34  probe(ttl4/6/8/12)=3/4/17/20 of 20
t=13000  N=13009  holderDeg=65  probe(ttl4/6/8/12)=3/10/19/20 of 20
t=13600  N=13609  holderDeg=4  probe(ttl4/6/8/12)=0/0/1/3 of 20
t=12800  N=12809  holderDeg=3  probe(ttl4/6/8/12)=0/0/1/6 of 20
t=13600  N=13609  holderDeg=3  probe(ttl4/6/8/12)=0/2/1/12 of 20
t=13600  N=13609  holderDeg=21  probe(ttl4/6/8/12)=0/2/13/19 of 20
t=13600  N=13609  holderDeg=75  probe(ttl4/6/8/12)=2/8/20/20 of 20
t=12800  N=12809  holderDeg=32  probe(ttl4/6/8/12)=1/4/13/20 of 20
t=13200  N=13209  holderDeg=34  probe(ttl4/6/8/12)=0/5/16/19 of 20
t=13000  N=13009  holderDeg=3  probe(ttl4/6/8/12)=0/0/1/2 of 20
t=13800  N=13809  holderDeg=3  probe(ttl4/6/8/12)=0/2/1/9 of 20
t=13800  N=13809  holderDeg=4  probe(ttl4/6/8/12)=0/0/0/3 of 20
t=13200  N=13209  holderDeg=65  probe(ttl4/6/8/12)=3/10/16/20 of 20
t=13800  N=13809  holderDeg=77  probe(ttl4/6/8/12)=2/13/20/20 of 20
t=13800  N=13809  holderDeg=21  probe(ttl4/6/8/12)=0/4/11/19 of 20
t=13000  N=13009  holderDeg=32  probe(ttl4/6/8/12)=3/3/14/20 of 20
t=13400  N=13409  holderDeg=34  probe(ttl4/6/8/12)=2/7/17/20 of 20
t=13400  N=13409  holderDeg=65  probe(ttl4/6/8/12)=3/11/19/20 of 20
t=13200  N=13209  holderDeg=3  probe(ttl4/6/8/12)=0/0/1/4 of 20
t=14000  N=14009  holderDeg=79  probe(ttl4/6/8/12)=1/8/18/20 of 20
t=14000  N=14009  holderDeg=4  probe(ttl4/6/8/12)=0/2/3/4 of 20
t=14000  N=14009  holderDeg=21  probe(ttl4/6/8/12)=1/4/12/17 of 20
t=13200  N=13209  holderDeg=32  probe(ttl4/6/8/12)=0/3/15/18 of 20
t=13400  N=13409  holderDeg=3  probe(ttl4/6/8/12)=0/0/1/3 of 20
t=13600  N=13609  holderDeg=65  probe(ttl4/6/8/12)=0/4/18/20 of 20
t=13600  N=13609  holderDeg=34  probe(ttl4/6/8/12)=2/9/19/20 of 20
t=14200  N=14209  holderDeg=81  probe(ttl4/6/8/12)=3/10/19/20 of 20
t=14200  N=14209  holderDeg=4  probe(ttl4/6/8/12)=0/0/4/4 of 20

 Growing has been completed
*********************************************************************


================ eps001  seed=3  (Pp=100 Pd=0 Pt=25000 rewire=True k=5 c=2 eps=0,01 qmax=0,05 N=10000 theta=6 crash=0 shape=0 multi=1 randrw=0 oracle=False fixedthr=0) ================
t=200  N=209  holderDeg=-1  probe(ttl4/6/8/12)=0/0/0/0 of 20
t=14200  N=14209  holderDeg=21  probe(ttl4/6/8/12)=0/3/11/17 of 20
t=400  N=409  holderDeg=-1  probe(ttl4/6/8/12)=0/0/0/0 of 20
t=14000  N=14009  holderDeg=3  probe(ttl4/6/8/12)=0/1/2/8 of 20

 Growing has been completed
*********************************************************************

t=600  N=609  holderDeg=-1  probe(ttl4/6/8/12)=0/0/0/0 of 20
t=800  N=809  holderDeg=-1  probe(ttl4/6/8/12)=0/0/0/0 of 20

 Growing has been completed
*********************************************************************


================ th3  seed=3  (Pp=100 Pd=0 Pt=25000 rewire=True k=5 c=2 eps=0,02 qmax=0,05 N=10000 theta=3 crash=0 shape=0 multi=1 randrw=0 oracle=False fixedthr=0) ================

================ k4  seed=3  (Pp=100 Pd=0 Pt=25000 rewire=True k=4 c=2 eps=0,02 qmax=0,05 N=10000 theta=6 crash=0 shape=0 multi=1 randrw=0 oracle=False fixedthr=0) ================
t=200  N=209  holderDeg=-1  probe(ttl4/6/8/12)=0/0/0/0 of 20
t=1000  N=1009  holderDeg=-1  probe(ttl4/6/8/12)=0/0/0/0 of 20
t=200  N=209  holderDeg=-1  probe(ttl4/6/8/12)=0/0/0/0 of 20
t=400  N=409  holderDeg=-1  probe(ttl4/6/8/12)=0/0/0/0 of 20
t=400  N=409  holderDeg=-1  probe(ttl4/6/8/12)=0/0/0/0 of 20
t=600  N=609  holderDeg=-1  probe(ttl4/6/8/12)=0/0/0/0 of 20
t=1200  N=1209  holderDeg=-1  probe(ttl4/6/8/12)=0/0/0/0 of 20
t=600  N=609  holderDeg=-1  probe(ttl4/6/8/12)=0/0/0/0 of 20
t=1400  N=1409  holderDeg=-1  probe(ttl4/6/8/12)=0/0/0/0 of 20
t=800  N=809  holderDeg=-1  probe(ttl4/6/8/12)=0/0/0/0 of 20
t=13400  N=13409  holderDeg=32  probe(ttl4/6/8/12)=1/6/16/20 of 20
t=800  N=809  holderDeg=-1  probe(ttl4/6/8/12)=0/0/0/0 of 20
t=13800  N=13809  holderDeg=65  probe(ttl4/6/8/12)=1/11/19/20 of 20
t=1000  N=1009  holderDeg=-1  probe(ttl4/6/8/12)=0/0/0/0 of 20
t=1600  N=1609  holderDeg=-1  probe(ttl4/6/8/12)=0/0/0/0 of 20
t=1000  N=1009  holderDeg=-1  probe(ttl4/6/8/12)=0/0/0/0 of 20
t=1200  N=1209  holderDeg=-1  probe(ttl4/6/8/12)=0/0/0/0 of 20
t=1800  N=1809  holderDeg=-1  probe(ttl4/6/8/12)=0/0/0/0 of 20
t=1200  N=1209  holderDeg=-1  probe(ttl4/6/8/12)=0/0/0/0 of 20
t=1400  N=1409  holderDeg=-1  probe(ttl4/6/8/12)=0/0/0/0 of 20
t=2000  N=2009  holderDeg=-1  probe(ttl4/6/8/12)=0/0/0/0 of 20
t=1400  N=1409  holderDeg=-1  probe(ttl4/6/8/12)=0/0/0/0 of 20
t=1600  N=1609  holderDeg=-1  probe(ttl4/6/8/12)=0/0/0/0 of 20
t=13600  N=13609  holderDeg=3  probe(ttl4/6/8/12)=0/0/1/2 of 20
t=1600  N=1609  holderDeg=-1  probe(ttl4/6/8/12)=0/0/0/0 of 20
t=2200  N=2209  holderDeg=-1  probe(ttl4/6/8/12)=0/0/0/0 of 20
t=13800  N=13809  holderDeg=34  probe(ttl4/6/8/12)=0/7/14/20 of 20
t=1800  N=1809  holderDeg=-1  probe(ttl4/6/8/12)=0/0/0/0 of 20
t=1800  N=1809  holderDeg=-1  probe(ttl4/6/8/12)=0/0/0/0 of 20
t=2400  N=2409  holderDeg=-1  probe(ttl4/6/8/12)=0/0/0/0 of 20
t=2000  N=2009  holderDeg=-1  probe(ttl4/6/8/12)=0/0/0/0 of 20
t=2000  N=2009  holderDeg=-1  probe(ttl4/6/8/12)=0/0/0/0 of 20
t=2200  N=2209  holderDeg=-1  probe(ttl4/6/8/12)=0/0/0/0 of 20
t=2600  N=2609  holderDeg=-1  probe(ttl4/6/8/12)=0/0/0/0 of 20
t=2200  N=2209  holderDeg=-1  probe(ttl4/6/8/12)=0/0/0/0 of 20
t=2400  N=2409  holderDeg=-1  probe(ttl4/6/8/12)=0/0/0/0 of 20
t=2800  N=2809  holderDeg=-1  probe(ttl4/6/8/12)=0/0/0/0 of 20
t=2400  N=2409  holderDeg=-1  probe(ttl4/6/8/12)=0/0/0/0 of 20
t=2600  N=2609  holderDeg=-1  probe(ttl4/6/8/12)=0/0/0/0 of 20
t=3000  N=3009  holderDeg=3  probe(ttl4/6/8/12)=0/3/6/9 of 20

 Growing has been completed
*********************************************************************

t=2600  N=2609  holderDeg=-1  probe(ttl4/6/8/12)=0/0/0/0 of 20
t=2800  N=2809  holderDeg=-1  probe(ttl4/6/8/12)=0/0/0/0 of 20
t=13600  N=13609  holderDeg=32  probe(ttl4/6/8/12)=2/3/16/19 of 20
t=3200  N=3209  holderDeg=3  probe(ttl4/6/8/12)=0/3/4/7 of 20
t=13800  N=13809  holderDeg=3  probe(ttl4/6/8/12)=0/0/0/3 of 20
t=2800  N=2809  holderDeg=-1  probe(ttl4/6/8/12)=0/0/0/0 of 20

================ c1  seed=3  (Pp=100 Pd=0 Pt=25000 rewire=True k=5 c=1 eps=0,02 qmax=0,05 N=10000 theta=6 crash=0 shape=0 multi=1 randrw=0 oracle=False fixedthr=0) ================
t=3000  N=3009  holderDeg=3  probe(ttl4/6/8/12)=0/2/8/8 of 20
t=200  N=209  holderDeg=-1  probe(ttl4/6/8/12)=0/0/0/0 of 20
t=400  N=409  holderDeg=-1  probe(ttl4/6/8/12)=0/0/0/0 of 20
t=3400  N=3409  holderDeg=3  probe(ttl4/6/8/12)=2/2/6/13 of 20
t=14000  N=14009  holderDeg=67  probe(ttl4/6/8/12)=3/8/17/20 of 20
t=3000  N=3009  holderDeg=3  probe(ttl4/6/8/12)=0/2/10/13 of 20
t=600  N=609  holderDeg=-1  probe(ttl4/6/8/12)=0/0/0/0 of 20
t=800  N=809  holderDeg=-1  probe(ttl4/6/8/12)=0/0/0/0 of 20
t=3200  N=3209  holderDeg=3  probe(ttl4/6/8/12)=0/3/3/8 of 20
t=1000  N=1009  holderDeg=-1  probe(ttl4/6/8/12)=0/0/0/0 of 20
t=3200  N=3209  holderDeg=3  probe(ttl4/6/8/12)=0/2/7/11 of 20
t=3600  N=3609  holderDeg=3  probe(ttl4/6/8/12)=0/3/10/15 of 20
t=1200  N=1209  holderDeg=-1  probe(ttl4/6/8/12)=0/0/0/0 of 20
t=3400  N=3409  holderDeg=3  probe(ttl4/6/8/12)=0/1/4/8 of 20
t=1400  N=1409  holderDeg=-1  probe(ttl4/6/8/12)=0/0/0/0 of 20
t=3400  N=3409  holderDeg=3  probe(ttl4/6/8/12)=0/3/7/9 of 20
t=1600  N=1609  holderDeg=-1  probe(ttl4/6/8/12)=0/0/0/0 of 20
t=3600  N=3609  holderDeg=3  probe(ttl4/6/8/12)=0/2/3/6 of 20
t=14000  N=14009  holderDeg=34  probe(ttl4/6/8/12)=1/7/17/20 of 20
t=1800  N=1809  holderDeg=-1  probe(ttl4/6/8/12)=0/0/0/0 of 20
t=3800  N=3809  holderDeg=3  probe(ttl4/6/8/12)=0/1/6/11 of 20
t=3600  N=3609  holderDeg=3  probe(ttl4/6/8/12)=0/2/5/10 of 20
t=2000  N=2009  holderDeg=-1  probe(ttl4/6/8/12)=0/0/0/0 of 20
t=3800  N=3809  holderDeg=3  probe(ttl4/6/8/12)=0/2/5/6 of 20
t=2200  N=2209  holderDeg=-1  probe(ttl4/6/8/12)=0/0/0/0 of 20
t=3800  N=3809  holderDeg=3  probe(ttl4/6/8/12)=0/2/7/12 of 20
t=4000  N=4009  holderDeg=3  probe(ttl4/6/8/12)=1/3/6/11 of 20
t=2400  N=2409  holderDeg=-1  probe(ttl4/6/8/12)=0/0/0/0 of 20
t=4000  N=4009  holderDeg=3  probe(ttl4/6/8/12)=0/4/3/5 of 20

 Growing has been completed
*********************************************************************

t=2600  N=2609  holderDeg=-1  probe(ttl4/6/8/12)=0/0/0/0 of 20
t=4000  N=4009  holderDeg=3  probe(ttl4/6/8/12)=0/0/7/13 of 20
t=4200  N=4209  holderDeg=3  probe(ttl4/6/8/12)=0/0/6/6 of 20
t=4200  N=4209  holderDeg=3  probe(ttl4/6/8/12)=0/1/5/8 of 20

================ eps001  seed=4  (Pp=100 Pd=0 Pt=25000 rewire=True k=5 c=2 eps=0,01 qmax=0,05 N=10000 theta=6 crash=0 shape=0 multi=1 randrw=0 oracle=False fixedthr=0) ================
t=200  N=209  holderDeg=-1  probe(ttl4/6/8/12)=0/0/0/0 of 20
t=400  N=409  holderDeg=-1  probe(ttl4/6/8/12)=0/0/0/0 of 20
t=4400  N=4409  holderDeg=3  probe(ttl4/6/8/12)=0/1/4/1 of 20
t=2800  N=2809  holderDeg=-1  probe(ttl4/6/8/12)=0/0/0/0 of 20
t=14200  N=14209  holderDeg=69  probe(ttl4/6/8/12)=2/12/18/20 of 20
t=4200  N=4209  holderDeg=3  probe(ttl4/6/8/12)=0/1/8/11 of 20
t=600  N=609  holderDeg=-1  probe(ttl4/6/8/12)=0/0/0/0 of 20
t=800  N=809  holderDeg=-1  probe(ttl4/6/8/12)=0/0/0/0 of 20
t=4400  N=4409  holderDeg=3  probe(ttl4/6/8/12)=0/3/6/11 of 20

 Growing has been completed
*********************************************************************

t=4600  N=4609  holderDeg=3  probe(ttl4/6/8/12)=0/3/3/3 of 20
t=1000  N=1009  holderDeg=-1  probe(ttl4/6/8/12)=0/0/0/0 of 20
t=3000  N=3009  holderDeg=3  probe(ttl4/6/8/12)=2/2/0/7 of 20
t=4400  N=4409  holderDeg=3  probe(ttl4/6/8/12)=1/0/4/11 of 20
t=13800  N=13809  holderDeg=32  probe(ttl4/6/8/12)=0/6/14/20 of 20
t=14000  N=14009  holderDeg=3  probe(ttl4/6/8/12)=0/0/1/2 of 20

================ th3  seed=4  (Pp=100 Pd=0 Pt=25000 rewire=True k=5 c=2 eps=0,02 qmax=0,05 N=10000 theta=3 crash=0 shape=0 multi=1 randrw=0 oracle=False fixedthr=0) ================
t=1200  N=1209  holderDeg=-1  probe(ttl4/6/8/12)=0/0/0/0 of 20
t=200  N=209  holderDeg=-1  probe(ttl4/6/8/12)=0/0/0/0 of 20
t=3200  N=3209  holderDeg=3  probe(ttl4/6/8/12)=0/1/2/4 of 20
t=4600  N=4609  holderDeg=3  probe(ttl4/6/8/12)=0/3/4/8 of 20
t=400  N=409  holderDeg=-1  probe(ttl4/6/8/12)=0/0/0/0 of 20
t=1400  N=1409  holderDeg=-1  probe(ttl4/6/8/12)=0/0/0/0 of 20
t=4800  N=4809  holderDeg=3  probe(ttl4/6/8/12)=0/2/2/4 of 20
t=4600  N=4609  holderDeg=3  probe(ttl4/6/8/12)=0/1/7/11 of 20
t=600  N=609  holderDeg=-1  probe(ttl4/6/8/12)=0/0/0/0 of 20
t=1600  N=1609  holderDeg=-1  probe(ttl4/6/8/12)=0/0/0/0 of 20
t=3400  N=3409  holderDeg=3  probe(ttl4/6/8/12)=0/1/2/6 of 20
t=800  N=809  holderDeg=-1  probe(ttl4/6/8/12)=0/0/0/0 of 20
t=4800  N=4809  holderDeg=3  probe(ttl4/6/8/12)=0/0/3/9 of 20
t=1800  N=1809  holderDeg=-1  probe(ttl4/6/8/12)=0/0/0/0 of 20
t=1000  N=1009  holderDeg=-1  probe(ttl4/6/8/12)=0/0/0/0 of 20
t=4800  N=4809  holderDeg=3  probe(ttl4/6/8/12)=1/1/5/15 of 20
t=5000  N=5009  holderDeg=3  probe(ttl4/6/8/12)=0/1/5/8 of 20
t=1200  N=1209  holderDeg=-1  probe(ttl4/6/8/12)=0/0/0/0 of 20
t=3600  N=3609  holderDeg=3  probe(ttl4/6/8/12)=0/3/1/2 of 20
t=2000  N=2009  holderDeg=-1  probe(ttl4/6/8/12)=0/0/0/0 of 20
t=1400  N=1409  holderDeg=-1  probe(ttl4/6/8/12)=0/0/0/0 of 20
t=1600  N=1609  holderDeg=-1  probe(ttl4/6/8/12)=0/0/0/0 of 20
t=2200  N=2209  holderDeg=-1  probe(ttl4/6/8/12)=0/0/0/0 of 20
t=5000  N=5009  holderDeg=3  probe(ttl4/6/8/12)=0/0/10/10 of 20
t=1800  N=1809  holderDeg=-1  probe(ttl4/6/8/12)=0/0/0/0 of 20
t=5000  N=5009  holderDeg=3  probe(ttl4/6/8/12)=0/0/4/8 of 20
t=3800  N=3809  holderDeg=3  probe(ttl4/6/8/12)=1/1/4/2 of 20
t=5200  N=5209  holderDeg=5  probe(ttl4/6/8/12)=0/2/6/16 of 20
t=2400  N=2409  holderDeg=-1  probe(ttl4/6/8/12)=0/0/0/0 of 20
t=2000  N=2009  holderDeg=-1  probe(ttl4/6/8/12)=0/0/0/0 of 20
t=2600  N=2609  holderDeg=-1  probe(ttl4/6/8/12)=0/0/0/0 of 20
t=2200  N=2209  holderDeg=-1  probe(ttl4/6/8/12)=0/0/0/0 of 20
t=4000  N=4009  holderDeg=3  probe(ttl4/6/8/12)=0/3/6/3 of 20
t=5200  N=5209  holderDeg=3  probe(ttl4/6/8/12)=0/1/5/12 of 20
t=5200  N=5209  holderDeg=3  probe(ttl4/6/8/12)=1/1/9/8 of 20
t=14200  N=14209  holderDeg=3  probe(ttl4/6/8/12)=0/0/2/1 of 20
t=2400  N=2409  holderDeg=-1  probe(ttl4/6/8/12)=0/0/0/0 of 20
t=14000  N=14009  holderDeg=32  probe(ttl4/6/8/12)=0/4/14/18 of 20
t=2800  N=2809  holderDeg=3  probe(ttl4/6/8/12)=0/2/3/12 of 20
t=5400  N=5409  holderDeg=7  probe(ttl4/6/8/12)=1/1/8/11 of 20

 Growing has been completed
*********************************************************************

t=2600  N=2609  holderDeg=-1  probe(ttl4/6/8/12)=0/0/0/0 of 20
t=5400  N=5409  holderDeg=3  probe(ttl4/6/8/12)=0/2/5/7 of 20
t=5400  N=5409  holderDeg=3  probe(ttl4/6/8/12)=0/0/5/10 of 20
t=4200  N=4209  holderDeg=3  probe(ttl4/6/8/12)=0/0/1/3 of 20
t=3000  N=3009  holderDeg=3  probe(ttl4/6/8/12)=0/1/4/8 of 20
t=2800  N=2809  holderDeg=-1  probe(ttl4/6/8/12)=0/0/0/0 of 20
t=5600  N=5609  holderDeg=9  probe(ttl4/6/8/12)=0/5/11/16 of 20
t=3200  N=3209  holderDeg=3  probe(ttl4/6/8/12)=0/1/2/10 of 20
t=4400  N=4409  holderDeg=3  probe(ttl4/6/8/12)=0/1/0/3 of 20

================ k4  seed=4  (Pp=100 Pd=0 Pt=25000 rewire=True k=4 c=2 eps=0,02 qmax=0,05 N=10000 theta=6 crash=0 shape=0 multi=1 randrw=0 oracle=False fixedthr=0) ================
t=5600  N=5609  holderDeg=5  probe(ttl4/6/8/12)=0/5/13/16 of 20
t=200  N=209  holderDeg=-1  probe(ttl4/6/8/12)=0/0/0/0 of 20
t=5600  N=5609  holderDeg=3  probe(ttl4/6/8/12)=0/0/2/10 of 20
t=400  N=409  holderDeg=-1  probe(ttl4/6/8/12)=0/0/0/0 of 20
t=600  N=609  holderDeg=-1  probe(ttl4/6/8/12)=0/0/0/0 of 20
t=3400  N=3409  holderDeg=3  probe(ttl4/6/8/12)=0/4/6/12 of 20
t=3000  N=3009  holderDeg=3  probe(ttl4/6/8/12)=0/1/8/16 of 20
t=4600  N=4609  holderDeg=3  probe(ttl4/6/8/12)=0/0/3/3 of 20
t=5800  N=5809  holderDeg=11  probe(ttl4/6/8/12)=1/5/12/17 of 20
t=800  N=809  holderDeg=-1  probe(ttl4/6/8/12)=0/0/0/0 of 20
t=5800  N=5809  holderDeg=7  probe(ttl4/6/8/12)=0/3/8/14 of 20
t=3200  N=3209  holderDeg=3  probe(ttl4/6/8/12)=1/2/5/17 of 20
t=3600  N=3609  holderDeg=3  probe(ttl4/6/8/12)=0/1/8/8 of 20
t=1000  N=1009  holderDeg=-1  probe(ttl4/6/8/12)=0/0/0/0 of 20
t=1200  N=1209  holderDeg=-1  probe(ttl4/6/8/12)=0/0/0/0 of 20
t=4800  N=4809  holderDeg=3  probe(ttl4/6/8/12)=0/0/1/2 of 20
t=1400  N=1409  holderDeg=-1  probe(ttl4/6/8/12)=0/0/0/0 of 20
t=3400  N=3409  holderDeg=3  probe(ttl4/6/8/12)=0/2/6/13 of 20
t=1600  N=1609  holderDeg=-1  probe(ttl4/6/8/12)=0/0/0/0 of 20
t=6000  N=6009  holderDeg=9  probe(ttl4/6/8/12)=0/0/10/15 of 20
t=3800  N=3809  holderDeg=3  probe(ttl4/6/8/12)=0/1/8/3 of 20
t=14200  N=14209  holderDeg=32  probe(ttl4/6/8/12)=0/4/14/19 of 20
t=1800  N=1809  holderDeg=-1  probe(ttl4/6/8/12)=0/0/0/0 of 20
t=6000  N=6009  holderDeg=14  probe(ttl4/6/8/12)=3/2/15/17 of 20
t=5000  N=5009  holderDeg=3  probe(ttl4/6/8/12)=1/1/1/1 of 20
t=3600  N=3609  holderDeg=3  probe(ttl4/6/8/12)=1/2/9/14 of 20
t=2000  N=2009  holderDeg=-1  probe(ttl4/6/8/12)=0/0/0/0 of 20
t=5800  N=5809  holderDeg=3  probe(ttl4/6/8/12)=0/0/4/7 of 20
t=2200  N=2209  holderDeg=-1  probe(ttl4/6/8/12)=0/0/0/0 of 20
t=6200  N=6209  holderDeg=11  probe(ttl4/6/8/12)=0/3/16/17 of 20
t=3800  N=3809  holderDeg=3  probe(ttl4/6/8/12)=0/2/5/13 of 20
t=4000  N=4009  holderDeg=3  probe(ttl4/6/8/12)=0/4/3/10 of 20
t=5200  N=5209  holderDeg=3  probe(ttl4/6/8/12)=0/0/0/6 of 20
t=2400  N=2409  holderDeg=-1  probe(ttl4/6/8/12)=0/0/0/0 of 20
t=6200  N=6209  holderDeg=16  probe(ttl4/6/8/12)=3/4/10/19 of 20
t=4000  N=4009  holderDeg=3  probe(ttl4/6/8/12)=0/1/4/10 of 20
t=2600  N=2609  holderDeg=-1  probe(ttl4/6/8/12)=0/0/0/0 of 20
t=6000  N=6009  holderDeg=3  probe(ttl4/6/8/12)=0/2/5/11 of 20
t=5400  N=5409  holderDeg=3  probe(ttl4/6/8/12)=0/0/3/7 of 20
t=2800  N=2809  holderDeg=-1  probe(ttl4/6/8/12)=0/0/0/0 of 20
t=6400  N=6409  holderDeg=14  probe(ttl4/6/8/12)=1/1/14/20 of 20

 Growing has been completed
*********************************************************************

t=4200  N=4209  holderDeg=3  probe(ttl4/6/8/12)=0/1/3/12 of 20
t=6400  N=6409  holderDeg=18  probe(ttl4/6/8/12)=2/6/13/19 of 20
t=4200  N=4209  holderDeg=3  probe(ttl4/6/8/12)=1/3/10/16 of 20
t=3000  N=3009  holderDeg=3  probe(ttl4/6/8/12)=1/1/6/6 of 20

================ c1  seed=4  (Pp=100 Pd=0 Pt=25000 rewire=True k=5 c=1 eps=0,02 qmax=0,05 N=10000 theta=6 crash=0 shape=0 multi=1 randrw=0 oracle=False fixedthr=0) ================
t=6200  N=6209  holderDeg=3  probe(ttl4/6/8/12)=0/1/5/9 of 20
t=200  N=209  holderDeg=-1  probe(ttl4/6/8/12)=0/0/0/0 of 20
t=5600  N=5609  holderDeg=3  probe(ttl4/6/8/12)=0/0/1/1 of 20
t=400  N=409  holderDeg=-1  probe(ttl4/6/8/12)=0/0/0/0 of 20
t=3200  N=3209  holderDeg=3  probe(ttl4/6/8/12)=0/1/1/10 of 20
t=600  N=609  holderDeg=-1  probe(ttl4/6/8/12)=0/0/0/0 of 20
t=4400  N=4409  holderDeg=3  probe(ttl4/6/8/12)=0/0/3/15 of 20
t=800  N=809  holderDeg=-1  probe(ttl4/6/8/12)=0/0/0/0 of 20
t=4400  N=4409  holderDeg=3  probe(ttl4/6/8/12)=0/3/7/16 of 20
t=6600  N=6609  holderDeg=20  probe(ttl4/6/8/12)=0/7/16/20 of 20
t=1000  N=1009  holderDeg=-1  probe(ttl4/6/8/12)=0/0/0/0 of 20
t=3400  N=3409  holderDeg=3  probe(ttl4/6/8/12)=0/1/6/9 of 20
t=6400  N=6409  holderDeg=3  probe(ttl4/6/8/12)=0/1/4/7 of 20
t=6600  N=6609  holderDeg=16  probe(ttl4/6/8/12)=1/2/15/19 of 20
t=1200  N=1209  holderDeg=-1  probe(ttl4/6/8/12)=0/0/0/0 of 20
t=4600  N=4609  holderDeg=3  probe(ttl4/6/8/12)=0/2/7/12 of 20
t=1400  N=1409  holderDeg=-1  probe(ttl4/6/8/12)=0/0/0/0 of 20
t=5800  N=5809  holderDeg=3  probe(ttl4/6/8/12)=0/0/0/1 of 20
t=1600  N=1609  holderDeg=-1  probe(ttl4/6/8/12)=0/0/0/0 of 20
t=4600  N=4609  holderDeg=3  probe(ttl4/6/8/12)=0/0/7/8 of 20
t=3600  N=3609  holderDeg=3  probe(ttl4/6/8/12)=0/1/6/9 of 20
t=1800  N=1809  holderDeg=-1  probe(ttl4/6/8/12)=0/0/0/0 of 20
t=6800  N=6809  holderDeg=22  probe(ttl4/6/8/12)=3/7/15/20 of 20
t=4800  N=4809  holderDeg=3  probe(ttl4/6/8/12)=0/0/7/13 of 20
t=6800  N=6809  holderDeg=18  probe(ttl4/6/8/12)=1/6/16/20 of 20
t=2000  N=2009  holderDeg=-1  probe(ttl4/6/8/12)=0/0/0/0 of 20
t=3800  N=3809  holderDeg=3  probe(ttl4/6/8/12)=0/3/0/8 of 20
t=4800  N=4809  holderDeg=3  probe(ttl4/6/8/12)=0/4/2/12 of 20
t=6000  N=6009  holderDeg=3  probe(ttl4/6/8/12)=0/0/2/3 of 20
t=2200  N=2209  holderDeg=-1  probe(ttl4/6/8/12)=0/0/0/0 of 20
t=6600  N=6609  holderDeg=3  probe(ttl4/6/8/12)=0/0/3/4 of 20
t=5000  N=5009  holderDeg=3  probe(ttl4/6/8/12)=0/2/7/12 of 20
t=5000  N=5009  holderDeg=3  probe(ttl4/6/8/12)=0/2/6/7 of 20
t=2400  N=2409  holderDeg=-1  probe(ttl4/6/8/12)=0/0/0/0 of 20
t=4000  N=4009  holderDeg=3  probe(ttl4/6/8/12)=0/2/8/4 of 20
t=7000  N=7009  holderDeg=24  probe(ttl4/6/8/12)=2/5/16/20 of 20
t=7000  N=7009  holderDeg=20  probe(ttl4/6/8/12)=1/9/17/20 of 20
t=6200  N=6209  holderDeg=3  probe(ttl4/6/8/12)=0/0/5/2 of 20
t=5200  N=5209  holderDeg=3  probe(ttl4/6/8/12)=0/2/6/13 of 20
t=2600  N=2609  holderDeg=-1  probe(ttl4/6/8/12)=0/0/0/0 of 20
t=5200  N=5209  holderDeg=3  probe(ttl4/6/8/12)=0/2/4/12 of 20
t=4200  N=4209  holderDeg=3  probe(ttl4/6/8/12)=0/4/5/6 of 20
t=2800  N=2809  holderDeg=-1  probe(ttl4/6/8/12)=0/0/0/0 of 20
t=6800  N=6809  holderDeg=3  probe(ttl4/6/8/12)=0/0/3/6 of 20
t=7200  N=7209  holderDeg=26  probe(ttl4/6/8/12)=0/6/18/20 of 20
t=7200  N=7209  holderDeg=22  probe(ttl4/6/8/12)=0/5/19/20 of 20
t=4400  N=4409  holderDeg=3  probe(ttl4/6/8/12)=0/1/3/10 of 20
t=5400  N=5409  holderDeg=3  probe(ttl4/6/8/12)=1/0/6/12 of 20
t=3000  N=3009  holderDeg=3  probe(ttl4/6/8/12)=0/1/3/11 of 20
t=5400  N=5409  holderDeg=3  probe(ttl4/6/8/12)=0/1/6/7 of 20
t=3200  N=3209  holderDeg=3  probe(ttl4/6/8/12)=1/1/5/9 of 20
t=4600  N=4609  holderDeg=3  probe(ttl4/6/8/12)=0/1/1/10 of 20
t=6400  N=6409  holderDeg=3  probe(ttl4/6/8/12)=0/0/1/2 of 20
t=3400  N=3409  holderDeg=3  probe(ttl4/6/8/12)=0/1/8/7 of 20
t=5600  N=5609  holderDeg=3  probe(ttl4/6/8/12)=0/0/6/10 of 20
t=7400  N=7409  holderDeg=28  probe(ttl4/6/8/12)=2/6/16/19 of 20
t=5600  N=5609  holderDeg=3  probe(ttl4/6/8/12)=0/2/5/10 of 20
t=7000  N=7009  holderDeg=3  probe(ttl4/6/8/12)=0/1/3/5 of 20
t=4800  N=4809  holderDeg=3  probe(ttl4/6/8/12)=0/2/7/11 of 20
t=6600  N=6609  holderDeg=3  probe(ttl4/6/8/12)=0/0/0/2 of 20
t=5800  N=5809  holderDeg=3  probe(ttl4/6/8/12)=0/0/7/15 of 20
t=7400  N=7409  holderDeg=24  probe(ttl4/6/8/12)=1/5/17/20 of 20
t=3600  N=3609  holderDeg=3  probe(ttl4/6/8/12)=0/2/5/9 of 20
t=5800  N=5809  holderDeg=3  probe(ttl4/6/8/12)=0/2/4/9 of 20
t=7600  N=7609  holderDeg=30  probe(ttl4/6/8/12)=3/6/16/19 of 20
t=5000  N=5009  holderDeg=3  probe(ttl4/6/8/12)=1/1/4/7 of 20
t=3800  N=3809  holderDeg=3  probe(ttl4/6/8/12)=0/3/4/6 of 20
t=6000  N=6009  holderDeg=3  probe(ttl4/6/8/12)=0/2/3/10 of 20
t=7200  N=7209  holderDeg=3  probe(ttl4/6/8/12)=1/0/4/5 of 20
t=6800  N=6809  holderDeg=3  probe(ttl4/6/8/12)=0/0/0/1 of 20
t=7600  N=7609  holderDeg=26  probe(ttl4/6/8/12)=1/8/19/20 of 20
t=6000  N=6009  holderDeg=3  probe(ttl4/6/8/12)=1/0/5/10 of 20
t=4000  N=4009  holderDeg=3  probe(ttl4/6/8/12)=0/1/4/6 of 20
t=5200  N=5209  holderDeg=3  probe(ttl4/6/8/12)=0/1/5/6 of 20
t=6200  N=6209  holderDeg=3  probe(ttl4/6/8/12)=0/2/6/10 of 20
t=4200  N=4209  holderDeg=3  probe(ttl4/6/8/12)=0/1/6/6 of 20
t=7000  N=7009  holderDeg=3  probe(ttl4/6/8/12)=0/2/3/1 of 20
t=7400  N=7409  holderDeg=3  probe(ttl4/6/8/12)=0/1/2/6 of 20
t=6200  N=6209  holderDeg=3  probe(ttl4/6/8/12)=0/0/6/11 of 20
t=7800  N=7809  holderDeg=32  probe(ttl4/6/8/12)=2/10/16/20 of 20
t=7800  N=7809  holderDeg=28  probe(ttl4/6/8/12)=0/6/16/20 of 20
t=5400  N=5409  holderDeg=3  probe(ttl4/6/8/12)=0/2/3/6 of 20
t=6400  N=6409  holderDeg=3  probe(ttl4/6/8/12)=0/1/5/6 of 20
t=4400  N=4409  holderDeg=3  probe(ttl4/6/8/12)=0/1/3/4 of 20
t=6400  N=6409  holderDeg=3  probe(ttl4/6/8/12)=0/0/4/11 of 20
t=8000  N=8009  holderDeg=35  probe(ttl4/6/8/12)=0/11/18/19 of 20
t=7200  N=7209  holderDeg=3  probe(ttl4/6/8/12)=0/0/2/1 of 20
t=4600  N=4609  holderDeg=3  probe(ttl4/6/8/12)=0/0/5/1 of 20
t=7600  N=7609  holderDeg=3  probe(ttl4/6/8/12)=0/2/3/7 of 20
t=8000  N=8009  holderDeg=30  probe(ttl4/6/8/12)=1/6/20/20 of 20
t=6600  N=6609  holderDeg=3  probe(ttl4/6/8/12)=0/1/6/14 of 20
t=5600  N=5609  holderDeg=3  probe(ttl4/6/8/12)=0/1/7/6 of 20
t=6600  N=6609  holderDeg=3  probe(ttl4/6/8/12)=0/2/3/11 of 20
t=4800  N=4809  holderDeg=3  probe(ttl4/6/8/12)=0/2/3/4 of 20
t=7400  N=7409  holderDeg=3  probe(ttl4/6/8/12)=0/1/1/0 of 20
t=8200  N=8209  holderDeg=37  probe(ttl4/6/8/12)=1/11/18/20 of 20
t=7800  N=7809  holderDeg=3  probe(ttl4/6/8/12)=0/1/1/1 of 20
t=5800  N=5809  holderDeg=3  probe(ttl4/6/8/12)=2/1/3/4 of 20
t=6800  N=6809  holderDeg=3  probe(ttl4/6/8/12)=0/3/1/10 of 20
t=8200  N=8209  holderDeg=32  probe(ttl4/6/8/12)=1/5/15/20 of 20
t=6800  N=6809  holderDeg=3  probe(ttl4/6/8/12)=0/2/2/8 of 20
t=5000  N=5009  holderDeg=3  probe(ttl4/6/8/12)=0/2/3/7 of 20
t=6000  N=6009  holderDeg=3  probe(ttl4/6/8/12)=0/2/1/5 of 20
t=7000  N=7009  holderDeg=3  probe(ttl4/6/8/12)=0/0/4/11 of 20
t=8000  N=8009  holderDeg=5  probe(ttl4/6/8/12)=0/0/6/10 of 20
t=8400  N=8409  holderDeg=39  probe(ttl4/6/8/12)=1/11/19/20 of 20
t=7600  N=7609  holderDeg=3  probe(ttl4/6/8/12)=0/0/1/2 of 20
t=7000  N=7009  holderDeg=3  probe(ttl4/6/8/12)=0/0/4/7 of 20
t=8400  N=8409  holderDeg=34  probe(ttl4/6/8/12)=1/13/18/20 of 20
t=5200  N=5209  holderDeg=3  probe(ttl4/6/8/12)=0/2/6/9 of 20
t=6200  N=6209  holderDeg=3  probe(ttl4/6/8/12)=0/1/3/5 of 20
t=8600  N=8609  holderDeg=41  probe(ttl4/6/8/12)=1/13/19/20 of 20
t=7200  N=7209  holderDeg=3  probe(ttl4/6/8/12)=1/0/5/6 of 20
t=8200  N=8209  holderDeg=7  probe(ttl4/6/8/12)=0/2/8/16 of 20
t=6400  N=6409  holderDeg=5  probe(ttl4/6/8/12)=0/1/3/9 of 20
t=5400  N=5409  holderDeg=3  probe(ttl4/6/8/12)=0/3/3/4 of 20
t=8600  N=8609  holderDeg=36  probe(ttl4/6/8/12)=0/5/18/20 of 20
t=7400  N=7409  holderDeg=3  probe(ttl4/6/8/12)=0/0/3/8 of 20
t=7800  N=7809  holderDeg=3  probe(ttl4/6/8/12)=0/2/0/0 of 20
t=6600  N=6609  holderDeg=7  probe(ttl4/6/8/12)=0/3/7/13 of 20
t=5600  N=5609  holderDeg=3  probe(ttl4/6/8/12)=0/2/4/10 of 20
t=7200  N=7209  holderDeg=5  probe(ttl4/6/8/12)=0/0/10/11 of 20
t=7600  N=7609  holderDeg=5  probe(ttl4/6/8/12)=2/3/6/14 of 20
t=8400  N=8409  holderDeg=9  probe(ttl4/6/8/12)=1/2/9/11 of 20
t=8000  N=8009  holderDeg=3  probe(ttl4/6/8/12)=1/1/1/1 of 20
t=8800  N=8809  holderDeg=43  probe(ttl4/6/8/12)=3/10/20/20 of 20
t=6800  N=6809  holderDeg=9  probe(ttl4/6/8/12)=0/2/8/15 of 20
t=5800  N=5809  holderDeg=3  probe(ttl4/6/8/12)=0/0/0/3 of 20
t=8800  N=8809  holderDeg=38  probe(ttl4/6/8/12)=2/10/20/20 of 20
t=7400  N=7409  holderDeg=7  probe(ttl4/6/8/12)=1/0/8/14 of 20
t=6000  N=6009  holderDeg=3  probe(ttl4/6/8/12)=1/1/4/8 of 20
t=7000  N=7009  holderDeg=11  probe(ttl4/6/8/12)=0/1/8/16 of 20
t=8600  N=8609  holderDeg=11  probe(ttl4/6/8/12)=0/4/13/13 of 20
t=8200  N=8209  holderDeg=3  probe(ttl4/6/8/12)=0/0/3/2 of 20
t=9000  N=9009  holderDeg=45  probe(ttl4/6/8/12)=3/7/18/20 of 20
t=7600  N=7609  holderDeg=9  probe(ttl4/6/8/12)=1/1/8/18 of 20
t=6200  N=6209  holderDeg=3  probe(ttl4/6/8/12)=0/1/3/4 of 20
t=7200  N=7209  holderDeg=13  probe(ttl4/6/8/12)=1/3/14/17 of 20
t=7800  N=7809  holderDeg=7  probe(ttl4/6/8/12)=0/2/10/18 of 20
t=9000  N=9009  holderDeg=40  probe(ttl4/6/8/12)=2/11/16/20 of 20
t=9200  N=9209  holderDeg=47  probe(ttl4/6/8/12)=5/5/19/20 of 20
t=8400  N=8409  holderDeg=3  probe(ttl4/6/8/12)=0/0/1/1 of 20
t=7800  N=7809  holderDeg=11  probe(ttl4/6/8/12)=0/2/10/18 of 20
t=8800  N=8809  holderDeg=13  probe(ttl4/6/8/12)=0/2/6/17 of 20
t=8000  N=8009  holderDeg=9  probe(ttl4/6/8/12)=1/1/10/16 of 20
t=7400  N=7409  holderDeg=15  probe(ttl4/6/8/12)=0/3/11/17 of 20
t=6400  N=6409  holderDeg=3  probe(ttl4/6/8/12)=0/1/3/6 of 20
t=8600  N=8609  holderDeg=3  probe(ttl4/6/8/12)=0/0/0/3 of 20
t=9200  N=9209  holderDeg=42  probe(ttl4/6/8/12)=1/8/19/20 of 20
t=8000  N=8009  holderDeg=14  probe(ttl4/6/8/12)=0/2/15/18 of 20
t=8200  N=8209  holderDeg=11  probe(ttl4/6/8/12)=2/1/14/17 of 20
t=9000  N=9009  holderDeg=15  probe(ttl4/6/8/12)=0/7/16/16 of 20
t=6600  N=6609  holderDeg=3  probe(ttl4/6/8/12)=0/0/2/7 of 20
t=7600  N=7609  holderDeg=17  probe(ttl4/6/8/12)=1/2/10/17 of 20
t=9400  N=9409  holderDeg=50  probe(ttl4/6/8/12)=4/9/17/20 of 20
t=9400  N=9409  holderDeg=44  probe(ttl4/6/8/12)=2/14/18/20 of 20
t=8800  N=8809  holderDeg=3  probe(ttl4/6/8/12)=0/0/1/2 of 20
t=8400  N=8409  holderDeg=13  probe(ttl4/6/8/12)=1/1/12/19 of 20
t=9200  N=9209  holderDeg=17  probe(ttl4/6/8/12)=0/3/14/19 of 20
t=7800  N=7809  holderDeg=20  probe(ttl4/6/8/12)=1/8/16/18 of 20
t=6800  N=6809  holderDeg=3  probe(ttl4/6/8/12)=0/2/3/5 of 20
t=8200  N=8209  holderDeg=17  probe(ttl4/6/8/12)=2/4/17/19 of 20
t=8600  N=8609  holderDeg=15  probe(ttl4/6/8/12)=0/2/13/20 of 20
t=9600  N=9609  holderDeg=46  probe(ttl4/6/8/12)=0/12/20/20 of 20
t=7000  N=7009  holderDeg=5  probe(ttl4/6/8/12)=0/1/7/9 of 20
t=9000  N=9009  holderDeg=5  probe(ttl4/6/8/12)=0/0/2/8 of 20
t=8400  N=8409  holderDeg=19  probe(ttl4/6/8/12)=1/2/10/19 of 20
t=9400  N=9409  holderDeg=19  probe(ttl4/6/8/12)=0/3/12/19 of 20
t=9600  N=9609  holderDeg=52  probe(ttl4/6/8/12)=4/13/19/20 of 20
t=8800  N=8809  holderDeg=17  probe(ttl4/6/8/12)=0/4/12/18 of 20
t=7200  N=7209  holderDeg=7  probe(ttl4/6/8/12)=2/0/8/14 of 20
t=9800  N=9809  holderDeg=48  probe(ttl4/6/8/12)=1/10/19/20 of 20
t=9200  N=9209  holderDeg=8  probe(ttl4/6/8/12)=0/1/7/9 of 20
t=8000  N=8009  holderDeg=23  probe(ttl4/6/8/12)=0/7/14/20 of 20
t=8600  N=8609  holderDeg=21  probe(ttl4/6/8/12)=0/7/13/20 of 20
t=9800  N=9809  holderDeg=54  probe(ttl4/6/8/12)=1/10/20/20 of 20
t=9000  N=9009  holderDeg=19  probe(ttl4/6/8/12)=1/4/15/20 of 20
t=9400  N=9409  holderDeg=8  probe(ttl4/6/8/12)=0/1/5/11 of 20
t=7400  N=7409  holderDeg=9  probe(ttl4/6/8/12)=0/4/8/16 of 20
t=10000  N=10009  holderDeg=50  probe(ttl4/6/8/12)=1/10/17/20 of 20
t=9600  N=9609  holderDeg=21  probe(ttl4/6/8/12)=0/4/15/20 of 20
t=8800  N=8809  holderDeg=23  probe(ttl4/6/8/12)=0/6/15/19 of 20
t=10000  N=10009  holderDeg=56  probe(ttl4/6/8/12)=2/11/19/20 of 20
t=8200  N=8209  holderDeg=25  probe(ttl4/6/8/12)=2/6/16/20 of 20
t=7600  N=7609  holderDeg=11  probe(ttl4/6/8/12)=0/0/9/19 of 20
t=10200  N=10209  holderDeg=50  probe(ttl4/6/8/12)=1/8/20/20 of 20
t=9800  N=9809  holderDeg=23  probe(ttl4/6/8/12)=1/5/14/20 of 20
t=9200  N=9209  holderDeg=21  probe(ttl4/6/8/12)=2/7/14/20 of 20
t=9000  N=9009  holderDeg=25  probe(ttl4/6/8/12)=0/6/15/20 of 20
t=8400  N=8409  holderDeg=27  probe(ttl4/6/8/12)=0/7/14/20 of 20
t=9600  N=9609  holderDeg=8  probe(ttl4/6/8/12)=0/4/6/12 of 20
t=10200  N=10209  holderDeg=56  probe(ttl4/6/8/12)=1/9/19/20 of 20
t=7800  N=7809  holderDeg=13  probe(ttl4/6/8/12)=0/7/14/14 of 20
t=8600  N=8609  holderDeg=29  probe(ttl4/6/8/12)=0/4/15/20 of 20
t=10400  N=10409  holderDeg=50  probe(ttl4/6/8/12)=1/11/20/20 of 20
t=10000  N=10009  holderDeg=25  probe(ttl4/6/8/12)=1/4/15/19 of 20
t=9200  N=9209  holderDeg=27  probe(ttl4/6/8/12)=0/4/16/20 of 20
t=8000  N=8009  holderDeg=15  probe(ttl4/6/8/12)=2/4/8/16 of 20
t=10400  N=10409  holderDeg=56  probe(ttl4/6/8/12)=0/6/19/20 of 20
t=9800  N=9809  holderDeg=8  probe(ttl4/6/8/12)=1/1/4/13 of 20
t=8800  N=8809  holderDeg=31  probe(ttl4/6/8/12)=1/6/18/20 of 20
t=9400  N=9409  holderDeg=23  probe(ttl4/6/8/12)=1/4/19/20 of 20
t=10600  N=10609  holderDeg=50  probe(ttl4/6/8/12)=1/14/19/20 of 20
t=8200  N=8209  holderDeg=17  probe(ttl4/6/8/12)=1/4/9/17 of 20
t=10200  N=10209  holderDeg=27  probe(ttl4/6/8/12)=0/9/16/20 of 20
t=9400  N=9409  holderDeg=28  probe(ttl4/6/8/12)=1/6/14/20 of 20
t=9000  N=9009  holderDeg=33  probe(ttl4/6/8/12)=2/6/18/20 of 20
t=10600  N=10609  holderDeg=56  probe(ttl4/6/8/12)=2/10/19/20 of 20
t=10000  N=10009  holderDeg=8  probe(ttl4/6/8/12)=0/0/6/11 of 20
t=8400  N=8409  holderDeg=19  probe(ttl4/6/8/12)=0/3/12/19 of 20
t=9600  N=9609  holderDeg=26  probe(ttl4/6/8/12)=2/6/16/20 of 20
t=10800  N=10809  holderDeg=50  probe(ttl4/6/8/12)=0/12/19/20 of 20
t=9600  N=9609  holderDeg=30  probe(ttl4/6/8/12)=0/5/16/20 of 20
t=9200  N=9209  holderDeg=35  probe(ttl4/6/8/12)=1/6/16/19 of 20
t=10400  N=10409  holderDeg=30  probe(ttl4/6/8/12)=1/6/14/20 of 20
t=9800  N=9809  holderDeg=29  probe(ttl4/6/8/12)=1/5/17/20 of 20
t=10200  N=10209  holderDeg=8  probe(ttl4/6/8/12)=0/1/10/10 of 20
t=11000  N=11009  holderDeg=50  probe(ttl4/6/8/12)=2/6/19/20 of 20
t=9400  N=9409  holderDeg=37  probe(ttl4/6/8/12)=3/9/17/20 of 20
t=8600  N=8609  holderDeg=21  probe(ttl4/6/8/12)=3/5/14/20 of 20
t=9800  N=9809  holderDeg=33  probe(ttl4/6/8/12)=5/5/18/20 of 20
t=10600  N=10609  holderDeg=30  probe(ttl4/6/8/12)=2/3/15/20 of 20
t=10000  N=10009  holderDeg=31  probe(ttl4/6/8/12)=3/9/20/20 of 20
t=9600  N=9609  holderDeg=39  probe(ttl4/6/8/12)=2/8/18/20 of 20
t=10000  N=10009  holderDeg=35  probe(ttl4/6/8/12)=0/11/17/20 of 20
t=8800  N=8809  holderDeg=23  probe(ttl4/6/8/12)=1/6/15/20 of 20
t=10800  N=10809  holderDeg=56  probe(ttl4/6/8/12)=3/9/19/20 of 20
t=10400  N=10409  holderDeg=8  probe(ttl4/6/8/12)=1/1/4/8 of 20
t=11200  N=11209  holderDeg=50  probe(ttl4/6/8/12)=2/7/20/20 of 20
t=10800  N=10809  holderDeg=30  probe(ttl4/6/8/12)=2/9/18/20 of 20
t=10200  N=10209  holderDeg=33  probe(ttl4/6/8/12)=1/5/17/20 of 20
t=9000  N=9009  holderDeg=25  probe(ttl4/6/8/12)=1/5/18/20 of 20
t=10200  N=10209  holderDeg=38  probe(ttl4/6/8/12)=3/4/19/20 of 20
t=11000  N=11009  holderDeg=56  probe(ttl4/6/8/12)=3/12/18/20 of 20
t=9800  N=9809  holderDeg=42  probe(ttl4/6/8/12)=1/9/19/20 of 20
t=11400  N=11409  holderDeg=50  probe(ttl4/6/8/12)=2/9/19/20 of 20
t=10400  N=10409  holderDeg=35  probe(ttl4/6/8/12)=0/8/18/20 of 20
t=10600  N=10609  holderDeg=8  probe(ttl4/6/8/12)=0/2/5/8 of 20
t=9200  N=9209  holderDeg=27  probe(ttl4/6/8/12)=1/5/17/20 of 20
t=11000  N=11009  holderDeg=30  probe(ttl4/6/8/12)=3/11/17/20 of 20
t=10400  N=10409  holderDeg=40  probe(ttl4/6/8/12)=1/6/16/20 of 20
t=11200  N=11209  holderDeg=56  probe(ttl4/6/8/12)=3/13/19/20 of 20
t=10000  N=10009  holderDeg=44  probe(ttl4/6/8/12)=1/8/18/20 of 20
t=10600  N=10609  holderDeg=42  probe(ttl4/6/8/12)=5/5/19/20 of 20
t=9400  N=9409  holderDeg=29  probe(ttl4/6/8/12)=4/5/14/20 of 20
t=10600  N=10609  holderDeg=37  probe(ttl4/6/8/12)=1/6/16/20 of 20
t=11200  N=11209  holderDeg=30  probe(ttl4/6/8/12)=0/6/15/18 of 20
t=11600  N=11609  holderDeg=50  probe(ttl4/6/8/12)=1/8/18/20 of 20
t=10800  N=10809  holderDeg=8  probe(ttl4/6/8/12)=1/1/6/14 of 20
t=11400  N=11409  holderDeg=56  probe(ttl4/6/8/12)=0/10/20/20 of 20
t=10200  N=10209  holderDeg=46  probe(ttl4/6/8/12)=2/13/19/20 of 20
t=9600  N=9609  holderDeg=31  probe(ttl4/6/8/12)=3/8/16/20 of 20
t=10800  N=10809  holderDeg=40  probe(ttl4/6/8/12)=2/7/19/20 of 20
t=10800  N=10809  holderDeg=44  probe(ttl4/6/8/12)=3/7/18/20 of 20
t=11800  N=11809  holderDeg=50  probe(ttl4/6/8/12)=1/6/19/20 of 20
t=11000  N=11009  holderDeg=8  probe(ttl4/6/8/12)=0/1/7/9 of 20
t=11600  N=11609  holderDeg=56  probe(ttl4/6/8/12)=4/10/19/20 of 20
t=10400  N=10409  holderDeg=48  probe(ttl4/6/8/12)=0/8/20/20 of 20
t=9800  N=9809  holderDeg=33  probe(ttl4/6/8/12)=1/9/18/20 of 20
t=11000  N=11009  holderDeg=42  probe(ttl4/6/8/12)=0/12/19/20 of 20
t=11000  N=11009  holderDeg=46  probe(ttl4/6/8/12)=1/9/17/20 of 20
t=10600  N=10609  holderDeg=50  probe(ttl4/6/8/12)=3/4/18/20 of 20
t=11200  N=11209  holderDeg=8  probe(ttl4/6/8/12)=0/0/6/13 of 20
t=12000  N=12009  holderDeg=50  probe(ttl4/6/8/12)=1/9/18/20 of 20
t=10000  N=10009  holderDeg=35  probe(ttl4/6/8/12)=1/4/19/20 of 20
t=11400  N=11409  holderDeg=30  probe(ttl4/6/8/12)=1/6/17/20 of 20
t=11200  N=11209  holderDeg=44  probe(ttl4/6/8/12)=1/7/19/20 of 20
t=11800  N=11809  holderDeg=56  probe(ttl4/6/8/12)=0/8/16/20 of 20
t=11200  N=11209  holderDeg=49  probe(ttl4/6/8/12)=3/9/19/20 of 20
t=10800  N=10809  holderDeg=52  probe(ttl4/6/8/12)=1/8/18/20 of 20
t=11400  N=11409  holderDeg=8  probe(ttl4/6/8/12)=0/0/5/12 of 20
t=10200  N=10209  holderDeg=37  probe(ttl4/6/8/12)=0/9/15/20 of 20
t=12200  N=12209  holderDeg=50  probe(ttl4/6/8/12)=2/9/17/20 of 20
t=11600  N=11609  holderDeg=30  probe(ttl4/6/8/12)=1/5/15/20 of 20
t=11400  N=11409  holderDeg=47  probe(ttl4/6/8/12)=1/7/17/20 of 20
t=11400  N=11409  holderDeg=53  probe(ttl4/6/8/12)=0/8/17/20 of 20
t=11000  N=11009  holderDeg=55  probe(ttl4/6/8/12)=1/8/19/20 of 20
t=12000  N=12009  holderDeg=56  probe(ttl4/6/8/12)=0/8/17/20 of 20
t=11600  N=11609  holderDeg=8  probe(ttl4/6/8/12)=0/3/3/9 of 20
t=10400  N=10409  holderDeg=39  probe(ttl4/6/8/12)=1/6/18/19 of 20
t=12400  N=12409  holderDeg=50  probe(ttl4/6/8/12)=0/9/17/20 of 20
t=11600  N=11609  holderDeg=49  probe(ttl4/6/8/12)=1/4/20/20 of 20
t=11600  N=11609  holderDeg=56  probe(ttl4/6/8/12)=2/8/19/20 of 20
t=11800  N=11809  holderDeg=8  probe(ttl4/6/8/12)=1/0/9/14 of 20
t=12200  N=12209  holderDeg=56  probe(ttl4/6/8/12)=1/8/20/20 of 20
t=12600  N=12609  holderDeg=50  probe(ttl4/6/8/12)=1/8/17/20 of 20
t=11200  N=11209  holderDeg=58  probe(ttl4/6/8/12)=1/10/19/20 of 20
t=11800  N=11809  holderDeg=51  probe(ttl4/6/8/12)=5/11/18/20 of 20
t=10600  N=10609  holderDeg=41  probe(ttl4/6/8/12)=1/4/18/20 of 20
t=11800  N=11809  holderDeg=60  probe(ttl4/6/8/12)=2/10/18/20 of 20
t=11800  N=11809  holderDeg=30  probe(ttl4/6/8/12)=0/4/16/20 of 20
t=12400  N=12409  holderDeg=56  probe(ttl4/6/8/12)=1/10/18/20 of 20
t=12800  N=12809  holderDeg=50  probe(ttl4/6/8/12)=3/11/19/20 of 20
t=12000  N=12009  holderDeg=8  probe(ttl4/6/8/12)=0/1/5/12 of 20
t=11400  N=11409  holderDeg=60  probe(ttl4/6/8/12)=2/10/17/20 of 20
t=12000  N=12009  holderDeg=53  probe(ttl4/6/8/12)=2/9/19/20 of 20
t=10800  N=10809  holderDeg=44  probe(ttl4/6/8/12)=1/8/19/20 of 20
t=12000  N=12009  holderDeg=62  probe(ttl4/6/8/12)=2/11/19/20 of 20
t=12000  N=12009  holderDeg=30  probe(ttl4/6/8/12)=1/4/17/19 of 20
t=12200  N=12209  holderDeg=8  probe(ttl4/6/8/12)=0/2/4/10 of 20
t=12600  N=12609  holderDeg=56  probe(ttl4/6/8/12)=0/10/19/20 of 20
t=11600  N=11609  holderDeg=63  probe(ttl4/6/8/12)=3/12/20/20 of 20
t=12200  N=12209  holderDeg=55  probe(ttl4/6/8/12)=4/7/18/20 of 20
t=12200  N=12209  holderDeg=64  probe(ttl4/6/8/12)=2/8/18/20 of 20
t=11000  N=11009  holderDeg=46  probe(ttl4/6/8/12)=0/4/19/20 of 20
t=12800  N=12809  holderDeg=56  probe(ttl4/6/8/12)=1/10/18/20 of 20
t=11800  N=11809  holderDeg=65  probe(ttl4/6/8/12)=2/11/20/20 of 20
t=12200  N=12209  holderDeg=30  probe(ttl4/6/8/12)=1/2/17/20 of 20
t=13000  N=13009  holderDeg=50  probe(ttl4/6/8/12)=3/6/20/20 of 20
t=12400  N=12409  holderDeg=8  probe(ttl4/6/8/12)=0/0/4/13 of 20
t=11200  N=11209  holderDeg=48  probe(ttl4/6/8/12)=1/8/17/20 of 20
t=12400  N=12409  holderDeg=58  probe(ttl4/6/8/12)=1/12/19/20 of 20
t=12000  N=12009  holderDeg=67  probe(ttl4/6/8/12)=3/8/20/20 of 20
t=12400  N=12409  holderDeg=67  probe(ttl4/6/8/12)=4/9/18/20 of 20
t=13000  N=13009  holderDeg=56  probe(ttl4/6/8/12)=0/9/16/20 of 20
t=12600  N=12609  holderDeg=8  probe(ttl4/6/8/12)=0/1/5/10 of 20
t=11400  N=11409  holderDeg=50  probe(ttl4/6/8/12)=0/6/16/20 of 20
t=12600  N=12609  holderDeg=61  probe(ttl4/6/8/12)=3/8/19/20 of 20
t=12400  N=12409  holderDeg=30  probe(ttl4/6/8/12)=1/6/15/20 of 20
t=12200  N=12209  holderDeg=69  probe(ttl4/6/8/12)=0/12/18/20 of 20
t=12600  N=12609  holderDeg=69  probe(ttl4/6/8/12)=2/13/20/20 of 20
t=13200  N=13209  holderDeg=56  probe(ttl4/6/8/12)=5/8/19/20 of 20
t=13200  N=13209  holderDeg=50  probe(ttl4/6/8/12)=2/9/19/20 of 20
t=12800  N=12809  holderDeg=63  probe(ttl4/6/8/12)=3/9/18/20 of 20
t=12600  N=12609  holderDeg=30  probe(ttl4/6/8/12)=1/4/15/20 of 20
t=12800  N=12809  holderDeg=8  probe(ttl4/6/8/12)=0/1/5/11 of 20
t=12400  N=12409  holderDeg=71  probe(ttl4/6/8/12)=1/13/20/20 of 20
t=12800  N=12809  holderDeg=71  probe(ttl4/6/8/12)=1/9/20/20 of 20
t=11600  N=11609  holderDeg=52  probe(ttl4/6/8/12)=1/11/18/20 of 20
t=13400  N=13409  holderDeg=56  probe(ttl4/6/8/12)=1/6/18/20 of 20
t=12800  N=12809  holderDeg=30  probe(ttl4/6/8/12)=0/4/13/20 of 20
t=13400  N=13409  holderDeg=50  probe(ttl4/6/8/12)=0/5/17/20 of 20
t=13000  N=13009  holderDeg=65  probe(ttl4/6/8/12)=2/8/19/20 of 20
t=13000  N=13009  holderDeg=8  probe(ttl4/6/8/12)=0/1/7/13 of 20
t=12600  N=12609  holderDeg=74  probe(ttl4/6/8/12)=1/13/19/20 of 20
t=11800  N=11809  holderDeg=54  probe(ttl4/6/8/12)=1/8/18/20 of 20
t=13000  N=13009  holderDeg=73  probe(ttl4/6/8/12)=2/16/20/20 of 20
t=13200  N=13209  holderDeg=67  probe(ttl4/6/8/12)=2/8/19/20 of 20
t=13000  N=13009  holderDeg=30  probe(ttl4/6/8/12)=0/5/16/20 of 20
t=13600  N=13609  holderDeg=56  probe(ttl4/6/8/12)=2/7/20/20 of 20
t=13200  N=13209  holderDeg=8  probe(ttl4/6/8/12)=0/1/5/10 of 20
t=12800  N=12809  holderDeg=76  probe(ttl4/6/8/12)=3/9/19/20 of 20
t=12000  N=12009  holderDeg=56  probe(ttl4/6/8/12)=1/10/19/20 of 20
t=13200  N=13209  holderDeg=75  probe(ttl4/6/8/12)=2/8/18/20 of 20
t=13600  N=13609  holderDeg=50  probe(ttl4/6/8/12)=1/7/19/20 of 20
t=13200  N=13209  holderDeg=30  probe(ttl4/6/8/12)=1/3/17/20 of 20
t=13800  N=13809  holderDeg=56  probe(ttl4/6/8/12)=1/11/17/20 of 20
t=13400  N=13409  holderDeg=69  probe(ttl4/6/8/12)=3/12/20/20 of 20
t=13400  N=13409  holderDeg=8  probe(ttl4/6/8/12)=0/0/4/13 of 20
t=13000  N=13009  holderDeg=77  probe(ttl4/6/8/12)=0/11/18/20 of 20
t=12200  N=12209  holderDeg=59  probe(ttl4/6/8/12)=1/12/20/20 of 20
t=13400  N=13409  holderDeg=77  probe(ttl4/6/8/12)=2/9/19/20 of 20
t=13400  N=13409  holderDeg=30  probe(ttl4/6/8/12)=1/8/12/20 of 20
t=13600  N=13609  holderDeg=71  probe(ttl4/6/8/12)=1/8/20/20 of 20
t=13800  N=13809  holderDeg=50  probe(ttl4/6/8/12)=1/7/19/20 of 20
t=13600  N=13609  holderDeg=8  probe(ttl4/6/8/12)=0/0/6/12 of 20
t=13200  N=13209  holderDeg=80  probe(ttl4/6/8/12)=2/13/17/20 of 20
t=13600  N=13609  holderDeg=79  probe(ttl4/6/8/12)=2/9/18/20 of 20
t=14000  N=14009  holderDeg=57  probe(ttl4/6/8/12)=1/11/17/20 of 20
t=13600  N=13609  holderDeg=30  probe(ttl4/6/8/12)=0/4/15/20 of 20
t=13800  N=13809  holderDeg=73  probe(ttl4/6/8/12)=0/10/16/20 of 20
t=12400  N=12409  holderDeg=61  probe(ttl4/6/8/12)=2/7/18/20 of 20
t=13400  N=13409  holderDeg=82  probe(ttl4/6/8/12)=1/10/20/20 of 20
t=14000  N=14009  holderDeg=50  probe(ttl4/6/8/12)=1/7/19/20 of 20
t=13800  N=13809  holderDeg=82  probe(ttl4/6/8/12)=3/8/20/20 of 20
t=14200  N=14209  holderDeg=57  probe(ttl4/6/8/12)=4/4/20/20 of 20

 Growing has been completed
*********************************************************************

t=14000  N=14009  holderDeg=75  probe(ttl4/6/8/12)=1/10/19/20 of 20

 Growing has been completed
*********************************************************************


================ eps001  seed=5  (Pp=100 Pd=0 Pt=25000 rewire=True k=5 c=2 eps=0,01 qmax=0,05 N=10000 theta=6 crash=0 shape=0 multi=1 randrw=0 oracle=False fixedthr=0) ================
t=200  N=209  holderDeg=-1  probe(ttl4/6/8/12)=0/0/0/0 of 20

================ th3  seed=5  (Pp=100 Pd=0 Pt=25000 rewire=True k=5 c=2 eps=0,02 qmax=0,05 N=10000 theta=3 crash=0 shape=0 multi=1 randrw=0 oracle=False fixedthr=0) ================
t=400  N=409  holderDeg=-1  probe(ttl4/6/8/12)=0/0/0/0 of 20
t=200  N=209  holderDeg=-1  probe(ttl4/6/8/12)=0/0/0/0 of 20
t=400  N=409  holderDeg=-1  probe(ttl4/6/8/12)=0/0/0/0 of 20
t=600  N=609  holderDeg=-1  probe(ttl4/6/8/12)=0/0/0/0 of 20
t=600  N=609  holderDeg=-1  probe(ttl4/6/8/12)=0/0/0/0 of 20
t=800  N=809  holderDeg=-1  probe(ttl4/6/8/12)=0/0/0/0 of 20
t=800  N=809  holderDeg=-1  probe(ttl4/6/8/12)=0/0/0/0 of 20
t=13800  N=13809  holderDeg=30  probe(ttl4/6/8/12)=2/4/14/20 of 20
t=1000  N=1009  holderDeg=-1  probe(ttl4/6/8/12)=0/0/0/0 of 20
t=13800  N=13809  holderDeg=8  probe(ttl4/6/8/12)=0/1/6/10 of 20
t=1000  N=1009  holderDeg=-1  probe(ttl4/6/8/12)=0/0/0/0 of 20
t=13600  N=13609  holderDeg=85  probe(ttl4/6/8/12)=1/13/19/20 of 20
t=1200  N=1209  holderDeg=-1  probe(ttl4/6/8/12)=0/0/0/0 of 20
t=12600  N=12609  holderDeg=63  probe(ttl4/6/8/12)=2/11/20/20 of 20
t=1200  N=1209  holderDeg=-1  probe(ttl4/6/8/12)=0/0/0/0 of 20
t=1400  N=1409  holderDeg=-1  probe(ttl4/6/8/12)=0/0/0/0 of 20
t=1400  N=1409  holderDeg=-1  probe(ttl4/6/8/12)=0/0/0/0 of 20
t=1600  N=1609  holderDeg=-1  probe(ttl4/6/8/12)=0/0/0/0 of 20
t=1600  N=1609  holderDeg=-1  probe(ttl4/6/8/12)=0/0/0/0 of 20
t=14000  N=14009  holderDeg=84  probe(ttl4/6/8/12)=1/11/20/20 of 20
t=1800  N=1809  holderDeg=-1  probe(ttl4/6/8/12)=0/0/0/0 of 20
t=1800  N=1809  holderDeg=-1  probe(ttl4/6/8/12)=0/0/0/0 of 20
t=2000  N=2009  holderDeg=-1  probe(ttl4/6/8/12)=0/0/0/0 of 20
t=14200  N=14209  holderDeg=77  probe(ttl4/6/8/12)=1/7/20/20 of 20
t=2000  N=2009  holderDeg=-1  probe(ttl4/6/8/12)=0/0/0/0 of 20

 Growing has been completed
*********************************************************************

t=2200  N=2209  holderDeg=-1  probe(ttl4/6/8/12)=0/0/0/0 of 20
t=2200  N=2209  holderDeg=-1  probe(ttl4/6/8/12)=0/0/0/0 of 20
t=2400  N=2409  holderDeg=-1  probe(ttl4/6/8/12)=0/0/0/0 of 20

================ k4  seed=5  (Pp=100 Pd=0 Pt=25000 rewire=True k=4 c=2 eps=0,02 qmax=0,05 N=10000 theta=6 crash=0 shape=0 multi=1 randrw=0 oracle=False fixedthr=0) ================
t=200  N=209  holderDeg=-1  probe(ttl4/6/8/12)=0/0/0/0 of 20
t=400  N=409  holderDeg=-1  probe(ttl4/6/8/12)=0/0/0/0 of 20
t=2400  N=2409  holderDeg=-1  probe(ttl4/6/8/12)=0/0/0/0 of 20
t=13800  N=13809  holderDeg=89  probe(ttl4/6/8/12)=2/9/20/20 of 20
t=2600  N=2609  holderDeg=-1  probe(ttl4/6/8/12)=0/0/0/0 of 20
t=14000  N=14009  holderDeg=30  probe(ttl4/6/8/12)=1/2/16/20 of 20
t=600  N=609  holderDeg=-1  probe(ttl4/6/8/12)=0/0/0/0 of 20
t=14000  N=14009  holderDeg=8  probe(ttl4/6/8/12)=0/0/3/14 of 20
t=800  N=809  holderDeg=-1  probe(ttl4/6/8/12)=0/0/0/0 of 20
t=2800  N=2809  holderDeg=-1  probe(ttl4/6/8/12)=0/0/0/0 of 20
t=2600  N=2609  holderDeg=-1  probe(ttl4/6/8/12)=0/0/0/0 of 20
t=1000  N=1009  holderDeg=-1  probe(ttl4/6/8/12)=0/0/0/0 of 20
t=12800  N=12809  holderDeg=65  probe(ttl4/6/8/12)=0/8/19/20 of 20
t=1200  N=1209  holderDeg=-1  probe(ttl4/6/8/12)=0/0/0/0 of 20
t=3000  N=3009  holderDeg=3  probe(ttl4/6/8/12)=0/1/7/7 of 20
t=1400  N=1409  holderDeg=-1  probe(ttl4/6/8/12)=0/0/0/0 of 20
t=2800  N=2809  holderDeg=-1  probe(ttl4/6/8/12)=0/0/0/0 of 20
t=1600  N=1609  holderDeg=-1  probe(ttl4/6/8/12)=0/0/0/0 of 20
t=3200  N=3209  holderDeg=3  probe(ttl4/6/8/12)=0/3/7/13 of 20
t=3000  N=3009  holderDeg=3  probe(ttl4/6/8/12)=0/1/10/11 of 20
t=1800  N=1809  holderDeg=-1  probe(ttl4/6/8/12)=0/0/0/0 of 20
t=2000  N=2009  holderDeg=-1  probe(ttl4/6/8/12)=0/0/0/0 of 20
t=3400  N=3409  holderDeg=3  probe(ttl4/6/8/12)=0/3/6/10 of 20
t=2200  N=2209  holderDeg=-1  probe(ttl4/6/8/12)=0/0/0/0 of 20
t=3200  N=3209  holderDeg=3  probe(ttl4/6/8/12)=0/4/9/14 of 20
t=3600  N=3609  holderDeg=3  probe(ttl4/6/8/12)=0/1/2/13 of 20
t=2400  N=2409  holderDeg=-1  probe(ttl4/6/8/12)=0/0/0/0 of 20
t=14000  N=14009  holderDeg=91  probe(ttl4/6/8/12)=1/8/20/20 of 20
t=3400  N=3409  holderDeg=3  probe(ttl4/6/8/12)=0/2/7/15 of 20
t=2600  N=2609  holderDeg=-1  probe(ttl4/6/8/12)=0/0/0/0 of 20

 Growing has been completed
*********************************************************************

t=3800  N=3809  holderDeg=3  probe(ttl4/6/8/12)=0/3/4/9 of 20

================ c1  seed=5  (Pp=100 Pd=0 Pt=25000 rewire=True k=5 c=1 eps=0,02 qmax=0,05 N=10000 theta=6 crash=0 shape=0 multi=1 randrw=0 oracle=False fixedthr=0) ================
t=3600  N=3609  holderDeg=3  probe(ttl4/6/8/12)=3/1/9/15 of 20
t=200  N=209  holderDeg=-1  probe(ttl4/6/8/12)=0/0/0/0 of 20
t=2800  N=2809  holderDeg=-1  probe(ttl4/6/8/12)=0/0/0/0 of 20
t=400  N=409  holderDeg=-1  probe(ttl4/6/8/12)=0/0/0/0 of 20
t=13000  N=13009  holderDeg=67  probe(ttl4/6/8/12)=1/11/20/20 of 20
t=4000  N=4009  holderDeg=3  probe(ttl4/6/8/12)=0/1/7/10 of 20
t=600  N=609  holderDeg=-1  probe(ttl4/6/8/12)=0/0/0/0 of 20
t=3800  N=3809  holderDeg=3  probe(ttl4/6/8/12)=0/3/6/14 of 20
t=800  N=809  holderDeg=-1  probe(ttl4/6/8/12)=0/0/0/0 of 20
t=3000  N=3009  holderDeg=3  probe(ttl4/6/8/12)=0/0/3/7 of 20
t=14200  N=14209  holderDeg=8  probe(ttl4/6/8/12)=0/1/6/9 of 20
t=1000  N=1009  holderDeg=-1  probe(ttl4/6/8/12)=0/0/0/0 of 20
t=4000  N=4009  holderDeg=3  probe(ttl4/6/8/12)=0/2/5/12 of 20
t=3200  N=3209  holderDeg=3  probe(ttl4/6/8/12)=0/1/5/11 of 20
t=14200  N=14209  holderDeg=30  probe(ttl4/6/8/12)=2/9/14/20 of 20
t=4200  N=4209  holderDeg=3  probe(ttl4/6/8/12)=0/1/7/7 of 20

 Growing has been completed
*********************************************************************

t=1200  N=1209  holderDeg=-1  probe(ttl4/6/8/12)=0/0/0/0 of 20

 Growing has been completed
*********************************************************************

t=3400  N=3409  holderDeg=3  probe(ttl4/6/8/12)=0/2/6/11 of 20
t=1400  N=1409  holderDeg=-1  probe(ttl4/6/8/12)=0/0/0/0 of 20
t=4200  N=4209  holderDeg=3  probe(ttl4/6/8/12)=1/1/5/11 of 20

================ eps001  seed=6  (Pp=100 Pd=0 Pt=25000 rewire=True k=5 c=2 eps=0,01 qmax=0,05 N=10000 theta=6 crash=0 shape=0 multi=1 randrw=0 oracle=False fixedthr=0) ================
t=14200  N=14209  holderDeg=94  probe(ttl4/6/8/12)=2/10/19/20 of 20
t=200  N=209  holderDeg=-1  probe(ttl4/6/8/12)=0/0/0/0 of 20

================ th3  seed=6  (Pp=100 Pd=0 Pt=25000 rewire=True k=5 c=2 eps=0,02 qmax=0,05 N=10000 theta=3 crash=0 shape=0 multi=1 randrw=0 oracle=False fixedthr=0) ================
t=1600  N=1609  holderDeg=-1  probe(ttl4/6/8/12)=0/0/0/0 of 20
t=400  N=409  holderDeg=-1  probe(ttl4/6/8/12)=0/0/0/0 of 20
t=200  N=209  holderDeg=-1  probe(ttl4/6/8/12)=0/0/0/0 of 20
t=4400  N=4409  holderDeg=3  probe(ttl4/6/8/12)=1/3/4/7 of 20
t=400  N=409  holderDeg=-1  probe(ttl4/6/8/12)=0/0/0/0 of 20
t=600  N=609  holderDeg=-1  probe(ttl4/6/8/12)=0/0/0/0 of 20
t=1800  N=1809  holderDeg=-1  probe(ttl4/6/8/12)=0/0/0/0 of 20
t=3600  N=3609  holderDeg=3  probe(ttl4/6/8/12)=0/2/6/12 of 20
t=600  N=609  holderDeg=-1  probe(ttl4/6/8/12)=0/0/0/0 of 20

 Growing has been completed
*********************************************************************

t=800  N=809  holderDeg=-1  probe(ttl4/6/8/12)=0/0/0/0 of 20
t=4400  N=4409  holderDeg=3  probe(ttl4/6/8/12)=0/2/7/8 of 20
t=4600  N=4609  holderDeg=3  probe(ttl4/6/8/12)=0/4/0/10 of 20
t=800  N=809  holderDeg=-1  probe(ttl4/6/8/12)=0/0/0/0 of 20
t=3800  N=3809  holderDeg=3  probe(ttl4/6/8/12)=0/4/6/9 of 20
t=1000  N=1009  holderDeg=-1  probe(ttl4/6/8/12)=0/0/0/0 of 20
t=2000  N=2009  holderDeg=-1  probe(ttl4/6/8/12)=0/0/0/0 of 20

================ k4  seed=6  (Pp=100 Pd=0 Pt=25000 rewire=True k=4 c=2 eps=0,02 qmax=0,05 N=10000 theta=6 crash=0 shape=0 multi=1 randrw=0 oracle=False fixedthr=0) ================
t=1000  N=1009  holderDeg=-1  probe(ttl4/6/8/12)=0/0/0/0 of 20
t=200  N=209  holderDeg=-1  probe(ttl4/6/8/12)=0/0/0/0 of 20
t=400  N=409  holderDeg=-1  probe(ttl4/6/8/12)=0/0/0/0 of 20
t=1200  N=1209  holderDeg=-1  probe(ttl4/6/8/12)=0/0/0/0 of 20
t=4600  N=4609  holderDeg=3  probe(ttl4/6/8/12)=0/1/5/12 of 20
t=2200  N=2209  holderDeg=-1  probe(ttl4/6/8/12)=0/0/0/0 of 20
t=1200  N=1209  holderDeg=-1  probe(ttl4/6/8/12)=0/0/0/0 of 20
t=4800  N=4809  holderDeg=3  probe(ttl4/6/8/12)=1/3/1/11 of 20
t=600  N=609  holderDeg=-1  probe(ttl4/6/8/12)=0/0/0/0 of 20
t=4000  N=4009  holderDeg=3  probe(ttl4/6/8/12)=0/1/7/9 of 20
t=13200  N=13209  holderDeg=69  probe(ttl4/6/8/12)=2/10/19/20 of 20
t=1400  N=1409  holderDeg=-1  probe(ttl4/6/8/12)=0/0/0/0 of 20
t=800  N=809  holderDeg=-1  probe(ttl4/6/8/12)=0/0/0/0 of 20
t=1400  N=1409  holderDeg=-1  probe(ttl4/6/8/12)=0/0/0/0 of 20
t=2400  N=2409  holderDeg=-1  probe(ttl4/6/8/12)=0/0/0/0 of 20
t=1600  N=1609  holderDeg=-1  probe(ttl4/6/8/12)=0/0/0/0 of 20
t=4800  N=4809  holderDeg=3  probe(ttl4/6/8/12)=0/0/6/14 of 20
t=1000  N=1009  holderDeg=-1  probe(ttl4/6/8/12)=0/0/0/0 of 20
t=1600  N=1609  holderDeg=-1  probe(ttl4/6/8/12)=0/0/0/0 of 20
t=1800  N=1809  holderDeg=-1  probe(ttl4/6/8/12)=0/0/0/0 of 20
t=2600  N=2609  holderDeg=-1  probe(ttl4/6/8/12)=0/0/0/0 of 20
t=4200  N=4209  holderDeg=3  probe(ttl4/6/8/12)=1/0/7/7 of 20
t=1200  N=1209  holderDeg=-1  probe(ttl4/6/8/12)=0/0/0/0 of 20
t=5000  N=5009  holderDeg=3  probe(ttl4/6/8/12)=0/2/3/5 of 20
t=2000  N=2009  holderDeg=-1  probe(ttl4/6/8/12)=0/0/0/0 of 20
t=1800  N=1809  holderDeg=-1  probe(ttl4/6/8/12)=0/0/0/0 of 20
t=1400  N=1409  holderDeg=-1  probe(ttl4/6/8/12)=0/0/0/0 of 20
t=5000  N=5009  holderDeg=3  probe(ttl4/6/8/12)=0/2/5/7 of 20
t=2800  N=2809  holderDeg=-1  probe(ttl4/6/8/12)=0/0/0/0 of 20
t=4400  N=4409  holderDeg=3  probe(ttl4/6/8/12)=0/2/4/9 of 20
t=1600  N=1609  holderDeg=-1  probe(ttl4/6/8/12)=0/0/0/0 of 20
t=2200  N=2209  holderDeg=-1  probe(ttl4/6/8/12)=0/0/0/0 of 20
t=2000  N=2009  holderDeg=-1  probe(ttl4/6/8/12)=0/0/0/0 of 20
t=5200  N=5209  holderDeg=3  probe(ttl4/6/8/12)=0/0/4/11 of 20
t=1800  N=1809  holderDeg=-1  probe(ttl4/6/8/12)=0/0/0/0 of 20
t=5200  N=5209  holderDeg=3  probe(ttl4/6/8/12)=0/2/6/10 of 20
t=2200  N=2209  holderDeg=-1  probe(ttl4/6/8/12)=0/0/0/0 of 20
t=3000  N=3009  holderDeg=3  probe(ttl4/6/8/12)=0/2/6/13 of 20
t=2400  N=2409  holderDeg=-1  probe(ttl4/6/8/12)=0/0/0/0 of 20
t=2000  N=2009  holderDeg=-1  probe(ttl4/6/8/12)=0/0/0/0 of 20
t=4600  N=4609  holderDeg=3  probe(ttl4/6/8/12)=0/0/3/5 of 20
t=2400  N=2409  holderDeg=-1  probe(ttl4/6/8/12)=0/0/0/0 of 20
t=2200  N=2209  holderDeg=-1  probe(ttl4/6/8/12)=0/0/0/0 of 20
t=5400  N=5409  holderDeg=3  probe(ttl4/6/8/12)=0/0/4/13 of 20
t=3200  N=3209  holderDeg=3  probe(ttl4/6/8/12)=1/2/1/15 of 20
t=2600  N=2609  holderDeg=-1  probe(ttl4/6/8/12)=0/0/0/0 of 20
t=5400  N=5409  holderDeg=3  probe(ttl4/6/8/12)=0/2/3/5 of 20
t=2600  N=2609  holderDeg=-1  probe(ttl4/6/8/12)=0/0/0/0 of 20
t=4800  N=4809  holderDeg=3  probe(ttl4/6/8/12)=1/1/7/5 of 20
t=2400  N=2409  holderDeg=-1  probe(ttl4/6/8/12)=0/0/0/0 of 20
t=2800  N=2809  holderDeg=-1  probe(ttl4/6/8/12)=0/0/0/0 of 20
t=3400  N=3409  holderDeg=3  probe(ttl4/6/8/12)=0/1/9/7 of 20
t=5600  N=5609  holderDeg=3  probe(ttl4/6/8/12)=0/0/5/5 of 20
t=2600  N=2609  holderDeg=-1  probe(ttl4/6/8/12)=0/0/0/0 of 20
t=3000  N=3009  holderDeg=3  probe(ttl4/6/8/12)=1/5/6/10 of 20
t=2800  N=2809  holderDeg=-1  probe(ttl4/6/8/12)=0/0/0/0 of 20
t=5000  N=5009  holderDeg=3  probe(ttl4/6/8/12)=0/3/9/6 of 20
t=3600  N=3609  holderDeg=3  probe(ttl4/6/8/12)=0/1/2/11 of 20
t=5600  N=5609  holderDeg=3  probe(ttl4/6/8/12)=0/1/5/7 of 20
t=2800  N=2809  holderDeg=-1  probe(ttl4/6/8/12)=0/0/0/0 of 20
t=3200  N=3209  holderDeg=3  probe(ttl4/6/8/12)=0/3/3/13 of 20
t=5800  N=5809  holderDeg=3  probe(ttl4/6/8/12)=0/1/7/7 of 20
t=3000  N=3009  holderDeg=3  probe(ttl4/6/8/12)=0/0/8/14 of 20
t=3800  N=3809  holderDeg=3  probe(ttl4/6/8/12)=1/2/3/6 of 20
t=5200  N=5209  holderDeg=3  probe(ttl4/6/8/12)=0/0/5/8 of 20
t=3000  N=3009  holderDeg=3  probe(ttl4/6/8/12)=0/2/6/13 of 20
t=3200  N=3209  holderDeg=3  probe(ttl4/6/8/12)=0/7/7/16 of 20
t=5800  N=5809  holderDeg=3  probe(ttl4/6/8/12)=0/1/4/12 of 20
t=3400  N=3409  holderDeg=3  probe(ttl4/6/8/12)=0/8/7/13 of 20
t=6000  N=6009  holderDeg=3  probe(ttl4/6/8/12)=0/0/4/7 of 20
t=4000  N=4009  holderDeg=3  probe(ttl4/6/8/12)=0/1/5/7 of 20
t=3400  N=3409  holderDeg=3  probe(ttl4/6/8/12)=0/2/8/17 of 20
t=3200  N=3209  holderDeg=3  probe(ttl4/6/8/12)=1/2/9/8 of 20
t=5400  N=5409  holderDeg=3  probe(ttl4/6/8/12)=1/3/7/9 of 20
t=3600  N=3609  holderDeg=3  probe(ttl4/6/8/12)=3/0/7/10 of 20
t=4200  N=4209  holderDeg=3  probe(ttl4/6/8/12)=0/1/4/8 of 20
t=6200  N=6209  holderDeg=3  probe(ttl4/6/8/12)=1/1/2/6 of 20
t=3600  N=3609  holderDeg=3  probe(ttl4/6/8/12)=1/2/6/15 of 20
t=3800  N=3809  holderDeg=3  probe(ttl4/6/8/12)=0/1/5/16 of 20
t=5600  N=5609  holderDeg=3  probe(ttl4/6/8/12)=0/2/3/4 of 20
t=3400  N=3409  holderDeg=3  probe(ttl4/6/8/12)=2/4/7/15 of 20
t=6000  N=6009  holderDeg=3  probe(ttl4/6/8/12)=0/1/7/7 of 20
t=4400  N=4409  holderDeg=3  probe(ttl4/6/8/12)=0/0/4/10 of 20
t=3800  N=3809  holderDeg=3  probe(ttl4/6/8/12)=0/6/6/11 of 20
t=4000  N=4009  holderDeg=3  probe(ttl4/6/8/12)=1/4/7/10 of 20
t=5800  N=5809  holderDeg=3  probe(ttl4/6/8/12)=0/1/4/4 of 20
t=3600  N=3609  holderDeg=3  probe(ttl4/6/8/12)=0/1/4/4 of 20
t=6400  N=6409  holderDeg=3  probe(ttl4/6/8/12)=0/1/4/7 of 20
t=4600  N=4609  holderDeg=3  probe(ttl4/6/8/12)=0/4/4/7 of 20
t=6200  N=6209  holderDeg=3  probe(ttl4/6/8/12)=0/2/6/10 of 20
t=4000  N=4009  holderDeg=3  probe(ttl4/6/8/12)=0/0/7/9 of 20
t=4200  N=4209  holderDeg=3  probe(ttl4/6/8/12)=0/1/5/12 of 20
t=3800  N=3809  holderDeg=3  probe(ttl4/6/8/12)=0/0/3/8 of 20
t=13400  N=13409  holderDeg=71  probe(ttl4/6/8/12)=3/9/20/20 of 20
t=4000  N=4009  holderDeg=3  probe(ttl4/6/8/12)=0/1/5/10 of 20
t=4200  N=4209  holderDeg=3  probe(ttl4/6/8/12)=0/3/4/15 of 20
t=4400  N=4409  holderDeg=3  probe(ttl4/6/8/12)=0/2/6/14 of 20
t=4800  N=4809  holderDeg=3  probe(ttl4/6/8/12)=1/3/4/6 of 20
t=6600  N=6609  holderDeg=3  probe(ttl4/6/8/12)=0/1/2/8 of 20
t=4200  N=4209  holderDeg=3  probe(ttl4/6/8/12)=0/3/5/11 of 20
t=6400  N=6409  holderDeg=3  probe(ttl4/6/8/12)=0/4/3/11 of 20
t=5000  N=5009  holderDeg=3  probe(ttl4/6/8/12)=0/1/3/5 of 20
t=4600  N=4609  holderDeg=3  probe(ttl4/6/8/12)=1/0/6/11 of 20
t=4400  N=4409  holderDeg=3  probe(ttl4/6/8/12)=0/1/7/11 of 20
t=4400  N=4409  holderDeg=3  probe(ttl4/6/8/12)=0/0/1/8 of 20
t=6000  N=6009  holderDeg=3  probe(ttl4/6/8/12)=0/4/2/8 of 20
t=6800  N=6809  holderDeg=3  probe(ttl4/6/8/12)=0/2/8/12 of 20
t=4600  N=4609  holderDeg=3  probe(ttl4/6/8/12)=1/1/9/7 of 20
t=4800  N=4809  holderDeg=3  probe(ttl4/6/8/12)=0/3/8/15 of 20
t=5200  N=5209  holderDeg=4  probe(ttl4/6/8/12)=0/1/1/6 of 20
t=4600  N=4609  holderDeg=3  probe(ttl4/6/8/12)=0/3/3/9 of 20
t=6200  N=6209  holderDeg=3  probe(ttl4/6/8/12)=2/2/2/8 of 20
t=4800  N=4809  holderDeg=3  probe(ttl4/6/8/12)=0/1/2/7 of 20
t=7000  N=7009  holderDeg=3  probe(ttl4/6/8/12)=0/0/2/12 of 20
t=4800  N=4809  holderDeg=3  probe(ttl4/6/8/12)=0/2/4/9 of 20
t=5000  N=5009  holderDeg=3  probe(ttl4/6/8/12)=1/1/5/12 of 20
t=5400  N=5409  holderDeg=4  probe(ttl4/6/8/12)=1/1/3/2 of 20
t=6600  N=6609  holderDeg=3  probe(ttl4/6/8/12)=0/0/5/7 of 20
t=5000  N=5009  holderDeg=3  probe(ttl4/6/8/12)=0/1/5/6 of 20
t=6400  N=6409  holderDeg=3  probe(ttl4/6/8/12)=0/0/2/7 of 20
t=5000  N=5009  holderDeg=3  probe(ttl4/6/8/12)=0/2/4/14 of 20
t=13600  N=13609  holderDeg=73  probe(ttl4/6/8/12)=0/6/17/20 of 20
t=5200  N=5209  holderDeg=3  probe(ttl4/6/8/12)=0/1/4/9 of 20
t=5200  N=5209  holderDeg=3  probe(ttl4/6/8/12)=0/2/7/5 of 20
t=6600  N=6609  holderDeg=3  probe(ttl4/6/8/12)=2/1/2/3 of 20
t=5600  N=5609  holderDeg=4  probe(ttl4/6/8/12)=0/0/5/7 of 20
t=5200  N=5209  holderDeg=3  probe(ttl4/6/8/12)=0/5/6/9 of 20
t=5400  N=5409  holderDeg=3  probe(ttl4/6/8/12)=0/0/8/8 of 20
t=6800  N=6809  holderDeg=3  probe(ttl4/6/8/12)=0/0/5/8 of 20
t=5400  N=5409  holderDeg=3  probe(ttl4/6/8/12)=0/1/3/6 of 20
t=7200  N=7209  holderDeg=3  probe(ttl4/6/8/12)=0/0/2/11 of 20
t=5600  N=5609  holderDeg=3  probe(ttl4/6/8/12)=2/1/6/13 of 20
t=5400  N=5409  holderDeg=3  probe(ttl4/6/8/12)=1/5/5/7 of 20
t=5800  N=5809  holderDeg=4  probe(ttl4/6/8/12)=0/1/6/7 of 20
t=6800  N=6809  holderDeg=3  probe(ttl4/6/8/12)=0/0/3/3 of 20
t=7000  N=7009  holderDeg=3  probe(ttl4/6/8/12)=0/2/5/6 of 20
t=5600  N=5609  holderDeg=3  probe(ttl4/6/8/12)=1/4/7/8 of 20
t=5600  N=5609  holderDeg=3  probe(ttl4/6/8/12)=0/2/6/7 of 20
t=7000  N=7009  holderDeg=3  probe(ttl4/6/8/12)=0/1/1/5 of 20
t=6000  N=6009  holderDeg=4  probe(ttl4/6/8/12)=0/3/6/8 of 20
t=7400  N=7409  holderDeg=3  probe(ttl4/6/8/12)=0/0/6/10 of 20
t=5800  N=5809  holderDeg=3  probe(ttl4/6/8/12)=0/2/6/12 of 20
t=7200  N=7209  holderDeg=3  probe(ttl4/6/8/12)=0/1/3/8 of 20
t=5800  N=5809  holderDeg=3  probe(ttl4/6/8/12)=0/0/6/8 of 20
t=13800  N=13809  holderDeg=75  probe(ttl4/6/8/12)=4/12/20/20 of 20
t=5800  N=5809  holderDeg=5  probe(ttl4/6/8/12)=1/3/7/9 of 20
t=6200  N=6209  holderDeg=4  probe(ttl4/6/8/12)=0/2/5/7 of 20
t=6000  N=6009  holderDeg=5  probe(ttl4/6/8/12)=0/4/7/14 of 20
t=6000  N=6009  holderDeg=3  probe(ttl4/6/8/12)=0/1/8/8 of 20
t=7200  N=7209  holderDeg=3  probe(ttl4/6/8/12)=0/0/6/1 of 20
t=7400  N=7409  holderDeg=3  probe(ttl4/6/8/12)=0/0/4/11 of 20
t=7600  N=7609  holderDeg=5  probe(ttl4/6/8/12)=1/2/5/16 of 20
t=6400  N=6409  holderDeg=4  probe(ttl4/6/8/12)=1/0/4/6 of 20
t=6200  N=6209  holderDeg=7  probe(ttl4/6/8/12)=0/2/9/18 of 20
t=6200  N=6209  holderDeg=3  probe(ttl4/6/8/12)=0/0/3/11 of 20
t=6000  N=6009  holderDeg=7  probe(ttl4/6/8/12)=0/4/4/12 of 20
t=7400  N=7409  holderDeg=3  probe(ttl4/6/8/12)=0/1/1/6 of 20
t=7800  N=7809  holderDeg=7  probe(ttl4/6/8/12)=0/2/6/16 of 20
t=6600  N=6609  holderDeg=4  probe(ttl4/6/8/12)=0/0/1/2 of 20
t=7600  N=7609  holderDeg=3  probe(ttl4/6/8/12)=0/1/2/6 of 20
t=6200  N=6209  holderDeg=9  probe(ttl4/6/8/12)=0/4/8/20 of 20
t=7600  N=7609  holderDeg=3  probe(ttl4/6/8/12)=1/0/1/4 of 20
t=6400  N=6409  holderDeg=3  probe(ttl4/6/8/12)=1/1/9/9 of 20
t=14000  N=14009  holderDeg=77  probe(ttl4/6/8/12)=1/10/20/20 of 20
t=6400  N=6409  holderDeg=9  probe(ttl4/6/8/12)=1/3/10/15 of 20
t=6800  N=6809  holderDeg=4  probe(ttl4/6/8/12)=0/1/0/5 of 20
t=8000  N=8009  holderDeg=9  probe(ttl4/6/8/12)=1/2/11/17 of 20
t=6400  N=6409  holderDeg=11  probe(ttl4/6/8/12)=0/0/10/20 of 20
t=7800  N=7809  holderDeg=3  probe(ttl4/6/8/12)=0/1/6/6 of 20
t=6600  N=6609  holderDeg=3  probe(ttl4/6/8/12)=0/2/3/11 of 20
t=7800  N=7809  holderDeg=3  probe(ttl4/6/8/12)=0/3/2/5 of 20
t=7000  N=7009  holderDeg=4  probe(ttl4/6/8/12)=1/0/3/1 of 20
t=6600  N=6609  holderDeg=11  probe(ttl4/6/8/12)=0/4/9/18 of 20
t=6600  N=6609  holderDeg=13  probe(ttl4/6/8/12)=0/6/8/19 of 20
t=8200  N=8209  holderDeg=11  probe(ttl4/6/8/12)=0/4/10/19 of 20
t=6800  N=6809  holderDeg=5  probe(ttl4/6/8/12)=0/2/8/15 of 20
t=8000  N=8009  holderDeg=3  probe(ttl4/6/8/12)=0/2/4/7 of 20
t=6800  N=6809  holderDeg=13  probe(ttl4/6/8/12)=1/6/10/18 of 20
t=8000  N=8009  holderDeg=3  probe(ttl4/6/8/12)=0/0/4/3 of 20
t=7200  N=7209  holderDeg=4  probe(ttl4/6/8/12)=0/1/5/5 of 20
t=6800  N=6809  holderDeg=15  probe(ttl4/6/8/12)=1/4/17/20 of 20
t=8400  N=8409  holderDeg=13  probe(ttl4/6/8/12)=1/6/10/20 of 20
t=14200  N=14209  holderDeg=81  probe(ttl4/6/8/12)=0/9/20/20 of 20
t=8200  N=8209  holderDeg=3  probe(ttl4/6/8/12)=0/1/4/5 of 20
t=7000  N=7009  holderDeg=7  probe(ttl4/6/8/12)=0/5/10/16 of 20
t=8200  N=8209  holderDeg=3  probe(ttl4/6/8/12)=0/0/1/9 of 20
t=7000  N=7009  holderDeg=17  probe(ttl4/6/8/12)=0/1/17/19 of 20
t=7400  N=7409  holderDeg=4  probe(ttl4/6/8/12)=0/1/6/5 of 20

 Growing has been completed
*********************************************************************


================ c1  seed=6  (Pp=100 Pd=0 Pt=25000 rewire=True k=5 c=1 eps=0,02 qmax=0,05 N=10000 theta=6 crash=0 shape=0 multi=1 randrw=0 oracle=False fixedthr=0) ================
t=8600  N=8609  holderDeg=15  probe(ttl4/6/8/12)=1/2/13/20 of 20
t=200  N=209  holderDeg=-1  probe(ttl4/6/8/12)=0/0/0/0 of 20
t=7000  N=7009  holderDeg=15  probe(ttl4/6/8/12)=2/5/18/19 of 20
t=400  N=409  holderDeg=-1  probe(ttl4/6/8/12)=0/0/0/0 of 20
t=600  N=609  holderDeg=-1  probe(ttl4/6/8/12)=0/0/0/0 of 20
t=8400  N=8409  holderDeg=3  probe(ttl4/6/8/12)=0/0/2/1 of 20
t=800  N=809  holderDeg=-1  probe(ttl4/6/8/12)=0/0/0/0 of 20
t=7200  N=7209  holderDeg=9  probe(ttl4/6/8/12)=0/5/10/18 of 20
t=1000  N=1009  holderDeg=-1  probe(ttl4/6/8/12)=0/0/0/0 of 20
t=7600  N=7609  holderDeg=4  probe(ttl4/6/8/12)=0/1/4/3 of 20
t=7200  N=7209  holderDeg=19  probe(ttl4/6/8/12)=0/8/13/19 of 20
t=7200  N=7209  holderDeg=17  probe(ttl4/6/8/12)=1/7/13/19 of 20
t=1200  N=1209  holderDeg=-1  probe(ttl4/6/8/12)=0/0/0/0 of 20
t=1400  N=1409  holderDeg=-1  probe(ttl4/6/8/12)=0/0/0/0 of 20
t=7400  N=7409  holderDeg=11  probe(ttl4/6/8/12)=3/1/14/20 of 20
t=8400  N=8409  holderDeg=3  probe(ttl4/6/8/12)=0/2/6/6 of 20
t=8800  N=8809  holderDeg=17  probe(ttl4/6/8/12)=0/7/14/20 of 20
t=1600  N=1609  holderDeg=-1  probe(ttl4/6/8/12)=0/0/0/0 of 20
t=8600  N=8609  holderDeg=3  probe(ttl4/6/8/12)=0/1/4/5 of 20
t=1800  N=1809  holderDeg=-1  probe(ttl4/6/8/12)=0/0/0/0 of 20
t=7400  N=7409  holderDeg=19  probe(ttl4/6/8/12)=0/3/20/19 of 20
t=7800  N=7809  holderDeg=4  probe(ttl4/6/8/12)=0/0/5/4 of 20
t=2000  N=2009  holderDeg=-1  probe(ttl4/6/8/12)=0/0/0/0 of 20
t=7600  N=7609  holderDeg=13  probe(ttl4/6/8/12)=0/3/7/18 of 20
t=7400  N=7409  holderDeg=19  probe(ttl4/6/8/12)=1/5/15/19 of 20
t=8800  N=8809  holderDeg=3  probe(ttl4/6/8/12)=0/4/4/4 of 20
t=8600  N=8609  holderDeg=3  probe(ttl4/6/8/12)=0/2/6/5 of 20
t=2200  N=2209  holderDeg=-1  probe(ttl4/6/8/12)=0/0/0/0 of 20
t=2400  N=2409  holderDeg=-1  probe(ttl4/6/8/12)=0/0/0/0 of 20
t=8000  N=8009  holderDeg=4  probe(ttl4/6/8/12)=0/0/2/4 of 20
t=9000  N=9009  holderDeg=19  probe(ttl4/6/8/12)=1/5/14/20 of 20
t=7600  N=7609  holderDeg=19  probe(ttl4/6/8/12)=0/9/13/20 of 20
t=2600  N=2609  holderDeg=-1  probe(ttl4/6/8/12)=0/0/0/0 of 20
t=7800  N=7809  holderDeg=15  probe(ttl4/6/8/12)=0/4/15/19 of 20
t=7600  N=7609  holderDeg=21  probe(ttl4/6/8/12)=1/5/15/20 of 20
t=2800  N=2809  holderDeg=-1  probe(ttl4/6/8/12)=0/0/0/0 of 20
t=8800  N=8809  holderDeg=3  probe(ttl4/6/8/12)=1/1/4/6 of 20
t=3000  N=3009  holderDeg=3  probe(ttl4/6/8/12)=0/2/7/11 of 20
t=8200  N=8209  holderDeg=4  probe(ttl4/6/8/12)=0/0/3/3 of 20
t=7800  N=7809  holderDeg=19  probe(ttl4/6/8/12)=0/5/16/20 of 20
t=8000  N=8009  holderDeg=17  probe(ttl4/6/8/12)=1/6/15/18 of 20
t=9000  N=9009  holderDeg=3  probe(ttl4/6/8/12)=0/0/2/1 of 20
t=3200  N=3209  holderDeg=3  probe(ttl4/6/8/12)=0/2/1/11 of 20
t=7800  N=7809  holderDeg=23  probe(ttl4/6/8/12)=1/4/16/20 of 20
t=3400  N=3409  holderDeg=3  probe(ttl4/6/8/12)=0/2/1/10 of 20
t=9200  N=9209  holderDeg=20  probe(ttl4/6/8/12)=1/4/16/20 of 20
t=8000  N=8009  holderDeg=19  probe(ttl4/6/8/12)=1/3/16/20 of 20
t=3600  N=3609  holderDeg=3  probe(ttl4/6/8/12)=0/0/2/13 of 20
t=9000  N=9009  holderDeg=3  probe(ttl4/6/8/12)=0/1/5/5 of 20
t=8200  N=8209  holderDeg=19  probe(ttl4/6/8/12)=0/8/15/19 of 20
t=8400  N=8409  holderDeg=4  probe(ttl4/6/8/12)=0/0/3/7 of 20
t=8000  N=8009  holderDeg=25  probe(ttl4/6/8/12)=1/5/16/20 of 20
t=9200  N=9209  holderDeg=3  probe(ttl4/6/8/12)=0/1/3/5 of 20
t=3800  N=3809  holderDeg=3  probe(ttl4/6/8/12)=0/6/8/11 of 20
t=9400  N=9409  holderDeg=23  probe(ttl4/6/8/12)=1/3/14/20 of 20
t=8200  N=8209  holderDeg=19  probe(ttl4/6/8/12)=2/4/13/20 of 20
t=4000  N=4009  holderDeg=3  probe(ttl4/6/8/12)=0/1/4/10 of 20
t=8200  N=8209  holderDeg=27  probe(ttl4/6/8/12)=0/6/17/20 of 20
t=8400  N=8409  holderDeg=21  probe(ttl4/6/8/12)=0/6/13/20 of 20
t=8600  N=8609  holderDeg=4  probe(ttl4/6/8/12)=0/1/3/2 of 20
t=9200  N=9209  holderDeg=3  probe(ttl4/6/8/12)=0/0/1/9 of 20
t=4200  N=4209  holderDeg=3  probe(ttl4/6/8/12)=0/2/2/13 of 20
t=9600  N=9609  holderDeg=25  probe(ttl4/6/8/12)=2/5/16/20 of 20
t=8400  N=8409  holderDeg=21  probe(ttl4/6/8/12)=1/8/12/20 of 20
t=8400  N=8409  holderDeg=29  probe(ttl4/6/8/12)=0/11/16/20 of 20
t=8800  N=8809  holderDeg=4  probe(ttl4/6/8/12)=0/3/1/4 of 20
t=8600  N=8609  holderDeg=23  probe(ttl4/6/8/12)=2/6/14/20 of 20
t=4400  N=4409  holderDeg=3  probe(ttl4/6/8/12)=0/2/6/12 of 20
t=9400  N=9409  holderDeg=3  probe(ttl4/6/8/12)=0/1/2/8 of 20
t=9400  N=9409  holderDeg=3  probe(ttl4/6/8/12)=0/3/4/4 of 20
t=4600  N=4609  holderDeg=3  probe(ttl4/6/8/12)=0/1/4/8 of 20
t=8600  N=8609  holderDeg=23  probe(ttl4/6/8/12)=3/4/17/20 of 20
t=8600  N=8609  holderDeg=31  probe(ttl4/6/8/12)=2/7/16/20 of 20
t=9800  N=9809  holderDeg=27  probe(ttl4/6/8/12)=0/3/15/20 of 20
t=8800  N=8809  holderDeg=25  probe(ttl4/6/8/12)=1/4/10/20 of 20
t=9000  N=9009  holderDeg=4  probe(ttl4/6/8/12)=0/0/4/8 of 20
t=4800  N=4809  holderDeg=3  probe(ttl4/6/8/12)=0/1/4/10 of 20
t=9600  N=9609  holderDeg=3  probe(ttl4/6/8/12)=0/2/2/5 of 20
t=8800  N=8809  holderDeg=33  probe(ttl4/6/8/12)=1/8/18/20 of 20
t=9600  N=9609  holderDeg=3  probe(ttl4/6/8/12)=1/0/3/6 of 20
t=9000  N=9009  holderDeg=27  probe(ttl4/6/8/12)=1/5/15/19 of 20
t=5000  N=5009  holderDeg=3  probe(ttl4/6/8/12)=0/1/6/8 of 20
t=10000  N=10009  holderDeg=29  probe(ttl4/6/8/12)=1/7/19/20 of 20
t=9200  N=9209  holderDeg=4  probe(ttl4/6/8/12)=0/0/2/8 of 20
t=8800  N=8809  holderDeg=25  probe(ttl4/6/8/12)=0/6/20/20 of 20
t=9800  N=9809  holderDeg=3  probe(ttl4/6/8/12)=0/0/4/4 of 20
t=9000  N=9009  holderDeg=35  probe(ttl4/6/8/12)=0/7/17/20 of 20
t=5200  N=5209  holderDeg=3  probe(ttl4/6/8/12)=0/3/4/10 of 20
t=9200  N=9209  holderDeg=29  probe(ttl4/6/8/12)=3/4/14/19 of 20
t=9800  N=9809  holderDeg=3  probe(ttl4/6/8/12)=0/0/0/4 of 20
t=5400  N=5409  holderDeg=3  probe(ttl4/6/8/12)=0/2/9/8 of 20
t=9000  N=9009  holderDeg=27  probe(ttl4/6/8/12)=2/5/16/20 of 20
t=10200  N=10209  holderDeg=31  probe(ttl4/6/8/12)=0/9/19/20 of 20
t=9400  N=9409  holderDeg=4  probe(ttl4/6/8/12)=0/1/3/5 of 20
t=5600  N=5609  holderDeg=3  probe(ttl4/6/8/12)=0/1/7/6 of 20
t=9200  N=9209  holderDeg=37  probe(ttl4/6/8/12)=0/10/20/20 of 20
t=9400  N=9409  holderDeg=31  probe(ttl4/6/8/12)=1/4/17/20 of 20
t=5800  N=5809  holderDeg=3  probe(ttl4/6/8/12)=0/1/6/8 of 20
t=9200  N=9209  holderDeg=30  probe(ttl4/6/8/12)=1/5/17/20 of 20
t=10000  N=10009  holderDeg=3  probe(ttl4/6/8/12)=0/0/4/2 of 20
t=10400  N=10409  holderDeg=33  probe(ttl4/6/8/12)=1/9/19/20 of 20
t=9600  N=9609  holderDeg=4  probe(ttl4/6/8/12)=0/0/6/6 of 20
t=10000  N=10009  holderDeg=3  probe(ttl4/6/8/12)=0/0/5/5 of 20
t=9400  N=9409  holderDeg=39  probe(ttl4/6/8/12)=1/6/18/20 of 20
t=9600  N=9609  holderDeg=34  probe(ttl4/6/8/12)=0/4/16/18 of 20
t=6000  N=6009  holderDeg=5  probe(ttl4/6/8/12)=0/2/6/14 of 20
t=9400  N=9409  holderDeg=33  probe(ttl4/6/8/12)=0/7/18/20 of 20
t=10200  N=10209  holderDeg=3  probe(ttl4/6/8/12)=0/0/2/5 of 20
t=6200  N=6209  holderDeg=7  probe(ttl4/6/8/12)=0/4/13/14 of 20
t=9600  N=9609  holderDeg=41  probe(ttl4/6/8/12)=3/8/18/20 of 20
t=10200  N=10209  holderDeg=3  probe(ttl4/6/8/12)=0/3/0/4 of 20
t=9800  N=9809  holderDeg=4  probe(ttl4/6/8/12)=0/1/6/7 of 20
t=9600  N=9609  holderDeg=35  probe(ttl4/6/8/12)=1/10/19/20 of 20
t=10600  N=10609  holderDeg=35  probe(ttl4/6/8/12)=3/5/19/20 of 20
t=6400  N=6409  holderDeg=9  probe(ttl4/6/8/12)=0/2/9/18 of 20
t=9800  N=9809  holderDeg=36  probe(ttl4/6/8/12)=0/5/18/19 of 20
t=10400  N=10409  holderDeg=5  probe(ttl4/6/8/12)=2/0/4/12 of 20
t=6600  N=6609  holderDeg=11  probe(ttl4/6/8/12)=1/3/9/18 of 20
t=9800  N=9809  holderDeg=43  probe(ttl4/6/8/12)=2/9/19/20 of 20
t=10400  N=10409  holderDeg=3  probe(ttl4/6/8/12)=0/1/4/9 of 20
t=9800  N=9809  holderDeg=37  probe(ttl4/6/8/12)=2/5/17/20 of 20
t=10000  N=10009  holderDeg=4  probe(ttl4/6/8/12)=1/3/3/9 of 20
t=10800  N=10809  holderDeg=38  probe(ttl4/6/8/12)=1/7/17/20 of 20
t=10000  N=10009  holderDeg=38  probe(ttl4/6/8/12)=0/9/16/20 of 20
t=6800  N=6809  holderDeg=13  probe(ttl4/6/8/12)=1/4/9/20 of 20
t=10600  N=10609  holderDeg=7  probe(ttl4/6/8/12)=0/3/5/16 of 20
t=10000  N=10009  holderDeg=45  probe(ttl4/6/8/12)=1/7/17/20 of 20
t=7000  N=7009  holderDeg=15  probe(ttl4/6/8/12)=0/6/13/20 of 20
t=11000  N=11009  holderDeg=40  probe(ttl4/6/8/12)=2/8/17/20 of 20
t=10600  N=10609  holderDeg=3  probe(ttl4/6/8/12)=1/1/2/7 of 20
t=10200  N=10209  holderDeg=40  probe(ttl4/6/8/12)=3/8/18/20 of 20
t=10200  N=10209  holderDeg=4  probe(ttl4/6/8/12)=0/2/2/11 of 20
t=7200  N=7209  holderDeg=17  probe(ttl4/6/8/12)=0/3/14/20 of 20
t=10000  N=10009  holderDeg=39  probe(ttl4/6/8/12)=2/8/17/20 of 20
t=10800  N=10809  holderDeg=10  probe(ttl4/6/8/12)=1/6/8/18 of 20
t=11200  N=11209  holderDeg=43  probe(ttl4/6/8/12)=1/6/19/20 of 20
t=7400  N=7409  holderDeg=20  probe(ttl4/6/8/12)=2/8/18/20 of 20
t=10800  N=10809  holderDeg=3  probe(ttl4/6/8/12)=0/2/6/6 of 20
t=10200  N=10209  holderDeg=47  probe(ttl4/6/8/12)=1/10/20/20 of 20
t=10400  N=10409  holderDeg=4  probe(ttl4/6/8/12)=0/0/3/7 of 20
t=10400  N=10409  holderDeg=42  probe(ttl4/6/8/12)=2/8/19/20 of 20
t=10200  N=10209  holderDeg=43  probe(ttl4/6/8/12)=0/8/20/20 of 20
t=7600  N=7609  holderDeg=22  probe(ttl4/6/8/12)=0/7/19/20 of 20
t=11000  N=11009  holderDeg=12  probe(ttl4/6/8/12)=2/2/12/19 of 20
t=10400  N=10409  holderDeg=49  probe(ttl4/6/8/12)=1/11/18/20 of 20
t=11400  N=11409  holderDeg=45  probe(ttl4/6/8/12)=1/10/18/20 of 20
t=11000  N=11009  holderDeg=3  probe(ttl4/6/8/12)=0/1/5/6 of 20
t=10400  N=10409  holderDeg=45  probe(ttl4/6/8/12)=4/8/19/20 of 20
t=7800  N=7809  holderDeg=24  probe(ttl4/6/8/12)=0/10/17/20 of 20
t=10600  N=10609  holderDeg=4  probe(ttl4/6/8/12)=1/1/3/4 of 20
t=10600  N=10609  holderDeg=44  probe(ttl4/6/8/12)=1/7/16/20 of 20
t=11200  N=11209  holderDeg=14  probe(ttl4/6/8/12)=0/7/8/16 of 20
t=10600  N=10609  holderDeg=51  probe(ttl4/6/8/12)=5/6/20/20 of 20
t=11600  N=11609  holderDeg=47  probe(ttl4/6/8/12)=2/10/18/20 of 20
t=10600  N=10609  holderDeg=47  probe(ttl4/6/8/12)=3/9/20/20 of 20
t=11200  N=11209  holderDeg=3  probe(ttl4/6/8/12)=0/0/3/4 of 20
t=8000  N=8009  holderDeg=26  probe(ttl4/6/8/12)=0/9/16/20 of 20
t=10800  N=10809  holderDeg=53  probe(ttl4/6/8/12)=1/9/20/20 of 20
t=11400  N=11409  holderDeg=16  probe(ttl4/6/8/12)=0/3/11/18 of 20
t=10800  N=10809  holderDeg=4  probe(ttl4/6/8/12)=0/3/5/11 of 20
t=10800  N=10809  holderDeg=49  probe(ttl4/6/8/12)=3/10/20/20 of 20
t=11800  N=11809  holderDeg=49  probe(ttl4/6/8/12)=1/8/19/20 of 20
t=8200  N=8209  holderDeg=28  probe(ttl4/6/8/12)=1/5/18/20 of 20
t=11400  N=11409  holderDeg=3  probe(ttl4/6/8/12)=0/3/3/5 of 20
t=10800  N=10809  holderDeg=46  probe(ttl4/6/8/12)=0/5/15/20 of 20
t=11000  N=11009  holderDeg=4  probe(ttl4/6/8/12)=1/4/3/5 of 20
t=11000  N=11009  holderDeg=55  probe(ttl4/6/8/12)=1/10/19/20 of 20
t=11000  N=11009  holderDeg=51  probe(ttl4/6/8/12)=3/6/20/20 of 20
t=11600  N=11609  holderDeg=19  probe(ttl4/6/8/12)=0/4/14/17 of 20
t=8400  N=8409  holderDeg=30  probe(ttl4/6/8/12)=1/7/17/20 of 20
t=12000  N=12009  holderDeg=51  probe(ttl4/6/8/12)=3/6/20/20 of 20
t=11600  N=11609  holderDeg=3  probe(ttl4/6/8/12)=0/0/2/4 of 20
t=11200  N=11209  holderDeg=4  probe(ttl4/6/8/12)=0/2/3/7 of 20
t=11000  N=11009  holderDeg=48  probe(ttl4/6/8/12)=1/6/17/20 of 20
t=11200  N=11209  holderDeg=53  probe(ttl4/6/8/12)=2/7/19/20 of 20
t=11200  N=11209  holderDeg=57  probe(ttl4/6/8/12)=2/10/18/20 of 20
t=11800  N=11809  holderDeg=21  probe(ttl4/6/8/12)=1/1/11/17 of 20
t=11800  N=11809  holderDeg=3  probe(ttl4/6/8/12)=0/1/1/2 of 20
t=11400  N=11409  holderDeg=4  probe(ttl4/6/8/12)=1/0/3/7 of 20
t=11400  N=11409  holderDeg=59  probe(ttl4/6/8/12)=0/11/19/20 of 20
t=12200  N=12209  holderDeg=53  probe(ttl4/6/8/12)=2/8/19/20 of 20
t=8600  N=8609  holderDeg=31  probe(ttl4/6/8/12)=1/7/17/20 of 20
t=12000  N=12009  holderDeg=24  probe(ttl4/6/8/12)=2/2/12/20 of 20
t=11400  N=11409  holderDeg=53  probe(ttl4/6/8/12)=1/9/19/20 of 20
t=11600  N=11609  holderDeg=61  probe(ttl4/6/8/12)=4/10/19/20 of 20
t=11600  N=11609  holderDeg=4  probe(ttl4/6/8/12)=1/0/3/7 of 20
t=12400  N=12409  holderDeg=55  probe(ttl4/6/8/12)=0/7/19/20 of 20
t=12000  N=12009  holderDeg=3  probe(ttl4/6/8/12)=0/1/2/2 of 20
t=11200  N=11209  holderDeg=50  probe(ttl4/6/8/12)=1/6/14/19 of 20
t=8800  N=8809  holderDeg=33  probe(ttl4/6/8/12)=1/11/18/20 of 20
t=11800  N=11809  holderDeg=63  probe(ttl4/6/8/12)=3/10/19/20 of 20
t=11800  N=11809  holderDeg=4  probe(ttl4/6/8/12)=0/1/2/12 of 20
t=9000  N=9009  holderDeg=35  probe(ttl4/6/8/12)=1/8/17/20 of 20
t=12200  N=12209  holderDeg=24  probe(ttl4/6/8/12)=1/4/16/19 of 20
t=11400  N=11409  holderDeg=53  probe(ttl4/6/8/12)=4/11/19/19 of 20
t=12600  N=12609  holderDeg=57  probe(ttl4/6/8/12)=2/13/17/20 of 20
t=11600  N=11609  holderDeg=53  probe(ttl4/6/8/12)=1/7/19/20 of 20
t=12200  N=12209  holderDeg=3  probe(ttl4/6/8/12)=0/0/1/11 of 20
t=12000  N=12009  holderDeg=65  probe(ttl4/6/8/12)=1/9/15/20 of 20
t=12400  N=12409  holderDeg=24  probe(ttl4/6/8/12)=2/3/16/20 of 20
t=12000  N=12009  holderDeg=4  probe(ttl4/6/8/12)=0/0/0/4 of 20
t=11800  N=11809  holderDeg=53  probe(ttl4/6/8/12)=4/4/18/20 of 20
t=9200  N=9209  holderDeg=37  probe(ttl4/6/8/12)=2/10/18/20 of 20
t=11600  N=11609  holderDeg=55  probe(ttl4/6/8/12)=2/11/18/20 of 20
t=12200  N=12209  holderDeg=67  probe(ttl4/6/8/12)=1/9/19/20 of 20
t=12400  N=12409  holderDeg=3  probe(ttl4/6/8/12)=1/0/1/7 of 20
t=12600  N=12609  holderDeg=24  probe(ttl4/6/8/12)=1/3/11/19 of 20
t=12800  N=12809  holderDeg=59  probe(ttl4/6/8/12)=1/11/19/20 of 20
t=9400  N=9409  holderDeg=41  probe(ttl4/6/8/12)=2/10/17/20 of 20
t=12000  N=12009  holderDeg=53  probe(ttl4/6/8/12)=0/7/20/20 of 20
t=12200  N=12209  holderDeg=4  probe(ttl4/6/8/12)=0/0/2/4 of 20
t=12400  N=12409  holderDeg=70  probe(ttl4/6/8/12)=2/13/17/20 of 20
t=11800  N=11809  holderDeg=57  probe(ttl4/6/8/12)=3/6/17/20 of 20
t=9600  N=9609  holderDeg=43  probe(ttl4/6/8/12)=3/8/18/20 of 20
t=12600  N=12609  holderDeg=3  probe(ttl4/6/8/12)=0/2/4/6 of 20
t=13000  N=13009  holderDeg=61  probe(ttl4/6/8/12)=3/8/20/20 of 20
t=12200  N=12209  holderDeg=53  probe(ttl4/6/8/12)=3/7/20/20 of 20
t=12800  N=12809  holderDeg=24  probe(ttl4/6/8/12)=1/2/15/20 of 20
t=12400  N=12409  holderDeg=4  probe(ttl4/6/8/12)=0/0/3/6 of 20
t=9800  N=9809  holderDeg=45  probe(ttl4/6/8/12)=0/6/20/20 of 20
t=12600  N=12609  holderDeg=72  probe(ttl4/6/8/12)=2/11/19/20 of 20
t=12000  N=12009  holderDeg=59  probe(ttl4/6/8/12)=0/11/19/20 of 20
t=12800  N=12809  holderDeg=3  probe(ttl4/6/8/12)=1/1/3/2 of 20
t=13000  N=13009  holderDeg=24  probe(ttl4/6/8/12)=0/6/11/20 of 20
t=13200  N=13209  holderDeg=63  probe(ttl4/6/8/12)=1/8/19/20 of 20
t=12400  N=12409  holderDeg=53  probe(ttl4/6/8/12)=1/10/18/20 of 20
t=12200  N=12209  holderDeg=61  probe(ttl4/6/8/12)=2/7/20/20 of 20
t=12800  N=12809  holderDeg=74  probe(ttl4/6/8/12)=2/10/20/20 of 20
t=10000  N=10009  holderDeg=47  probe(ttl4/6/8/12)=0/9/17/20 of 20
t=13000  N=13009  holderDeg=3  probe(ttl4/6/8/12)=0/1/2/8 of 20
t=13200  N=13209  holderDeg=24  probe(ttl4/6/8/12)=0/4/11/20 of 20
t=12600  N=12609  holderDeg=53  probe(ttl4/6/8/12)=1/8/17/20 of 20
t=13400  N=13409  holderDeg=65  probe(ttl4/6/8/12)=4/12/19/20 of 20
t=13000  N=13009  holderDeg=76  probe(ttl4/6/8/12)=0/11/19/20 of 20
t=10200  N=10209  holderDeg=49  probe(ttl4/6/8/12)=1/13/20/20 of 20
t=12400  N=12409  holderDeg=63  probe(ttl4/6/8/12)=2/8/19/20 of 20
t=12600  N=12609  holderDeg=4  probe(ttl4/6/8/12)=0/0/1/6 of 20
t=13200  N=13209  holderDeg=3  probe(ttl4/6/8/12)=0/1/2/4 of 20
t=12800  N=12809  holderDeg=53  probe(ttl4/6/8/12)=1/6/20/20 of 20
t=13600  N=13609  holderDeg=67  probe(ttl4/6/8/12)=3/7/17/20 of 20
t=10400  N=10409  holderDeg=51  probe(ttl4/6/8/12)=1/10/20/20 of 20
t=13400  N=13409  holderDeg=24  probe(ttl4/6/8/12)=4/5/14/19 of 20
t=12800  N=12809  holderDeg=4  probe(ttl4/6/8/12)=0/1/0/7 of 20
t=12600  N=12609  holderDeg=65  probe(ttl4/6/8/12)=1/11/18/20 of 20
t=13000  N=13009  holderDeg=53  probe(ttl4/6/8/12)=2/9/17/20 of 20
t=13400  N=13409  holderDeg=3  probe(ttl4/6/8/12)=1/3/3/5 of 20
t=13200  N=13209  holderDeg=79  probe(ttl4/6/8/12)=3/13/20/20 of 20
t=13800  N=13809  holderDeg=70  probe(ttl4/6/8/12)=2/8/19/20 of 20
t=10600  N=10609  holderDeg=53  probe(ttl4/6/8/12)=0/11/19/20 of 20
t=13600  N=13609  holderDeg=24  probe(ttl4/6/8/12)=1/6/10/20 of 20
t=12800  N=12809  holderDeg=69  probe(ttl4/6/8/12)=0/6/19/20 of 20
t=13200  N=13209  holderDeg=53  probe(ttl4/6/8/12)=1/8/20/20 of 20
t=13400  N=13409  holderDeg=81  probe(ttl4/6/8/12)=1/8/20/20 of 20
t=13000  N=13009  holderDeg=4  probe(ttl4/6/8/12)=0/0/2/7 of 20
t=10800  N=10809  holderDeg=55  probe(ttl4/6/8/12)=0/7/20/20 of 20
t=13600  N=13609  holderDeg=3  probe(ttl4/6/8/12)=0/0/1/5 of 20
t=14000  N=14009  holderDeg=72  probe(ttl4/6/8/12)=2/10/17/20 of 20
t=13800  N=13809  holderDeg=24  probe(ttl4/6/8/12)=3/3/12/20 of 20
t=13000  N=13009  holderDeg=71  probe(ttl4/6/8/12)=1/7/16/20 of 20
t=13400  N=13409  holderDeg=53  probe(ttl4/6/8/12)=0/9/16/20 of 20
t=11000  N=11009  holderDeg=57  probe(ttl4/6/8/12)=3/9/20/20 of 20
t=13800  N=13809  holderDeg=3  probe(ttl4/6/8/12)=0/2/3/6 of 20
t=13600  N=13609  holderDeg=83  probe(ttl4/6/8/12)=0/12/20/20 of 20
t=13200  N=13209  holderDeg=4  probe(ttl4/6/8/12)=0/0/1/10 of 20
t=13600  N=13609  holderDeg=53  probe(ttl4/6/8/12)=2/9/19/20 of 20
t=14200  N=14209  holderDeg=75  probe(ttl4/6/8/12)=1/10/20/20 of 20

 Growing has been completed
*********************************************************************

t=14000  N=14009  holderDeg=26  probe(ttl4/6/8/12)=2/3/14/20 of 20
t=13200  N=13209  holderDeg=73  probe(ttl4/6/8/12)=0/14/19/20 of 20

================ eps001  seed=7  (Pp=100 Pd=0 Pt=25000 rewire=True k=5 c=2 eps=0,01 qmax=0,05 N=10000 theta=6 crash=0 shape=0 multi=1 randrw=0 oracle=False fixedthr=0) ================
t=11200  N=11209  holderDeg=59  probe(ttl4/6/8/12)=1/7/20/20 of 20
t=200  N=209  holderDeg=-1  probe(ttl4/6/8/12)=0/0/0/0 of 20
t=400  N=409  holderDeg=-1  probe(ttl4/6/8/12)=0/0/0/0 of 20
t=600  N=609  holderDeg=-1  probe(ttl4/6/8/12)=0/0/0/0 of 20
t=800  N=809  holderDeg=-1  probe(ttl4/6/8/12)=0/0/0/0 of 20
t=13800  N=13809  holderDeg=83  probe(ttl4/6/8/12)=3/10/18/20 of 20
t=1000  N=1009  holderDeg=-1  probe(ttl4/6/8/12)=0/0/0/0 of 20
t=1200  N=1209  holderDeg=-1  probe(ttl4/6/8/12)=0/0/0/0 of 20
t=13800  N=13809  holderDeg=53  probe(ttl4/6/8/12)=1/8/17/20 of 20
t=1400  N=1409  holderDeg=-1  probe(ttl4/6/8/12)=0/0/0/0 of 20
t=13400  N=13409  holderDeg=4  probe(ttl4/6/8/12)=0/1/2/6 of 20
t=1600  N=1609  holderDeg=-1  probe(ttl4/6/8/12)=0/0/0/0 of 20
t=11400  N=11409  holderDeg=61  probe(ttl4/6/8/12)=2/9/19/20 of 20
t=1800  N=1809  holderDeg=-1  probe(ttl4/6/8/12)=0/0/0/0 of 20
t=14000  N=14009  holderDeg=3  probe(ttl4/6/8/12)=0/0/5/7 of 20
t=13400  N=13409  holderDeg=75  probe(ttl4/6/8/12)=6/11/17/20 of 20
t=2000  N=2009  holderDeg=-1  probe(ttl4/6/8/12)=0/0/0/0 of 20
t=2200  N=2209  holderDeg=-1  probe(ttl4/6/8/12)=0/0/0/0 of 20
t=14000  N=14009  holderDeg=83  probe(ttl4/6/8/12)=1/7/20/20 of 20
t=2400  N=2409  holderDeg=-1  probe(ttl4/6/8/12)=0/0/0/0 of 20
t=2600  N=2609  holderDeg=-1  probe(ttl4/6/8/12)=0/0/0/0 of 20

 Growing has been completed
*********************************************************************

t=2800  N=2809  holderDeg=-1  probe(ttl4/6/8/12)=0/0/0/0 of 20

================ th3  seed=7  (Pp=100 Pd=0 Pt=25000 rewire=True k=5 c=2 eps=0,02 qmax=0,05 N=10000 theta=3 crash=0 shape=0 multi=1 randrw=0 oracle=False fixedthr=0) ================
t=13600  N=13609  holderDeg=4  probe(ttl4/6/8/12)=0/3/6/11 of 20
t=200  N=209  holderDeg=-1  probe(ttl4/6/8/12)=0/0/0/0 of 20
t=400  N=409  holderDeg=-1  probe(ttl4/6/8/12)=0/0/0/0 of 20
t=600  N=609  holderDeg=-1  probe(ttl4/6/8/12)=0/0/0/0 of 20
t=3000  N=3009  holderDeg=3  probe(ttl4/6/8/12)=1/2/8/10 of 20
t=13600  N=13609  holderDeg=77  probe(ttl4/6/8/12)=2/6/18/20 of 20
t=800  N=809  holderDeg=-1  probe(ttl4/6/8/12)=0/0/0/0 of 20
t=14200  N=14209  holderDeg=28  probe(ttl4/6/8/12)=1/3/15/19 of 20
t=14000  N=14009  holderDeg=53  probe(ttl4/6/8/12)=0/9/18/20 of 20
t=1000  N=1009  holderDeg=-1  probe(ttl4/6/8/12)=0/0/0/0 of 20
t=3200  N=3209  holderDeg=3  probe(ttl4/6/8/12)=0/2/4/6 of 20
t=1200  N=1209  holderDeg=-1  probe(ttl4/6/8/12)=0/0/0/0 of 20
t=3400  N=3409  holderDeg=3  probe(ttl4/6/8/12)=0/2/5/9 of 20
t=14200  N=14209  holderDeg=83  probe(ttl4/6/8/12)=3/10/19/20 of 20
t=1400  N=1409  holderDeg=-1  probe(ttl4/6/8/12)=0/0/0/0 of 20

 Growing has been completed
*********************************************************************


 Growing has been completed
*********************************************************************

t=1600  N=1609  holderDeg=-1  probe(ttl4/6/8/12)=0/0/0/0 of 20
t=3600  N=3609  holderDeg=3  probe(ttl4/6/8/12)=0/3/3/9 of 20
t=1800  N=1809  holderDeg=-1  probe(ttl4/6/8/12)=0/0/0/0 of 20

================ k4  seed=7  (Pp=100 Pd=0 Pt=25000 rewire=True k=4 c=2 eps=0,02 qmax=0,05 N=10000 theta=6 crash=0 shape=0 multi=1 randrw=0 oracle=False fixedthr=0) ================
t=200  N=209  holderDeg=-1  probe(ttl4/6/8/12)=0/0/0/0 of 20

================ c1  seed=7  (Pp=100 Pd=0 Pt=25000 rewire=True k=5 c=1 eps=0,02 qmax=0,05 N=10000 theta=6 crash=0 shape=0 multi=1 randrw=0 oracle=False fixedthr=0) ================
t=400  N=409  holderDeg=-1  probe(ttl4/6/8/12)=0/0/0/0 of 20
t=200  N=209  holderDeg=-1  probe(ttl4/6/8/12)=0/0/0/0 of 20
t=2000  N=2009  holderDeg=-1  probe(ttl4/6/8/12)=0/0/0/0 of 20
t=600  N=609  holderDeg=-1  probe(ttl4/6/8/12)=0/0/0/0 of 20
t=3800  N=3809  holderDeg=3  probe(ttl4/6/8/12)=0/1/4/6 of 20
t=400  N=409  holderDeg=-1  probe(ttl4/6/8/12)=0/0/0/0 of 20
t=13800  N=13809  holderDeg=79  probe(ttl4/6/8/12)=1/11/19/20 of 20
t=800  N=809  holderDeg=-1  probe(ttl4/6/8/12)=0/0/0/0 of 20
t=13800  N=13809  holderDeg=4  probe(ttl4/6/8/12)=0/0/2/12 of 20
t=600  N=609  holderDeg=-1  probe(ttl4/6/8/12)=0/0/0/0 of 20
t=2200  N=2209  holderDeg=-1  probe(ttl4/6/8/12)=0/0/0/0 of 20
t=1000  N=1009  holderDeg=-1  probe(ttl4/6/8/12)=0/0/0/0 of 20
t=800  N=809  holderDeg=-1  probe(ttl4/6/8/12)=0/0/0/0 of 20
t=4000  N=4009  holderDeg=3  probe(ttl4/6/8/12)=0/0/1/11 of 20
t=11600  N=11609  holderDeg=63  probe(ttl4/6/8/12)=2/9/20/20 of 20
t=1000  N=1009  holderDeg=-1  probe(ttl4/6/8/12)=0/0/0/0 of 20
t=2400  N=2409  holderDeg=-1  probe(ttl4/6/8/12)=0/0/0/0 of 20
t=1200  N=1209  holderDeg=-1  probe(ttl4/6/8/12)=0/0/0/0 of 20
t=2600  N=2609  holderDeg=-1  probe(ttl4/6/8/12)=0/0/0/0 of 20
t=1400  N=1409  holderDeg=-1  probe(ttl4/6/8/12)=0/0/0/0 of 20
t=1200  N=1209  holderDeg=-1  probe(ttl4/6/8/12)=0/0/0/0 of 20
t=4200  N=4209  holderDeg=3  probe(ttl4/6/8/12)=0/1/6/9 of 20
t=1600  N=1609  holderDeg=-1  probe(ttl4/6/8/12)=0/0/0/0 of 20
t=1400  N=1409  holderDeg=-1  probe(ttl4/6/8/12)=0/0/0/0 of 20
t=14200  N=14209  holderDeg=53  probe(ttl4/6/8/12)=1/7/16/20 of 20
t=2800  N=2809  holderDeg=-1  probe(ttl4/6/8/12)=0/0/0/0 of 20
t=1600  N=1609  holderDeg=-1  probe(ttl4/6/8/12)=0/0/0/0 of 20
t=1800  N=1809  holderDeg=-1  probe(ttl4/6/8/12)=0/0/0/0 of 20

 Growing has been completed
*********************************************************************

t=3000  N=3009  holderDeg=3  probe(ttl4/6/8/12)=0/4/10/15 of 20
t=1800  N=1809  holderDeg=-1  probe(ttl4/6/8/12)=0/0/0/0 of 20
t=4400  N=4409  holderDeg=3  probe(ttl4/6/8/12)=0/1/1/5 of 20
t=2000  N=2009  holderDeg=-1  probe(ttl4/6/8/12)=0/0/0/0 of 20

================ eps001  seed=8  (Pp=100 Pd=0 Pt=25000 rewire=True k=5 c=2 eps=0,01 qmax=0,05 N=10000 theta=6 crash=0 shape=0 multi=1 randrw=0 oracle=False fixedthr=0) ================
t=2000  N=2009  holderDeg=-1  probe(ttl4/6/8/12)=0/0/0/0 of 20
t=200  N=209  holderDeg=-1  probe(ttl4/6/8/12)=0/0/0/0 of 20
t=400  N=409  holderDeg=-1  probe(ttl4/6/8/12)=0/0/0/0 of 20
t=2200  N=2209  holderDeg=-1  probe(ttl4/6/8/12)=0/0/0/0 of 20
t=600  N=609  holderDeg=-1  probe(ttl4/6/8/12)=0/0/0/0 of 20
t=11800  N=11809  holderDeg=65  probe(ttl4/6/8/12)=1/8/18/20 of 20
t=14000  N=14009  holderDeg=81  probe(ttl4/6/8/12)=2/9/20/20 of 20
t=3200  N=3209  holderDeg=3  probe(ttl4/6/8/12)=0/4/6/11 of 20
t=2200  N=2209  holderDeg=-1  probe(ttl4/6/8/12)=0/0/0/0 of 20
t=800  N=809  holderDeg=-1  probe(ttl4/6/8/12)=0/0/0/0 of 20
t=2400  N=2409  holderDeg=-1  probe(ttl4/6/8/12)=0/0/0/0 of 20
t=1000  N=1009  holderDeg=-1  probe(ttl4/6/8/12)=0/0/0/0 of 20
t=14000  N=14009  holderDeg=4  probe(ttl4/6/8/12)=0/0/5/4 of 20
t=3400  N=3409  holderDeg=3  probe(ttl4/6/8/12)=0/4/5/12 of 20
t=4600  N=4609  holderDeg=3  probe(ttl4/6/8/12)=0/0/5/9 of 20
t=2400  N=2409  holderDeg=-1  probe(ttl4/6/8/12)=0/0/0/0 of 20
t=1200  N=1209  holderDeg=-1  probe(ttl4/6/8/12)=0/0/0/0 of 20
t=1400  N=1409  holderDeg=-1  probe(ttl4/6/8/12)=0/0/0/0 of 20
t=2600  N=2609  holderDeg=-1  probe(ttl4/6/8/12)=0/0/0/0 of 20
t=2600  N=2609  holderDeg=-1  probe(ttl4/6/8/12)=0/0/0/0 of 20
t=3600  N=3609  holderDeg=3  probe(ttl4/6/8/12)=0/2/4/15 of 20
t=1600  N=1609  holderDeg=-1  probe(ttl4/6/8/12)=0/0/0/0 of 20
t=2800  N=2809  holderDeg=-1  probe(ttl4/6/8/12)=0/0/0/0 of 20
t=1800  N=1809  holderDeg=-1  probe(ttl4/6/8/12)=0/0/0/0 of 20
t=2800  N=2809  holderDeg=3  probe(ttl4/6/8/12)=1/4/10/10 of 20
t=3800  N=3809  holderDeg=3  probe(ttl4/6/8/12)=0/2/7/12 of 20
t=4800  N=4809  holderDeg=3  probe(ttl4/6/8/12)=1/1/1/5 of 20
t=3000  N=3009  holderDeg=3  probe(ttl4/6/8/12)=1/1/3/7 of 20
t=2000  N=2009  holderDeg=-1  probe(ttl4/6/8/12)=0/0/0/0 of 20
t=3000  N=3009  holderDeg=3  probe(ttl4/6/8/12)=0/2/7/12 of 20
t=4000  N=4009  holderDeg=3  probe(ttl4/6/8/12)=0/1/7/12 of 20
t=3200  N=3209  holderDeg=3  probe(ttl4/6/8/12)=1/2/7/11 of 20
t=3200  N=3209  holderDeg=3  probe(ttl4/6/8/12)=0/2/3/6 of 20
t=2200  N=2209  holderDeg=-1  probe(ttl4/6/8/12)=0/0/0/0 of 20
t=5000  N=5009  holderDeg=3  probe(ttl4/6/8/12)=0/3/1/6 of 20
t=14200  N=14209  holderDeg=83  probe(ttl4/6/8/12)=3/14/18/20 of 20
t=4200  N=4209  holderDeg=3  probe(ttl4/6/8/12)=0/2/6/17 of 20
t=3400  N=3409  holderDeg=3  probe(ttl4/6/8/12)=2/3/8/10 of 20
t=12000  N=12009  holderDeg=67  probe(ttl4/6/8/12)=4/9/20/20 of 20
t=3400  N=3409  holderDeg=3  probe(ttl4/6/8/12)=0/1/1/5 of 20
t=2400  N=2409  holderDeg=-1  probe(ttl4/6/8/12)=0/0/0/0 of 20
t=4400  N=4409  holderDeg=3  probe(ttl4/6/8/12)=1/2/5/11 of 20

 Growing has been completed
*********************************************************************

t=3600  N=3609  holderDeg=3  probe(ttl4/6/8/12)=0/0/8/11 of 20
t=5200  N=5209  holderDeg=3  probe(ttl4/6/8/12)=0/2/4/4 of 20

================ th3  seed=8  (Pp=100 Pd=0 Pt=25000 rewire=True k=5 c=2 eps=0,02 qmax=0,05 N=10000 theta=3 crash=0 shape=0 multi=1 randrw=0 oracle=False fixedthr=0) ================
t=200  N=209  holderDeg=-1  probe(ttl4/6/8/12)=0/0/0/0 of 20
t=3600  N=3609  holderDeg=3  probe(ttl4/6/8/12)=0/0/8/8 of 20
t=2600  N=2609  holderDeg=-1  probe(ttl4/6/8/12)=0/0/0/0 of 20
t=400  N=409  holderDeg=-1  probe(ttl4/6/8/12)=0/0/0/0 of 20
t=600  N=609  holderDeg=-1  probe(ttl4/6/8/12)=0/0/0/0 of 20
t=14200  N=14209  holderDeg=4  probe(ttl4/6/8/12)=0/1/2/8 of 20

 Growing has been completed
*********************************************************************

t=2800  N=2809  holderDeg=-1  probe(ttl4/6/8/12)=0/0/0/0 of 20
t=3800  N=3809  holderDeg=3  probe(ttl4/6/8/12)=1/3/8/10 of 20
t=800  N=809  holderDeg=-1  probe(ttl4/6/8/12)=0/0/0/0 of 20
t=5400  N=5409  holderDeg=5  probe(ttl4/6/8/12)=0/3/7/14 of 20
t=3800  N=3809  holderDeg=3  probe(ttl4/6/8/12)=0/2/5/8 of 20
t=4600  N=4609  holderDeg=3  probe(ttl4/6/8/12)=1/2/6/15 of 20
t=1000  N=1009  holderDeg=-1  probe(ttl4/6/8/12)=0/0/0/0 of 20
t=3000  N=3009  holderDeg=3  probe(ttl4/6/8/12)=1/0/7/12 of 20
t=1200  N=1209  holderDeg=-1  probe(ttl4/6/8/12)=0/0/0/0 of 20
t=4000  N=4009  holderDeg=3  probe(ttl4/6/8/12)=0/2/6/14 of 20

================ k4  seed=8  (Pp=100 Pd=0 Pt=25000 rewire=True k=4 c=2 eps=0,02 qmax=0,05 N=10000 theta=6 crash=0 shape=0 multi=1 randrw=0 oracle=False fixedthr=0) ================
t=1400  N=1409  holderDeg=-1  probe(ttl4/6/8/12)=0/0/0/0 of 20
t=200  N=209  holderDeg=-1  probe(ttl4/6/8/12)=0/0/0/0 of 20
t=4000  N=4009  holderDeg=3  probe(ttl4/6/8/12)=0/3/5/8 of 20
t=400  N=409  holderDeg=-1  probe(ttl4/6/8/12)=0/0/0/0 of 20
t=12200  N=12209  holderDeg=69  probe(ttl4/6/8/12)=3/10/20/20 of 20
t=3200  N=3209  holderDeg=3  probe(ttl4/6/8/12)=0/2/5/13 of 20
t=1600  N=1609  holderDeg=-1  probe(ttl4/6/8/12)=0/0/0/0 of 20
t=600  N=609  holderDeg=-1  probe(ttl4/6/8/12)=0/0/0/0 of 20
t=1800  N=1809  holderDeg=-1  probe(ttl4/6/8/12)=0/0/0/0 of 20
t=800  N=809  holderDeg=-1  probe(ttl4/6/8/12)=0/0/0/0 of 20
t=3400  N=3409  holderDeg=3  probe(ttl4/6/8/12)=1/2/5/13 of 20
t=2000  N=2009  holderDeg=-1  probe(ttl4/6/8/12)=0/0/0/0 of 20
t=4800  N=4809  holderDeg=3  probe(ttl4/6/8/12)=0/0/7/11 of 20
t=4200  N=4209  holderDeg=3  probe(ttl4/6/8/12)=2/2/3/11 of 20
t=1000  N=1009  holderDeg=-1  probe(ttl4/6/8/12)=0/0/0/0 of 20
t=4200  N=4209  holderDeg=3  probe(ttl4/6/8/12)=0/2/8/13 of 20
t=2200  N=2209  holderDeg=-1  probe(ttl4/6/8/12)=0/0/0/0 of 20
t=1200  N=1209  holderDeg=-1  probe(ttl4/6/8/12)=0/0/0/0 of 20
t=5600  N=5609  holderDeg=7  probe(ttl4/6/8/12)=0/1/10/18 of 20
t=3600  N=3609  holderDeg=3  probe(ttl4/6/8/12)=0/3/5/12 of 20
t=1400  N=1409  holderDeg=-1  probe(ttl4/6/8/12)=0/0/0/0 of 20
t=5000  N=5009  holderDeg=3  probe(ttl4/6/8/12)=0/0/7/15 of 20
t=2400  N=2409  holderDeg=-1  probe(ttl4/6/8/12)=0/0/0/0 of 20
t=4400  N=4409  holderDeg=3  probe(ttl4/6/8/12)=0/3/6/14 of 20
t=1600  N=1609  holderDeg=-1  probe(ttl4/6/8/12)=0/0/0/0 of 20
t=4400  N=4409  holderDeg=3  probe(ttl4/6/8/12)=1/3/2/10 of 20
t=1800  N=1809  holderDeg=-1  probe(ttl4/6/8/12)=0/0/0/0 of 20
t=2600  N=2609  holderDeg=-1  probe(ttl4/6/8/12)=0/0/0/0 of 20
t=3800  N=3809  holderDeg=3  probe(ttl4/6/8/12)=0/2/11/12 of 20
t=5800  N=5809  holderDeg=9  probe(ttl4/6/8/12)=1/2/9/14 of 20
t=12400  N=12409  holderDeg=71  probe(ttl4/6/8/12)=1/14/20/20 of 20
t=5200  N=5209  holderDeg=3  probe(ttl4/6/8/12)=1/1/5/8 of 20
t=2000  N=2009  holderDeg=-1  probe(ttl4/6/8/12)=0/0/0/0 of 20
t=2800  N=2809  holderDeg=-1  probe(ttl4/6/8/12)=0/0/0/0 of 20
t=2200  N=2209  holderDeg=-1  probe(ttl4/6/8/12)=0/0/0/0 of 20
t=4600  N=4609  holderDeg=3  probe(ttl4/6/8/12)=0/4/4/6 of 20
t=4000  N=4009  holderDeg=3  probe(ttl4/6/8/12)=0/1/12/11 of 20
t=3000  N=3009  holderDeg=3  probe(ttl4/6/8/12)=0/2/6/12 of 20
t=5400  N=5409  holderDeg=3  probe(ttl4/6/8/12)=0/0/2/7 of 20
t=2400  N=2409  holderDeg=-1  probe(ttl4/6/8/12)=0/0/0/0 of 20
t=6000  N=6009  holderDeg=11  probe(ttl4/6/8/12)=1/5/11/14 of 20
t=4600  N=4609  holderDeg=3  probe(ttl4/6/8/12)=0/3/4/11 of 20
t=3200  N=3209  holderDeg=3  probe(ttl4/6/8/12)=0/3/6/9 of 20
t=4200  N=4209  holderDeg=3  probe(ttl4/6/8/12)=1/1/6/9 of 20
t=2600  N=2609  holderDeg=-1  probe(ttl4/6/8/12)=0/0/0/0 of 20
t=4800  N=4809  holderDeg=3  probe(ttl4/6/8/12)=1/3/8/6 of 20
t=2800  N=2809  holderDeg=-1  probe(ttl4/6/8/12)=0/0/0/0 of 20
t=4400  N=4409  holderDeg=3  probe(ttl4/6/8/12)=0/2/4/11 of 20
t=6200  N=6209  holderDeg=13  probe(ttl4/6/8/12)=1/4/11/18 of 20
t=3400  N=3409  holderDeg=3  probe(ttl4/6/8/12)=1/0/9/12 of 20
t=5600  N=5609  holderDeg=3  probe(ttl4/6/8/12)=0/2/7/10 of 20
t=4800  N=4809  holderDeg=3  probe(ttl4/6/8/12)=0/0/4/12 of 20
t=12600  N=12609  holderDeg=73  probe(ttl4/6/8/12)=3/8/19/20 of 20
t=3000  N=3009  holderDeg=3  probe(ttl4/6/8/12)=1/1/3/5 of 20
t=3600  N=3609  holderDeg=3  probe(ttl4/6/8/12)=0/3/2/9 of 20
t=4600  N=4609  holderDeg=3  probe(ttl4/6/8/12)=1/1/4/13 of 20
t=5000  N=5009  holderDeg=3  probe(ttl4/6/8/12)=1/1/6/7 of 20
t=6400  N=6409  holderDeg=15  probe(ttl4/6/8/12)=1/9/13/19 of 20
t=3200  N=3209  holderDeg=3  probe(ttl4/6/8/12)=0/2/4/5 of 20
t=4800  N=4809  holderDeg=3  probe(ttl4/6/8/12)=0/1/6/13 of 20
t=5800  N=5809  holderDeg=5  probe(ttl4/6/8/12)=0/2/9/20 of 20
t=3400  N=3409  holderDeg=3  probe(ttl4/6/8/12)=0/1/6/1 of 20
t=5000  N=5009  holderDeg=3  probe(ttl4/6/8/12)=0/0/7/9 of 20
t=3800  N=3809  holderDeg=3  probe(ttl4/6/8/12)=1/0/5/12 of 20
t=6600  N=6609  holderDeg=17  probe(ttl4/6/8/12)=1/10/16/20 of 20
t=5200  N=5209  holderDeg=3  probe(ttl4/6/8/12)=0/1/4/3 of 20
t=3600  N=3609  holderDeg=3  probe(ttl4/6/8/12)=0/4/3/3 of 20
t=5000  N=5009  holderDeg=3  probe(ttl4/6/8/12)=0/2/5/13 of 20
t=4000  N=4009  holderDeg=3  probe(ttl4/6/8/12)=1/2/3/9 of 20
t=6000  N=6009  holderDeg=7  probe(ttl4/6/8/12)=1/2/12/19 of 20
t=3800  N=3809  holderDeg=3  probe(ttl4/6/8/12)=2/1/2/1 of 20
t=5200  N=5209  holderDeg=3  probe(ttl4/6/8/12)=0/2/4/11 of 20
t=5400  N=5409  holderDeg=3  probe(ttl4/6/8/12)=0/1/5/5 of 20
t=6800  N=6809  holderDeg=20  probe(ttl4/6/8/12)=0/10/12/20 of 20
t=12800  N=12809  holderDeg=76  probe(ttl4/6/8/12)=1/13/20/20 of 20
t=4200  N=4209  holderDeg=3  probe(ttl4/6/8/12)=0/1/3/12 of 20
t=5200  N=5209  holderDeg=3  probe(ttl4/6/8/12)=0/1/3/6 of 20
t=4000  N=4009  holderDeg=3  probe(ttl4/6/8/12)=0/1/5/4 of 20
t=5400  N=5409  holderDeg=3  probe(ttl4/6/8/12)=0/2/3/8 of 20
t=6200  N=6209  holderDeg=9  probe(ttl4/6/8/12)=1/1/13/20 of 20
t=5600  N=5609  holderDeg=3  probe(ttl4/6/8/12)=1/0/6/5 of 20
t=4200  N=4209  holderDeg=3  probe(ttl4/6/8/12)=0/1/2/1 of 20
t=4400  N=4409  holderDeg=3  probe(ttl4/6/8/12)=0/2/7/10 of 20
t=7000  N=7009  holderDeg=22  probe(ttl4/6/8/12)=0/2/12/20 of 20
t=4400  N=4409  holderDeg=3  probe(ttl4/6/8/12)=0/2/2/4 of 20
t=5800  N=5809  holderDeg=3  probe(ttl4/6/8/12)=0/1/4/3 of 20
t=6400  N=6409  holderDeg=11  probe(ttl4/6/8/12)=2/6/13/19 of 20
t=4600  N=4609  holderDeg=3  probe(ttl4/6/8/12)=0/2/2/13 of 20
t=5600  N=5609  holderDeg=3  probe(ttl4/6/8/12)=1/1/4/13 of 20
t=5400  N=5409  holderDeg=3  probe(ttl4/6/8/12)=1/2/5/10 of 20
t=4800  N=4809  holderDeg=3  probe(ttl4/6/8/12)=1/2/3/9 of 20
t=4600  N=4609  holderDeg=3  probe(ttl4/6/8/12)=0/0/1/2 of 20
t=6000  N=6009  holderDeg=3  probe(ttl4/6/8/12)=0/1/4/8 of 20
t=7200  N=7209  holderDeg=25  probe(ttl4/6/8/12)=0/4/19/20 of 20
t=5800  N=5809  holderDeg=5  probe(ttl4/6/8/12)=1/3/8/12 of 20
t=6600  N=6609  holderDeg=13  probe(ttl4/6/8/12)=0/4/14/19 of 20
t=5600  N=5609  holderDeg=3  probe(ttl4/6/8/12)=0/0/5/8 of 20
t=5000  N=5009  holderDeg=3  probe(ttl4/6/8/12)=0/1/4/10 of 20
t=4800  N=4809  holderDeg=3  probe(ttl4/6/8/12)=0/2/3/2 of 20
t=13000  N=13009  holderDeg=79  probe(ttl4/6/8/12)=0/11/20/20 of 20
t=6200  N=6209  holderDeg=3  probe(ttl4/6/8/12)=0/1/6/4 of 20
t=7400  N=7409  holderDeg=27  probe(ttl4/6/8/12)=0/7/19/20 of 20
t=6000  N=6009  holderDeg=7  probe(ttl4/6/8/12)=1/1/10/17 of 20
t=6800  N=6809  holderDeg=15  probe(ttl4/6/8/12)=1/5/11/18 of 20
t=5200  N=5209  holderDeg=3  probe(ttl4/6/8/12)=0/3/3/9 of 20
t=5800  N=5809  holderDeg=3  probe(ttl4/6/8/12)=0/2/3/10 of 20
t=5000  N=5009  holderDeg=3  probe(ttl4/6/8/12)=2/4/2/5 of 20
t=6200  N=6209  holderDeg=9  probe(ttl4/6/8/12)=0/3/10/18 of 20
t=6400  N=6409  holderDeg=3  probe(ttl4/6/8/12)=0/1/3/8 of 20
t=5200  N=5209  holderDeg=3  probe(ttl4/6/8/12)=0/0/3/2 of 20
t=6000  N=6009  holderDeg=3  probe(ttl4/6/8/12)=0/0/4/3 of 20
t=5400  N=5409  holderDeg=3  probe(ttl4/6/8/12)=2/1/7/9 of 20
t=7000  N=7009  holderDeg=17  probe(ttl4/6/8/12)=0/4/15/19 of 20
t=7600  N=7609  holderDeg=29  probe(ttl4/6/8/12)=0/9/15/20 of 20
t=5400  N=5409  holderDeg=3  probe(ttl4/6/8/12)=0/3/0/1 of 20
t=6400  N=6409  holderDeg=11  probe(ttl4/6/8/12)=0/3/14/17 of 20
t=5600  N=5609  holderDeg=3  probe(ttl4/6/8/12)=0/0/5/13 of 20
t=6200  N=6209  holderDeg=3  probe(ttl4/6/8/12)=1/2/6/9 of 20
t=6600  N=6609  holderDeg=3  probe(ttl4/6/8/12)=1/2/5/6 of 20
t=13200  N=13209  holderDeg=81  probe(ttl4/6/8/12)=4/10/20/20 of 20
t=7200  N=7209  holderDeg=19  probe(ttl4/6/8/12)=0/4/12/17 of 20
t=5600  N=5609  holderDeg=3  probe(ttl4/6/8/12)=0/0/5/3 of 20
t=7800  N=7809  holderDeg=32  probe(ttl4/6/8/12)=2/9/16/20 of 20
t=6600  N=6609  holderDeg=13  probe(ttl4/6/8/12)=0/2/13/19 of 20
t=6400  N=6409  holderDeg=3  probe(ttl4/6/8/12)=0/0/4/6 of 20
t=5800  N=5809  holderDeg=3  probe(ttl4/6/8/12)=0/0/4/12 of 20
t=6800  N=6809  holderDeg=3  probe(ttl4/6/8/12)=0/1/4/7 of 20
t=5800  N=5809  holderDeg=3  probe(ttl4/6/8/12)=0/0/2/1 of 20
t=6800  N=6809  holderDeg=15  probe(ttl4/6/8/12)=2/5/20/20 of 20
t=6600  N=6609  holderDeg=3  probe(ttl4/6/8/12)=0/0/1/5 of 20
t=7400  N=7409  holderDeg=21  probe(ttl4/6/8/12)=0/9/14/19 of 20
t=6000  N=6009  holderDeg=3  probe(ttl4/6/8/12)=0/1/7/10 of 20
t=6000  N=6009  holderDeg=3  probe(ttl4/6/8/12)=0/1/1/0 of 20
t=7000  N=7009  holderDeg=3  probe(ttl4/6/8/12)=0/0/7/6 of 20
t=13400  N=13409  holderDeg=83  probe(ttl4/6/8/12)=3/8/19/20 of 20
t=6200  N=6209  holderDeg=3  probe(ttl4/6/8/12)=0/1/1/2 of 20
t=6800  N=6809  holderDeg=3  probe(ttl4/6/8/12)=0/1/3/13 of 20
t=7000  N=7009  holderDeg=18  probe(ttl4/6/8/12)=2/7/18/20 of 20
t=7200  N=7209  holderDeg=3  probe(ttl4/6/8/12)=0/3/4/10 of 20
t=8000  N=8009  holderDeg=35  probe(ttl4/6/8/12)=1/9/17/20 of 20
t=6200  N=6209  holderDeg=3  probe(ttl4/6/8/12)=0/0/4/7 of 20
t=7600  N=7609  holderDeg=23  probe(ttl4/6/8/12)=0/5/15/20 of 20
t=7000  N=7009  holderDeg=3  probe(ttl4/6/8/12)=0/2/3/9 of 20
t=7200  N=7209  holderDeg=20  probe(ttl4/6/8/12)=2/4/20/20 of 20
t=7400  N=7409  holderDeg=3  probe(ttl4/6/8/12)=0/2/4/5 of 20
t=7800  N=7809  holderDeg=25  probe(ttl4/6/8/12)=1/8/15/20 of 20
t=8200  N=8209  holderDeg=37  probe(ttl4/6/8/12)=4/8/18/20 of 20
t=13600  N=13609  holderDeg=85  probe(ttl4/6/8/12)=2/9/20/20 of 20
t=6400  N=6409  holderDeg=3  probe(ttl4/6/8/12)=1/0/2/3 of 20
t=7200  N=7209  holderDeg=3  probe(ttl4/6/8/12)=0/0/7/10 of 20
t=6400  N=6409  holderDeg=3  probe(ttl4/6/8/12)=0/0/4/7 of 20
t=7400  N=7409  holderDeg=22  probe(ttl4/6/8/12)=3/4/18/20 of 20
t=7600  N=7609  holderDeg=3  probe(ttl4/6/8/12)=0/0/4/8 of 20
t=8400  N=8409  holderDeg=39  probe(ttl4/6/8/12)=3/12/19/20 of 20
t=6600  N=6609  holderDeg=3  probe(ttl4/6/8/12)=0/1/3/8 of 20
t=7800  N=7809  holderDeg=3  probe(ttl4/6/8/12)=0/0/2/9 of 20
t=6600  N=6609  holderDeg=3  probe(ttl4/6/8/12)=0/3/1/0 of 20
t=7400  N=7409  holderDeg=3  probe(ttl4/6/8/12)=0/1/5/10 of 20
t=8000  N=8009  holderDeg=27  probe(ttl4/6/8/12)=1/6/16/20 of 20
t=8600  N=8609  holderDeg=41  probe(ttl4/6/8/12)=0/9/16/20 of 20
t=7600  N=7609  holderDeg=25  probe(ttl4/6/8/12)=2/8/17/20 of 20
t=13800  N=13809  holderDeg=88  probe(ttl4/6/8/12)=0/9/20/20 of 20
t=6800  N=6809  holderDeg=3  probe(ttl4/6/8/12)=0/1/3/11 of 20
t=7600  N=7609  holderDeg=3  probe(ttl4/6/8/12)=0/0/3/8 of 20
t=6800  N=6809  holderDeg=3  probe(ttl4/6/8/12)=0/1/3/1 of 20
t=8000  N=8009  holderDeg=3  probe(ttl4/6/8/12)=0/0/4/5 of 20
t=8200  N=8209  holderDeg=29  probe(ttl4/6/8/12)=0/8/16/20 of 20
t=7000  N=7009  holderDeg=3  probe(ttl4/6/8/12)=0/0/5/4 of 20
t=8800  N=8809  holderDeg=43  probe(ttl4/6/8/12)=2/9/20/20 of 20
t=7000  N=7009  holderDeg=3  probe(ttl4/6/8/12)=0/0/2/0 of 20
t=7800  N=7809  holderDeg=27  probe(ttl4/6/8/12)=1/4/17/20 of 20
t=7800  N=7809  holderDeg=3  probe(ttl4/6/8/12)=0/1/3/7 of 20
t=8200  N=8209  holderDeg=3  probe(ttl4/6/8/12)=0/1/1/11 of 20
t=8400  N=8409  holderDeg=32  probe(ttl4/6/8/12)=2/7/18/20 of 20
t=9000  N=9009  holderDeg=45  probe(ttl4/6/8/12)=1/8/18/20 of 20
t=7200  N=7209  holderDeg=3  probe(ttl4/6/8/12)=0/1/6/10 of 20
t=7200  N=7209  holderDeg=3  probe(ttl4/6/8/12)=0/1/1/0 of 20
t=8000  N=8009  holderDeg=3  probe(ttl4/6/8/12)=0/4/2/2 of 20
t=8000  N=8009  holderDeg=29  probe(ttl4/6/8/12)=1/11/19/20 of 20
t=14000  N=14009  holderDeg=90  probe(ttl4/6/8/12)=2/7/20/20 of 20
t=8600  N=8609  holderDeg=35  probe(ttl4/6/8/12)=0/4/17/20 of 20
t=8400  N=8409  holderDeg=3  probe(ttl4/6/8/12)=0/1/2/9 of 20
t=7400  N=7409  holderDeg=3  probe(ttl4/6/8/12)=0/1/3/3 of 20
t=8200  N=8209  holderDeg=5  probe(ttl4/6/8/12)=1/2/7/11 of 20
t=9200  N=9209  holderDeg=48  probe(ttl4/6/8/12)=2/13/18/20 of 20
t=8200  N=8209  holderDeg=31  probe(ttl4/6/8/12)=1/10/20/20 of 20
t=7400  N=7409  holderDeg=3  probe(ttl4/6/8/12)=0/0/2/8 of 20
t=8800  N=8809  holderDeg=38  probe(ttl4/6/8/12)=2/7/19/20 of 20
t=8600  N=8609  holderDeg=3  probe(ttl4/6/8/12)=0/2/3/8 of 20
t=7600  N=7609  holderDeg=3  probe(ttl4/6/8/12)=1/2/2/1 of 20
t=8400  N=8409  holderDeg=8  probe(ttl4/6/8/12)=1/1/7/16 of 20
t=9400  N=9409  holderDeg=50  probe(ttl4/6/8/12)=2/8/18/20 of 20
t=8400  N=8409  holderDeg=33  probe(ttl4/6/8/12)=2/7/19/20 of 20
t=14200  N=14209  holderDeg=92  probe(ttl4/6/8/12)=1/13/20/20 of 20
t=8800  N=8809  holderDeg=3  probe(ttl4/6/8/12)=0/0/5/11 of 20
t=7600  N=7609  holderDeg=3  probe(ttl4/6/8/12)=0/0/3/12 of 20
t=7800  N=7809  holderDeg=3  probe(ttl4/6/8/12)=0/1/0/3 of 20
t=7800  N=7809  holderDeg=3  probe(ttl4/6/8/12)=0/2/4/14 of 20
t=8000  N=8009  holderDeg=3  probe(ttl4/6/8/12)=0/0/0/1 of 20
t=9000  N=9009  holderDeg=3  probe(ttl4/6/8/12)=1/2/3/8 of 20
t=8600  N=8609  holderDeg=10  probe(ttl4/6/8/12)=0/3/7/17 of 20
t=8000  N=8009  holderDeg=3  probe(ttl4/6/8/12)=0/2/1/10 of 20
t=9000  N=9009  holderDeg=40  probe(ttl4/6/8/12)=1/9/20/20 of 20
t=8600  N=8609  holderDeg=35  probe(ttl4/6/8/12)=2/8/19/20 of 20

 Growing has been completed
*********************************************************************

t=9600  N=9609  holderDeg=52  probe(ttl4/6/8/12)=3/8/19/20 of 20
t=8200  N=8209  holderDeg=3  probe(ttl4/6/8/12)=1/0/1/1 of 20

================ c1  seed=8  (Pp=100 Pd=0 Pt=25000 rewire=True k=5 c=1 eps=0,02 qmax=0,05 N=10000 theta=6 crash=0 shape=0 multi=1 randrw=0 oracle=False fixedthr=0) ================
t=8800  N=8809  holderDeg=12  probe(ttl4/6/8/12)=2/4/10/19 of 20
t=200  N=209  holderDeg=-1  probe(ttl4/6/8/12)=0/0/0/0 of 20
t=9200  N=9209  holderDeg=42  probe(ttl4/6/8/12)=2/8/20/20 of 20
t=400  N=409  holderDeg=-1  probe(ttl4/6/8/12)=0/0/0/0 of 20
t=8200  N=8209  holderDeg=3  probe(ttl4/6/8/12)=0/2/7/11 of 20
t=600  N=609  holderDeg=-1  probe(ttl4/6/8/12)=0/0/0/0 of 20
t=9200  N=9209  holderDeg=3  probe(ttl4/6/8/12)=0/0/5/11 of 20
t=800  N=809  holderDeg=-1  probe(ttl4/6/8/12)=0/0/0/0 of 20
t=8400  N=8409  holderDeg=3  probe(ttl4/6/8/12)=0/1/1/3 of 20
t=8800  N=8809  holderDeg=37  probe(ttl4/6/8/12)=0/8/18/20 of 20
t=1000  N=1009  holderDeg=-1  probe(ttl4/6/8/12)=0/0/0/0 of 20
t=9800  N=9809  holderDeg=54  probe(ttl4/6/8/12)=1/7/20/20 of 20
t=1200  N=1209  holderDeg=-1  probe(ttl4/6/8/12)=0/0/0/0 of 20
t=1400  N=1409  holderDeg=-1  probe(ttl4/6/8/12)=0/0/0/0 of 20
t=8400  N=8409  holderDeg=3  probe(ttl4/6/8/12)=0/1/4/12 of 20
t=1600  N=1609  holderDeg=-1  probe(ttl4/6/8/12)=0/0/0/0 of 20
t=9400  N=9409  holderDeg=3  probe(ttl4/6/8/12)=0/0/3/7 of 20
t=9000  N=9009  holderDeg=14  probe(ttl4/6/8/12)=0/2/11/18 of 20
t=1800  N=1809  holderDeg=-1  probe(ttl4/6/8/12)=0/0/0/0 of 20
t=9400  N=9409  holderDeg=44  probe(ttl4/6/8/12)=2/8/17/20 of 20
t=9000  N=9009  holderDeg=39  probe(ttl4/6/8/12)=1/7/19/20 of 20
t=10000  N=10009  holderDeg=57  probe(ttl4/6/8/12)=1/12/20/20 of 20
t=8600  N=8609  holderDeg=3  probe(ttl4/6/8/12)=0/0/1/0 of 20
t=2000  N=2009  holderDeg=-1  probe(ttl4/6/8/12)=0/0/0/0 of 20
t=2200  N=2209  holderDeg=-1  probe(ttl4/6/8/12)=0/0/0/0 of 20
t=9600  N=9609  holderDeg=3  probe(ttl4/6/8/12)=0/0/5/9 of 20
t=2400  N=2409  holderDeg=-1  probe(ttl4/6/8/12)=0/0/0/0 of 20
t=9600  N=9609  holderDeg=46  probe(ttl4/6/8/12)=1/14/18/20 of 20
t=9200  N=9209  holderDeg=16  probe(ttl4/6/8/12)=1/2/11/20 of 20
t=10200  N=10209  holderDeg=60  probe(ttl4/6/8/12)=1/7/20/20 of 20
t=2600  N=2609  holderDeg=-1  probe(ttl4/6/8/12)=0/0/0/0 of 20
t=9200  N=9209  holderDeg=41  probe(ttl4/6/8/12)=1/7/19/20 of 20
t=8800  N=8809  holderDeg=3  probe(ttl4/6/8/12)=1/1/1/1 of 20
t=2800  N=2809  holderDeg=-1  probe(ttl4/6/8/12)=0/0/0/0 of 20
t=8600  N=8609  holderDeg=3  probe(ttl4/6/8/12)=0/0/5/14 of 20
t=3000  N=3009  holderDeg=3  probe(ttl4/6/8/12)=1/2/6/9 of 20
t=9800  N=9809  holderDeg=48  probe(ttl4/6/8/12)=2/7/16/20 of 20
t=9400  N=9409  holderDeg=18  probe(ttl4/6/8/12)=1/3/12/19 of 20
t=3200  N=3209  holderDeg=3  probe(ttl4/6/8/12)=0/3/5/7 of 20
t=9800  N=9809  holderDeg=3  probe(ttl4/6/8/12)=0/1/5/10 of 20
t=10400  N=10409  holderDeg=62  probe(ttl4/6/8/12)=2/7/19/20 of 20
t=9400  N=9409  holderDeg=43  probe(ttl4/6/8/12)=1/6/16/20 of 20
t=3400  N=3409  holderDeg=3  probe(ttl4/6/8/12)=0/3/4/8 of 20
t=8800  N=8809  holderDeg=3  probe(ttl4/6/8/12)=0/0/2/11 of 20
t=9000  N=9009  holderDeg=3  probe(ttl4/6/8/12)=0/0/1/2 of 20
t=3600  N=3609  holderDeg=3  probe(ttl4/6/8/12)=1/2/4/10 of 20
t=3800  N=3809  holderDeg=3  probe(ttl4/6/8/12)=0/1/5/5 of 20
t=9000  N=9009  holderDeg=3  probe(ttl4/6/8/12)=0/1/2/9 of 20
t=10000  N=10009  holderDeg=51  probe(ttl4/6/8/12)=1/13/18/20 of 20
t=9600  N=9609  holderDeg=45  probe(ttl4/6/8/12)=2/14/20/20 of 20
t=9200  N=9209  holderDeg=3  probe(ttl4/6/8/12)=0/1/0/3 of 20
t=4000  N=4009  holderDeg=3  probe(ttl4/6/8/12)=0/1/3/6 of 20
t=10600  N=10609  holderDeg=64  probe(ttl4/6/8/12)=3/6/20/20 of 20
t=4200  N=4209  holderDeg=3  probe(ttl4/6/8/12)=0/1/1/5 of 20
t=9200  N=9209  holderDeg=3  probe(ttl4/6/8/12)=0/0/3/8 of 20
t=10200  N=10209  holderDeg=53  probe(ttl4/6/8/12)=2/13/19/20 of 20
t=10000  N=10009  holderDeg=3  probe(ttl4/6/8/12)=0/0/3/11 of 20
t=9600  N=9609  holderDeg=20  probe(ttl4/6/8/12)=0/6/15/20 of 20
t=4400  N=4409  holderDeg=3  probe(ttl4/6/8/12)=0/1/2/7 of 20
t=9400  N=9409  holderDeg=3  probe(ttl4/6/8/12)=0/0/0/2 of 20
t=9800  N=9809  holderDeg=47  probe(ttl4/6/8/12)=2/9/20/20 of 20
t=10800  N=10809  holderDeg=66  probe(ttl4/6/8/12)=3/7/20/20 of 20
t=4600  N=4609  holderDeg=3  probe(ttl4/6/8/12)=0/1/3/7 of 20
t=9400  N=9409  holderDeg=3  probe(ttl4/6/8/12)=0/0/0/10 of 20
t=9800  N=9809  holderDeg=22  probe(ttl4/6/8/12)=0/3/18/20 of 20
t=10400  N=10409  holderDeg=55  probe(ttl4/6/8/12)=0/10/19/20 of 20
t=10200  N=10209  holderDeg=3  probe(ttl4/6/8/12)=0/1/2/7 of 20
t=4800  N=4809  holderDeg=3  probe(ttl4/6/8/12)=0/1/6/6 of 20
t=10000  N=10009  holderDeg=49  probe(ttl4/6/8/12)=2/10/18/20 of 20
t=9600  N=9609  holderDeg=3  probe(ttl4/6/8/12)=1/0/3/9 of 20
t=10000  N=10009  holderDeg=24  probe(ttl4/6/8/12)=0/4/16/20 of 20
t=11000  N=11009  holderDeg=68  probe(ttl4/6/8/12)=0/11/20/20 of 20
t=9600  N=9609  holderDeg=3  probe(ttl4/6/8/12)=1/0/2/1 of 20
t=10400  N=10409  holderDeg=3  probe(ttl4/6/8/12)=1/0/4/7 of 20
t=5000  N=5009  holderDeg=3  probe(ttl4/6/8/12)=0/0/2/4 of 20
t=5200  N=5209  holderDeg=3  probe(ttl4/6/8/12)=1/0/2/4 of 20
t=9800  N=9809  holderDeg=3  probe(ttl4/6/8/12)=0/1/3/11 of 20
t=10200  N=10209  holderDeg=51  probe(ttl4/6/8/12)=1/8/19/20 of 20
t=10200  N=10209  holderDeg=26  probe(ttl4/6/8/12)=0/6/16/20 of 20
t=9800  N=9809  holderDeg=3  probe(ttl4/6/8/12)=0/0/1/0 of 20
t=10600  N=10609  holderDeg=3  probe(ttl4/6/8/12)=0/1/4/8 of 20
t=10600  N=10609  holderDeg=58  probe(ttl4/6/8/12)=0/10/19/20 of 20
t=5400  N=5409  holderDeg=3  probe(ttl4/6/8/12)=0/0/1/5 of 20
t=10400  N=10409  holderDeg=53  probe(ttl4/6/8/12)=3/12/20/20 of 20
t=10000  N=10009  holderDeg=3  probe(ttl4/6/8/12)=0/0/5/7 of 20
t=10000  N=10009  holderDeg=3  probe(ttl4/6/8/12)=0/0/2/1 of 20
t=5600  N=5609  holderDeg=3  probe(ttl4/6/8/12)=1/2/2/3 of 20
t=10800  N=10809  holderDeg=3  probe(ttl4/6/8/12)=0/1/8/4 of 20
t=11200  N=11209  holderDeg=70  probe(ttl4/6/8/12)=1/9/20/20 of 20
t=10800  N=10809  holderDeg=60  probe(ttl4/6/8/12)=1/8/18/20 of 20
t=5800  N=5809  holderDeg=3  probe(ttl4/6/8/12)=1/0/2/1 of 20
t=10200  N=10209  holderDeg=3  probe(ttl4/6/8/12)=0/1/5/13 of 20
t=6000  N=6009  holderDeg=3  probe(ttl4/6/8/12)=0/2/1/6 of 20
t=10200  N=10209  holderDeg=3  probe(ttl4/6/8/12)=0/0/2/3 of 20
t=10400  N=10409  holderDeg=28  probe(ttl4/6/8/12)=1/8/10/17 of 20
t=10600  N=10609  holderDeg=56  probe(ttl4/6/8/12)=1/11/19/20 of 20
t=11000  N=11009  holderDeg=62  probe(ttl4/6/8/12)=3/8/18/20 of 20
t=11400  N=11409  holderDeg=73  probe(ttl4/6/8/12)=1/16/20/20 of 20
t=11000  N=11009  holderDeg=3  probe(ttl4/6/8/12)=0/1/3/7 of 20
t=6200  N=6209  holderDeg=3  probe(ttl4/6/8/12)=0/2/1/5 of 20
t=10400  N=10409  holderDeg=3  probe(ttl4/6/8/12)=0/1/2/12 of 20
t=6400  N=6409  holderDeg=3  probe(ttl4/6/8/12)=0/0/2/3 of 20
t=10800  N=10809  holderDeg=58  probe(ttl4/6/8/12)=1/11/20/20 of 20
t=11200  N=11209  holderDeg=65  probe(ttl4/6/8/12)=3/10/18/20 of 20
t=10400  N=10409  holderDeg=3  probe(ttl4/6/8/12)=0/2/0/1 of 20
t=10600  N=10609  holderDeg=30  probe(ttl4/6/8/12)=0/6/12/20 of 20
t=11200  N=11209  holderDeg=3  probe(ttl4/6/8/12)=0/0/3/4 of 20
t=6600  N=6609  holderDeg=3  probe(ttl4/6/8/12)=0/3/2/1 of 20
t=11400  N=11409  holderDeg=67  probe(ttl4/6/8/12)=4/6/20/20 of 20
t=10600  N=10609  holderDeg=3  probe(ttl4/6/8/12)=0/0/0/0 of 20
t=10800  N=10809  holderDeg=32  probe(ttl4/6/8/12)=3/4/13/20 of 20
t=10600  N=10609  holderDeg=3  probe(ttl4/6/8/12)=0/3/4/8 of 20
t=11600  N=11609  holderDeg=75  probe(ttl4/6/8/12)=2/15/20/20 of 20
t=6800  N=6809  holderDeg=3  probe(ttl4/6/8/12)=0/0/4/3 of 20
t=11000  N=11009  holderDeg=60  probe(ttl4/6/8/12)=3/9/20/20 of 20
t=11400  N=11409  holderDeg=3  probe(ttl4/6/8/12)=0/1/4/9 of 20
t=11600  N=11609  holderDeg=69  probe(ttl4/6/8/12)=4/12/18/20 of 20
t=7000  N=7009  holderDeg=3  probe(ttl4/6/8/12)=0/0/4/1 of 20
t=10800  N=10809  holderDeg=3  probe(ttl4/6/8/12)=0/1/0/1 of 20
t=11800  N=11809  holderDeg=77  probe(ttl4/6/8/12)=4/10/20/20 of 20
t=10800  N=10809  holderDeg=3  probe(ttl4/6/8/12)=0/1/5/9 of 20
t=11200  N=11209  holderDeg=62  probe(ttl4/6/8/12)=2/15/17/20 of 20
t=11600  N=11609  holderDeg=3  probe(ttl4/6/8/12)=0/0/2/8 of 20
t=11800  N=11809  holderDeg=71  probe(ttl4/6/8/12)=1/10/20/20 of 20
t=7200  N=7209  holderDeg=3  probe(ttl4/6/8/12)=0/1/2/2 of 20
t=11000  N=11009  holderDeg=34  probe(ttl4/6/8/12)=1/4/17/20 of 20
t=11000  N=11009  holderDeg=3  probe(ttl4/6/8/12)=0/0/4/9 of 20
t=7400  N=7409  holderDeg=3  probe(ttl4/6/8/12)=0/1/3/3 of 20
t=11000  N=11009  holderDeg=3  probe(ttl4/6/8/12)=0/2/0/1 of 20
t=11400  N=11409  holderDeg=64  probe(ttl4/6/8/12)=2/5/20/20 of 20
t=12000  N=12009  holderDeg=80  probe(ttl4/6/8/12)=3/11/19/20 of 20
t=11800  N=11809  holderDeg=3  probe(ttl4/6/8/12)=0/0/3/11 of 20
t=7600  N=7609  holderDeg=3  probe(ttl4/6/8/12)=0/1/3/3 of 20
t=12000  N=12009  holderDeg=73  probe(ttl4/6/8/12)=2/10/20/20 of 20
t=11200  N=11209  holderDeg=36  probe(ttl4/6/8/12)=1/6/16/20 of 20
t=11200  N=11209  holderDeg=3  probe(ttl4/6/8/12)=0/0/0/3 of 20
t=7800  N=7809  holderDeg=3  probe(ttl4/6/8/12)=0/1/4/6 of 20
t=12000  N=12009  holderDeg=3  probe(ttl4/6/8/12)=0/2/5/8 of 20
t=11600  N=11609  holderDeg=66  probe(ttl4/6/8/12)=5/11/19/20 of 20
t=11200  N=11209  holderDeg=3  probe(ttl4/6/8/12)=0/0/5/5 of 20
t=11400  N=11409  holderDeg=38  probe(ttl4/6/8/12)=3/2/16/19 of 20
t=8000  N=8009  holderDeg=3  probe(ttl4/6/8/12)=0/0/2/3 of 20
t=12200  N=12209  holderDeg=76  probe(ttl4/6/8/12)=4/8/19/20 of 20
t=11400  N=11409  holderDeg=3  probe(ttl4/6/8/12)=0/0/4/2 of 20
t=12200  N=12209  holderDeg=82  probe(ttl4/6/8/12)=2/11/17/20 of 20
t=12200  N=12209  holderDeg=3  probe(ttl4/6/8/12)=0/0/2/12 of 20
t=11400  N=11409  holderDeg=3  probe(ttl4/6/8/12)=1/2/6/8 of 20
t=8200  N=8209  holderDeg=3  probe(ttl4/6/8/12)=0/2/1/4 of 20
t=11600  N=11609  holderDeg=40  probe(ttl4/6/8/12)=2/8/17/20 of 20
t=12400  N=12409  holderDeg=79  probe(ttl4/6/8/12)=2/10/19/20 of 20
t=8400  N=8409  holderDeg=5  probe(ttl4/6/8/12)=0/0/2/4 of 20
t=11600  N=11609  holderDeg=3  probe(ttl4/6/8/12)=0/0/4/1 of 20
t=12400  N=12409  holderDeg=84  probe(ttl4/6/8/12)=1/13/20/20 of 20
t=11800  N=11809  holderDeg=68  probe(ttl4/6/8/12)=4/14/20/20 of 20
t=11600  N=11609  holderDeg=3  probe(ttl4/6/8/12)=0/1/4/8 of 20
t=12600  N=12609  holderDeg=81  probe(ttl4/6/8/12)=1/9/20/20 of 20
t=8600  N=8609  holderDeg=7  probe(ttl4/6/8/12)=0/1/2/4 of 20
t=11800  N=11809  holderDeg=3  probe(ttl4/6/8/12)=0/1/2/0 of 20
t=11800  N=11809  holderDeg=42  probe(ttl4/6/8/12)=2/5/16/20 of 20
t=12000  N=12009  holderDeg=70  probe(ttl4/6/8/12)=0/13/20/20 of 20
t=12400  N=12409  holderDeg=3  probe(ttl4/6/8/12)=0/1/4/13 of 20
t=11800  N=11809  holderDeg=3  probe(ttl4/6/8/12)=0/0/2/6 of 20
t=8800  N=8809  holderDeg=7  probe(ttl4/6/8/12)=0/1/5/4 of 20
t=12800  N=12809  holderDeg=83  probe(ttl4/6/8/12)=4/8/20/20 of 20
t=12600  N=12609  holderDeg=86  probe(ttl4/6/8/12)=2/10/20/20 of 20
t=12000  N=12009  holderDeg=3  probe(ttl4/6/8/12)=0/0/1/0 of 20
t=12000  N=12009  holderDeg=44  probe(ttl4/6/8/12)=1/9/17/20 of 20
t=12600  N=12609  holderDeg=3  probe(ttl4/6/8/12)=0/1/2/13 of 20
t=12000  N=12009  holderDeg=3  probe(ttl4/6/8/12)=0/1/3/6 of 20
t=12200  N=12209  holderDeg=72  probe(ttl4/6/8/12)=1/12/20/20 of 20
t=13000  N=13009  holderDeg=85  probe(ttl4/6/8/12)=1/13/20/20 of 20
t=12800  N=12809  holderDeg=91  probe(ttl4/6/8/12)=3/12/20/20 of 20
t=9000  N=9009  holderDeg=7  probe(ttl4/6/8/12)=0/0/9/8 of 20
t=12800  N=12809  holderDeg=3  probe(ttl4/6/8/12)=0/0/4/10 of 20
t=12200  N=12209  holderDeg=3  probe(ttl4/6/8/12)=0/0/6/5 of 20
t=12200  N=12209  holderDeg=46  probe(ttl4/6/8/12)=2/7/19/20 of 20
t=12400  N=12409  holderDeg=74  probe(ttl4/6/8/12)=2/10/19/20 of 20
t=12200  N=12209  holderDeg=3  probe(ttl4/6/8/12)=0/0/3/1 of 20
t=13200  N=13209  holderDeg=87  probe(ttl4/6/8/12)=2/12/20/20 of 20
t=9200  N=9209  holderDeg=7  probe(ttl4/6/8/12)=0/1/7/7 of 20
t=13000  N=13009  holderDeg=3  probe(ttl4/6/8/12)=0/2/4/7 of 20
t=12400  N=12409  holderDeg=3  probe(ttl4/6/8/12)=0/0/2/12 of 20
t=9400  N=9409  holderDeg=7  probe(ttl4/6/8/12)=1/0/4/4 of 20
t=13000  N=13009  holderDeg=94  probe(ttl4/6/8/12)=1/10/20/20 of 20
t=12600  N=12609  holderDeg=76  probe(ttl4/6/8/12)=2/9/19/20 of 20
t=12400  N=12409  holderDeg=48  probe(ttl4/6/8/12)=2/9/17/20 of 20
t=12400  N=12409  holderDeg=3  probe(ttl4/6/8/12)=0/0/1/0 of 20
t=13400  N=13409  holderDeg=90  probe(ttl4/6/8/12)=5/12/20/20 of 20
t=12600  N=12609  holderDeg=3  probe(ttl4/6/8/12)=0/0/1/6 of 20
t=9600  N=9609  holderDeg=7  probe(ttl4/6/8/12)=0/2/4/7 of 20
t=13200  N=13209  holderDeg=96  probe(ttl4/6/8/12)=2/12/20/20 of 20
t=13200  N=13209  holderDeg=3  probe(ttl4/6/8/12)=0/1/3/7 of 20
t=12600  N=12609  holderDeg=50  probe(ttl4/6/8/12)=1/5/18/20 of 20
t=12800  N=12809  holderDeg=78  probe(ttl4/6/8/12)=5/12/19/20 of 20
t=12600  N=12609  holderDeg=3  probe(ttl4/6/8/12)=0/1/0/0 of 20
t=13600  N=13609  holderDeg=92  probe(ttl4/6/8/12)=4/12/18/20 of 20
t=12800  N=12809  holderDeg=3  probe(ttl4/6/8/12)=0/0/2/9 of 20
t=9800  N=9809  holderDeg=7  probe(ttl4/6/8/12)=0/1/4/8 of 20
t=12800  N=12809  holderDeg=52  probe(ttl4/6/8/12)=2/11/18/20 of 20
t=13400  N=13409  holderDeg=3  probe(ttl4/6/8/12)=0/1/2/8 of 20
t=13800  N=13809  holderDeg=95  probe(ttl4/6/8/12)=2/13/19/20 of 20
t=13000  N=13009  holderDeg=81  probe(ttl4/6/8/12)=3/14/20/20 of 20
t=13400  N=13409  holderDeg=98  probe(ttl4/6/8/12)=2/15/20/20 of 20
t=10000  N=10009  holderDeg=7  probe(ttl4/6/8/12)=2/1/4/9 of 20
t=13000  N=13009  holderDeg=54  probe(ttl4/6/8/12)=2/8/20/20 of 20
t=13600  N=13609  holderDeg=3  probe(ttl4/6/8/12)=0/1/3/14 of 20
t=13000  N=13009  holderDeg=3  probe(ttl4/6/8/12)=0/1/3/5 of 20
t=10200  N=10209  holderDeg=7  probe(ttl4/6/8/12)=0/0/2/4 of 20
t=14000  N=14009  holderDeg=97  probe(ttl4/6/8/12)=2/12/18/20 of 20
t=12800  N=12809  holderDeg=3  probe(ttl4/6/8/12)=0/0/0/1 of 20
t=13600  N=13609  holderDeg=100  probe(ttl4/6/8/12)=4/16/20/20 of 20
t=13200  N=13209  holderDeg=83  probe(ttl4/6/8/12)=1/9/20/20 of 20
t=13200  N=13209  holderDeg=56  probe(ttl4/6/8/12)=1/8/20/20 of 20
t=13200  N=13209  holderDeg=3  probe(ttl4/6/8/12)=0/0/5/4 of 20
t=10400  N=10409  holderDeg=7  probe(ttl4/6/8/12)=0/0/5/6 of 20
t=13800  N=13809  holderDeg=3  probe(ttl4/6/8/12)=0/2/4/8 of 20
t=14200  N=14209  holderDeg=99  probe(ttl4/6/8/12)=0/13/19/20 of 20
t=13400  N=13409  holderDeg=58  probe(ttl4/6/8/12)=1/7/18/20 of 20

 Growing has been completed
*********************************************************************

t=13400  N=13409  holderDeg=85  probe(ttl4/6/8/12)=4/8/20/20 of 20
t=10600  N=10609  holderDeg=7  probe(ttl4/6/8/12)=0/2/3/3 of 20
t=13000  N=13009  holderDeg=3  probe(ttl4/6/8/12)=0/1/2/0 of 20

================ eps001  seed=9  (Pp=100 Pd=0 Pt=25000 rewire=True k=5 c=2 eps=0,01 qmax=0,05 N=10000 theta=6 crash=0 shape=0 multi=1 randrw=0 oracle=False fixedthr=0) ================
t=200  N=209  holderDeg=-1  probe(ttl4/6/8/12)=0/0/0/0 of 20
t=13800  N=13809  holderDeg=102  probe(ttl4/6/8/12)=2/10/20/20 of 20
t=400  N=409  holderDeg=-1  probe(ttl4/6/8/12)=0/0/0/0 of 20
t=600  N=609  holderDeg=-1  probe(ttl4/6/8/12)=0/0/0/0 of 20
t=800  N=809  holderDeg=-1  probe(ttl4/6/8/12)=0/0/0/0 of 20
t=13400  N=13409  holderDeg=3  probe(ttl4/6/8/12)=0/1/1/7 of 20
t=1000  N=1009  holderDeg=-1  probe(ttl4/6/8/12)=0/0/0/0 of 20
t=1200  N=1209  holderDeg=-1  probe(ttl4/6/8/12)=0/0/0/0 of 20
t=1400  N=1409  holderDeg=-1  probe(ttl4/6/8/12)=0/0/0/0 of 20
t=10800  N=10809  holderDeg=7  probe(ttl4/6/8/12)=0/0/2/8 of 20
t=1600  N=1609  holderDeg=-1  probe(ttl4/6/8/12)=0/0/0/0 of 20
t=13600  N=13609  holderDeg=60  probe(ttl4/6/8/12)=2/10/18/20 of 20
t=1800  N=1809  holderDeg=-1  probe(ttl4/6/8/12)=0/0/0/0 of 20
t=2000  N=2009  holderDeg=-1  probe(ttl4/6/8/12)=0/0/0/0 of 20
t=14000  N=14009  holderDeg=104  probe(ttl4/6/8/12)=8/13/20/20 of 20
t=13600  N=13609  holderDeg=87  probe(ttl4/6/8/12)=1/11/19/20 of 20
t=13200  N=13209  holderDeg=3  probe(ttl4/6/8/12)=0/0/1/1 of 20
t=13600  N=13609  holderDeg=3  probe(ttl4/6/8/12)=0/0/4/7 of 20
t=2200  N=2209  holderDeg=-1  probe(ttl4/6/8/12)=0/0/0/0 of 20
t=2400  N=2409  holderDeg=-1  probe(ttl4/6/8/12)=0/0/0/0 of 20
t=2600  N=2609  holderDeg=-1  probe(ttl4/6/8/12)=0/0/0/0 of 20
t=11000  N=11009  holderDeg=7  probe(ttl4/6/8/12)=0/1/5/4 of 20
t=14000  N=14009  holderDeg=3  probe(ttl4/6/8/12)=0/1/5/6 of 20
t=2800  N=2809  holderDeg=-1  probe(ttl4/6/8/12)=0/0/0/0 of 20
t=13800  N=13809  holderDeg=62  probe(ttl4/6/8/12)=0/7/18/20 of 20
t=13400  N=13409  holderDeg=3  probe(ttl4/6/8/12)=0/0/1/1 of 20
t=3000  N=3009  holderDeg=3  probe(ttl4/6/8/12)=0/3/10/12 of 20
t=3200  N=3209  holderDeg=3  probe(ttl4/6/8/12)=0/5/3/6 of 20
t=13800  N=13809  holderDeg=3  probe(ttl4/6/8/12)=0/0/3/9 of 20
t=3400  N=3409  holderDeg=3  probe(ttl4/6/8/12)=0/2/8/16 of 20
t=14200  N=14209  holderDeg=106  probe(ttl4/6/8/12)=5/12/20/20 of 20
t=11200  N=11209  holderDeg=7  probe(ttl4/6/8/12)=0/0/5/5 of 20
t=3600  N=3609  holderDeg=3  probe(ttl4/6/8/12)=0/3/8/15 of 20
t=13800  N=13809  holderDeg=89  probe(ttl4/6/8/12)=2/10/19/20 of 20

 Growing has been completed
*********************************************************************

t=14200  N=14209  holderDeg=3  probe(ttl4/6/8/12)=0/0/1/11 of 20
t=14000  N=14009  holderDeg=64  probe(ttl4/6/8/12)=1/14/20/20 of 20
t=13600  N=13609  holderDeg=3  probe(ttl4/6/8/12)=0/0/1/0 of 20
t=3800  N=3809  holderDeg=3  probe(ttl4/6/8/12)=0/0/5/9 of 20

================ th3  seed=9  (Pp=100 Pd=0 Pt=25000 rewire=True k=5 c=2 eps=0,02 qmax=0,05 N=10000 theta=3 crash=0 shape=0 multi=1 randrw=0 oracle=False fixedthr=0) ================
t=200  N=209  holderDeg=-1  probe(ttl4/6/8/12)=0/0/0/0 of 20

 Growing has been completed
*********************************************************************

t=400  N=409  holderDeg=-1  probe(ttl4/6/8/12)=0/0/0/0 of 20
t=600  N=609  holderDeg=-1  probe(ttl4/6/8/12)=0/0/0/0 of 20

================ k4  seed=9  (Pp=100 Pd=0 Pt=25000 rewire=True k=4 c=2 eps=0,02 qmax=0,05 N=10000 theta=6 crash=0 shape=0 multi=1 randrw=0 oracle=False fixedthr=0) ================
t=4000  N=4009  holderDeg=3  probe(ttl4/6/8/12)=0/1/9/13 of 20
t=800  N=809  holderDeg=-1  probe(ttl4/6/8/12)=0/0/0/0 of 20
t=200  N=209  holderDeg=-1  probe(ttl4/6/8/12)=0/0/0/0 of 20
t=11400  N=11409  holderDeg=7  probe(ttl4/6/8/12)=0/1/3/7 of 20
t=400  N=409  holderDeg=-1  probe(ttl4/6/8/12)=0/0/0/0 of 20
t=1000  N=1009  holderDeg=-1  probe(ttl4/6/8/12)=0/0/0/0 of 20
t=14000  N=14009  holderDeg=3  probe(ttl4/6/8/12)=0/0/1/4 of 20
t=600  N=609  holderDeg=-1  probe(ttl4/6/8/12)=0/0/0/0 of 20
t=4200  N=4209  holderDeg=3  probe(ttl4/6/8/12)=0/1/6/7 of 20
t=1200  N=1209  holderDeg=-1  probe(ttl4/6/8/12)=0/0/0/0 of 20
t=800  N=809  holderDeg=-1  probe(ttl4/6/8/12)=0/0/0/0 of 20
t=1400  N=1409  holderDeg=-1  probe(ttl4/6/8/12)=0/0/0/0 of 20
t=1000  N=1009  holderDeg=-1  probe(ttl4/6/8/12)=0/0/0/0 of 20
t=1600  N=1609  holderDeg=-1  probe(ttl4/6/8/12)=0/0/0/0 of 20
t=1200  N=1209  holderDeg=-1  probe(ttl4/6/8/12)=0/0/0/0 of 20
t=4400  N=4409  holderDeg=3  probe(ttl4/6/8/12)=0/2/4/8 of 20
t=14000  N=14009  holderDeg=91  probe(ttl4/6/8/12)=5/13/19/20 of 20
t=1800  N=1809  holderDeg=-1  probe(ttl4/6/8/12)=0/0/0/0 of 20
t=14200  N=14209  holderDeg=66  probe(ttl4/6/8/12)=0/5/19/20 of 20
t=1400  N=1409  holderDeg=-1  probe(ttl4/6/8/12)=0/0/0/0 of 20
t=2000  N=2009  holderDeg=-1  probe(ttl4/6/8/12)=0/0/0/0 of 20
t=1600  N=1609  holderDeg=-1  probe(ttl4/6/8/12)=0/0/0/0 of 20
t=4600  N=4609  holderDeg=3  probe(ttl4/6/8/12)=0/1/4/5 of 20
t=1800  N=1809  holderDeg=-1  probe(ttl4/6/8/12)=0/0/0/0 of 20
t=2200  N=2209  holderDeg=-1  probe(ttl4/6/8/12)=0/0/0/0 of 20
t=11600  N=11609  holderDeg=7  probe(ttl4/6/8/12)=0/1/6/13 of 20

 Growing has been completed
*********************************************************************

t=2000  N=2009  holderDeg=-1  probe(ttl4/6/8/12)=0/0/0/0 of 20
t=2400  N=2409  holderDeg=-1  probe(ttl4/6/8/12)=0/0/0/0 of 20

================ c1  seed=9  (Pp=100 Pd=0 Pt=25000 rewire=True k=5 c=1 eps=0,02 qmax=0,05 N=10000 theta=6 crash=0 shape=0 multi=1 randrw=0 oracle=False fixedthr=0) ================
t=2200  N=2209  holderDeg=-1  probe(ttl4/6/8/12)=0/0/0/0 of 20
t=200  N=209  holderDeg=-1  probe(ttl4/6/8/12)=0/0/0/0 of 20
t=400  N=409  holderDeg=-1  probe(ttl4/6/8/12)=0/0/0/0 of 20
t=2400  N=2409  holderDeg=-1  probe(ttl4/6/8/12)=0/0/0/0 of 20
t=2600  N=2609  holderDeg=-1  probe(ttl4/6/8/12)=0/0/0/0 of 20
t=4800  N=4809  holderDeg=3  probe(ttl4/6/8/12)=0/4/4/6 of 20
t=600  N=609  holderDeg=-1  probe(ttl4/6/8/12)=0/0/0/0 of 20
t=14200  N=14209  holderDeg=3  probe(ttl4/6/8/12)=0/0/2/6 of 20
t=800  N=809  holderDeg=-1  probe(ttl4/6/8/12)=0/0/0/0 of 20
t=2800  N=2809  holderDeg=-1  probe(ttl4/6/8/12)=0/0/0/0 of 20
t=2600  N=2609  holderDeg=-1  probe(ttl4/6/8/12)=0/0/0/0 of 20
t=13800  N=13809  holderDeg=3  probe(ttl4/6/8/12)=0/0/0/1 of 20

 Growing has been completed
*********************************************************************

t=1000  N=1009  holderDeg=-1  probe(ttl4/6/8/12)=0/0/0/0 of 20
t=2800  N=2809  holderDeg=-1  probe(ttl4/6/8/12)=0/0/0/0 of 20
t=5000  N=5009  holderDeg=3  probe(ttl4/6/8/12)=0/2/7/7 of 20
t=11800  N=11809  holderDeg=7  probe(ttl4/6/8/12)=0/0/2/5 of 20
t=1200  N=1209  holderDeg=-1  probe(ttl4/6/8/12)=0/0/0/0 of 20
t=3000  N=3009  holderDeg=3  probe(ttl4/6/8/12)=0/5/6/13 of 20

================ eps001  seed=10  (Pp=100 Pd=0 Pt=25000 rewire=True k=5 c=2 eps=0,01 qmax=0,05 N=10000 theta=6 crash=0 shape=0 multi=1 randrw=0 oracle=False fixedthr=0) ================
t=1400  N=1409  holderDeg=-1  probe(ttl4/6/8/12)=0/0/0/0 of 20
t=3000  N=3009  holderDeg=3  probe(ttl4/6/8/12)=2/2/6/12 of 20
t=200  N=209  holderDeg=-1  probe(ttl4/6/8/12)=0/0/0/0 of 20
t=400  N=409  holderDeg=-1  probe(ttl4/6/8/12)=0/0/0/0 of 20
t=3200  N=3209  holderDeg=3  probe(ttl4/6/8/12)=0/1/7/13 of 20
t=1600  N=1609  holderDeg=-1  probe(ttl4/6/8/12)=0/0/0/0 of 20
t=600  N=609  holderDeg=-1  probe(ttl4/6/8/12)=0/0/0/0 of 20
t=3200  N=3209  holderDeg=3  probe(ttl4/6/8/12)=0/2/8/15 of 20
t=5200  N=5209  holderDeg=3  probe(ttl4/6/8/12)=0/2/7/8 of 20
t=14200  N=14209  holderDeg=93  probe(ttl4/6/8/12)=0/11/19/20 of 20
t=1800  N=1809  holderDeg=-1  probe(ttl4/6/8/12)=0/0/0/0 of 20

 Growing has been completed
*********************************************************************

t=800  N=809  holderDeg=-1  probe(ttl4/6/8/12)=0/0/0/0 of 20
t=3400  N=3409  holderDeg=3  probe(ttl4/6/8/12)=1/1/4/13 of 20
t=1000  N=1009  holderDeg=-1  probe(ttl4/6/8/12)=0/0/0/0 of 20
t=2000  N=2009  holderDeg=-1  probe(ttl4/6/8/12)=0/0/0/0 of 20
t=1200  N=1209  holderDeg=-1  probe(ttl4/6/8/12)=0/0/0/0 of 20
t=3600  N=3609  holderDeg=3  probe(ttl4/6/8/12)=0/1/8/10 of 20
t=3400  N=3409  holderDeg=3  probe(ttl4/6/8/12)=1/3/5/12 of 20

================ th3  seed=10  (Pp=100 Pd=0 Pt=25000 rewire=True k=5 c=2 eps=0,02 qmax=0,05 N=10000 theta=3 crash=0 shape=0 multi=1 randrw=0 oracle=False fixedthr=0) ================
t=5400  N=5409  holderDeg=3  probe(ttl4/6/8/12)=1/2/7/4 of 20
t=200  N=209  holderDeg=-1  probe(ttl4/6/8/12)=0/0/0/0 of 20
t=1400  N=1409  holderDeg=-1  probe(ttl4/6/8/12)=0/0/0/0 of 20
t=2200  N=2209  holderDeg=-1  probe(ttl4/6/8/12)=0/0/0/0 of 20
t=400  N=409  holderDeg=-1  probe(ttl4/6/8/12)=0/0/0/0 of 20
t=3600  N=3609  holderDeg=4  probe(ttl4/6/8/12)=0/2/8/15 of 20
t=1600  N=1609  holderDeg=-1  probe(ttl4/6/8/12)=0/0/0/0 of 20
t=3800  N=3809  holderDeg=3  probe(ttl4/6/8/12)=0/4/9/12 of 20
t=12000  N=12009  holderDeg=7  probe(ttl4/6/8/12)=0/0/4/5 of 20
t=600  N=609  holderDeg=-1  probe(ttl4/6/8/12)=0/0/0/0 of 20
t=1800  N=1809  holderDeg=-1  probe(ttl4/6/8/12)=0/0/0/0 of 20
t=2400  N=2409  holderDeg=-1  probe(ttl4/6/8/12)=0/0/0/0 of 20
t=5600  N=5609  holderDeg=3  probe(ttl4/6/8/12)=0/2/5/10 of 20
t=800  N=809  holderDeg=-1  probe(ttl4/6/8/12)=0/0/0/0 of 20
t=3800  N=3809  holderDeg=4  probe(ttl4/6/8/12)=0/5/7/14 of 20
t=2000  N=2009  holderDeg=-1  probe(ttl4/6/8/12)=0/0/0/0 of 20
t=4000  N=4009  holderDeg=3  probe(ttl4/6/8/12)=0/1/6/11 of 20
t=1000  N=1009  holderDeg=-1  probe(ttl4/6/8/12)=0/0/0/0 of 20
t=2600  N=2609  holderDeg=-1  probe(ttl4/6/8/12)=0/0/0/0 of 20
t=1200  N=1209  holderDeg=-1  probe(ttl4/6/8/12)=0/0/0/0 of 20
t=2200  N=2209  holderDeg=-1  probe(ttl4/6/8/12)=0/0/0/0 of 20
t=1400  N=1409  holderDeg=-1  probe(ttl4/6/8/12)=0/0/0/0 of 20
t=4200  N=4209  holderDeg=3  probe(ttl4/6/8/12)=1/2/6/8 of 20
t=2800  N=2809  holderDeg=-1  probe(ttl4/6/8/12)=0/0/0/0 of 20
t=1600  N=1609  holderDeg=-1  probe(ttl4/6/8/12)=0/0/0/0 of 20
t=2400  N=2409  holderDeg=-1  probe(ttl4/6/8/12)=0/0/0/0 of 20
t=4000  N=4009  holderDeg=4  probe(ttl4/6/8/12)=0/2/7/12 of 20
t=5800  N=5809  holderDeg=3  probe(ttl4/6/8/12)=0/1/7/10 of 20
t=1800  N=1809  holderDeg=-1  probe(ttl4/6/8/12)=0/0/0/0 of 20
t=3000  N=3009  holderDeg=3  probe(ttl4/6/8/12)=1/2/6/14 of 20
t=2600  N=2609  holderDeg=-1  probe(ttl4/6/8/12)=0/0/0/0 of 20
t=2000  N=2009  holderDeg=-1  probe(ttl4/6/8/12)=0/0/0/0 of 20
t=4200  N=4209  holderDeg=4  probe(ttl4/6/8/12)=2/4/7/12 of 20
t=3200  N=3209  holderDeg=3  probe(ttl4/6/8/12)=1/3/9/14 of 20
t=2200  N=2209  holderDeg=-1  probe(ttl4/6/8/12)=0/0/0/0 of 20
t=4400  N=4409  holderDeg=3  probe(ttl4/6/8/12)=0/2/3/11 of 20
t=6000  N=6009  holderDeg=3  probe(ttl4/6/8/12)=0/0/5/8 of 20
t=12200  N=12209  holderDeg=7  probe(ttl4/6/8/12)=0/0/4/7 of 20
t=2800  N=2809  holderDeg=-1  probe(ttl4/6/8/12)=0/0/0/0 of 20
t=2400  N=2409  holderDeg=-1  probe(ttl4/6/8/12)=0/0/0/0 of 20
t=4400  N=4409  holderDeg=4  probe(ttl4/6/8/12)=0/0/11/16 of 20
t=3400  N=3409  holderDeg=3  probe(ttl4/6/8/12)=0/2/12/12 of 20
t=14000  N=14009  holderDeg=3  probe(ttl4/6/8/12)=0/0/1/2 of 20
t=2600  N=2609  holderDeg=-1  probe(ttl4/6/8/12)=0/0/0/0 of 20
t=3000  N=3009  holderDeg=3  probe(ttl4/6/8/12)=0/1/11/10 of 20
t=4600  N=4609  holderDeg=3  probe(ttl4/6/8/12)=1/3/5/11 of 20
t=4600  N=4609  holderDeg=4  probe(ttl4/6/8/12)=0/2/6/15 of 20
t=3600  N=3609  holderDeg=3  probe(ttl4/6/8/12)=0/3/9/11 of 20
t=2800  N=2809  holderDeg=-1  probe(ttl4/6/8/12)=0/0/0/0 of 20
t=3200  N=3209  holderDeg=3  probe(ttl4/6/8/12)=0/3/12/7 of 20
t=4800  N=4809  holderDeg=3  probe(ttl4/6/8/12)=0/1/4/9 of 20
t=6200  N=6209  holderDeg=3  probe(ttl4/6/8/12)=0/2/8/4 of 20
t=3800  N=3809  holderDeg=3  probe(ttl4/6/8/12)=1/3/9/11 of 20
t=4800  N=4809  holderDeg=4  probe(ttl4/6/8/12)=0/1/7/15 of 20
t=3400  N=3409  holderDeg=3  probe(ttl4/6/8/12)=1/1/6/12 of 20
t=3000  N=3009  holderDeg=3  probe(ttl4/6/8/12)=0/2/5/8 of 20
t=5000  N=5009  holderDeg=3  probe(ttl4/6/8/12)=0/0/7/8 of 20
t=3600  N=3609  holderDeg=3  probe(ttl4/6/8/12)=0/2/3/14 of 20
t=6400  N=6409  holderDeg=3  probe(ttl4/6/8/12)=0/0/2/11 of 20
t=4000  N=4009  holderDeg=3  probe(ttl4/6/8/12)=0/2/4/12 of 20
t=5000  N=5009  holderDeg=4  probe(ttl4/6/8/12)=0/1/4/11 of 20
t=3200  N=3209  holderDeg=3  probe(ttl4/6/8/12)=0/5/7/8 of 20
t=12400  N=12409  holderDeg=7  probe(ttl4/6/8/12)=0/3/4/5 of 20
t=5200  N=5209  holderDeg=3  probe(ttl4/6/8/12)=0/1/5/11 of 20
t=3800  N=3809  holderDeg=3  probe(ttl4/6/8/12)=0/4/10/10 of 20
t=14200  N=14209  holderDeg=3  probe(ttl4/6/8/12)=0/1/1/1 of 20
t=4200  N=4209  holderDeg=3  probe(ttl4/6/8/12)=0/3/5/8 of 20
t=5200  N=5209  holderDeg=4  probe(ttl4/6/8/12)=0/2/2/9 of 20

 Growing has been completed
*********************************************************************

t=3400  N=3409  holderDeg=3  probe(ttl4/6/8/12)=1/1/5/13 of 20
t=4000  N=4009  holderDeg=3  probe(ttl4/6/8/12)=0/0/4/10 of 20
t=6600  N=6609  holderDeg=3  probe(ttl4/6/8/12)=0/0/1/5 of 20

================ k4  seed=10  (Pp=100 Pd=0 Pt=25000 rewire=True k=4 c=2 eps=0,02 qmax=0,05 N=10000 theta=6 crash=0 shape=0 multi=1 randrw=0 oracle=False fixedthr=0) ================
t=200  N=209  holderDeg=-1  probe(ttl4/6/8/12)=0/0/0/0 of 20
t=5400  N=5409  holderDeg=3  probe(ttl4/6/8/12)=0/1/5/11 of 20
t=4400  N=4409  holderDeg=3  probe(ttl4/6/8/12)=0/2/6/12 of 20
t=400  N=409  holderDeg=-1  probe(ttl4/6/8/12)=0/0/0/0 of 20
t=5400  N=5409  holderDeg=6  probe(ttl4/6/8/12)=2/4/8/19 of 20
t=3600  N=3609  holderDeg=3  probe(ttl4/6/8/12)=0/2/7/12 of 20
t=600  N=609  holderDeg=-1  probe(ttl4/6/8/12)=0/0/0/0 of 20
t=4200  N=4209  holderDeg=3  probe(ttl4/6/8/12)=0/2/3/13 of 20
t=800  N=809  holderDeg=-1  probe(ttl4/6/8/12)=0/0/0/0 of 20
t=4600  N=4609  holderDeg=5  probe(ttl4/6/8/12)=1/3/10/10 of 20
t=3800  N=3809  holderDeg=3  probe(ttl4/6/8/12)=0/4/8/10 of 20
t=5600  N=5609  holderDeg=3  probe(ttl4/6/8/12)=0/0/8/7 of 20
t=1000  N=1009  holderDeg=-1  probe(ttl4/6/8/12)=0/0/0/0 of 20
t=6800  N=6809  holderDeg=3  probe(ttl4/6/8/12)=0/0/7/6 of 20
t=5600  N=5609  holderDeg=8  probe(ttl4/6/8/12)=2/3/10/17 of 20
t=1200  N=1209  holderDeg=-1  probe(ttl4/6/8/12)=0/0/0/0 of 20
t=4400  N=4409  holderDeg=3  probe(ttl4/6/8/12)=0/3/10/11 of 20
t=4000  N=4009  holderDeg=3  probe(ttl4/6/8/12)=1/3/6/9 of 20
t=1400  N=1409  holderDeg=-1  probe(ttl4/6/8/12)=0/0/0/0 of 20
t=4800  N=4809  holderDeg=7  probe(ttl4/6/8/12)=0/2/9/17 of 20
t=12600  N=12609  holderDeg=7  probe(ttl4/6/8/12)=0/2/4/5 of 20
t=1600  N=1609  holderDeg=-1  probe(ttl4/6/8/12)=0/0/0/0 of 20
t=5800  N=5809  holderDeg=10  probe(ttl4/6/8/12)=0/3/14/20 of 20
t=1800  N=1809  holderDeg=-1  probe(ttl4/6/8/12)=0/0/0/0 of 20
t=4200  N=4209  holderDeg=3  probe(ttl4/6/8/12)=0/4/4/7 of 20
t=5800  N=5809  holderDeg=5  probe(ttl4/6/8/12)=0/0/7/13 of 20
t=7000  N=7009  holderDeg=3  probe(ttl4/6/8/12)=0/1/2/7 of 20
t=4600  N=4609  holderDeg=3  probe(ttl4/6/8/12)=0/1/6/10 of 20
t=5000  N=5009  holderDeg=9  probe(ttl4/6/8/12)=2/1/12/19 of 20
t=2000  N=2009  holderDeg=-1  probe(ttl4/6/8/12)=0/0/0/0 of 20
t=2200  N=2209  holderDeg=-1  probe(ttl4/6/8/12)=0/0/0/0 of 20
t=4400  N=4409  holderDeg=3  probe(ttl4/6/8/12)=1/0/3/8 of 20
t=6000  N=6009  holderDeg=7  probe(ttl4/6/8/12)=2/6/7/16 of 20
t=4800  N=4809  holderDeg=3  probe(ttl4/6/8/12)=0/2/6/10 of 20
t=5200  N=5209  holderDeg=11  probe(ttl4/6/8/12)=2/6/12/16 of 20
t=6000  N=6009  holderDeg=12  probe(ttl4/6/8/12)=0/2/15/20 of 20
t=2400  N=2409  holderDeg=-1  probe(ttl4/6/8/12)=0/0/0/0 of 20
t=7200  N=7209  holderDeg=3  probe(ttl4/6/8/12)=0/1/1/8 of 20
t=4600  N=4609  holderDeg=3  probe(ttl4/6/8/12)=1/1/4/8 of 20
t=2600  N=2609  holderDeg=-1  probe(ttl4/6/8/12)=0/0/0/0 of 20
t=5000  N=5009  holderDeg=3  probe(ttl4/6/8/12)=0/1/8/11 of 20
t=5400  N=5409  holderDeg=14  probe(ttl4/6/8/12)=3/4/14/20 of 20
t=4800  N=4809  holderDeg=3  probe(ttl4/6/8/12)=0/2/6/9 of 20
t=2800  N=2809  holderDeg=-1  probe(ttl4/6/8/12)=0/0/0/0 of 20
t=6200  N=6209  holderDeg=9  probe(ttl4/6/8/12)=1/6/11/16 of 20
t=12800  N=12809  holderDeg=7  probe(ttl4/6/8/12)=0/1/2/6 of 20
t=6200  N=6209  holderDeg=14  probe(ttl4/6/8/12)=0/4/13/19 of 20
t=5200  N=5209  holderDeg=3  probe(ttl4/6/8/12)=0/2/5/8 of 20
t=7400  N=7409  holderDeg=3  probe(ttl4/6/8/12)=0/2/3/8 of 20
t=3000  N=3009  holderDeg=3  probe(ttl4/6/8/12)=1/2/9/14 of 20
t=5000  N=5009  holderDeg=3  probe(ttl4/6/8/12)=0/1/5/7 of 20
t=5600  N=5609  holderDeg=18  probe(ttl4/6/8/12)=1/5/17/19 of 20
t=3200  N=3209  holderDeg=3  probe(ttl4/6/8/12)=0/5/10/12 of 20
t=5400  N=5409  holderDeg=3  probe(ttl4/6/8/12)=0/2/5/7 of 20
t=6400  N=6409  holderDeg=11  probe(ttl4/6/8/12)=1/2/10/18 of 20
t=6400  N=6409  holderDeg=16  probe(ttl4/6/8/12)=1/0/14/20 of 20
t=5200  N=5209  holderDeg=3  probe(ttl4/6/8/12)=1/1/2/7 of 20
t=3400  N=3409  holderDeg=3  probe(ttl4/6/8/12)=0/1/3/16 of 20
t=7600  N=7609  holderDeg=3  probe(ttl4/6/8/12)=1/2/3/9 of 20
t=5600  N=5609  holderDeg=3  probe(ttl4/6/8/12)=0/0/5/11 of 20
t=5800  N=5809  holderDeg=20  probe(ttl4/6/8/12)=3/6/14/20 of 20
t=3600  N=3609  holderDeg=3  probe(ttl4/6/8/12)=0/1/4/14 of 20
t=5400  N=5409  holderDeg=3  probe(ttl4/6/8/12)=1/0/3/3 of 20
t=6600  N=6609  holderDeg=18  probe(ttl4/6/8/12)=2/12/15/20 of 20
t=5800  N=5809  holderDeg=3  probe(ttl4/6/8/12)=0/2/5/11 of 20
t=13000  N=13009  holderDeg=7  probe(ttl4/6/8/12)=0/4/0/10 of 20
t=3800  N=3809  holderDeg=3  probe(ttl4/6/8/12)=0/2/8/15 of 20
t=6000  N=6009  holderDeg=22  probe(ttl4/6/8/12)=0/8/14/20 of 20
t=7800  N=7809  holderDeg=3  probe(ttl4/6/8/12)=0/0/2/7 of 20
t=6600  N=6609  holderDeg=13  probe(ttl4/6/8/12)=3/4/11/18 of 20
t=4000  N=4009  holderDeg=3  probe(ttl4/6/8/12)=0/3/9/12 of 20
t=5600  N=5609  holderDeg=3  probe(ttl4/6/8/12)=0/0/3/5 of 20
t=4200  N=4209  holderDeg=3  probe(ttl4/6/8/12)=0/1/4/14 of 20
t=6800  N=6809  holderDeg=20  probe(ttl4/6/8/12)=0/2/17/20 of 20
t=6200  N=6209  holderDeg=24  probe(ttl4/6/8/12)=2/10/19/20 of 20
t=6000  N=6009  holderDeg=3  probe(ttl4/6/8/12)=0/0/3/12 of 20
t=6800  N=6809  holderDeg=15  probe(ttl4/6/8/12)=1/7/16/17 of 20
t=5800  N=5809  holderDeg=3  probe(ttl4/6/8/12)=0/0/3/1 of 20
t=8000  N=8009  holderDeg=3  probe(ttl4/6/8/12)=0/0/2/5 of 20
t=4400  N=4409  holderDeg=3  probe(ttl4/6/8/12)=0/1/2/9 of 20
t=7000  N=7009  holderDeg=22  probe(ttl4/6/8/12)=2/8/18/20 of 20
t=7000  N=7009  holderDeg=17  probe(ttl4/6/8/12)=0/4/15/18 of 20
t=6000  N=6009  holderDeg=3  probe(ttl4/6/8/12)=0/0/0/3 of 20
t=6200  N=6209  holderDeg=3  probe(ttl4/6/8/12)=0/3/7/9 of 20
t=6400  N=6409  holderDeg=26  probe(ttl4/6/8/12)=2/5/19/20 of 20
t=8200  N=8209  holderDeg=3  probe(ttl4/6/8/12)=1/0/4/8 of 20
t=4600  N=4609  holderDeg=3  probe(ttl4/6/8/12)=2/1/4/11 of 20
t=7200  N=7209  holderDeg=19  probe(ttl4/6/8/12)=1/5/16/18 of 20
t=6200  N=6209  holderDeg=3  probe(ttl4/6/8/12)=1/1/2/2 of 20
t=4800  N=4809  holderDeg=3  probe(ttl4/6/8/12)=0/0/5/11 of 20
t=6400  N=6409  holderDeg=3  probe(ttl4/6/8/12)=0/2/3/9 of 20
t=7200  N=7209  holderDeg=24  probe(ttl4/6/8/12)=2/5/18/20 of 20
t=6600  N=6609  holderDeg=28  probe(ttl4/6/8/12)=3/8/16/20 of 20
t=5000  N=5009  holderDeg=3  probe(ttl4/6/8/12)=0/2/1/11 of 20
t=8400  N=8409  holderDeg=3  probe(ttl4/6/8/12)=0/1/8/11 of 20
t=13200  N=13209  holderDeg=7  probe(ttl4/6/8/12)=0/1/6/5 of 20
t=6600  N=6609  holderDeg=3  probe(ttl4/6/8/12)=0/1/4/6 of 20
t=7400  N=7409  holderDeg=21  probe(ttl4/6/8/12)=1/3/12/19 of 20
t=6400  N=6409  holderDeg=3  probe(ttl4/6/8/12)=0/2/2/5 of 20
t=7400  N=7409  holderDeg=26  probe(ttl4/6/8/12)=3/6/16/20 of 20
t=5200  N=5209  holderDeg=3  probe(ttl4/6/8/12)=0/0/4/14 of 20
t=6800  N=6809  holderDeg=30  probe(ttl4/6/8/12)=0/6/19/20 of 20
t=6600  N=6609  holderDeg=3  probe(ttl4/6/8/12)=0/1/4/3 of 20
t=5400  N=5409  holderDeg=3  probe(ttl4/6/8/12)=0/1/4/10 of 20
t=8600  N=8609  holderDeg=3  probe(ttl4/6/8/12)=0/0/5/3 of 20
t=7600  N=7609  holderDeg=29  probe(ttl4/6/8/12)=2/7/19/20 of 20
t=6800  N=6809  holderDeg=3  probe(ttl4/6/8/12)=0/1/3/9 of 20
t=7000  N=7009  holderDeg=32  probe(ttl4/6/8/12)=1/5/18/20 of 20
t=7600  N=7609  holderDeg=23  probe(ttl4/6/8/12)=0/4/15/20 of 20
t=6800  N=6809  holderDeg=3  probe(ttl4/6/8/12)=0/2/3/2 of 20
t=5600  N=5609  holderDeg=3  probe(ttl4/6/8/12)=0/3/4/10 of 20
t=8800  N=8809  holderDeg=3  probe(ttl4/6/8/12)=0/0/3/8 of 20
t=7000  N=7009  holderDeg=3  probe(ttl4/6/8/12)=0/0/2/11 of 20
t=7800  N=7809  holderDeg=32  probe(ttl4/6/8/12)=1/8/18/20 of 20
t=5800  N=5809  holderDeg=3  probe(ttl4/6/8/12)=0/2/5/9 of 20
t=7200  N=7209  holderDeg=34  probe(ttl4/6/8/12)=2/7/19/20 of 20
t=7000  N=7009  holderDeg=3  probe(ttl4/6/8/12)=0/0/5/4 of 20
t=7800  N=7809  holderDeg=25  probe(ttl4/6/8/12)=1/8/16/20 of 20
t=7200  N=7209  holderDeg=3  probe(ttl4/6/8/12)=0/0/7/8 of 20
t=8000  N=8009  holderDeg=34  probe(ttl4/6/8/12)=2/8/17/20 of 20
t=6000  N=6009  holderDeg=3  probe(ttl4/6/8/12)=0/1/7/8 of 20
t=7400  N=7409  holderDeg=36  probe(ttl4/6/8/12)=2/7/19/20 of 20
t=7200  N=7209  holderDeg=3  probe(ttl4/6/8/12)=0/0/4/5 of 20
t=8000  N=8009  holderDeg=27  probe(ttl4/6/8/12)=2/3/16/19 of 20
t=9000  N=9009  holderDeg=3  probe(ttl4/6/8/12)=0/1/6/8 of 20
t=6200  N=6209  holderDeg=3  probe(ttl4/6/8/12)=1/0/6/14 of 20
t=8200  N=8209  holderDeg=36  probe(ttl4/6/8/12)=3/8/19/20 of 20
t=13400  N=13409  holderDeg=7  probe(ttl4/6/8/12)=0/0/6/5 of 20
t=7600  N=7609  holderDeg=38  probe(ttl4/6/8/12)=1/10/20/20 of 20
t=7400  N=7409  holderDeg=3  probe(ttl4/6/8/12)=0/1/1/4 of 20
t=7400  N=7409  holderDeg=3  probe(ttl4/6/8/12)=0/0/5/7 of 20
t=9200  N=9209  holderDeg=5  probe(ttl4/6/8/12)=0/0/9/13 of 20
t=8200  N=8209  holderDeg=29  probe(ttl4/6/8/12)=2/7/18/20 of 20
t=6400  N=6409  holderDeg=3  probe(ttl4/6/8/12)=0/0/4/7 of 20
t=7600  N=7609  holderDeg=3  probe(ttl4/6/8/12)=0/5/6/9 of 20
t=7800  N=7809  holderDeg=40  probe(ttl4/6/8/12)=1/12/20/20 of 20
t=7600  N=7609  holderDeg=3  probe(ttl4/6/8/12)=0/2/2/1 of 20
t=8400  N=8409  holderDeg=38  probe(ttl4/6/8/12)=1/9/20/20 of 20
t=9400  N=9409  holderDeg=7  probe(ttl4/6/8/12)=1/1/4/18 of 20
t=6600  N=6609  holderDeg=3  probe(ttl4/6/8/12)=0/0/5/8 of 20
t=6800  N=6809  holderDeg=3  probe(ttl4/6/8/12)=0/0/2/7 of 20
t=7800  N=7809  holderDeg=3  probe(ttl4/6/8/12)=0/1/3/5 of 20
t=8400  N=8409  holderDeg=31  probe(ttl4/6/8/12)=3/5/19/20 of 20
t=8000  N=8009  holderDeg=43  probe(ttl4/6/8/12)=1/8/18/20 of 20
t=13600  N=13609  holderDeg=7  probe(ttl4/6/8/12)=0/1/6/5 of 20
t=7800  N=7809  holderDeg=3  probe(ttl4/6/8/12)=1/0/3/1 of 20
t=8000  N=8009  holderDeg=3  probe(ttl4/6/8/12)=2/3/6/2 of 20
t=7000  N=7009  holderDeg=3  probe(ttl4/6/8/12)=0/1/2/12 of 20
t=9600  N=9609  holderDeg=9  probe(ttl4/6/8/12)=0/4/8/14 of 20
t=8600  N=8609  holderDeg=33  probe(ttl4/6/8/12)=2/14/13/20 of 20
t=8600  N=8609  holderDeg=40  probe(ttl4/6/8/12)=2/7/20/20 of 20
t=8200  N=8209  holderDeg=45  probe(ttl4/6/8/12)=3/9/19/20 of 20
t=8000  N=8009  holderDeg=3  probe(ttl4/6/8/12)=0/1/5/3 of 20
t=7200  N=7209  holderDeg=3  probe(ttl4/6/8/12)=0/2/3/7 of 20
t=8200  N=8209  holderDeg=3  probe(ttl4/6/8/12)=0/2/3/9 of 20
t=9800  N=9809  holderDeg=11  probe(ttl4/6/8/12)=1/2/10/16 of 20
t=8800  N=8809  holderDeg=42  probe(ttl4/6/8/12)=2/7/20/20 of 20
t=13800  N=13809  holderDeg=7  probe(ttl4/6/8/12)=0/1/4/5 of 20
t=8800  N=8809  holderDeg=35  probe(ttl4/6/8/12)=3/13/17/20 of 20
t=7400  N=7409  holderDeg=3  probe(ttl4/6/8/12)=0/1/6/5 of 20
t=8200  N=8209  holderDeg=3  probe(ttl4/6/8/12)=1/2/1/2 of 20
t=8400  N=8409  holderDeg=3  probe(ttl4/6/8/12)=0/1/3/11 of 20
t=8400  N=8409  holderDeg=47  probe(ttl4/6/8/12)=1/8/19/20 of 20
t=10000  N=10009  holderDeg=13  probe(ttl4/6/8/12)=0/2/6/16 of 20
t=9000  N=9009  holderDeg=36  probe(ttl4/6/8/12)=1/10/18/20 of 20
t=9000  N=9009  holderDeg=44  probe(ttl4/6/8/12)=2/4/19/20 of 20
t=8600  N=8609  holderDeg=3  probe(ttl4/6/8/12)=0/2/3/7 of 20
t=7600  N=7609  holderDeg=3  probe(ttl4/6/8/12)=0/1/6/5 of 20
t=8600  N=8609  holderDeg=49  probe(ttl4/6/8/12)=0/9/20/20 of 20
t=8400  N=8409  holderDeg=3  probe(ttl4/6/8/12)=0/0/3/5 of 20
t=14000  N=14009  holderDeg=7  probe(ttl4/6/8/12)=0/0/3/5 of 20
t=10200  N=10209  holderDeg=15  probe(ttl4/6/8/12)=0/3/12/18 of 20
t=9200  N=9209  holderDeg=46  probe(ttl4/6/8/12)=1/10/18/20 of 20
t=8800  N=8809  holderDeg=3  probe(ttl4/6/8/12)=1/0/1/6 of 20
t=7800  N=7809  holderDeg=3  probe(ttl4/6/8/12)=1/3/3/8 of 20
t=9200  N=9209  holderDeg=38  probe(ttl4/6/8/12)=5/4/17/20 of 20
t=8000  N=8009  holderDeg=3  probe(ttl4/6/8/12)=0/1/3/3 of 20
t=8800  N=8809  holderDeg=52  probe(ttl4/6/8/12)=1/8/20/20 of 20
t=9400  N=9409  holderDeg=48  probe(ttl4/6/8/12)=0/13/20/20 of 20
t=9000  N=9009  holderDeg=3  probe(ttl4/6/8/12)=0/1/2/5 of 20
t=8600  N=8609  holderDeg=3  probe(ttl4/6/8/12)=0/2/2/3 of 20
t=10400  N=10409  holderDeg=17  probe(ttl4/6/8/12)=1/3/13/20 of 20
t=14200  N=14209  holderDeg=9  probe(ttl4/6/8/12)=1/3/2/5 of 20
t=9400  N=9409  holderDeg=40  probe(ttl4/6/8/12)=1/11/17/20 of 20
t=9600  N=9609  holderDeg=50  probe(ttl4/6/8/12)=2/10/20/20 of 20
t=9000  N=9009  holderDeg=54  probe(ttl4/6/8/12)=1/7/18/20 of 20
t=8800  N=8809  holderDeg=3  probe(ttl4/6/8/12)=0/1/0/2 of 20
t=8200  N=8209  holderDeg=3  probe(ttl4/6/8/12)=0/0/5/4 of 20
t=9200  N=9209  holderDeg=3  probe(ttl4/6/8/12)=0/0/4/7 of 20
t=9600  N=9609  holderDeg=43  probe(ttl4/6/8/12)=1/7/20/20 of 20
t=9800  N=9809  holderDeg=53  probe(ttl4/6/8/12)=4/12/18/20 of 20
t=10600  N=10609  holderDeg=19  probe(ttl4/6/8/12)=1/2/15/20 of 20
t=9000  N=9009  holderDeg=3  probe(ttl4/6/8/12)=0/1/1/1 of 20
t=9400  N=9409  holderDeg=3  probe(ttl4/6/8/12)=0/1/5/6 of 20
t=8400  N=8409  holderDeg=3  probe(ttl4/6/8/12)=0/1/7/5 of 20
t=9200  N=9209  holderDeg=57  probe(ttl4/6/8/12)=4/12/20/20 of 20
t=9200  N=9209  holderDeg=3  probe(ttl4/6/8/12)=0/0/1/2 of 20
t=9800  N=9809  holderDeg=45  probe(ttl4/6/8/12)=3/7/20/20 of 20
t=10000  N=10009  holderDeg=56  probe(ttl4/6/8/12)=1/12/19/20 of 20
t=8600  N=8609  holderDeg=3  probe(ttl4/6/8/12)=1/0/2/7 of 20
t=9400  N=9409  holderDeg=59  probe(ttl4/6/8/12)=3/11/18/20 of 20
t=9600  N=9609  holderDeg=3  probe(ttl4/6/8/12)=0/0/2/5 of 20
t=9400  N=9409  holderDeg=3  probe(ttl4/6/8/12)=0/0/2/2 of 20
t=10000  N=10009  holderDeg=48  probe(ttl4/6/8/12)=1/5/17/20 of 20
t=8800  N=8809  holderDeg=3  probe(ttl4/6/8/12)=1/2/3/8 of 20
t=10200  N=10209  holderDeg=58  probe(ttl4/6/8/12)=0/10/19/20 of 20
t=10800  N=10809  holderDeg=21  probe(ttl4/6/8/12)=1/5/16/20 of 20

 Growing has been completed
*********************************************************************

t=9600  N=9609  holderDeg=64  probe(ttl4/6/8/12)=0/12/19/20 of 20

================ c1  seed=10  (Pp=100 Pd=0 Pt=25000 rewire=True k=5 c=1 eps=0,02 qmax=0,05 N=10000 theta=6 crash=0 shape=0 multi=1 randrw=0 oracle=False fixedthr=0) ================
t=9000  N=9009  holderDeg=3  probe(ttl4/6/8/12)=0/0/1/7 of 20
t=200  N=209  holderDeg=-1  probe(ttl4/6/8/12)=0/0/0/0 of 20
t=400  N=409  holderDeg=-1  probe(ttl4/6/8/12)=0/0/0/0 of 20
t=600  N=609  holderDeg=-1  probe(ttl4/6/8/12)=0/0/0/0 of 20
t=9600  N=9609  holderDeg=3  probe(ttl4/6/8/12)=0/3/3/2 of 20
t=800  N=809  holderDeg=-1  probe(ttl4/6/8/12)=0/0/0/0 of 20
t=10200  N=10209  holderDeg=50  probe(ttl4/6/8/12)=4/10/17/20 of 20
t=1000  N=1009  holderDeg=-1  probe(ttl4/6/8/12)=0/0/0/0 of 20
t=9800  N=9809  holderDeg=3  probe(ttl4/6/8/12)=0/0/2/6 of 20
t=11000  N=11009  holderDeg=23  probe(ttl4/6/8/12)=2/4/15/20 of 20
t=1200  N=1209  holderDeg=-1  probe(ttl4/6/8/12)=0/0/0/0 of 20
t=9800  N=9809  holderDeg=66  probe(ttl4/6/8/12)=3/12/19/20 of 20
t=1400  N=1409  holderDeg=-1  probe(ttl4/6/8/12)=0/0/0/0 of 20
t=9200  N=9209  holderDeg=3  probe(ttl4/6/8/12)=0/1/9/3 of 20
t=10400  N=10409  holderDeg=63  probe(ttl4/6/8/12)=1/11/20/20 of 20
t=1600  N=1609  holderDeg=-1  probe(ttl4/6/8/12)=0/0/0/0 of 20
t=9800  N=9809  holderDeg=3  probe(ttl4/6/8/12)=0/0/3/2 of 20
t=1800  N=1809  holderDeg=-1  probe(ttl4/6/8/12)=0/0/0/0 of 20
t=2000  N=2009  holderDeg=-1  probe(ttl4/6/8/12)=0/0/0/0 of 20
t=10400  N=10409  holderDeg=52  probe(ttl4/6/8/12)=1/10/20/20 of 20
t=10000  N=10009  holderDeg=3  probe(ttl4/6/8/12)=0/0/4/5 of 20
t=2200  N=2209  holderDeg=-1  probe(ttl4/6/8/12)=0/0/0/0 of 20
t=9400  N=9409  holderDeg=3  probe(ttl4/6/8/12)=0/1/3/8 of 20
t=11200  N=11209  holderDeg=25  probe(ttl4/6/8/12)=0/8/14/20 of 20
t=2400  N=2409  holderDeg=-1  probe(ttl4/6/8/12)=0/0/0/0 of 20
t=10000  N=10009  holderDeg=68  probe(ttl4/6/8/12)=4/8/20/20 of 20
t=10000  N=10009  holderDeg=3  probe(ttl4/6/8/12)=0/0/1/2 of 20
t=2600  N=2609  holderDeg=-1  probe(ttl4/6/8/12)=0/0/0/0 of 20
t=2800  N=2809  holderDeg=-1  probe(ttl4/6/8/12)=0/0/0/0 of 20
t=10200  N=10209  holderDeg=3  probe(ttl4/6/8/12)=0/0/4/7 of 20
t=10600  N=10609  holderDeg=65  probe(ttl4/6/8/12)=1/10/20/20 of 20
t=10600  N=10609  holderDeg=55  probe(ttl4/6/8/12)=1/10/17/20 of 20
t=3000  N=3009  holderDeg=3  probe(ttl4/6/8/12)=0/2/3/8 of 20
t=9600  N=9609  holderDeg=3  probe(ttl4/6/8/12)=0/0/1/5 of 20
t=10200  N=10209  holderDeg=70  probe(ttl4/6/8/12)=1/11/20/20 of 20
t=3200  N=3209  holderDeg=3  probe(ttl4/6/8/12)=0/1/5/11 of 20
t=10200  N=10209  holderDeg=3  probe(ttl4/6/8/12)=0/1/1/2 of 20
t=11400  N=11409  holderDeg=27  probe(ttl4/6/8/12)=0/5/17/20 of 20
t=3400  N=3409  holderDeg=3  probe(ttl4/6/8/12)=0/2/8/10 of 20
t=10400  N=10409  holderDeg=3  probe(ttl4/6/8/12)=0/1/5/5 of 20
t=10800  N=10809  holderDeg=67  probe(ttl4/6/8/12)=3/11/20/20 of 20
t=3600  N=3609  holderDeg=3  probe(ttl4/6/8/12)=0/3/7/9 of 20
t=10400  N=10409  holderDeg=72  probe(ttl4/6/8/12)=3/10/19/20 of 20
t=3800  N=3809  holderDeg=3  probe(ttl4/6/8/12)=1/0/9/14 of 20
t=11600  N=11609  holderDeg=29  probe(ttl4/6/8/12)=0/5/15/20 of 20
t=10800  N=10809  holderDeg=57  probe(ttl4/6/8/12)=2/10/20/20 of 20
t=10400  N=10409  holderDeg=3  probe(ttl4/6/8/12)=0/2/4/4 of 20
t=4000  N=4009  holderDeg=3  probe(ttl4/6/8/12)=0/1/6/13 of 20
t=10600  N=10609  holderDeg=3  probe(ttl4/6/8/12)=0/0/0/9 of 20
t=9800  N=9809  holderDeg=3  probe(ttl4/6/8/12)=0/0/5/5 of 20
t=11000  N=11009  holderDeg=69  probe(ttl4/6/8/12)=4/10/19/20 of 20
t=4200  N=4209  holderDeg=3  probe(ttl4/6/8/12)=0/2/4/13 of 20
t=10600  N=10609  holderDeg=74  probe(ttl4/6/8/12)=3/8/19/20 of 20
t=4400  N=4409  holderDeg=3  probe(ttl4/6/8/12)=0/1/7/5 of 20
t=11800  N=11809  holderDeg=31  probe(ttl4/6/8/12)=1/10/17/20 of 20
t=11000  N=11009  holderDeg=59  probe(ttl4/6/8/12)=5/10/20/20 of 20
t=10600  N=10609  holderDeg=3  probe(ttl4/6/8/12)=1/1/0/0 of 20
t=10000  N=10009  holderDeg=3  probe(ttl4/6/8/12)=0/0/4/6 of 20
t=4600  N=4609  holderDeg=3  probe(ttl4/6/8/12)=0/1/5/10 of 20
t=10800  N=10809  holderDeg=3  probe(ttl4/6/8/12)=0/2/2/7 of 20
t=4800  N=4809  holderDeg=3  probe(ttl4/6/8/12)=0/3/4/5 of 20
t=11200  N=11209  holderDeg=71  probe(ttl4/6/8/12)=1/15/18/20 of 20
t=10800  N=10809  holderDeg=76  probe(ttl4/6/8/12)=2/11/19/20 of 20
t=5000  N=5009  holderDeg=3  probe(ttl4/6/8/12)=1/1/2/8 of 20
t=10200  N=10209  holderDeg=3  probe(ttl4/6/8/12)=0/1/6/6 of 20
t=10800  N=10809  holderDeg=3  probe(ttl4/6/8/12)=0/0/2/8 of 20
t=11000  N=11009  holderDeg=3  probe(ttl4/6/8/12)=0/0/4/6 of 20
t=12000  N=12009  holderDeg=33  probe(ttl4/6/8/12)=0/5/14/20 of 20
t=5200  N=5209  holderDeg=3  probe(ttl4/6/8/12)=0/0/3/6 of 20
t=11400  N=11409  holderDeg=73  probe(ttl4/6/8/12)=2/10/19/20 of 20
t=11200  N=11209  holderDeg=61  probe(ttl4/6/8/12)=2/11/17/20 of 20
t=5400  N=5409  holderDeg=3  probe(ttl4/6/8/12)=0/1/5/5 of 20
t=10400  N=10409  holderDeg=3  probe(ttl4/6/8/12)=0/2/0/8 of 20
t=11000  N=11009  holderDeg=3  probe(ttl4/6/8/12)=0/0/4/1 of 20
t=11000  N=11009  holderDeg=78  probe(ttl4/6/8/12)=2/6/19/20 of 20
t=5600  N=5609  holderDeg=3  probe(ttl4/6/8/12)=0/1/4/9 of 20
t=11200  N=11209  holderDeg=3  probe(ttl4/6/8/12)=0/3/0/2 of 20
t=11600  N=11609  holderDeg=76  probe(ttl4/6/8/12)=0/14/19/20 of 20
t=5800  N=5809  holderDeg=3  probe(ttl4/6/8/12)=0/1/4/7 of 20
t=11200  N=11209  holderDeg=3  probe(ttl4/6/8/12)=1/0/0/2 of 20
t=10600  N=10609  holderDeg=3  probe(ttl4/6/8/12)=0/0/5/4 of 20
t=11400  N=11409  holderDeg=63  probe(ttl4/6/8/12)=0/10/19/20 of 20
t=11200  N=11209  holderDeg=80  probe(ttl4/6/8/12)=2/10/20/20 of 20
t=6000  N=6009  holderDeg=5  probe(ttl4/6/8/12)=1/2/8/5 of 20
t=11400  N=11409  holderDeg=3  probe(ttl4/6/8/12)=0/0/1/6 of 20
t=11800  N=11809  holderDeg=78  probe(ttl4/6/8/12)=2/16/19/20 of 20
t=6200  N=6209  holderDeg=7  probe(ttl4/6/8/12)=0/0/6/10 of 20
t=12200  N=12209  holderDeg=35  probe(ttl4/6/8/12)=0/8/18/20 of 20
t=11400  N=11409  holderDeg=3  probe(ttl4/6/8/12)=0/0/2/2 of 20
t=10800  N=10809  holderDeg=3  probe(ttl4/6/8/12)=0/2/5/5 of 20
t=6400  N=6409  holderDeg=9  probe(ttl4/6/8/12)=0/5/6/17 of 20
t=11600  N=11609  holderDeg=65  probe(ttl4/6/8/12)=2/11/20/20 of 20
t=11400  N=11409  holderDeg=83  probe(ttl4/6/8/12)=3/12/20/20 of 20
t=12000  N=12009  holderDeg=80  probe(ttl4/6/8/12)=1/12/20/20 of 20
t=6600  N=6609  holderDeg=11  probe(ttl4/6/8/12)=0/3/12/20 of 20
t=11600  N=11609  holderDeg=3  probe(ttl4/6/8/12)=0/1/3/4 of 20
t=11000  N=11009  holderDeg=3  probe(ttl4/6/8/12)=0/1/4/6 of 20
t=11600  N=11609  holderDeg=3  probe(ttl4/6/8/12)=0/0/6/6 of 20
t=12400  N=12409  holderDeg=37  probe(ttl4/6/8/12)=1/7/15/20 of 20
t=11800  N=11809  holderDeg=67  probe(ttl4/6/8/12)=1/10/19/20 of 20
t=6800  N=6809  holderDeg=13  probe(ttl4/6/8/12)=2/1/9/19 of 20
t=11600  N=11609  holderDeg=86  probe(ttl4/6/8/12)=6/15/20/20 of 20
t=11200  N=11209  holderDeg=3  probe(ttl4/6/8/12)=0/0/1/5 of 20
t=12200  N=12209  holderDeg=82  probe(ttl4/6/8/12)=0/13/20/20 of 20
t=11800  N=11809  holderDeg=3  probe(ttl4/6/8/12)=0/1/1/2 of 20
t=7000  N=7009  holderDeg=15  probe(ttl4/6/8/12)=0/2/8/18 of 20
t=12600  N=12609  holderDeg=39  probe(ttl4/6/8/12)=1/4/15/20 of 20
t=7200  N=7209  holderDeg=17  probe(ttl4/6/8/12)=1/6/11/19 of 20
t=12000  N=12009  holderDeg=69  probe(ttl4/6/8/12)=3/10/20/20 of 20
t=11400  N=11409  holderDeg=3  probe(ttl4/6/8/12)=0/0/1/4 of 20
t=11800  N=11809  holderDeg=3  probe(ttl4/6/8/12)=0/2/2/9 of 20
t=12000  N=12009  holderDeg=3  probe(ttl4/6/8/12)=1/1/2/3 of 20
t=12400  N=12409  holderDeg=85  probe(ttl4/6/8/12)=2/14/20/20 of 20
t=11800  N=11809  holderDeg=88  probe(ttl4/6/8/12)=0/13/20/20 of 20
t=7400  N=7409  holderDeg=20  probe(ttl4/6/8/12)=2/5/17/20 of 20
t=12800  N=12809  holderDeg=42  probe(ttl4/6/8/12)=1/7/18/20 of 20
t=7600  N=7609  holderDeg=22  probe(ttl4/6/8/12)=0/5/18/20 of 20
t=11600  N=11609  holderDeg=3  probe(ttl4/6/8/12)=0/1/3/5 of 20
t=12000  N=12009  holderDeg=3  probe(ttl4/6/8/12)=0/0/1/5 of 20
t=12200  N=12209  holderDeg=71  probe(ttl4/6/8/12)=1/9/19/20 of 20
t=12200  N=12209  holderDeg=3  probe(ttl4/6/8/12)=0/2/2/1 of 20
t=12000  N=12009  holderDeg=91  probe(ttl4/6/8/12)=5/12/19/20 of 20
t=11800  N=11809  holderDeg=3  probe(ttl4/6/8/12)=0/1/3/2 of 20
t=7800  N=7809  holderDeg=24  probe(ttl4/6/8/12)=0/6/12/20 of 20
t=13000  N=13009  holderDeg=44  probe(ttl4/6/8/12)=0/9/17/20 of 20
t=12200  N=12209  holderDeg=3  probe(ttl4/6/8/12)=0/1/2/5 of 20
t=12400  N=12409  holderDeg=74  probe(ttl4/6/8/12)=1/8/20/20 of 20
t=12600  N=12609  holderDeg=87  probe(ttl4/6/8/12)=2/12/20/20 of 20
t=12400  N=12409  holderDeg=3  probe(ttl4/6/8/12)=0/0/3/3 of 20
t=8000  N=8009  holderDeg=27  probe(ttl4/6/8/12)=1/8/15/20 of 20
t=12200  N=12209  holderDeg=93  probe(ttl4/6/8/12)=2/14/20/20 of 20
t=12400  N=12409  holderDeg=3  probe(ttl4/6/8/12)=0/0/4/6 of 20
t=13200  N=13209  holderDeg=46  probe(ttl4/6/8/12)=1/10/18/20 of 20
t=8200  N=8209  holderDeg=29  probe(ttl4/6/8/12)=0/4/17/20 of 20
t=12600  N=12609  holderDeg=77  probe(ttl4/6/8/12)=1/12/20/20 of 20
t=12600  N=12609  holderDeg=3  probe(ttl4/6/8/12)=0/1/1/3 of 20
t=12800  N=12809  holderDeg=90  probe(ttl4/6/8/12)=1/14/20/20 of 20
t=12000  N=12009  holderDeg=3  probe(ttl4/6/8/12)=1/1/2/4 of 20
t=8400  N=8409  holderDeg=32  probe(ttl4/6/8/12)=2/11/16/19 of 20
t=13400  N=13409  holderDeg=48  probe(ttl4/6/8/12)=1/7/15/20 of 20
t=12800  N=12809  holderDeg=79  probe(ttl4/6/8/12)=2/14/20/20 of 20
t=12600  N=12609  holderDeg=3  probe(ttl4/6/8/12)=0/2/3/6 of 20
t=12200  N=12209  holderDeg=5  probe(ttl4/6/8/12)=0/0/5/8 of 20
t=8600  N=8609  holderDeg=35  probe(ttl4/6/8/12)=0/7/16/20 of 20
t=12800  N=12809  holderDeg=3  probe(ttl4/6/8/12)=1/0/0/3 of 20
t=12400  N=12409  holderDeg=96  probe(ttl4/6/8/12)=2/12/20/20 of 20
t=8800  N=8809  holderDeg=37  probe(ttl4/6/8/12)=1/9/18/20 of 20
t=13000  N=13009  holderDeg=81  probe(ttl4/6/8/12)=0/15/20/20 of 20
t=13600  N=13609  holderDeg=50  probe(ttl4/6/8/12)=1/8/17/20 of 20
t=12800  N=12809  holderDeg=3  probe(ttl4/6/8/12)=0/1/2/4 of 20
t=13000  N=13009  holderDeg=3  probe(ttl4/6/8/12)=0/1/3/1 of 20
t=12600  N=12609  holderDeg=99  probe(ttl4/6/8/12)=1/15/19/20 of 20
t=12400  N=12409  holderDeg=7  probe(ttl4/6/8/12)=0/0/4/10 of 20
t=9000  N=9009  holderDeg=39  probe(ttl4/6/8/12)=1/7/20/20 of 20
t=13200  N=13209  holderDeg=84  probe(ttl4/6/8/12)=1/9/20/20 of 20
t=13800  N=13809  holderDeg=52  probe(ttl4/6/8/12)=1/2/19/20 of 20
t=13000  N=13009  holderDeg=3  probe(ttl4/6/8/12)=0/0/2/3 of 20
t=9200  N=9209  holderDeg=41  probe(ttl4/6/8/12)=2/7/16/20 of 20
t=13000  N=13009  holderDeg=92  probe(ttl4/6/8/12)=3/12/19/20 of 20
t=13200  N=13209  holderDeg=3  probe(ttl4/6/8/12)=0/1/2/6 of 20
t=12800  N=12809  holderDeg=102  probe(ttl4/6/8/12)=4/14/20/20 of 20
t=12600  N=12609  holderDeg=9  probe(ttl4/6/8/12)=0/2/6/11 of 20
t=13400  N=13409  holderDeg=86  probe(ttl4/6/8/12)=3/5/20/20 of 20
t=9400  N=9409  holderDeg=43  probe(ttl4/6/8/12)=2/10/16/20 of 20
t=14000  N=14009  holderDeg=54  probe(ttl4/6/8/12)=2/7/17/20 of 20
t=13200  N=13209  holderDeg=95  probe(ttl4/6/8/12)=5/16/19/20 of 20
t=13200  N=13209  holderDeg=3  probe(ttl4/6/8/12)=0/0/1/6 of 20
t=12800  N=12809  holderDeg=9  probe(ttl4/6/8/12)=0/1/6/11 of 20
t=13400  N=13409  holderDeg=3  probe(ttl4/6/8/12)=0/0/3/4 of 20
t=13000  N=13009  holderDeg=104  probe(ttl4/6/8/12)=3/11/20/20 of 20
t=9600  N=9609  holderDeg=45  probe(ttl4/6/8/12)=2/11/18/20 of 20
t=13600  N=13609  holderDeg=88  probe(ttl4/6/8/12)=2/12/20/20 of 20
t=14200  N=14209  holderDeg=56  probe(ttl4/6/8/12)=1/5/17/20 of 20
t=9800  N=9809  holderDeg=47  probe(ttl4/6/8/12)=2/12/14/20 of 20
t=13000  N=13009  holderDeg=9  probe(ttl4/6/8/12)=1/2/4/8 of 20
t=13400  N=13409  holderDeg=3  probe(ttl4/6/8/12)=0/1/2/4 of 20

 Growing has been completed
*********************************************************************

t=13600  N=13609  holderDeg=5  probe(ttl4/6/8/12)=0/0/5/10 of 20
t=13400  N=13409  holderDeg=97  probe(ttl4/6/8/12)=2/12/20/20 of 20
t=13200  N=13209  holderDeg=106  probe(ttl4/6/8/12)=2/13/20/20 of 20
t=13800  N=13809  holderDeg=90  probe(ttl4/6/8/12)=2/15/18/20 of 20
t=10000  N=10009  holderDeg=49  probe(ttl4/6/8/12)=0/11/20/20 of 20
t=13200  N=13209  holderDeg=9  probe(ttl4/6/8/12)=0/0/6/9 of 20
t=13600  N=13609  holderDeg=3  probe(ttl4/6/8/12)=0/0/3/7 of 20
t=13600  N=13609  holderDeg=100  probe(ttl4/6/8/12)=2/9/19/20 of 20
t=13800  N=13809  holderDeg=7  probe(ttl4/6/8/12)=0/0/9/13 of 20
t=14000  N=14009  holderDeg=92  probe(ttl4/6/8/12)=3/14/20/20 of 20
t=10200  N=10209  holderDeg=52  probe(ttl4/6/8/12)=2/7/19/20 of 20
t=13400  N=13409  holderDeg=9  probe(ttl4/6/8/12)=1/0/4/10 of 20
t=13400  N=13409  holderDeg=108  probe(ttl4/6/8/12)=2/12/20/20 of 20
t=13800  N=13809  holderDeg=3  probe(ttl4/6/8/12)=0/1/5/6 of 20
t=13800  N=13809  holderDeg=102  probe(ttl4/6/8/12)=1/13/20/20 of 20
t=14000  N=14009  holderDeg=9  probe(ttl4/6/8/12)=0/0/6/15 of 20
t=14200  N=14209  holderDeg=95  probe(ttl4/6/8/12)=4/12/20/20 of 20
t=13600  N=13609  holderDeg=9  probe(ttl4/6/8/12)=2/1/8/15 of 20
t=10400  N=10409  holderDeg=54  probe(ttl4/6/8/12)=2/8/18/20 of 20
t=14000  N=14009  holderDeg=3  probe(ttl4/6/8/12)=0/1/2/5 of 20
t=14000  N=14009  holderDeg=104  probe(ttl4/6/8/12)=7/11/20/20 of 20
t=13600  N=13609  holderDeg=110  probe(ttl4/6/8/12)=2/13/20/20 of 20
t=14200  N=14209  holderDeg=11  probe(ttl4/6/8/12)=0/3/9/11 of 20

 Growing has been completed
*********************************************************************


 Growing has been completed
*********************************************************************

t=10600  N=10609  holderDeg=56  probe(ttl4/6/8/12)=2/11/20/20 of 20

 Growing has been completed
*********************************************************************

t=14200  N=14209  holderDeg=3  probe(ttl4/6/8/12)=0/0/1/8 of 20

 Growing has been completed
*********************************************************************

t=10800  N=10809  holderDeg=58  probe(ttl4/6/8/12)=0/12/19/20 of 20
t=13800  N=13809  holderDeg=9  probe(ttl4/6/8/12)=0/1/6/11 of 20
t=13800  N=13809  holderDeg=113  probe(ttl4/6/8/12)=5/13/20/20 of 20
t=11000  N=11009  holderDeg=60  probe(ttl4/6/8/12)=1/10/20/20 of 20
t=14000  N=14009  holderDeg=9  probe(ttl4/6/8/12)=0/2/8/12 of 20
t=11200  N=11209  holderDeg=62  probe(ttl4/6/8/12)=2/10/19/20 of 20
t=14200  N=14209  holderDeg=9  probe(ttl4/6/8/12)=0/1/6/17 of 20

 Growing has been completed
*********************************************************************

t=11400  N=11409  holderDeg=64  probe(ttl4/6/8/12)=1/10/20/20 of 20
t=11600  N=11609  holderDeg=67  probe(ttl4/6/8/12)=2/10/19/20 of 20
t=14000  N=14009  holderDeg=115  probe(ttl4/6/8/12)=2/13/20/20 of 20
t=11800  N=11809  holderDeg=69  probe(ttl4/6/8/12)=3/9/18/20 of 20
t=14200  N=14209  holderDeg=118  probe(ttl4/6/8/12)=3/11/19/20 of 20
t=12000  N=12009  holderDeg=73  probe(ttl4/6/8/12)=1/10/18/20 of 20

 Growing has been completed
*********************************************************************

t=12200  N=12209  holderDeg=75  probe(ttl4/6/8/12)=1/10/20/20 of 20
t=12400  N=12409  holderDeg=77  probe(ttl4/6/8/12)=2/10/20/20 of 20
t=12600  N=12609  holderDeg=79  probe(ttl4/6/8/12)=1/7/19/20 of 20
t=12800  N=12809  holderDeg=81  probe(ttl4/6/8/12)=2/10/20/20 of 20
t=13000  N=13009  holderDeg=84  probe(ttl4/6/8/12)=0/11/19/20 of 20
t=13200  N=13209  holderDeg=86  probe(ttl4/6/8/12)=4/8/19/20 of 20
t=13400  N=13409  holderDeg=89  probe(ttl4/6/8/12)=1/14/19/20 of 20
t=13600  N=13609  holderDeg=91  probe(ttl4/6/8/12)=0/10/20/20 of 20
t=13800  N=13809  holderDeg=94  probe(ttl4/6/8/12)=1/11/20/20 of 20
t=14000  N=14009  holderDeg=96  probe(ttl4/6/8/12)=1/11/20/20 of 20
t=14200  N=14209  holderDeg=98  probe(ttl4/6/8/12)=1/12/18/20 of 20

 Growing has been completed
*********************************************************************

