
================ popstat  seed=2  (Pp=100 Pd=0 Pt=0 rewire=False k=5 c=2 eps=0,02 qmax=0,2 N=10000 theta=6 crash=0 shape=3 multi=5 randrw=0 oracle=False fixedthr=0 rules=7 cooper=False dmax=160 mu=1 noscale=False plateau=20000) ================

================ popstat  seed=3  (Pp=100 Pd=0 Pt=0 rewire=False k=5 c=2 eps=0,02 qmax=0,2 N=10000 theta=6 crash=0 shape=3 multi=5 randrw=0 oracle=False fixedthr=0 rules=7 cooper=False dmax=160 mu=1 noscale=False plateau=20000) ================

================ trendstat  seed=1  (Pp=100 Pd=0 Pt=25000 rewire=True k=5 c=2 eps=0,02 qmax=0,2 N=10000 theta=6 crash=0 shape=3 multi=5 randrw=0 oracle=False fixedthr=0 rules=7 cooper=False dmax=160 mu=1 noscale=False plateau=20000) ================

================ trendstat  seed=2  (Pp=100 Pd=0 Pt=25000 rewire=True k=5 c=2 eps=0,02 qmax=0,2 N=10000 theta=6 crash=0 shape=3 multi=5 randrw=0 oracle=False fixedthr=0 rules=7 cooper=False dmax=160 mu=1 noscale=False plateau=20000) ================

================ popstat  seed=1  (Pp=100 Pd=0 Pt=0 rewire=False k=5 c=2 eps=0,02 qmax=0,2 N=10000 theta=6 crash=0 shape=3 multi=5 randrw=0 oracle=False fixedthr=0 rules=7 cooper=False dmax=160 mu=1 noscale=False plateau=20000) ================

================ trendstat  seed=3  (Pp=100 Pd=0 Pt=25000 rewire=True k=5 c=2 eps=0,02 qmax=0,2 N=10000 theta=6 crash=0 shape=3 multi=5 randrw=0 oracle=False fixedthr=0 rules=7 cooper=False dmax=160 mu=1 noscale=False plateau=20000) ================
t=200  N=209  holderDeg=-1  probe(ttl4/6/8/12)=0/0/0/0 of 20
t=200  N=209  holderDeg=-1  probe(ttl4/6/8/12)=0/0/0/0 of 20
t=200  N=209  holderDeg=-1  probe(ttl4/6/8/12)=0/0/0/0 of 20
t=200  N=209  holderDeg=-1  probe(ttl4/6/8/12)=0/0/0/0 of 20
t=200  N=209  holderDeg=-1  probe(ttl4/6/8/12)=0/0/0/0 of 20
t=200  N=209  holderDeg=-1  probe(ttl4/6/8/12)=0/0/0/0 of 20
t=400  N=409  holderDeg=-1  probe(ttl4/6/8/12)=0/0/0/0 of 20
t=400  N=409  holderDeg=-1  probe(ttl4/6/8/12)=0/0/0/0 of 20
t=400  N=409  holderDeg=-1  probe(ttl4/6/8/12)=0/0/0/0 of 20
t=400  N=409  holderDeg=-1  probe(ttl4/6/8/12)=0/0/0/0 of 20
t=400  N=409  holderDeg=-1  probe(ttl4/6/8/12)=0/0/0/0 of 20
t=400  N=409  holderDeg=-1  probe(ttl4/6/8/12)=0/0/0/0 of 20
t=600  N=609  holderDeg=-1  probe(ttl4/6/8/12)=0/0/0/0 of 20
t=600  N=609  holderDeg=-1  probe(ttl4/6/8/12)=0/0/0/0 of 20
t=600  N=609  holderDeg=-1  probe(ttl4/6/8/12)=0/0/0/0 of 20
t=600  N=609  holderDeg=-1  probe(ttl4/6/8/12)=0/0/0/0 of 20
t=600  N=609  holderDeg=-1  probe(ttl4/6/8/12)=0/0/0/0 of 20
t=600  N=609  holderDeg=-1  probe(ttl4/6/8/12)=0/0/0/0 of 20
t=800  N=809  holderDeg=-1  probe(ttl4/6/8/12)=0/0/0/0 of 20
t=800  N=809  holderDeg=-1  probe(ttl4/6/8/12)=0/0/0/0 of 20
t=800  N=809  holderDeg=-1  probe(ttl4/6/8/12)=0/0/0/0 of 20
t=800  N=809  holderDeg=-1  probe(ttl4/6/8/12)=0/0/0/0 of 20
t=800  N=809  holderDeg=-1  probe(ttl4/6/8/12)=0/0/0/0 of 20
t=800  N=809  holderDeg=-1  probe(ttl4/6/8/12)=0/0/0/0 of 20
t=1000  N=1009  holderDeg=-1  probe(ttl4/6/8/12)=0/0/0/0 of 20
t=1000  N=1009  holderDeg=-1  probe(ttl4/6/8/12)=0/0/0/0 of 20
t=1000  N=1009  holderDeg=-1  probe(ttl4/6/8/12)=0/0/0/0 of 20
t=1000  N=1009  holderDeg=-1  probe(ttl4/6/8/12)=0/0/0/0 of 20
t=1000  N=1009  holderDeg=-1  probe(ttl4/6/8/12)=0/0/0/0 of 20
t=1000  N=1009  holderDeg=-1  probe(ttl4/6/8/12)=0/0/0/0 of 20
t=1200  N=1209  holderDeg=-1  probe(ttl4/6/8/12)=0/0/0/0 of 20
t=1200  N=1209  holderDeg=-1  probe(ttl4/6/8/12)=0/0/0/0 of 20
t=1200  N=1209  holderDeg=-1  probe(ttl4/6/8/12)=0/0/0/0 of 20
t=1200  N=1209  holderDeg=-1  probe(ttl4/6/8/12)=0/0/0/0 of 20
t=1200  N=1209  holderDeg=-1  probe(ttl4/6/8/12)=0/0/0/0 of 20
t=1200  N=1209  holderDeg=-1  probe(ttl4/6/8/12)=0/0/0/0 of 20
t=1400  N=1409  holderDeg=-1  probe(ttl4/6/8/12)=0/0/0/0 of 20
t=1400  N=1409  holderDeg=-1  probe(ttl4/6/8/12)=0/0/0/0 of 20
t=1400  N=1409  holderDeg=-1  probe(ttl4/6/8/12)=0/0/0/0 of 20
t=1600  N=1609  holderDeg=-1  probe(ttl4/6/8/12)=0/0/0/0 of 20
t=1400  N=1409  holderDeg=-1  probe(ttl4/6/8/12)=0/0/0/0 of 20
t=1400  N=1409  holderDeg=-1  probe(ttl4/6/8/12)=0/0/0/0 of 20
t=1400  N=1409  holderDeg=-1  probe(ttl4/6/8/12)=0/0/0/0 of 20
t=1600  N=1609  holderDeg=-1  probe(ttl4/6/8/12)=0/0/0/0 of 20
t=1800  N=1809  holderDeg=-1  probe(ttl4/6/8/12)=0/0/0/0 of 20
t=1600  N=1609  holderDeg=-1  probe(ttl4/6/8/12)=0/0/0/0 of 20
t=1800  N=1809  holderDeg=-1  probe(ttl4/6/8/12)=0/0/0/0 of 20
t=1600  N=1609  holderDeg=-1  probe(ttl4/6/8/12)=0/0/0/0 of 20
t=1600  N=1609  holderDeg=-1  probe(ttl4/6/8/12)=0/0/0/0 of 20
t=1600  N=1609  holderDeg=-1  probe(ttl4/6/8/12)=0/0/0/0 of 20
t=2000  N=2009  holderDeg=-1  probe(ttl4/6/8/12)=0/0/0/0 of 20
t=1800  N=1809  holderDeg=-1  probe(ttl4/6/8/12)=0/0/0/0 of 20
t=2000  N=2009  holderDeg=-1  probe(ttl4/6/8/12)=0/0/0/0 of 20
t=1800  N=1809  holderDeg=-1  probe(ttl4/6/8/12)=0/0/0/0 of 20
t=1800  N=1809  holderDeg=-1  probe(ttl4/6/8/12)=0/0/0/0 of 20
t=1800  N=1809  holderDeg=-1  probe(ttl4/6/8/12)=0/0/0/0 of 20
t=2200  N=2209  holderDeg=-1  probe(ttl4/6/8/12)=0/0/0/0 of 20
t=2000  N=2009  holderDeg=-1  probe(ttl4/6/8/12)=0/0/0/0 of 20
t=2000  N=2009  holderDeg=-1  probe(ttl4/6/8/12)=0/0/0/0 of 20
t=2200  N=2209  holderDeg=-1  probe(ttl4/6/8/12)=0/0/0/0 of 20
t=2000  N=2009  holderDeg=-1  probe(ttl4/6/8/12)=0/0/0/0 of 20
t=2000  N=2009  holderDeg=-1  probe(ttl4/6/8/12)=0/0/0/0 of 20
t=2400  N=2409  holderDeg=-1  probe(ttl4/6/8/12)=0/0/0/0 of 20
t=2200  N=2209  holderDeg=-1  probe(ttl4/6/8/12)=0/0/0/0 of 20
t=2200  N=2209  holderDeg=-1  probe(ttl4/6/8/12)=0/0/0/0 of 20
t=2200  N=2209  holderDeg=-1  probe(ttl4/6/8/12)=0/0/0/0 of 20
t=2200  N=2209  holderDeg=-1  probe(ttl4/6/8/12)=0/0/0/0 of 20
t=2400  N=2409  holderDeg=-1  probe(ttl4/6/8/12)=0/0/0/0 of 20
t=2600  N=2609  holderDeg=-1  probe(ttl4/6/8/12)=0/0/0/0 of 20
t=2400  N=2409  holderDeg=-1  probe(ttl4/6/8/12)=0/0/0/0 of 20
t=2400  N=2409  holderDeg=-1  probe(ttl4/6/8/12)=0/0/0/0 of 20
t=2400  N=2409  holderDeg=-1  probe(ttl4/6/8/12)=0/0/0/0 of 20
t=2600  N=2609  holderDeg=-1  probe(ttl4/6/8/12)=0/0/0/0 of 20
t=2400  N=2409  holderDeg=-1  probe(ttl4/6/8/12)=0/0/0/0 of 20
t=2800  N=2809  holderDeg=-1  probe(ttl4/6/8/12)=0/0/0/0 of 20
t=2600  N=2609  holderDeg=-1  probe(ttl4/6/8/12)=0/0/0/0 of 20
t=2600  N=2609  holderDeg=-1  probe(ttl4/6/8/12)=0/0/0/0 of 20
t=2600  N=2609  holderDeg=-1  probe(ttl4/6/8/12)=0/0/0/0 of 20
t=2800  N=2809  holderDeg=-1  probe(ttl4/6/8/12)=0/0/0/0 of 20
t=2600  N=2609  holderDeg=-1  probe(ttl4/6/8/12)=0/0/0/0 of 20
t=2800  N=2809  holderDeg=-1  probe(ttl4/6/8/12)=0/0/0/0 of 20
t=3000  N=3009  holderDeg=-1  probe(ttl4/6/8/12)=0/0/0/0 of 20
t=2800  N=2809  holderDeg=-1  probe(ttl4/6/8/12)=0/0/0/0 of 20
t=2800  N=2809  holderDeg=-1  probe(ttl4/6/8/12)=0/0/0/0 of 20
t=3000  N=3009  holderDeg=-1  probe(ttl4/6/8/12)=0/0/0/0 of 20
t=3000  N=3009  holderDeg=-1  probe(ttl4/6/8/12)=0/0/0/0 of 20
t=2800  N=2809  holderDeg=-1  probe(ttl4/6/8/12)=0/0/0/0 of 20
t=3000  N=3009  holderDeg=-1  probe(ttl4/6/8/12)=0/0/0/0 of 20
t=3200  N=3209  holderDeg=-1  probe(ttl4/6/8/12)=0/0/0/0 of 20
t=3000  N=3009  holderDeg=-1  probe(ttl4/6/8/12)=0/0/0/0 of 20
t=3200  N=3209  holderDeg=-1  probe(ttl4/6/8/12)=0/0/0/0 of 20
t=3200  N=3209  holderDeg=-1  probe(ttl4/6/8/12)=0/0/0/0 of 20
t=3000  N=3009  holderDeg=-1  probe(ttl4/6/8/12)=0/0/0/0 of 20
t=3400  N=3409  holderDeg=-1  probe(ttl4/6/8/12)=0/0/0/0 of 20
t=3200  N=3209  holderDeg=-1  probe(ttl4/6/8/12)=0/0/0/0 of 20
t=3200  N=3209  holderDeg=-1  probe(ttl4/6/8/12)=0/0/0/0 of 20
t=3400  N=3409  holderDeg=-1  probe(ttl4/6/8/12)=0/0/0/0 of 20
t=3400  N=3409  holderDeg=-1  probe(ttl4/6/8/12)=0/0/0/0 of 20
t=3400  N=3409  holderDeg=-1  probe(ttl4/6/8/12)=0/0/0/0 of 20
t=3600  N=3609  holderDeg=-1  probe(ttl4/6/8/12)=0/0/0/0 of 20
t=3200  N=3209  holderDeg=-1  probe(ttl4/6/8/12)=0/0/0/0 of 20
t=3400  N=3409  holderDeg=-1  probe(ttl4/6/8/12)=0/0/0/0 of 20
t=3600  N=3609  holderDeg=-1  probe(ttl4/6/8/12)=0/0/0/0 of 20
t=3600  N=3609  holderDeg=-1  probe(ttl4/6/8/12)=0/0/0/0 of 20
t=3400  N=3409  holderDeg=-1  probe(ttl4/6/8/12)=0/0/0/0 of 20
t=3600  N=3609  holderDeg=-1  probe(ttl4/6/8/12)=0/0/0/0 of 20
t=3600  N=3609  holderDeg=-1  probe(ttl4/6/8/12)=0/0/0/0 of 20
t=3800  N=3809  holderDeg=-1  probe(ttl4/6/8/12)=0/0/0/0 of 20
t=3800  N=3809  holderDeg=-1  probe(ttl4/6/8/12)=0/0/0/0 of 20
t=3600  N=3609  holderDeg=-1  probe(ttl4/6/8/12)=0/0/0/0 of 20
t=3800  N=3809  holderDeg=-1  probe(ttl4/6/8/12)=0/0/0/0 of 20
t=3800  N=3809  holderDeg=-1  probe(ttl4/6/8/12)=0/0/0/0 of 20
t=3800  N=3809  holderDeg=-1  probe(ttl4/6/8/12)=0/0/0/0 of 20
t=4000  N=4009  holderDeg=-1  probe(ttl4/6/8/12)=0/0/0/0 of 20
t=3800  N=3809  holderDeg=-1  probe(ttl4/6/8/12)=0/0/0/0 of 20
t=4000  N=4009  holderDeg=-1  probe(ttl4/6/8/12)=0/0/0/0 of 20
t=4000  N=4009  holderDeg=-1  probe(ttl4/6/8/12)=0/0/0/0 of 20
t=4000  N=4009  holderDeg=-1  probe(ttl4/6/8/12)=0/0/0/0 of 20
t=4000  N=4009  holderDeg=-1  probe(ttl4/6/8/12)=0/0/0/0 of 20
t=4200  N=4209  holderDeg=-1  probe(ttl4/6/8/12)=0/0/0/0 of 20
t=4200  N=4209  holderDeg=-1  probe(ttl4/6/8/12)=0/0/0/0 of 20
t=4200  N=4209  holderDeg=-1  probe(ttl4/6/8/12)=0/0/0/0 of 20
t=4400  N=4409  holderDeg=-1  probe(ttl4/6/8/12)=0/0/0/0 of 20
t=4000  N=4009  holderDeg=-1  probe(ttl4/6/8/12)=0/0/0/0 of 20
t=4200  N=4209  holderDeg=-1  probe(ttl4/6/8/12)=0/0/0/0 of 20
t=4400  N=4409  holderDeg=-1  probe(ttl4/6/8/12)=0/0/0/0 of 20
t=4200  N=4209  holderDeg=-1  probe(ttl4/6/8/12)=0/0/0/0 of 20
t=4200  N=4209  holderDeg=-1  probe(ttl4/6/8/12)=0/0/0/0 of 20
t=4400  N=4409  holderDeg=-1  probe(ttl4/6/8/12)=0/0/0/0 of 20
t=4400  N=4409  holderDeg=-1  probe(ttl4/6/8/12)=0/0/0/0 of 20
t=4400  N=4409  holderDeg=-1  probe(ttl4/6/8/12)=0/0/0/0 of 20
t=4600  N=4609  holderDeg=-1  probe(ttl4/6/8/12)=0/0/0/0 of 20
t=4600  N=4609  holderDeg=-1  probe(ttl4/6/8/12)=0/0/0/0 of 20
t=4400  N=4409  holderDeg=-1  probe(ttl4/6/8/12)=0/0/0/0 of 20
t=4600  N=4609  holderDeg=-1  probe(ttl4/6/8/12)=0/0/0/0 of 20
t=4600  N=4609  holderDeg=-1  probe(ttl4/6/8/12)=0/0/0/0 of 20
t=4600  N=4609  holderDeg=-1  probe(ttl4/6/8/12)=0/0/0/0 of 20
t=4800  N=4809  holderDeg=-1  probe(ttl4/6/8/12)=0/0/0/0 of 20
t=4800  N=4809  holderDeg=-1  probe(ttl4/6/8/12)=0/0/0/0 of 20
t=4600  N=4609  holderDeg=-1  probe(ttl4/6/8/12)=0/0/0/0 of 20
t=4800  N=4809  holderDeg=-1  probe(ttl4/6/8/12)=0/0/0/0 of 20
t=4800  N=4809  holderDeg=-1  probe(ttl4/6/8/12)=0/0/0/0 of 20
t=4800  N=4809  holderDeg=-1  probe(ttl4/6/8/12)=0/0/0/0 of 20
t=5000  N=5009  holderDeg=-1  probe(ttl4/6/8/12)=0/0/0/0 of 20
t=5000  N=5009  holderDeg=-1  probe(ttl4/6/8/12)=0/0/0/0 of 20
t=4800  N=4809  holderDeg=-1  probe(ttl4/6/8/12)=0/0/0/0 of 20
t=5000  N=5009  holderDeg=-1  probe(ttl4/6/8/12)=0/0/0/0 of 20
t=5000  N=5009  holderDeg=-1  probe(ttl4/6/8/12)=0/0/0/0 of 20
t=5000  N=5009  holderDeg=-1  probe(ttl4/6/8/12)=0/0/0/0 of 20
t=5200  N=5209  holderDeg=-1  probe(ttl4/6/8/12)=0/0/0/0 of 20
t=5200  N=5209  holderDeg=-1  probe(ttl4/6/8/12)=0/0/0/0 of 20
t=5000  N=5009  holderDeg=-1  probe(ttl4/6/8/12)=0/0/0/0 of 20
t=5200  N=5209  holderDeg=-1  probe(ttl4/6/8/12)=0/0/0/0 of 20
t=5200  N=5209  holderDeg=-1  probe(ttl4/6/8/12)=0/0/0/0 of 20
t=5200  N=5209  holderDeg=-1  probe(ttl4/6/8/12)=0/0/0/0 of 20
t=5400  N=5409  holderDeg=-1  probe(ttl4/6/8/12)=0/0/0/0 of 20
t=5400  N=5409  holderDeg=-1  probe(ttl4/6/8/12)=0/0/0/0 of 20
t=5400  N=5409  holderDeg=-1  probe(ttl4/6/8/12)=0/0/0/0 of 20
t=5400  N=5409  holderDeg=-1  probe(ttl4/6/8/12)=0/0/0/0 of 20
t=5200  N=5209  holderDeg=-1  probe(ttl4/6/8/12)=0/0/0/0 of 20
t=5400  N=5409  holderDeg=-1  probe(ttl4/6/8/12)=0/0/0/0 of 20
t=5600  N=5609  holderDeg=-1  probe(ttl4/6/8/12)=0/0/0/0 of 20
t=5600  N=5609  holderDeg=-1  probe(ttl4/6/8/12)=0/0/0/0 of 20
t=5600  N=5609  holderDeg=-1  probe(ttl4/6/8/12)=0/0/0/0 of 20
t=5600  N=5609  holderDeg=-1  probe(ttl4/6/8/12)=0/0/0/0 of 20
t=5400  N=5409  holderDeg=-1  probe(ttl4/6/8/12)=0/0/0/0 of 20
t=5600  N=5609  holderDeg=-1  probe(ttl4/6/8/12)=0/0/0/0 of 20
t=5800  N=5809  holderDeg=-1  probe(ttl4/6/8/12)=0/0/0/0 of 20
t=5800  N=5809  holderDeg=-1  probe(ttl4/6/8/12)=0/0/0/0 of 20
t=5800  N=5809  holderDeg=-1  probe(ttl4/6/8/12)=0/0/0/0 of 20
t=5800  N=5809  holderDeg=-1  probe(ttl4/6/8/12)=0/0/0/0 of 20
t=5600  N=5609  holderDeg=-1  probe(ttl4/6/8/12)=0/0/0/0 of 20
t=5800  N=5809  holderDeg=-1  probe(ttl4/6/8/12)=0/0/0/0 of 20
t=6000  N=6009  holderDeg=-1  probe(ttl4/6/8/12)=0/0/0/0 of 20
t=6000  N=6009  holderDeg=-1  probe(ttl4/6/8/12)=0/0/0/0 of 20
t=6000  N=6009  holderDeg=-1  probe(ttl4/6/8/12)=0/0/0/0 of 20
t=6000  N=6009  holderDeg=-1  probe(ttl4/6/8/12)=0/0/0/0 of 20
t=5800  N=5809  holderDeg=-1  probe(ttl4/6/8/12)=0/0/0/0 of 20
t=6000  N=6009  holderDeg=-1  probe(ttl4/6/8/12)=0/0/0/0 of 20
t=6200  N=6209  holderDeg=-1  probe(ttl4/6/8/12)=0/0/0/0 of 20
t=6200  N=6209  holderDeg=-1  probe(ttl4/6/8/12)=0/0/0/0 of 20
t=6000  N=6009  holderDeg=-1  probe(ttl4/6/8/12)=0/0/0/0 of 20
t=6200  N=6209  holderDeg=-1  probe(ttl4/6/8/12)=0/0/0/0 of 20
t=6200  N=6209  holderDeg=-1  probe(ttl4/6/8/12)=0/0/0/0 of 20
t=6200  N=6209  holderDeg=-1  probe(ttl4/6/8/12)=0/0/0/0 of 20
t=6400  N=6409  holderDeg=-1  probe(ttl4/6/8/12)=0/0/0/0 of 20
t=6400  N=6409  holderDeg=-1  probe(ttl4/6/8/12)=0/0/0/0 of 20
t=6200  N=6209  holderDeg=-1  probe(ttl4/6/8/12)=0/0/0/0 of 20
t=6400  N=6409  holderDeg=-1  probe(ttl4/6/8/12)=0/0/0/0 of 20
t=6400  N=6409  holderDeg=-1  probe(ttl4/6/8/12)=0/0/0/0 of 20
t=6400  N=6409  holderDeg=-1  probe(ttl4/6/8/12)=0/0/0/0 of 20
t=6600  N=6609  holderDeg=-1  probe(ttl4/6/8/12)=0/0/0/0 of 20
t=6400  N=6409  holderDeg=-1  probe(ttl4/6/8/12)=0/0/0/0 of 20
t=6600  N=6609  holderDeg=-1  probe(ttl4/6/8/12)=0/0/0/0 of 20
t=6600  N=6609  holderDeg=-1  probe(ttl4/6/8/12)=0/0/0/0 of 20
t=6800  N=6809  holderDeg=-1  probe(ttl4/6/8/12)=0/0/0/0 of 20
t=6600  N=6609  holderDeg=-1  probe(ttl4/6/8/12)=0/0/0/0 of 20
t=6600  N=6609  holderDeg=-1  probe(ttl4/6/8/12)=0/0/0/0 of 20
t=6800  N=6809  holderDeg=-1  probe(ttl4/6/8/12)=0/0/0/0 of 20
t=6600  N=6609  holderDeg=-1  probe(ttl4/6/8/12)=0/0/0/0 of 20
t=6800  N=6809  holderDeg=-1  probe(ttl4/6/8/12)=0/0/0/0 of 20
t=7000  N=7009  holderDeg=-1  probe(ttl4/6/8/12)=0/0/0/0 of 20
t=6800  N=6809  holderDeg=-1  probe(ttl4/6/8/12)=0/0/0/0 of 20
t=6800  N=6809  holderDeg=-1  probe(ttl4/6/8/12)=0/0/0/0 of 20
t=6800  N=6809  holderDeg=-1  probe(ttl4/6/8/12)=0/0/0/0 of 20
t=7000  N=7009  holderDeg=-1  probe(ttl4/6/8/12)=0/0/0/0 of 20
t=7000  N=7009  holderDeg=-1  probe(ttl4/6/8/12)=0/0/0/0 of 20
t=7200  N=7209  holderDeg=-1  probe(ttl4/6/8/12)=0/0/0/0 of 20
t=7000  N=7009  holderDeg=-1  probe(ttl4/6/8/12)=0/0/0/0 of 20
t=7000  N=7009  holderDeg=-1  probe(ttl4/6/8/12)=0/0/0/0 of 20
t=7200  N=7209  holderDeg=-1  probe(ttl4/6/8/12)=0/0/0/0 of 20
t=7000  N=7009  holderDeg=-1  probe(ttl4/6/8/12)=0/0/0/0 of 20
t=7200  N=7209  holderDeg=-1  probe(ttl4/6/8/12)=0/0/0/0 of 20
t=7200  N=7209  holderDeg=-1  probe(ttl4/6/8/12)=0/0/0/0 of 20
t=7400  N=7409  holderDeg=-1  probe(ttl4/6/8/12)=0/0/0/0 of 20
t=7200  N=7209  holderDeg=-1  probe(ttl4/6/8/12)=0/0/0/0 of 20
t=7400  N=7409  holderDeg=-1  probe(ttl4/6/8/12)=0/0/0/0 of 20
t=7200  N=7209  holderDeg=-1  probe(ttl4/6/8/12)=0/0/0/0 of 20
t=7400  N=7409  holderDeg=-1  probe(ttl4/6/8/12)=0/0/0/0 of 20
t=7400  N=7409  holderDeg=-1  probe(ttl4/6/8/12)=0/0/0/0 of 20
t=7600  N=7609  holderDeg=-1  probe(ttl4/6/8/12)=0/0/0/0 of 20
t=7400  N=7409  holderDeg=-1  probe(ttl4/6/8/12)=0/0/0/0 of 20
t=7400  N=7409  holderDeg=-1  probe(ttl4/6/8/12)=0/0/0/0 of 20
t=7600  N=7609  holderDeg=-1  probe(ttl4/6/8/12)=0/0/0/0 of 20
t=7600  N=7609  holderDeg=-1  probe(ttl4/6/8/12)=0/0/0/0 of 20
t=7600  N=7609  holderDeg=-1  probe(ttl4/6/8/12)=0/0/0/0 of 20
t=7800  N=7809  holderDeg=-1  probe(ttl4/6/8/12)=0/0/0/0 of 20
t=7600  N=7609  holderDeg=-1  probe(ttl4/6/8/12)=0/0/0/0 of 20
t=7600  N=7609  holderDeg=-1  probe(ttl4/6/8/12)=0/0/0/0 of 20
t=7800  N=7809  holderDeg=-1  probe(ttl4/6/8/12)=0/0/0/0 of 20
t=7800  N=7809  holderDeg=-1  probe(ttl4/6/8/12)=0/0/0/0 of 20
t=7800  N=7809  holderDeg=-1  probe(ttl4/6/8/12)=0/0/0/0 of 20
t=8000  N=8009  holderDeg=-1  probe(ttl4/6/8/12)=0/0/0/0 of 20
t=7800  N=7809  holderDeg=-1  probe(ttl4/6/8/12)=0/0/0/0 of 20
t=7800  N=7809  holderDeg=-1  probe(ttl4/6/8/12)=0/0/0/0 of 20
t=8000  N=8009  holderDeg=-1  probe(ttl4/6/8/12)=0/0/0/0 of 20
t=8000  N=8009  holderDeg=-1  probe(ttl4/6/8/12)=0/0/0/0 of 20
t=8200  N=8209  holderDeg=-1  probe(ttl4/6/8/12)=0/0/0/0 of 20
t=8000  N=8009  holderDeg=-1  probe(ttl4/6/8/12)=0/0/0/0 of 20
t=8000  N=8009  holderDeg=-1  probe(ttl4/6/8/12)=0/0/0/0 of 20
t=8000  N=8009  holderDeg=-1  probe(ttl4/6/8/12)=0/0/0/0 of 20
t=8200  N=8209  holderDeg=-1  probe(ttl4/6/8/12)=0/0/0/0 of 20
t=8200  N=8209  holderDeg=-1  probe(ttl4/6/8/12)=0/0/0/0 of 20
t=8200  N=8209  holderDeg=-1  probe(ttl4/6/8/12)=0/0/0/0 of 20
t=8200  N=8209  holderDeg=-1  probe(ttl4/6/8/12)=0/0/0/0 of 20
t=8200  N=8209  holderDeg=-1  probe(ttl4/6/8/12)=0/0/0/0 of 20
t=8400  N=8409  holderDeg=-1  probe(ttl4/6/8/12)=0/0/0/0 of 20
t=8400  N=8409  holderDeg=-1  probe(ttl4/6/8/12)=0/0/0/0 of 20
t=8400  N=8409  holderDeg=-1  probe(ttl4/6/8/12)=0/0/0/0 of 20
t=8400  N=8409  holderDeg=-1  probe(ttl4/6/8/12)=0/0/0/0 of 20
t=8400  N=8409  holderDeg=-1  probe(ttl4/6/8/12)=0/0/0/0 of 20
t=8400  N=8409  holderDeg=-1  probe(ttl4/6/8/12)=0/0/0/0 of 20
t=8600  N=8609  holderDeg=-1  probe(ttl4/6/8/12)=0/0/0/0 of 20
t=8600  N=8609  holderDeg=-1  probe(ttl4/6/8/12)=0/0/0/0 of 20
t=8600  N=8609  holderDeg=-1  probe(ttl4/6/8/12)=0/0/0/0 of 20
t=8600  N=8609  holderDeg=-1  probe(ttl4/6/8/12)=0/0/0/0 of 20
t=8600  N=8609  holderDeg=-1  probe(ttl4/6/8/12)=0/0/0/0 of 20
t=8600  N=8609  holderDeg=-1  probe(ttl4/6/8/12)=0/0/0/0 of 20
t=8800  N=8809  holderDeg=-1  probe(ttl4/6/8/12)=0/0/0/0 of 20
t=8800  N=8809  holderDeg=-1  probe(ttl4/6/8/12)=0/0/0/0 of 20
t=8800  N=8809  holderDeg=-1  probe(ttl4/6/8/12)=0/0/0/0 of 20
t=8800  N=8809  holderDeg=-1  probe(ttl4/6/8/12)=0/0/0/0 of 20
t=8800  N=8809  holderDeg=-1  probe(ttl4/6/8/12)=0/0/0/0 of 20
t=9000  N=9009  holderDeg=-1  probe(ttl4/6/8/12)=0/0/0/0 of 20
t=9000  N=9009  holderDeg=-1  probe(ttl4/6/8/12)=0/0/0/0 of 20
t=9000  N=9009  holderDeg=-1  probe(ttl4/6/8/12)=0/0/0/0 of 20
t=8800  N=8809  holderDeg=-1  probe(ttl4/6/8/12)=0/0/0/0 of 20
t=9000  N=9009  holderDeg=-1  probe(ttl4/6/8/12)=0/0/0/0 of 20
t=9000  N=9009  holderDeg=-1  probe(ttl4/6/8/12)=0/0/0/0 of 20
t=9200  N=9209  holderDeg=-1  probe(ttl4/6/8/12)=0/0/0/0 of 20
t=9200  N=9209  holderDeg=-1  probe(ttl4/6/8/12)=0/0/0/0 of 20
t=9200  N=9209  holderDeg=-1  probe(ttl4/6/8/12)=0/0/0/0 of 20
t=9200  N=9209  holderDeg=-1  probe(ttl4/6/8/12)=0/0/0/0 of 20
t=9400  N=9409  holderDeg=-1  probe(ttl4/6/8/12)=0/0/0/0 of 20
t=9000  N=9009  holderDeg=-1  probe(ttl4/6/8/12)=0/0/0/0 of 20
t=9400  N=9409  holderDeg=-1  probe(ttl4/6/8/12)=0/0/0/0 of 20
t=9200  N=9209  holderDeg=-1  probe(ttl4/6/8/12)=0/0/0/0 of 20
t=9400  N=9409  holderDeg=-1  probe(ttl4/6/8/12)=0/0/0/0 of 20
t=9400  N=9409  holderDeg=-1  probe(ttl4/6/8/12)=0/0/0/0 of 20
t=9200  N=9209  holderDeg=-1  probe(ttl4/6/8/12)=0/0/0/0 of 20
t=9600  N=9609  holderDeg=-1  probe(ttl4/6/8/12)=0/0/0/0 of 20
t=9600  N=9609  holderDeg=-1  probe(ttl4/6/8/12)=0/0/0/0 of 20
t=9600  N=9609  holderDeg=-1  probe(ttl4/6/8/12)=0/0/0/0 of 20
t=9600  N=9609  holderDeg=-1  probe(ttl4/6/8/12)=0/0/0/0 of 20
t=9400  N=9409  holderDeg=-1  probe(ttl4/6/8/12)=0/0/0/0 of 20
t=9400  N=9409  holderDeg=-1  probe(ttl4/6/8/12)=0/0/0/0 of 20
t=9800  N=9809  holderDeg=-1  probe(ttl4/6/8/12)=0/0/0/0 of 20
t=9800  N=9809  holderDeg=-1  probe(ttl4/6/8/12)=0/0/0/0 of 20
t=9800  N=9809  holderDeg=-1  probe(ttl4/6/8/12)=0/0/0/0 of 20
t=9600  N=9609  holderDeg=-1  probe(ttl4/6/8/12)=0/0/0/0 of 20
t=9600  N=9609  holderDeg=-1  probe(ttl4/6/8/12)=0/0/0/0 of 20
t=9800  N=9809  holderDeg=-1  probe(ttl4/6/8/12)=0/0/0/0 of 20
t=10000  N=10009  holderDeg=-1  probe(ttl4/6/8/12)=0/0/0/0 of 20
t=10000  N=10009  holderDeg=-1  probe(ttl4/6/8/12)=0/0/0/0 of 20
t=9800  N=9809  holderDeg=-1  probe(ttl4/6/8/12)=0/0/0/0 of 20
t=9800  N=9809  holderDeg=-1  probe(ttl4/6/8/12)=0/0/0/0 of 20
t=10000  N=10009  holderDeg=-1  probe(ttl4/6/8/12)=0/0/0/0 of 20
t=10000  N=10009  holderDeg=-1  probe(ttl4/6/8/12)=0/0/0/0 of 20
t=10200  N=10209  holderDeg=-1  probe(ttl4/6/8/12)=0/0/0/0 of 20
t=10000  N=10009  holderDeg=-1  probe(ttl4/6/8/12)=0/0/0/0 of 20
t=10200  N=10209  holderDeg=-1  probe(ttl4/6/8/12)=0/0/0/0 of 20
t=10200  N=10209  holderDeg=-1  probe(ttl4/6/8/12)=0/0/0/0 of 20
t=10000  N=10009  holderDeg=-1  probe(ttl4/6/8/12)=0/0/0/0 of 20
t=10200  N=10209  holderDeg=-1  probe(ttl4/6/8/12)=0/0/0/0 of 20
t=10400  N=10409  holderDeg=-1  probe(ttl4/6/8/12)=0/0/0/0 of 20
t=10200  N=10209  holderDeg=-1  probe(ttl4/6/8/12)=0/0/0/0 of 20
t=10400  N=10409  holderDeg=-1  probe(ttl4/6/8/12)=0/0/0/0 of 20
t=10400  N=10409  holderDeg=-1  probe(ttl4/6/8/12)=0/0/0/0 of 20
t=10200  N=10209  holderDeg=-1  probe(ttl4/6/8/12)=0/0/0/0 of 20
t=10400  N=10409  holderDeg=-1  probe(ttl4/6/8/12)=0/0/0/0 of 20
t=10600  N=10609  holderDeg=-1  probe(ttl4/6/8/12)=0/0/0/0 of 20
t=10400  N=10409  holderDeg=-1  probe(ttl4/6/8/12)=0/0/0/0 of 20
t=10600  N=10609  holderDeg=-1  probe(ttl4/6/8/12)=0/0/0/0 of 20
t=10600  N=10609  holderDeg=-1  probe(ttl4/6/8/12)=0/0/0/0 of 20
t=10400  N=10409  holderDeg=-1  probe(ttl4/6/8/12)=0/0/0/0 of 20
t=10600  N=10609  holderDeg=-1  probe(ttl4/6/8/12)=0/0/0/0 of 20
t=10800  N=10809  holderDeg=-1  probe(ttl4/6/8/12)=0/0/0/0 of 20
t=10600  N=10609  holderDeg=-1  probe(ttl4/6/8/12)=0/0/0/0 of 20
t=10800  N=10809  holderDeg=-1  probe(ttl4/6/8/12)=0/0/0/0 of 20
t=10800  N=10809  holderDeg=-1  probe(ttl4/6/8/12)=0/0/0/0 of 20
t=10600  N=10609  holderDeg=-1  probe(ttl4/6/8/12)=0/0/0/0 of 20
t=10800  N=10809  holderDeg=-1  probe(ttl4/6/8/12)=0/0/0/0 of 20
t=11000  N=11009  holderDeg=-1  probe(ttl4/6/8/12)=0/0/0/0 of 20
t=10800  N=10809  holderDeg=-1  probe(ttl4/6/8/12)=0/0/0/0 of 20
t=11000  N=11009  holderDeg=-1  probe(ttl4/6/8/12)=0/0/0/0 of 20
t=11000  N=11009  holderDeg=-1  probe(ttl4/6/8/12)=0/0/0/0 of 20
t=10800  N=10809  holderDeg=-1  probe(ttl4/6/8/12)=0/0/0/0 of 20
t=11000  N=11009  holderDeg=-1  probe(ttl4/6/8/12)=0/0/0/0 of 20
t=11200  N=11209  holderDeg=-1  probe(ttl4/6/8/12)=0/0/0/0 of 20
t=11000  N=11009  holderDeg=-1  probe(ttl4/6/8/12)=0/0/0/0 of 20
t=11200  N=11209  holderDeg=-1  probe(ttl4/6/8/12)=0/0/0/0 of 20
t=11000  N=11009  holderDeg=-1  probe(ttl4/6/8/12)=0/0/0/0 of 20
t=11200  N=11209  holderDeg=-1  probe(ttl4/6/8/12)=0/0/0/0 of 20
t=11200  N=11209  holderDeg=-1  probe(ttl4/6/8/12)=0/0/0/0 of 20
t=11400  N=11409  holderDeg=-1  probe(ttl4/6/8/12)=0/0/0/0 of 20
t=11200  N=11209  holderDeg=-1  probe(ttl4/6/8/12)=0/0/0/0 of 20
t=11200  N=11209  holderDeg=-1  probe(ttl4/6/8/12)=0/0/0/0 of 20
t=11400  N=11409  holderDeg=-1  probe(ttl4/6/8/12)=0/0/0/0 of 20
t=11400  N=11409  holderDeg=-1  probe(ttl4/6/8/12)=0/0/0/0 of 20
t=11600  N=11609  holderDeg=-1  probe(ttl4/6/8/12)=0/0/0/0 of 20
t=11400  N=11409  holderDeg=-1  probe(ttl4/6/8/12)=0/0/0/0 of 20
t=11400  N=11409  holderDeg=-1  probe(ttl4/6/8/12)=0/0/0/0 of 20
t=11600  N=11609  holderDeg=-1  probe(ttl4/6/8/12)=0/0/0/0 of 20
t=11600  N=11609  holderDeg=-1  probe(ttl4/6/8/12)=0/0/0/0 of 20
t=11800  N=11809  holderDeg=-1  probe(ttl4/6/8/12)=0/0/0/0 of 20
t=11600  N=11609  holderDeg=-1  probe(ttl4/6/8/12)=0/0/0/0 of 20
t=11400  N=11409  holderDeg=-1  probe(ttl4/6/8/12)=0/0/0/0 of 20
t=11600  N=11609  holderDeg=-1  probe(ttl4/6/8/12)=0/0/0/0 of 20
t=11800  N=11809  holderDeg=-1  probe(ttl4/6/8/12)=0/0/0/0 of 20
t=11600  N=11609  holderDeg=-1  probe(ttl4/6/8/12)=0/0/0/0 of 20
t=11800  N=11809  holderDeg=-1  probe(ttl4/6/8/12)=0/0/0/0 of 20
t=12000  N=12009  holderDeg=-1  probe(ttl4/6/8/12)=0/0/0/0 of 20
t=11800  N=11809  holderDeg=-1  probe(ttl4/6/8/12)=0/0/0/0 of 20
t=11800  N=11809  holderDeg=-1  probe(ttl4/6/8/12)=0/0/0/0 of 20
t=12000  N=12009  holderDeg=-1  probe(ttl4/6/8/12)=0/0/0/0 of 20
t=11800  N=11809  holderDeg=-1  probe(ttl4/6/8/12)=0/0/0/0 of 20
t=12000  N=12009  holderDeg=-1  probe(ttl4/6/8/12)=0/0/0/0 of 20
t=12000  N=12009  holderDeg=-1  probe(ttl4/6/8/12)=0/0/0/0 of 20
t=12200  N=12209  holderDeg=-1  probe(ttl4/6/8/12)=0/0/0/0 of 20
t=12200  N=12209  holderDeg=-1  probe(ttl4/6/8/12)=0/0/0/0 of 20
t=12000  N=12009  holderDeg=-1  probe(ttl4/6/8/12)=0/0/0/0 of 20
t=12200  N=12209  holderDeg=-1  probe(ttl4/6/8/12)=0/0/0/0 of 20
t=12000  N=12009  holderDeg=-1  probe(ttl4/6/8/12)=0/0/0/0 of 20
t=12200  N=12209  holderDeg=-1  probe(ttl4/6/8/12)=0/0/0/0 of 20
t=12200  N=12209  holderDeg=-1  probe(ttl4/6/8/12)=0/0/0/0 of 20
t=12400  N=12409  holderDeg=-1  probe(ttl4/6/8/12)=0/0/0/0 of 20
t=12400  N=12409  holderDeg=-1  probe(ttl4/6/8/12)=0/0/0/0 of 20
t=12400  N=12409  holderDeg=-1  probe(ttl4/6/8/12)=0/0/0/0 of 20
t=12200  N=12209  holderDeg=-1  probe(ttl4/6/8/12)=0/0/0/0 of 20
t=12400  N=12409  holderDeg=-1  probe(ttl4/6/8/12)=0/0/0/0 of 20
t=12400  N=12409  holderDeg=-1  probe(ttl4/6/8/12)=0/0/0/0 of 20
t=12600  N=12609  holderDeg=-1  probe(ttl4/6/8/12)=0/0/0/0 of 20
t=12600  N=12609  holderDeg=-1  probe(ttl4/6/8/12)=0/0/0/0 of 20
t=12600  N=12609  holderDeg=-1  probe(ttl4/6/8/12)=0/0/0/0 of 20
t=12600  N=12609  holderDeg=-1  probe(ttl4/6/8/12)=0/0/0/0 of 20
t=12400  N=12409  holderDeg=-1  probe(ttl4/6/8/12)=0/0/0/0 of 20
t=12800  N=12809  holderDeg=-1  probe(ttl4/6/8/12)=0/0/0/0 of 20
t=12600  N=12609  holderDeg=-1  probe(ttl4/6/8/12)=0/0/0/0 of 20
t=12800  N=12809  holderDeg=-1  probe(ttl4/6/8/12)=0/0/0/0 of 20
t=12800  N=12809  holderDeg=-1  probe(ttl4/6/8/12)=0/0/0/0 of 20
t=12600  N=12609  holderDeg=-1  probe(ttl4/6/8/12)=0/0/0/0 of 20
t=12800  N=12809  holderDeg=-1  probe(ttl4/6/8/12)=0/0/0/0 of 20
t=12800  N=12809  holderDeg=-1  probe(ttl4/6/8/12)=0/0/0/0 of 20
t=13000  N=13009  holderDeg=-1  probe(ttl4/6/8/12)=0/0/0/0 of 20
t=13000  N=13009  holderDeg=-1  probe(ttl4/6/8/12)=0/0/0/0 of 20
t=13000  N=13009  holderDeg=-1  probe(ttl4/6/8/12)=0/0/0/0 of 20
t=13000  N=13009  holderDeg=-1  probe(ttl4/6/8/12)=0/0/0/0 of 20
t=12800  N=12809  holderDeg=-1  probe(ttl4/6/8/12)=0/0/0/0 of 20
t=13000  N=13009  holderDeg=-1  probe(ttl4/6/8/12)=0/0/0/0 of 20
t=13200  N=13209  holderDeg=-1  probe(ttl4/6/8/12)=0/0/0/0 of 20
t=13200  N=13209  holderDeg=-1  probe(ttl4/6/8/12)=0/0/0/0 of 20
t=13200  N=13209  holderDeg=-1  probe(ttl4/6/8/12)=0/0/0/0 of 20
t=13000  N=13009  holderDeg=-1  probe(ttl4/6/8/12)=0/0/0/0 of 20
t=13200  N=13209  holderDeg=-1  probe(ttl4/6/8/12)=0/0/0/0 of 20
t=13400  N=13409  holderDeg=-1  probe(ttl4/6/8/12)=0/0/0/0 of 20
t=13400  N=13409  holderDeg=-1  probe(ttl4/6/8/12)=0/0/0/0 of 20
t=13200  N=13209  holderDeg=-1  probe(ttl4/6/8/12)=0/0/0/0 of 20
t=13400  N=13409  holderDeg=-1  probe(ttl4/6/8/12)=0/0/0/0 of 20
t=13400  N=13409  holderDeg=-1  probe(ttl4/6/8/12)=0/0/0/0 of 20
t=13200  N=13209  holderDeg=-1  probe(ttl4/6/8/12)=0/0/0/0 of 20
t=13600  N=13609  holderDeg=-1  probe(ttl4/6/8/12)=0/0/0/0 of 20
t=13600  N=13609  holderDeg=-1  probe(ttl4/6/8/12)=0/0/0/0 of 20
t=13400  N=13409  holderDeg=-1  probe(ttl4/6/8/12)=0/0/0/0 of 20
t=13600  N=13609  holderDeg=-1  probe(ttl4/6/8/12)=0/0/0/0 of 20
t=13600  N=13609  holderDeg=-1  probe(ttl4/6/8/12)=0/0/0/0 of 20
t=13800  N=13809  holderDeg=-1  probe(ttl4/6/8/12)=0/0/0/0 of 20
t=13600  N=13609  holderDeg=-1  probe(ttl4/6/8/12)=0/0/0/0 of 20
t=13400  N=13409  holderDeg=-1  probe(ttl4/6/8/12)=0/0/0/0 of 20
t=13800  N=13809  holderDeg=-1  probe(ttl4/6/8/12)=0/0/0/0 of 20
t=13800  N=13809  holderDeg=-1  probe(ttl4/6/8/12)=0/0/0/0 of 20
t=13800  N=13809  holderDeg=-1  probe(ttl4/6/8/12)=0/0/0/0 of 20
t=14000  N=14009  holderDeg=-1  probe(ttl4/6/8/12)=0/0/0/0 of 20
t=13800  N=13809  holderDeg=-1  probe(ttl4/6/8/12)=0/0/0/0 of 20
t=14000  N=14009  holderDeg=-1  probe(ttl4/6/8/12)=0/0/0/0 of 20
t=13600  N=13609  holderDeg=-1  probe(ttl4/6/8/12)=0/0/0/0 of 20
t=14000  N=14009  holderDeg=-1  probe(ttl4/6/8/12)=0/0/0/0 of 20
t=14000  N=14009  holderDeg=-1  probe(ttl4/6/8/12)=0/0/0/0 of 20
t=14000  N=14009  holderDeg=-1  probe(ttl4/6/8/12)=0/0/0/0 of 20
t=14200  N=14209  holderDeg=-1  probe(ttl4/6/8/12)=0/0/0/0 of 20

 Growing has been completed
*********************************************************************


 Growing has been completed
*********************************************************************

t=14200  N=14209  holderDeg=-1  probe(ttl4/6/8/12)=0/0/0/0 of 20
t=13800  N=13809  holderDeg=-1  probe(ttl4/6/8/12)=0/0/0/0 of 20
t=14400  N=14269  holderDeg=-1  probe(ttl4/6/8/12)=0/0/0/0 of 20

 Growing has been completed
*********************************************************************

t=14200  N=14191  holderDeg=-1  probe(ttl4/6/8/12)=0/0/0/0 of 20
t=14200  N=14209  holderDeg=-1  probe(ttl4/6/8/12)=0/0/0/0 of 20

 Growing has been completed
*********************************************************************


 Growing has been completed
*********************************************************************

t=14600  N=14333  holderDeg=-1  probe(ttl4/6/8/12)=0/0/0/0 of 20
t=14400  N=14315  holderDeg=-1  probe(ttl4/6/8/12)=0/0/0/0 of 20
t=14400  N=14258  holderDeg=-1  probe(ttl4/6/8/12)=0/0/0/0 of 20
t=14400  N=14320  holderDeg=-1  probe(ttl4/6/8/12)=0/0/0/0 of 20
t=14200  N=14196  holderDeg=-1  probe(ttl4/6/8/12)=0/0/0/0 of 20
t=14000  N=14009  holderDeg=-1  probe(ttl4/6/8/12)=0/0/0/0 of 20
t=14800  N=14395  holderDeg=-1  probe(ttl4/6/8/12)=0/0/0/0 of 20
t=14600  N=14310  holderDeg=-1  probe(ttl4/6/8/12)=0/0/0/0 of 20
t=14600  N=14372  holderDeg=-1  probe(ttl4/6/8/12)=0/0/0/0 of 20
t=14600  N=14371  holderDeg=-1  probe(ttl4/6/8/12)=0/0/0/0 of 20
t=14400  N=14258  holderDeg=-1  probe(ttl4/6/8/12)=0/0/0/0 of 20
t=15000  N=14456  holderDeg=-1  probe(ttl4/6/8/12)=0/0/0/0 of 20
t=14800  N=14368  holderDeg=-1  probe(ttl4/6/8/12)=0/0/0/0 of 20
t=14200  N=14209  holderDeg=-1  probe(ttl4/6/8/12)=0/0/0/0 of 20
t=14800  N=14430  holderDeg=-1  probe(ttl4/6/8/12)=0/0/0/0 of 20
t=14800  N=14427  holderDeg=-1  probe(ttl4/6/8/12)=0/0/0/0 of 20
t=14600  N=14321  holderDeg=-1  probe(ttl4/6/8/12)=0/0/0/0 of 20

 Growing has been completed
*********************************************************************

t=15200  N=14512  holderDeg=3  probe(ttl4/6/8/12)=1/1/0/3 of 20
t=15000  N=14427  holderDeg=-1  probe(ttl4/6/8/12)=0/0/0/0 of 20
t=15000  N=14490  holderDeg=-1  probe(ttl4/6/8/12)=0/0/0/0 of 20
t=15000  N=14486  holderDeg=-1  probe(ttl4/6/8/12)=0/0/0/0 of 20
t=14400  N=14338  holderDeg=-1  probe(ttl4/6/8/12)=0/0/0/0 of 20
t=14800  N=14379  holderDeg=-1  probe(ttl4/6/8/12)=0/0/0/0 of 20
t=15400  N=14571  holderDeg=3  probe(ttl4/6/8/12)=0/1/4/2 of 20
t=15200  N=14491  holderDeg=3  probe(ttl4/6/8/12)=0/0/5/10 of 20
t=15200  N=14553  holderDeg=3  probe(ttl4/6/8/12)=1/0/1/14 of 20
t=15200  N=14542  holderDeg=3  probe(ttl4/6/8/12)=0/2/4/4 of 20
t=15000  N=14438  holderDeg=-1  probe(ttl4/6/8/12)=0/0/0/0 of 20
t=15600  N=14624  holderDeg=3  probe(ttl4/6/8/12)=0/1/4/8 of 20
t=14600  N=14406  holderDeg=-1  probe(ttl4/6/8/12)=0/0/0/0 of 20
t=15400  N=14546  holderDeg=3  probe(ttl4/6/8/12)=1/0/4/3 of 20
t=15200  N=14490  holderDeg=3  probe(ttl4/6/8/12)=0/0/2/13 of 20
t=15400  N=14606  holderDeg=3  probe(ttl4/6/8/12)=0/1/0/6 of 20
t=15400  N=14606  holderDeg=3  probe(ttl4/6/8/12)=0/0/2/9 of 20
t=15800  N=14690  holderDeg=3  probe(ttl4/6/8/12)=0/2/2/1 of 20
t=14800  N=14464  holderDeg=-1  probe(ttl4/6/8/12)=0/0/0/0 of 20
t=15600  N=14605  holderDeg=3  probe(ttl4/6/8/12)=0/0/2/8 of 20
t=16000  N=14752  holderDeg=3  probe(ttl4/6/8/12)=0/0/2/2 of 20
t=15400  N=14551  holderDeg=3  probe(ttl4/6/8/12)=0/2/5/14 of 20
t=15600  N=14662  holderDeg=3  probe(ttl4/6/8/12)=0/0/2/5 of 20
t=15600  N=14672  holderDeg=3  probe(ttl4/6/8/12)=1/0/2/13 of 20
t=15000  N=14522  holderDeg=-1  probe(ttl4/6/8/12)=0/0/0/0 of 20
t=15800  N=14660  holderDeg=3  probe(ttl4/6/8/12)=0/0/5/10 of 20
t=16200  N=14814  holderDeg=3  probe(ttl4/6/8/12)=0/0/4/2 of 20
t=15600  N=14608  holderDeg=3  probe(ttl4/6/8/12)=0/1/3/10 of 20
t=15800  N=14731  holderDeg=3  probe(ttl4/6/8/12)=0/0/6/7 of 20
t=15200  N=14591  holderDeg=3  probe(ttl4/6/8/12)=0/1/3/7 of 20
t=15800  N=14728  holderDeg=3  probe(ttl4/6/8/12)=0/0/3/10 of 20
t=16000  N=14720  holderDeg=3  probe(ttl4/6/8/12)=0/0/4/12 of 20
t=16400  N=14877  holderDeg=3  probe(ttl4/6/8/12)=0/0/2/3 of 20
t=15800  N=14670  holderDeg=3  probe(ttl4/6/8/12)=1/0/4/14 of 20
t=16000  N=14791  holderDeg=3  probe(ttl4/6/8/12)=0/0/1/7 of 20
t=15400  N=14660  holderDeg=3  probe(ttl4/6/8/12)=0/3/1/6 of 20
t=16000  N=14786  holderDeg=3  probe(ttl4/6/8/12)=0/2/2/15 of 20
t=16200  N=14781  holderDeg=3  probe(ttl4/6/8/12)=0/0/1/7 of 20
t=16600  N=14943  holderDeg=3  probe(ttl4/6/8/12)=0/0/5/4 of 20
t=16200  N=14847  holderDeg=3  probe(ttl4/6/8/12)=1/0/3/5 of 20
t=16000  N=14731  holderDeg=3  probe(ttl4/6/8/12)=0/0/5/12 of 20
t=15600  N=14719  holderDeg=3  probe(ttl4/6/8/12)=0/1/4/10 of 20
t=16200  N=14843  holderDeg=3  probe(ttl4/6/8/12)=0/0/3/10 of 20
t=16400  N=14831  holderDeg=3  probe(ttl4/6/8/12)=0/1/2/5 of 20
t=16800  N=15009  holderDeg=3  probe(ttl4/6/8/12)=0/1/3/3 of 20
t=15800  N=14780  holderDeg=3  probe(ttl4/6/8/12)=0/0/5/7 of 20
t=16400  N=14918  holderDeg=3  probe(ttl4/6/8/12)=0/0/2/3 of 20
t=16200  N=14793  holderDeg=3  probe(ttl4/6/8/12)=0/2/3/16 of 20
t=16400  N=14900  holderDeg=3  probe(ttl4/6/8/12)=0/1/0/12 of 20
t=16600  N=14897  holderDeg=3  probe(ttl4/6/8/12)=0/0/5/8 of 20
t=17000  N=15069  holderDeg=3  probe(ttl4/6/8/12)=0/0/1/2 of 20
t=16600  N=14976  holderDeg=3  probe(ttl4/6/8/12)=0/0/2/5 of 20
t=16000  N=14851  holderDeg=3  probe(ttl4/6/8/12)=0/0/1/3 of 20
t=16400  N=14846  holderDeg=3  probe(ttl4/6/8/12)=1/0/2/10 of 20
t=16800  N=14958  holderDeg=3  probe(ttl4/6/8/12)=0/1/3/9 of 20
t=16600  N=14967  holderDeg=3  probe(ttl4/6/8/12)=0/1/3/10 of 20
t=17200  N=15130  holderDeg=3  probe(ttl4/6/8/12)=0/0/1/4 of 20
t=16800  N=15033  holderDeg=3  probe(ttl4/6/8/12)=0/0/6/6 of 20
t=16200  N=14909  holderDeg=3  probe(ttl4/6/8/12)=0/1/1/10 of 20
t=16600  N=14911  holderDeg=3  probe(ttl4/6/8/12)=0/0/4/14 of 20
t=17000  N=15026  holderDeg=3  probe(ttl4/6/8/12)=0/0/1/7 of 20
t=16800  N=15023  holderDeg=3  probe(ttl4/6/8/12)=0/2/4/7 of 20
t=17400  N=15189  holderDeg=3  probe(ttl4/6/8/12)=0/0/4/2 of 20
t=17000  N=15088  holderDeg=3  probe(ttl4/6/8/12)=0/1/0/2 of 20
t=16800  N=14962  holderDeg=3  probe(ttl4/6/8/12)=0/0/7/15 of 20
t=16400  N=14972  holderDeg=3  probe(ttl4/6/8/12)=0/0/3/10 of 20
t=17200  N=15077  holderDeg=3  probe(ttl4/6/8/12)=0/1/5/9 of 20
t=17000  N=15078  holderDeg=3  probe(ttl4/6/8/12)=0/0/3/7 of 20
t=17600  N=15245  holderDeg=3  probe(ttl4/6/8/12)=0/2/4/3 of 20
t=17200  N=15144  holderDeg=3  probe(ttl4/6/8/12)=0/3/2/3 of 20
t=17000  N=15031  holderDeg=3  probe(ttl4/6/8/12)=0/0/2/10 of 20
t=16600  N=15031  holderDeg=3  probe(ttl4/6/8/12)=0/0/2/7 of 20
t=17400  N=15138  holderDeg=3  probe(ttl4/6/8/12)=0/0/3/5 of 20
t=17800  N=15298  holderDeg=3  probe(ttl4/6/8/12)=0/1/0/3 of 20
t=17200  N=15138  holderDeg=3  probe(ttl4/6/8/12)=0/1/3/11 of 20
t=17200  N=15082  holderDeg=3  probe(ttl4/6/8/12)=0/2/2/14 of 20
t=16800  N=15090  holderDeg=3  probe(ttl4/6/8/12)=0/1/2/5 of 20
t=17400  N=15196  holderDeg=5  probe(ttl4/6/8/12)=0/0/3/13 of 20
t=17600  N=15198  holderDeg=3  probe(ttl4/6/8/12)=0/0/3/8 of 20
t=18000  N=15350  holderDeg=3  probe(ttl4/6/8/12)=0/0/3/6 of 20
t=17400  N=15206  holderDeg=3  probe(ttl4/6/8/12)=0/1/5/10 of 20
t=17400  N=15133  holderDeg=3  probe(ttl4/6/8/12)=1/0/5/15 of 20
t=17600  N=15266  holderDeg=7  probe(ttl4/6/8/12)=0/0/6/13 of 20
t=17000  N=15140  holderDeg=3  probe(ttl4/6/8/12)=0/0/3/7 of 20
t=18200  N=15408  holderDeg=3  probe(ttl4/6/8/12)=0/1/3/2 of 20
t=17800  N=15258  holderDeg=3  probe(ttl4/6/8/12)=0/0/2/6 of 20
t=17600  N=15274  holderDeg=3  probe(ttl4/6/8/12)=0/0/2/10 of 20
t=17600  N=15198  holderDeg=3  probe(ttl4/6/8/12)=0/0/1/13 of 20
t=17800  N=15337  holderDeg=9  probe(ttl4/6/8/12)=0/1/9/14 of 20
t=17200  N=15199  holderDeg=3  probe(ttl4/6/8/12)=0/1/3/7 of 20
t=18400  N=15477  holderDeg=3  probe(ttl4/6/8/12)=0/1/2/2 of 20
t=18000  N=15314  holderDeg=3  probe(ttl4/6/8/12)=0/0/3/10 of 20
t=17800  N=15266  holderDeg=3  probe(ttl4/6/8/12)=0/0/7/15 of 20
t=17800  N=15324  holderDeg=3  probe(ttl4/6/8/12)=0/1/0/9 of 20
t=18000  N=15404  holderDeg=11  probe(ttl4/6/8/12)=0/2/6/16 of 20
t=17400  N=15274  holderDeg=3  probe(ttl4/6/8/12)=0/0/0/7 of 20
t=18600  N=15535  holderDeg=3  probe(ttl4/6/8/12)=0/0/4/4 of 20
t=18200  N=15378  holderDeg=5  probe(ttl4/6/8/12)=0/2/5/11 of 20
t=18000  N=15326  holderDeg=3  probe(ttl4/6/8/12)=0/1/2/14 of 20
t=18000  N=15395  holderDeg=3  probe(ttl4/6/8/12)=0/1/4/13 of 20
t=18200  N=15463  holderDeg=13  probe(ttl4/6/8/12)=0/2/7/16 of 20
t=17600  N=15328  holderDeg=3  probe(ttl4/6/8/12)=0/0/3/8 of 20
t=18800  N=15592  holderDeg=3  probe(ttl4/6/8/12)=0/1/2/4 of 20
t=18400  N=15435  holderDeg=7  probe(ttl4/6/8/12)=0/1/7/13 of 20
t=18200  N=15391  holderDeg=3  probe(ttl4/6/8/12)=0/0/2/10 of 20
t=18200  N=15457  holderDeg=3  probe(ttl4/6/8/12)=0/0/1/10 of 20
t=18400  N=15526  holderDeg=15  probe(ttl4/6/8/12)=0/5/7/15 of 20
t=17800  N=15384  holderDeg=3  probe(ttl4/6/8/12)=0/0/1/7 of 20
t=18600  N=15488  holderDeg=9  probe(ttl4/6/8/12)=0/3/8/14 of 20
t=19000  N=15655  holderDeg=3  probe(ttl4/6/8/12)=0/0/2/2 of 20
t=18400  N=15448  holderDeg=3  probe(ttl4/6/8/12)=0/1/4/15 of 20
t=18400  N=15524  holderDeg=3  probe(ttl4/6/8/12)=0/0/1/11 of 20
t=18600  N=15594  holderDeg=17  probe(ttl4/6/8/12)=1/4/11/17 of 20
t=18000  N=15437  holderDeg=3  probe(ttl4/6/8/12)=0/0/1/8 of 20
t=18800  N=15541  holderDeg=11  probe(ttl4/6/8/12)=0/1/8/14 of 20
t=19200  N=15718  holderDeg=3  probe(ttl4/6/8/12)=0/1/3/1 of 20
t=18600  N=15513  holderDeg=3  probe(ttl4/6/8/12)=0/1/3/14 of 20
t=18600  N=15582  holderDeg=3  probe(ttl4/6/8/12)=0/0/3/9 of 20
t=18800  N=15661  holderDeg=19  probe(ttl4/6/8/12)=0/0/11/18 of 20
t=19400  N=15775  holderDeg=3  probe(ttl4/6/8/12)=0/1/3/5 of 20
t=18200  N=15499  holderDeg=3  probe(ttl4/6/8/12)=0/3/1/6 of 20
t=19000  N=15607  holderDeg=13  probe(ttl4/6/8/12)=0/3/10/13 of 20
t=18800  N=15576  holderDeg=3  probe(ttl4/6/8/12)=1/2/6/14 of 20
t=18800  N=15650  holderDeg=3  probe(ttl4/6/8/12)=0/0/0/11 of 20
t=19000  N=15723  holderDeg=21  probe(ttl4/6/8/12)=1/4/14/19 of 20
t=19600  N=15819  holderDeg=3  probe(ttl4/6/8/12)=0/0/1/1 of 20
t=18400  N=15560  holderDeg=3  probe(ttl4/6/8/12)=0/1/5/9 of 20
t=19200  N=15660  holderDeg=15  probe(ttl4/6/8/12)=1/1/14/19 of 20
t=19000  N=15637  holderDeg=3  probe(ttl4/6/8/12)=0/1/3/11 of 20
t=19000  N=15716  holderDeg=3  probe(ttl4/6/8/12)=0/0/1/11 of 20
t=19200  N=15779  holderDeg=23  probe(ttl4/6/8/12)=1/2/12/19 of 20
t=19800  N=15876  holderDeg=3  probe(ttl4/6/8/12)=0/1/3/4 of 20
t=19400  N=15718  holderDeg=17  probe(ttl4/6/8/12)=1/4/9/17 of 20
t=18600  N=15611  holderDeg=3  probe(ttl4/6/8/12)=1/0/1/5 of 20
t=19200  N=15698  holderDeg=3  probe(ttl4/6/8/12)=0/0/2/16 of 20
t=19200  N=15779  holderDeg=3  probe(ttl4/6/8/12)=0/0/2/10 of 20
t=19400  N=15831  holderDeg=25  probe(ttl4/6/8/12)=0/4/10/20 of 20
t=20000  N=15937  holderDeg=3  probe(ttl4/6/8/12)=0/0/3/1 of 20
t=19600  N=15778  holderDeg=17  probe(ttl4/6/8/12)=1/2/9/18 of 20
t=18800  N=15665  holderDeg=3  probe(ttl4/6/8/12)=0/1/4/10 of 20
t=19400  N=15759  holderDeg=3  probe(ttl4/6/8/12)=0/2/4/11 of 20
t=19400  N=15838  holderDeg=3  probe(ttl4/6/8/12)=0/0/4/9 of 20
t=19600  N=15879  holderDeg=27  probe(ttl4/6/8/12)=1/3/16/20 of 20
t=19800  N=15840  holderDeg=17  probe(ttl4/6/8/12)=0/7/12/19 of 20
t=20200  N=15993  holderDeg=3  probe(ttl4/6/8/12)=0/0/1/5 of 20
t=19600  N=15830  holderDeg=3  probe(ttl4/6/8/12)=0/2/4/14 of 20
t=19000  N=15717  holderDeg=3  probe(ttl4/6/8/12)=0/2/4/2 of 20
t=19600  N=15898  holderDeg=3  probe(ttl4/6/8/12)=0/2/4/11 of 20
t=19800  N=15946  holderDeg=27  probe(ttl4/6/8/12)=3/3/16/20 of 20
t=20000  N=15895  holderDeg=17  probe(ttl4/6/8/12)=0/5/12/20 of 20
t=20400  N=16052  holderDeg=3  probe(ttl4/6/8/12)=0/0/2/1 of 20
t=19800  N=15892  holderDeg=3  probe(ttl4/6/8/12)=0/0/3/14 of 20
t=19200  N=15777  holderDeg=3  probe(ttl4/6/8/12)=0/0/1/5 of 20
t=20000  N=16002  holderDeg=27  probe(ttl4/6/8/12)=0/6/13/20 of 20
t=20200  N=15954  holderDeg=17  probe(ttl4/6/8/12)=0/3/10/20 of 20
t=19800  N=15964  holderDeg=3  probe(ttl4/6/8/12)=0/0/4/11 of 20
t=20000  N=15956  holderDeg=3  probe(ttl4/6/8/12)=0/0/3/11 of 20
t=20600  N=16119  holderDeg=3  probe(ttl4/6/8/12)=0/0/3/2 of 20
t=19400  N=15838  holderDeg=3  probe(ttl4/6/8/12)=0/0/4/9 of 20
t=20200  N=16063  holderDeg=27  probe(ttl4/6/8/12)=0/4/18/20 of 20
t=20800  N=16181  holderDeg=3  probe(ttl4/6/8/12)=0/0/2/4 of 20
t=20000  N=16017  holderDeg=3  probe(ttl4/6/8/12)=0/0/1/10 of 20
t=20400  N=16005  holderDeg=17  probe(ttl4/6/8/12)=1/2/10/18 of 20
t=20200  N=16010  holderDeg=3  probe(ttl4/6/8/12)=1/1/3/16 of 20
t=19600  N=15905  holderDeg=3  probe(ttl4/6/8/12)=0/1/2/7 of 20
t=21000  N=16242  holderDeg=3  probe(ttl4/6/8/12)=1/1/4/0 of 20
t=20400  N=16127  holderDeg=27  probe(ttl4/6/8/12)=2/3/13/20 of 20
t=20200  N=16078  holderDeg=3  probe(ttl4/6/8/12)=0/1/5/10 of 20
t=20600  N=16061  holderDeg=17  probe(ttl4/6/8/12)=1/0/12/17 of 20
t=20400  N=16073  holderDeg=3  probe(ttl4/6/8/12)=0/1/1/16 of 20
t=19800  N=15971  holderDeg=3  probe(ttl4/6/8/12)=0/1/2/6 of 20
t=21200  N=16298  holderDeg=3  probe(ttl4/6/8/12)=0/0/2/5 of 20
t=20600  N=16180  holderDeg=27  probe(ttl4/6/8/12)=1/2/12/20 of 20
t=20600  N=16125  holderDeg=3  probe(ttl4/6/8/12)=1/0/5/15 of 20
t=20800  N=16134  holderDeg=17  probe(ttl4/6/8/12)=1/3/10/20 of 20
t=20400  N=16138  holderDeg=3  probe(ttl4/6/8/12)=0/0/2/11 of 20
t=20000  N=16027  holderDeg=3  probe(ttl4/6/8/12)=1/1/3/10 of 20
t=21400  N=16356  holderDeg=3  probe(ttl4/6/8/12)=0/1/5/3 of 20
t=20800  N=16242  holderDeg=27  probe(ttl4/6/8/12)=2/3/14/20 of 20
t=20800  N=16185  holderDeg=3  probe(ttl4/6/8/12)=0/1/3/12 of 20
t=20600  N=16185  holderDeg=3  probe(ttl4/6/8/12)=0/0/2/13 of 20
t=21000  N=16194  holderDeg=17  probe(ttl4/6/8/12)=2/3/8/19 of 20
t=20200  N=16089  holderDeg=3  probe(ttl4/6/8/12)=0/2/1/9 of 20
t=21600  N=16423  holderDeg=3  probe(ttl4/6/8/12)=0/1/1/4 of 20
t=21000  N=16302  holderDeg=27  probe(ttl4/6/8/12)=1/0/13/20 of 20
t=21000  N=16254  holderDeg=3  probe(ttl4/6/8/12)=0/0/1/10 of 20
t=21200  N=16259  holderDeg=17  probe(ttl4/6/8/12)=0/5/13/20 of 20
t=20800  N=16234  holderDeg=3  probe(ttl4/6/8/12)=0/0/5/13 of 20
t=20400  N=16151  holderDeg=3  probe(ttl4/6/8/12)=1/1/5/8 of 20
t=21800  N=16482  holderDeg=3  probe(ttl4/6/8/12)=0/1/4/2 of 20
t=21200  N=16369  holderDeg=27  probe(ttl4/6/8/12)=1/3/14/18 of 20
t=21400  N=16312  holderDeg=17  probe(ttl4/6/8/12)=2/2/11/20 of 20
t=21200  N=16312  holderDeg=3  probe(ttl4/6/8/12)=1/1/3/14 of 20
t=21000  N=16293  holderDeg=3  probe(ttl4/6/8/12)=0/0/1/9 of 20
t=20600  N=16216  holderDeg=3  probe(ttl4/6/8/12)=0/0/3/7 of 20
t=22000  N=16545  holderDeg=3  probe(ttl4/6/8/12)=0/0/4/6 of 20
t=21400  N=16430  holderDeg=27  probe(ttl4/6/8/12)=1/5/12/19 of 20
t=21600  N=16375  holderDeg=17  probe(ttl4/6/8/12)=1/2/14/17 of 20
t=21400  N=16374  holderDeg=3  probe(ttl4/6/8/12)=0/1/5/12 of 20
t=21200  N=16347  holderDeg=3  probe(ttl4/6/8/12)=0/0/1/13 of 20
t=20800  N=16287  holderDeg=3  probe(ttl4/6/8/12)=0/0/1/8 of 20
t=22200  N=16608  holderDeg=3  probe(ttl4/6/8/12)=0/1/1/4 of 20
t=21600  N=16481  holderDeg=27  probe(ttl4/6/8/12)=0/5/14/20 of 20
t=21800  N=16432  holderDeg=17  probe(ttl4/6/8/12)=1/1/9/19 of 20
t=21600  N=16444  holderDeg=3  probe(ttl4/6/8/12)=0/1/5/14 of 20
t=21400  N=16406  holderDeg=3  probe(ttl4/6/8/12)=1/2/6/11 of 20
t=21000  N=16352  holderDeg=3  probe(ttl4/6/8/12)=0/1/6/7 of 20
t=22400  N=16664  holderDeg=3  probe(ttl4/6/8/12)=1/1/2/4 of 20
t=21800  N=16539  holderDeg=27  probe(ttl4/6/8/12)=0/3/13/20 of 20
t=22000  N=16504  holderDeg=17  probe(ttl4/6/8/12)=0/4/11/18 of 20
t=21800  N=16494  holderDeg=3  probe(ttl4/6/8/12)=0/0/4/13 of 20
t=21600  N=16457  holderDeg=3  probe(ttl4/6/8/12)=0/1/2/5 of 20
t=21200  N=16412  holderDeg=3  probe(ttl4/6/8/12)=0/0/0/6 of 20
t=22600  N=16725  holderDeg=3  probe(ttl4/6/8/12)=0/0/1/3 of 20
t=22000  N=16597  holderDeg=27  probe(ttl4/6/8/12)=0/2/14/20 of 20
t=22200  N=16556  holderDeg=17  probe(ttl4/6/8/12)=0/3/12/18 of 20
t=21800  N=16512  holderDeg=3  probe(ttl4/6/8/12)=0/0/1/5 of 20
t=22000  N=16554  holderDeg=3  probe(ttl4/6/8/12)=1/0/5/13 of 20
t=21400  N=16481  holderDeg=3  probe(ttl4/6/8/12)=0/0/2/8 of 20
t=22800  N=16791  holderDeg=3  probe(ttl4/6/8/12)=0/3/3/0 of 20
t=22200  N=16648  holderDeg=27  probe(ttl4/6/8/12)=0/1/15/20 of 20
t=22400  N=16620  holderDeg=17  probe(ttl4/6/8/12)=1/2/13/20 of 20
t=22200  N=16606  holderDeg=3  probe(ttl4/6/8/12)=0/1/2/12 of 20
t=22000  N=16571  holderDeg=3  probe(ttl4/6/8/12)=0/0/4/9 of 20
t=21600  N=16540  holderDeg=3  probe(ttl4/6/8/12)=0/0/2/6 of 20
t=23000  N=16850  holderDeg=3  probe(ttl4/6/8/12)=0/1/3/3 of 20
t=22400  N=16696  holderDeg=27  probe(ttl4/6/8/12)=1/3/14/20 of 20
t=22400  N=16667  holderDeg=3  probe(ttl4/6/8/12)=0/0/4/14 of 20
t=22600  N=16683  holderDeg=17  probe(ttl4/6/8/12)=0/4/10/19 of 20
t=21800  N=16597  holderDeg=3  probe(ttl4/6/8/12)=0/0/4/8 of 20
t=22200  N=16631  holderDeg=3  probe(ttl4/6/8/12)=0/1/2/9 of 20
t=23200  N=16909  holderDeg=3  probe(ttl4/6/8/12)=0/0/3/4 of 20
t=22600  N=16760  holderDeg=27  probe(ttl4/6/8/12)=0/5/11/20 of 20
t=22600  N=16727  holderDeg=3  probe(ttl4/6/8/12)=0/0/3/10 of 20
t=22800  N=16739  holderDeg=17  probe(ttl4/6/8/12)=0/5/7/19 of 20
t=22400  N=16701  holderDeg=3  probe(ttl4/6/8/12)=0/0/3/8 of 20
t=22000  N=16665  holderDeg=3  probe(ttl4/6/8/12)=0/0/1/8 of 20
t=23400  N=16975  holderDeg=3  probe(ttl4/6/8/12)=0/1/2/2 of 20
t=22800  N=16809  holderDeg=27  probe(ttl4/6/8/12)=1/4/18/20 of 20
t=22800  N=16781  holderDeg=3  probe(ttl4/6/8/12)=0/0/2/11 of 20
t=23000  N=16797  holderDeg=17  probe(ttl4/6/8/12)=1/2/9/19 of 20
t=22600  N=16751  holderDeg=3  probe(ttl4/6/8/12)=0/0/2/13 of 20
t=22200  N=16712  holderDeg=3  probe(ttl4/6/8/12)=0/0/3/9 of 20
t=23600  N=17034  holderDeg=3  probe(ttl4/6/8/12)=0/0/3/3 of 20
t=23000  N=16867  holderDeg=27  probe(ttl4/6/8/12)=0/4/13/19 of 20
t=23000  N=16849  holderDeg=3  probe(ttl4/6/8/12)=0/1/3/15 of 20
t=23200  N=16861  holderDeg=17  probe(ttl4/6/8/12)=0/2/10/17 of 20
t=22800  N=16809  holderDeg=3  probe(ttl4/6/8/12)=0/0/2/9 of 20
t=23800  N=17095  holderDeg=3  probe(ttl4/6/8/12)=0/1/2/4 of 20
t=22400  N=16770  holderDeg=3  probe(ttl4/6/8/12)=0/1/1/8 of 20
t=23200  N=16925  holderDeg=27  probe(ttl4/6/8/12)=0/3/18/20 of 20
t=23200  N=16905  holderDeg=3  probe(ttl4/6/8/12)=0/2/6/9 of 20
t=23400  N=16918  holderDeg=17  probe(ttl4/6/8/12)=0/5/13/18 of 20
t=23000  N=16869  holderDeg=3  probe(ttl4/6/8/12)=0/0/1/9 of 20
t=24000  N=17158  holderDeg=3  probe(ttl4/6/8/12)=0/0/2/8 of 20
t=22600  N=16834  holderDeg=3  probe(ttl4/6/8/12)=0/1/4/6 of 20
t=23400  N=16965  holderDeg=3  probe(ttl4/6/8/12)=0/0/4/13 of 20
t=23400  N=16976  holderDeg=27  probe(ttl4/6/8/12)=0/4/13/20 of 20
t=23600  N=16984  holderDeg=17  probe(ttl4/6/8/12)=0/2/14/19 of 20
t=23200  N=16928  holderDeg=3  probe(ttl4/6/8/12)=0/1/2/10 of 20
t=24200  N=17217  holderDeg=3  probe(ttl4/6/8/12)=0/0/5/0 of 20
t=22800  N=16894  holderDeg=3  probe(ttl4/6/8/12)=0/0/4/5 of 20
t=23600  N=17018  holderDeg=3  probe(ttl4/6/8/12)=0/1/3/15 of 20
t=23600  N=17033  holderDeg=27  probe(ttl4/6/8/12)=0/3/14/19 of 20
t=23800  N=17051  holderDeg=17  probe(ttl4/6/8/12)=0/1/10/18 of 20
t=23400  N=16987  holderDeg=3  probe(ttl4/6/8/12)=0/0/5/9 of 20
t=24400  N=17278  holderDeg=3  probe(ttl4/6/8/12)=0/0/1/2 of 20
t=23000  N=16950  holderDeg=3  probe(ttl4/6/8/12)=0/1/2/7 of 20
t=23800  N=17079  holderDeg=3  probe(ttl4/6/8/12)=0/0/5/11 of 20
t=23800  N=17093  holderDeg=27  probe(ttl4/6/8/12)=1/4/11/20 of 20
t=24000  N=17108  holderDeg=17  probe(ttl4/6/8/12)=0/2/9/15 of 20
t=23600  N=17046  holderDeg=3  probe(ttl4/6/8/12)=0/0/5/7 of 20
t=24600  N=17345  holderDeg=3  probe(ttl4/6/8/12)=0/1/1/3 of 20
t=23200  N=16999  holderDeg=3  probe(ttl4/6/8/12)=0/1/4/5 of 20
t=24000  N=17135  holderDeg=3  probe(ttl4/6/8/12)=0/2/3/13 of 20
t=24000  N=17152  holderDeg=27  probe(ttl4/6/8/12)=1/1/15/20 of 20
t=24200  N=17158  holderDeg=17  probe(ttl4/6/8/12)=0/1/12/19 of 20
t=23800  N=17111  holderDeg=3  probe(ttl4/6/8/12)=0/0/4/7 of 20
t=24800  N=17402  holderDeg=3  probe(ttl4/6/8/12)=0/1/2/6 of 20
t=23400  N=17060  holderDeg=3  probe(ttl4/6/8/12)=0/0/3/11 of 20
t=24200  N=17208  holderDeg=3  probe(ttl4/6/8/12)=0/0/3/12 of 20
t=24400  N=17219  holderDeg=17  probe(ttl4/6/8/12)=0/4/10/20 of 20
t=24200  N=17221  holderDeg=27  probe(ttl4/6/8/12)=1/5/10/20 of 20
t=25000  N=17460  holderDeg=3  probe(ttl4/6/8/12)=0/1/1/4 of 20
t=24000  N=17174  holderDeg=3  probe(ttl4/6/8/12)=0/2/4/10 of 20
t=23600  N=17127  holderDeg=3  probe(ttl4/6/8/12)=0/2/2/9 of 20
t=24400  N=17271  holderDeg=3  probe(ttl4/6/8/12)=0/0/5/14 of 20
t=24600  N=17266  holderDeg=17  probe(ttl4/6/8/12)=0/3/9/19 of 20
t=24400  N=17265  holderDeg=27  probe(ttl4/6/8/12)=0/4/14/20 of 20
t=25200  N=17517  holderDeg=3  probe(ttl4/6/8/12)=0/0/3/3 of 20
t=24200  N=17234  holderDeg=3  probe(ttl4/6/8/12)=0/0/0/11 of 20
t=23800  N=17179  holderDeg=3  probe(ttl4/6/8/12)=0/1/2/7 of 20
t=24600  N=17322  holderDeg=3  probe(ttl4/6/8/12)=0/1/3/12 of 20
t=24800  N=17316  holderDeg=17  probe(ttl4/6/8/12)=0/3/12/20 of 20
t=24600  N=17324  holderDeg=27  probe(ttl4/6/8/12)=1/5/13/20 of 20
t=25400  N=17569  holderDeg=3  probe(ttl4/6/8/12)=0/0/0/5 of 20
t=24400  N=17293  holderDeg=3  probe(ttl4/6/8/12)=0/1/3/8 of 20
t=24000  N=17248  holderDeg=3  probe(ttl4/6/8/12)=0/1/1/5 of 20
t=24800  N=17379  holderDeg=3  probe(ttl4/6/8/12)=0/3/2/15 of 20
t=25000  N=17377  holderDeg=17  probe(ttl4/6/8/12)=0/3/12/18 of 20
t=24800  N=17396  holderDeg=27  probe(ttl4/6/8/12)=0/5/12/20 of 20
t=25600  N=17624  holderDeg=3  probe(ttl4/6/8/12)=0/5/6/4 of 20
t=24600  N=17353  holderDeg=3  probe(ttl4/6/8/12)=0/0/4/8 of 20
t=24200  N=17309  holderDeg=3  probe(ttl4/6/8/12)=0/1/2/8 of 20
t=25000  N=17423  holderDeg=3  probe(ttl4/6/8/12)=0/1/5/12 of 20
t=25200  N=17434  holderDeg=17  probe(ttl4/6/8/12)=2/3/13/18 of 20
t=25000  N=17462  holderDeg=27  probe(ttl4/6/8/12)=1/5/15/20 of 20
t=25800  N=17691  holderDeg=3  probe(ttl4/6/8/12)=0/0/3/6 of 20
t=24800  N=17411  holderDeg=3  probe(ttl4/6/8/12)=1/1/4/12 of 20
t=24400  N=17375  holderDeg=3  probe(ttl4/6/8/12)=1/0/2/9 of 20
t=25200  N=17487  holderDeg=3  probe(ttl4/6/8/12)=0/1/3/13 of 20
t=25200  N=17523  holderDeg=27  probe(ttl4/6/8/12)=1/3/17/20 of 20
t=25400  N=17498  holderDeg=17  probe(ttl4/6/8/12)=1/3/15/18 of 20
t=26000  N=17751  holderDeg=3  probe(ttl4/6/8/12)=0/1/0/5 of 20
t=24600  N=17439  holderDeg=3  probe(ttl4/6/8/12)=0/1/2/7 of 20
t=25000  N=17467  holderDeg=3  probe(ttl4/6/8/12)=1/0/3/9 of 20
t=25400  N=17547  holderDeg=3  probe(ttl4/6/8/12)=0/1/4/16 of 20
t=25400  N=17581  holderDeg=27  probe(ttl4/6/8/12)=0/3/12/19 of 20
t=25600  N=17556  holderDeg=17  probe(ttl4/6/8/12)=1/2/9/20 of 20
t=26200  N=17816  holderDeg=3  probe(ttl4/6/8/12)=0/1/1/4 of 20
t=24800  N=17505  holderDeg=3  probe(ttl4/6/8/12)=0/2/5/4 of 20
t=25600  N=17616  holderDeg=3  probe(ttl4/6/8/12)=0/0/5/14 of 20
t=25200  N=17528  holderDeg=3  probe(ttl4/6/8/12)=0/0/1/9 of 20
t=25800  N=17618  holderDeg=17  probe(ttl4/6/8/12)=1/2/10/18 of 20
t=25600  N=17647  holderDeg=27  probe(ttl4/6/8/12)=1/3/16/20 of 20
t=26400  N=17875  holderDeg=3  probe(ttl4/6/8/12)=1/0/2/6 of 20
t=25800  N=17678  holderDeg=3  probe(ttl4/6/8/12)=0/1/3/12 of 20
t=25000  N=17569  holderDeg=3  probe(ttl4/6/8/12)=0/0/1/4 of 20
t=25400  N=17587  holderDeg=3  probe(ttl4/6/8/12)=0/0/3/13 of 20
t=26000  N=17682  holderDeg=17  probe(ttl4/6/8/12)=0/3/8/19 of 20
t=25800  N=17700  holderDeg=27  probe(ttl4/6/8/12)=0/10/14/20 of 20
t=26600  N=17932  holderDeg=3  probe(ttl4/6/8/12)=0/1/4/4 of 20
t=26000  N=17730  holderDeg=3  probe(ttl4/6/8/12)=0/0/3/13 of 20
t=25200  N=17626  holderDeg=3  probe(ttl4/6/8/12)=0/1/2/13 of 20
t=25600  N=17651  holderDeg=3  probe(ttl4/6/8/12)=0/0/2/9 of 20
t=26200  N=17755  holderDeg=17  probe(ttl4/6/8/12)=0/0/9/18 of 20
t=26000  N=17762  holderDeg=27  probe(ttl4/6/8/12)=0/5/16/20 of 20
t=26800  N=17993  holderDeg=3  probe(ttl4/6/8/12)=0/0/1/4 of 20
t=26200  N=17777  holderDeg=3  probe(ttl4/6/8/12)=0/3/6/14 of 20
t=25400  N=17696  holderDeg=3  probe(ttl4/6/8/12)=0/1/4/9 of 20
t=25800  N=17720  holderDeg=3  probe(ttl4/6/8/12)=1/0/3/7 of 20
t=26400  N=17810  holderDeg=17  probe(ttl4/6/8/12)=0/2/11/18 of 20
t=27000  N=18048  holderDeg=3  probe(ttl4/6/8/12)=0/3/4/2 of 20
t=26200  N=17825  holderDeg=27  probe(ttl4/6/8/12)=0/3/10/20 of 20
t=26400  N=17844  holderDeg=3  probe(ttl4/6/8/12)=0/0/3/13 of 20
t=25600  N=17767  holderDeg=3  probe(ttl4/6/8/12)=0/0/4/5 of 20
t=26000  N=17784  holderDeg=3  probe(ttl4/6/8/12)=0/2/3/10 of 20
t=27200  N=18111  holderDeg=3  probe(ttl4/6/8/12)=0/0/2/2 of 20
t=26600  N=17881  holderDeg=17  probe(ttl4/6/8/12)=0/4/9/18 of 20
t=26400  N=17881  holderDeg=27  probe(ttl4/6/8/12)=0/4/14/19 of 20
t=26600  N=17916  holderDeg=3  probe(ttl4/6/8/12)=0/1/2/13 of 20
t=25800  N=17825  holderDeg=3  probe(ttl4/6/8/12)=0/0/2/8 of 20
t=26200  N=17851  holderDeg=3  probe(ttl4/6/8/12)=0/0/3/12 of 20
t=27400  N=18177  holderDeg=3  probe(ttl4/6/8/12)=0/0/4/2 of 20
t=26800  N=17943  holderDeg=17  probe(ttl4/6/8/12)=0/5/10/18 of 20
t=26600  N=17944  holderDeg=27  probe(ttl4/6/8/12)=0/5/13/20 of 20
t=26800  N=17982  holderDeg=3  probe(ttl4/6/8/12)=0/0/4/11 of 20
t=26000  N=17882  holderDeg=3  probe(ttl4/6/8/12)=0/0/2/10 of 20
t=26400  N=17920  holderDeg=3  probe(ttl4/6/8/12)=0/1/1/10 of 20
t=27600  N=18233  holderDeg=3  probe(ttl4/6/8/12)=0/0/3/3 of 20
t=27000  N=18009  holderDeg=17  probe(ttl4/6/8/12)=1/0/11/17 of 20
t=27000  N=18046  holderDeg=3  probe(ttl4/6/8/12)=0/1/5/11 of 20
t=26800  N=18003  holderDeg=27  probe(ttl4/6/8/12)=0/3/14/20 of 20
t=26200  N=17951  holderDeg=3  probe(ttl4/6/8/12)=1/0/4/9 of 20
t=27800  N=18296  holderDeg=3  probe(ttl4/6/8/12)=0/2/1/4 of 20
t=26600  N=17985  holderDeg=3  probe(ttl4/6/8/12)=0/0/4/11 of 20
t=27200  N=18077  holderDeg=17  probe(ttl4/6/8/12)=1/4/9/17 of 20
t=27200  N=18112  holderDeg=3  probe(ttl4/6/8/12)=0/0/3/14 of 20
t=27000  N=18065  holderDeg=27  probe(ttl4/6/8/12)=0/5/12/20 of 20
t=26400  N=18012  holderDeg=3  probe(ttl4/6/8/12)=0/0/4/11 of 20
t=28000  N=18353  holderDeg=3  probe(ttl4/6/8/12)=1/0/3/5 of 20
t=26800  N=18044  holderDeg=3  probe(ttl4/6/8/12)=0/0/4/3 of 20
t=27400  N=18132  holderDeg=17  probe(ttl4/6/8/12)=0/4/8/18 of 20
t=27400  N=18165  holderDeg=3  probe(ttl4/6/8/12)=0/1/2/10 of 20
t=27200  N=18126  holderDeg=27  probe(ttl4/6/8/12)=0/5/12/20 of 20
t=26600  N=18070  holderDeg=3  probe(ttl4/6/8/12)=0/2/2/5 of 20
t=28200  N=18411  holderDeg=3  probe(ttl4/6/8/12)=0/2/2/0 of 20
t=27000  N=18099  holderDeg=3  probe(ttl4/6/8/12)=0/1/2/10 of 20
t=27600  N=18193  holderDeg=17  probe(ttl4/6/8/12)=0/3/10/18 of 20
t=27600  N=18211  holderDeg=3  probe(ttl4/6/8/12)=0/1/2/12 of 20
t=27400  N=18173  holderDeg=27  probe(ttl4/6/8/12)=0/8/12/20 of 20
t=26800  N=18133  holderDeg=3  probe(ttl4/6/8/12)=0/0/1/7 of 20
t=28400  N=18482  holderDeg=3  probe(ttl4/6/8/12)=0/0/1/4 of 20
t=27200  N=18155  holderDeg=3  probe(ttl4/6/8/12)=0/2/2/11 of 20
t=27800  N=18254  holderDeg=17  probe(ttl4/6/8/12)=0/4/13/19 of 20
t=27800  N=18268  holderDeg=3  probe(ttl4/6/8/12)=0/1/1/12 of 20
t=27000  N=18183  holderDeg=3  probe(ttl4/6/8/12)=0/0/1/9 of 20
t=27600  N=18231  holderDeg=27  probe(ttl4/6/8/12)=2/5/14/20 of 20
t=28600  N=18543  holderDeg=3  probe(ttl4/6/8/12)=0/1/0/5 of 20
t=28000  N=18318  holderDeg=17  probe(ttl4/6/8/12)=0/4/11/17 of 20
t=27400  N=18225  holderDeg=3  probe(ttl4/6/8/12)=0/0/4/14 of 20
t=28000  N=18338  holderDeg=3  probe(ttl4/6/8/12)=0/0/4/10 of 20
t=27200  N=18245  holderDeg=3  probe(ttl4/6/8/12)=0/1/2/4 of 20
t=27800  N=18291  holderDeg=27  probe(ttl4/6/8/12)=0/4/15/20 of 20
t=28800  N=18610  holderDeg=3  probe(ttl4/6/8/12)=0/0/2/3 of 20
t=28200  N=18367  holderDeg=17  probe(ttl4/6/8/12)=0/1/14/20 of 20
t=28200  N=18396  holderDeg=3  probe(ttl4/6/8/12)=0/1/5/16 of 20
t=27600  N=18277  holderDeg=3  probe(ttl4/6/8/12)=0/0/5/10 of 20
t=27400  N=18305  holderDeg=3  probe(ttl4/6/8/12)=0/1/3/8 of 20
t=28000  N=18356  holderDeg=27  probe(ttl4/6/8/12)=2/6/12/19 of 20
t=29000  N=18673  holderDeg=3  probe(ttl4/6/8/12)=0/0/0/3 of 20
t=28400  N=18456  holderDeg=3  probe(ttl4/6/8/12)=0/0/0/13 of 20
t=28400  N=18427  holderDeg=17  probe(ttl4/6/8/12)=0/1/13/19 of 20
t=27800  N=18329  holderDeg=3  probe(ttl4/6/8/12)=0/0/2/9 of 20
t=27600  N=18363  holderDeg=3  probe(ttl4/6/8/12)=0/0/4/7 of 20
t=28200  N=18412  holderDeg=27  probe(ttl4/6/8/12)=0/4/14/20 of 20
t=29200  N=18725  holderDeg=3  probe(ttl4/6/8/12)=0/1/4/6 of 20
t=28600  N=18511  holderDeg=3  probe(ttl4/6/8/12)=0/1/5/14 of 20
t=28600  N=18484  holderDeg=17  probe(ttl4/6/8/12)=0/4/13/19 of 20
t=28000  N=18392  holderDeg=3  probe(ttl4/6/8/12)=0/0/1/13 of 20
t=27800  N=18421  holderDeg=3  probe(ttl4/6/8/12)=0/1/0/5 of 20
t=28400  N=18469  holderDeg=27  probe(ttl4/6/8/12)=0/1/13/20 of 20
t=29400  N=18798  holderDeg=3  probe(ttl4/6/8/12)=0/1/2/3 of 20
t=28800  N=18560  holderDeg=3  probe(ttl4/6/8/12)=0/1/6/16 of 20
t=28800  N=18529  holderDeg=17  probe(ttl4/6/8/12)=1/2/12/20 of 20
t=28200  N=18453  holderDeg=3  probe(ttl4/6/8/12)=0/2/3/10 of 20
t=28000  N=18480  holderDeg=3  probe(ttl4/6/8/12)=0/1/2/7 of 20
t=28600  N=18539  holderDeg=27  probe(ttl4/6/8/12)=1/4/10/20 of 20
t=29600  N=18863  holderDeg=3  probe(ttl4/6/8/12)=0/0/2/8 of 20
t=29000  N=18629  holderDeg=3  probe(ttl4/6/8/12)=0/1/3/14 of 20
t=29000  N=18575  holderDeg=17  probe(ttl4/6/8/12)=0/1/11/18 of 20
t=28400  N=18510  holderDeg=3  probe(ttl4/6/8/12)=0/0/1/12 of 20
t=28200  N=18547  holderDeg=3  probe(ttl4/6/8/12)=0/2/2/11 of 20
t=28800  N=18603  holderDeg=27  probe(ttl4/6/8/12)=1/1/11/20 of 20
t=29800  N=18924  holderDeg=3  probe(ttl4/6/8/12)=0/0/1/6 of 20
t=29200  N=18689  holderDeg=3  probe(ttl4/6/8/12)=0/0/3/17 of 20
t=29200  N=18626  holderDeg=17  probe(ttl4/6/8/12)=2/4/8/19 of 20
t=28600  N=18581  holderDeg=3  probe(ttl4/6/8/12)=0/2/3/8 of 20
t=28400  N=18601  holderDeg=3  probe(ttl4/6/8/12)=0/0/2/10 of 20
t=30000  N=18988  holderDeg=3  probe(ttl4/6/8/12)=0/1/0/1 of 20
t=29000  N=18669  holderDeg=27  probe(ttl4/6/8/12)=1/2/13/20 of 20
t=29400  N=18689  holderDeg=17  probe(ttl4/6/8/12)=2/2/9/20 of 20
t=29400  N=18748  holderDeg=3  probe(ttl4/6/8/12)=0/0/3/14 of 20
t=28800  N=18637  holderDeg=3  probe(ttl4/6/8/12)=0/1/2/9 of 20
t=28600  N=18662  holderDeg=3  probe(ttl4/6/8/12)=0/1/2/6 of 20
t=30200  N=19056  holderDeg=3  probe(ttl4/6/8/12)=0/0/2/4 of 20
t=29200  N=18720  holderDeg=27  probe(ttl4/6/8/12)=0/6/11/20 of 20
t=29600  N=18737  holderDeg=17  probe(ttl4/6/8/12)=0/3/9/18 of 20
t=29600  N=18814  holderDeg=3  probe(ttl4/6/8/12)=0/0/7/13 of 20
t=28800  N=18728  holderDeg=3  probe(ttl4/6/8/12)=0/1/0/8 of 20
t=29000  N=18706  holderDeg=3  probe(ttl4/6/8/12)=0/0/2/11 of 20
t=30400  N=19103  holderDeg=3  probe(ttl4/6/8/12)=0/0/3/4 of 20
t=29400  N=18776  holderDeg=27  probe(ttl4/6/8/12)=0/2/14/20 of 20
t=29800  N=18797  holderDeg=17  probe(ttl4/6/8/12)=1/3/13/19 of 20
t=29800  N=18874  holderDeg=3  probe(ttl4/6/8/12)=0/0/3/13 of 20
t=30600  N=19168  holderDeg=3  probe(ttl4/6/8/12)=0/0/2/3 of 20
t=29000  N=18792  holderDeg=3  probe(ttl4/6/8/12)=0/2/0/7 of 20
t=29200  N=18774  holderDeg=3  probe(ttl4/6/8/12)=0/1/1/6 of 20
t=29600  N=18828  holderDeg=27  probe(ttl4/6/8/12)=0/2/12/20 of 20
t=30000  N=18936  holderDeg=3  probe(ttl4/6/8/12)=0/0/3/17 of 20
t=30000  N=18857  holderDeg=17  probe(ttl4/6/8/12)=0/6/10/19 of 20
t=30800  N=19239  holderDeg=3  probe(ttl4/6/8/12)=0/1/0/3 of 20
t=29200  N=18848  holderDeg=3  probe(ttl4/6/8/12)=0/0/3/8 of 20
t=29400  N=18846  holderDeg=3  probe(ttl4/6/8/12)=0/1/3/10 of 20
t=29800  N=18895  holderDeg=27  probe(ttl4/6/8/12)=1/8/12/20 of 20
t=30200  N=19005  holderDeg=3  probe(ttl4/6/8/12)=0/0/3/12 of 20
t=30200  N=18909  holderDeg=17  probe(ttl4/6/8/12)=2/3/12/19 of 20
t=31000  N=19295  holderDeg=3  probe(ttl4/6/8/12)=0/1/2/2 of 20
t=29400  N=18916  holderDeg=3  probe(ttl4/6/8/12)=0/2/1/9 of 20
t=29600  N=18913  holderDeg=3  probe(ttl4/6/8/12)=0/0/5/10 of 20
t=30000  N=18949  holderDeg=27  probe(ttl4/6/8/12)=0/4/17/20 of 20
t=30400  N=19063  holderDeg=3  probe(ttl4/6/8/12)=0/0/4/13 of 20
t=30400  N=18965  holderDeg=17  probe(ttl4/6/8/12)=2/2/10/20 of 20
t=31200  N=19357  holderDeg=3  probe(ttl4/6/8/12)=0/0/0/2 of 20
t=29600  N=18990  holderDeg=3  probe(ttl4/6/8/12)=0/1/3/6 of 20
t=29800  N=18973  holderDeg=3  probe(ttl4/6/8/12)=0/1/2/11 of 20
t=30200  N=19005  holderDeg=27  probe(ttl4/6/8/12)=1/3/12/20 of 20
t=30600  N=19125  holderDeg=3  probe(ttl4/6/8/12)=0/0/2/13 of 20
t=30600  N=19018  holderDeg=17  probe(ttl4/6/8/12)=1/2/17/20 of 20
t=31400  N=19415  holderDeg=3  probe(ttl4/6/8/12)=0/1/2/5 of 20
t=29800  N=19040  holderDeg=3  probe(ttl4/6/8/12)=0/1/4/9 of 20
t=30000  N=19043  holderDeg=3  probe(ttl4/6/8/12)=0/1/3/5 of 20
t=30400  N=19058  holderDeg=27  probe(ttl4/6/8/12)=0/4/14/20 of 20
t=30800  N=19183  holderDeg=3  probe(ttl4/6/8/12)=0/1/3/17 of 20
t=30800  N=19077  holderDeg=17  probe(ttl4/6/8/12)=1/2/10/19 of 20
t=31600  N=19469  holderDeg=3  probe(ttl4/6/8/12)=0/0/1/1 of 20
t=30000  N=19113  holderDeg=3  probe(ttl4/6/8/12)=0/0/0/10 of 20
t=30200  N=19091  holderDeg=3  probe(ttl4/6/8/12)=0/2/6/11 of 20
t=30600  N=19119  holderDeg=27  probe(ttl4/6/8/12)=0/4/16/20 of 20
t=31000  N=19234  holderDeg=3  probe(ttl4/6/8/12)=0/1/1/10 of 20
t=31000  N=19153  holderDeg=17  probe(ttl4/6/8/12)=0/1/11/19 of 20
t=31800  N=19527  holderDeg=3  probe(ttl4/6/8/12)=0/1/5/1 of 20
t=30200  N=19178  holderDeg=3  probe(ttl4/6/8/12)=0/1/1/8 of 20
t=30400  N=19142  holderDeg=3  probe(ttl4/6/8/12)=0/0/5/7 of 20
t=30800  N=19194  holderDeg=27  probe(ttl4/6/8/12)=1/3/12/20 of 20
t=31200  N=19305  holderDeg=3  probe(ttl4/6/8/12)=0/0/2/16 of 20
t=31200  N=19210  holderDeg=17  probe(ttl4/6/8/12)=0/4/11/18 of 20
t=32000  N=19586  holderDeg=3  probe(ttl4/6/8/12)=0/1/1/5 of 20
t=30400  N=19245  holderDeg=3  probe(ttl4/6/8/12)=1/0/3/7 of 20
t=30600  N=19206  holderDeg=3  probe(ttl4/6/8/12)=0/0/1/10 of 20
t=31000  N=19255  holderDeg=27  probe(ttl4/6/8/12)=1/4/15/20 of 20
t=31400  N=19277  holderDeg=17  probe(ttl4/6/8/12)=0/2/13/18 of 20
t=32200  N=19654  holderDeg=3  probe(ttl4/6/8/12)=0/1/1/5 of 20
t=31400  N=19376  holderDeg=3  probe(ttl4/6/8/12)=0/0/3/14 of 20
t=30600  N=19299  holderDeg=3  probe(ttl4/6/8/12)=0/0/0/4 of 20
t=30800  N=19249  holderDeg=3  probe(ttl4/6/8/12)=0/0/1/8 of 20
t=31200  N=19309  holderDeg=27  probe(ttl4/6/8/12)=2/3/15/20 of 20
t=31600  N=19330  holderDeg=17  probe(ttl4/6/8/12)=0/3/12/20 of 20
t=31600  N=19437  holderDeg=3  probe(ttl4/6/8/12)=0/1/5/8 of 20
t=32400  N=19718  holderDeg=3  probe(ttl4/6/8/12)=0/0/1/1 of 20
t=30800  N=19369  holderDeg=3  probe(ttl4/6/8/12)=0/2/4/11 of 20
t=31000  N=19303  holderDeg=3  probe(ttl4/6/8/12)=0/0/0/8 of 20
t=31400  N=19372  holderDeg=27  probe(ttl4/6/8/12)=0/5/11/20 of 20
t=31800  N=19381  holderDeg=17  probe(ttl4/6/8/12)=0/1/11/17 of 20
t=32600  N=19772  holderDeg=3  probe(ttl4/6/8/12)=0/0/2/4 of 20
t=31800  N=19497  holderDeg=3  probe(ttl4/6/8/12)=0/1/3/9 of 20
t=31000  N=19429  holderDeg=3  probe(ttl4/6/8/12)=0/0/2/7 of 20
t=31200  N=19370  holderDeg=3  probe(ttl4/6/8/12)=0/0/3/8 of 20
t=31600  N=19431  holderDeg=27  probe(ttl4/6/8/12)=0/2/12/20 of 20
t=32000  N=19444  holderDeg=17  probe(ttl4/6/8/12)=0/6/10/18 of 20
t=32800  N=19835  holderDeg=3  probe(ttl4/6/8/12)=0/1/1/3 of 20
t=32000  N=19537  holderDeg=3  probe(ttl4/6/8/12)=0/2/2/14 of 20
t=31200  N=19479  holderDeg=3  probe(ttl4/6/8/12)=0/0/1/9 of 20
t=31400  N=19418  holderDeg=3  probe(ttl4/6/8/12)=0/1/1/10 of 20
t=31800  N=19489  holderDeg=27  probe(ttl4/6/8/12)=1/6/13/20 of 20
t=33000  N=19890  holderDeg=3  probe(ttl4/6/8/12)=0/0/1/2 of 20
t=32200  N=19503  holderDeg=17  probe(ttl4/6/8/12)=0/4/13/19 of 20
t=32200  N=19603  holderDeg=3  probe(ttl4/6/8/12)=0/1/2/16 of 20
t=31400  N=19535  holderDeg=3  probe(ttl4/6/8/12)=0/0/2/5 of 20
t=31600  N=19473  holderDeg=3  probe(ttl4/6/8/12)=0/0/4/13 of 20
t=33200  N=19955  holderDeg=3  probe(ttl4/6/8/12)=0/2/2/3 of 20
t=32400  N=19561  holderDeg=17  probe(ttl4/6/8/12)=1/3/11/19 of 20
t=32000  N=19551  holderDeg=27  probe(ttl4/6/8/12)=2/4/13/20 of 20
t=32400  N=19660  holderDeg=3  probe(ttl4/6/8/12)=0/3/6/14 of 20
t=31600  N=19594  holderDeg=3  probe(ttl4/6/8/12)=0/0/2/1 of 20
t=33400  N=20008  holderDeg=3  probe(ttl4/6/8/12)=0/1/1/3 of 20
t=31800  N=19523  holderDeg=3  probe(ttl4/6/8/12)=0/0/6/11 of 20
t=32600  N=19618  holderDeg=17  probe(ttl4/6/8/12)=0/3/13/19 of 20
t=32600  N=19721  holderDeg=3  probe(ttl4/6/8/12)=0/1/4/10 of 20
t=31800  N=19661  holderDeg=3  probe(ttl4/6/8/12)=0/0/5/6 of 20
t=32200  N=19608  holderDeg=27  probe(ttl4/6/8/12)=1/5/14/20 of 20
t=32000  N=19587  holderDeg=3  probe(ttl4/6/8/12)=0/1/1/5 of 20
t=33600  N=20068  holderDeg=3  probe(ttl4/6/8/12)=0/0/1/5 of 20
t=32800  N=19673  holderDeg=17  probe(ttl4/6/8/12)=1/3/11/19 of 20
t=32400  N=19666  holderDeg=27  probe(ttl4/6/8/12)=1/4/18/20 of 20
t=32000  N=19726  holderDeg=3  probe(ttl4/6/8/12)=1/0/3/5 of 20
t=32800  N=19789  holderDeg=3  probe(ttl4/6/8/12)=0/1/0/14 of 20
t=33800  N=20129  holderDeg=3  probe(ttl4/6/8/12)=0/0/6/2 of 20
t=32200  N=19636  holderDeg=3  probe(ttl4/6/8/12)=1/0/1/12 of 20
t=33000  N=19734  holderDeg=17  probe(ttl4/6/8/12)=1/4/9/19 of 20
t=33000  N=19842  holderDeg=3  probe(ttl4/6/8/12)=0/1/3/12 of 20
t=32200  N=19794  holderDeg=3  probe(ttl4/6/8/12)=0/0/2/9 of 20
t=32600  N=19728  holderDeg=27  probe(ttl4/6/8/12)=0/2/14/20 of 20
t=34000  N=20190  holderDeg=3  probe(ttl4/6/8/12)=0/0/4/1 of 20
t=32400  N=19701  holderDeg=3  probe(ttl4/6/8/12)=0/0/5/11 of 20
t=33200  N=19791  holderDeg=17  probe(ttl4/6/8/12)=0/5/12/20 of 20
t=33200  N=19902  holderDeg=3  probe(ttl4/6/8/12)=0/1/3/16 of 20
t=32400  N=19855  holderDeg=3  probe(ttl4/6/8/12)=0/1/1/6 of 20
t=32800  N=19789  holderDeg=27  probe(ttl4/6/8/12)=1/4/14/19 of 20
t=34200  N=20250  holderDeg=3  probe(ttl4/6/8/12)=0/1/0/2 of 20

 Plateau completed at t=34203


================ trendstat  seed=4  (Pp=100 Pd=0 Pt=25000 rewire=True k=5 c=2 eps=0,02 qmax=0,2 N=10000 theta=6 crash=0 shape=3 multi=5 randrw=0 oracle=False fixedthr=0 rules=7 cooper=False dmax=160 mu=1 noscale=False plateau=20000) ================
t=200  N=209  holderDeg=-1  probe(ttl4/6/8/12)=0/0/0/0 of 20
t=33400  N=19963  holderDeg=3  probe(ttl4/6/8/12)=0/0/5/11 of 20
t=33400  N=19862  holderDeg=17  probe(ttl4/6/8/12)=0/3/14/20 of 20
t=400  N=409  holderDeg=-1  probe(ttl4/6/8/12)=0/0/0/0 of 20
t=32600  N=19758  holderDeg=3  probe(ttl4/6/8/12)=1/1/3/10 of 20
t=600  N=609  holderDeg=-1  probe(ttl4/6/8/12)=0/0/0/0 of 20
t=32600  N=19903  holderDeg=3  probe(ttl4/6/8/12)=1/0/0/7 of 20
t=33000  N=19851  holderDeg=27  probe(ttl4/6/8/12)=0/9/11/20 of 20
t=800  N=809  holderDeg=-1  probe(ttl4/6/8/12)=0/0/0/0 of 20
t=1000  N=1009  holderDeg=-1  probe(ttl4/6/8/12)=0/0/0/0 of 20
t=1200  N=1209  holderDeg=-1  probe(ttl4/6/8/12)=0/0/0/0 of 20
t=1400  N=1409  holderDeg=-1  probe(ttl4/6/8/12)=0/0/0/0 of 20
t=33600  N=20022  holderDeg=3  probe(ttl4/6/8/12)=0/0/3/9 of 20
t=1600  N=1609  holderDeg=-1  probe(ttl4/6/8/12)=0/0/0/0 of 20
t=33600  N=19918  holderDeg=17  probe(ttl4/6/8/12)=0/3/11/18 of 20
t=32800  N=19964  holderDeg=3  probe(ttl4/6/8/12)=0/3/4/3 of 20
t=1800  N=1809  holderDeg=-1  probe(ttl4/6/8/12)=0/0/0/0 of 20
t=32800  N=19830  holderDeg=3  probe(ttl4/6/8/12)=0/0/2/15 of 20
t=33200  N=19904  holderDeg=27  probe(ttl4/6/8/12)=0/7/15/20 of 20
t=2000  N=2009  holderDeg=-1  probe(ttl4/6/8/12)=0/0/0/0 of 20
t=2200  N=2209  holderDeg=-1  probe(ttl4/6/8/12)=0/0/0/0 of 20
t=2400  N=2409  holderDeg=-1  probe(ttl4/6/8/12)=0/0/0/0 of 20
t=33800  N=20082  holderDeg=3  probe(ttl4/6/8/12)=0/0/2/13 of 20
t=33800  N=19962  holderDeg=17  probe(ttl4/6/8/12)=1/5/14/20 of 20
t=2600  N=2609  holderDeg=-1  probe(ttl4/6/8/12)=0/0/0/0 of 20
t=33000  N=20021  holderDeg=3  probe(ttl4/6/8/12)=0/1/3/5 of 20
t=33000  N=19886  holderDeg=3  probe(ttl4/6/8/12)=0/0/2/8 of 20
t=2800  N=2809  holderDeg=-1  probe(ttl4/6/8/12)=0/0/0/0 of 20
t=33400  N=19970  holderDeg=27  probe(ttl4/6/8/12)=0/5/17/20 of 20
t=3000  N=3009  holderDeg=-1  probe(ttl4/6/8/12)=0/0/0/0 of 20
t=3200  N=3209  holderDeg=-1  probe(ttl4/6/8/12)=0/0/0/0 of 20
t=34000  N=20138  holderDeg=3  probe(ttl4/6/8/12)=0/0/3/13 of 20
t=3400  N=3409  holderDeg=-1  probe(ttl4/6/8/12)=0/0/0/0 of 20
t=34000  N=20025  holderDeg=17  probe(ttl4/6/8/12)=0/4/11/19 of 20

 Plateau completed at t=34187

t=33200  N=20082  holderDeg=3  probe(ttl4/6/8/12)=0/0/3/8 of 20

================ popstat  seed=4  (Pp=100 Pd=0 Pt=0 rewire=False k=5 c=2 eps=0,02 qmax=0,2 N=10000 theta=6 crash=0 shape=3 multi=5 randrw=0 oracle=False fixedthr=0 rules=7 cooper=False dmax=160 mu=1 noscale=False plateau=20000) ================
t=3600  N=3609  holderDeg=-1  probe(ttl4/6/8/12)=0/0/0/0 of 20
t=200  N=209  holderDeg=-1  probe(ttl4/6/8/12)=0/0/0/0 of 20

 Plateau completed at t=34175

t=33200  N=19957  holderDeg=3  probe(ttl4/6/8/12)=0/1/6/13 of 20
t=400  N=409  holderDeg=-1  probe(ttl4/6/8/12)=0/0/0/0 of 20

================ trendstat  seed=5  (Pp=100 Pd=0 Pt=25000 rewire=True k=5 c=2 eps=0,02 qmax=0,2 N=10000 theta=6 crash=0 shape=3 multi=5 randrw=0 oracle=False fixedthr=0 rules=7 cooper=False dmax=160 mu=1 noscale=False plateau=20000) ================
t=600  N=609  holderDeg=-1  probe(ttl4/6/8/12)=0/0/0/0 of 20
t=200  N=209  holderDeg=-1  probe(ttl4/6/8/12)=0/0/0/0 of 20
t=33600  N=20024  holderDeg=27  probe(ttl4/6/8/12)=0/5/16/20 of 20
t=400  N=409  holderDeg=-1  probe(ttl4/6/8/12)=0/0/0/0 of 20
t=3800  N=3809  holderDeg=-1  probe(ttl4/6/8/12)=0/0/0/0 of 20
t=800  N=809  holderDeg=-1  probe(ttl4/6/8/12)=0/0/0/0 of 20
t=600  N=609  holderDeg=-1  probe(ttl4/6/8/12)=0/0/0/0 of 20
t=1000  N=1009  holderDeg=-1  probe(ttl4/6/8/12)=0/0/0/0 of 20
t=800  N=809  holderDeg=-1  probe(ttl4/6/8/12)=0/0/0/0 of 20
t=4000  N=4009  holderDeg=-1  probe(ttl4/6/8/12)=0/0/0/0 of 20
t=1200  N=1209  holderDeg=-1  probe(ttl4/6/8/12)=0/0/0/0 of 20
t=1000  N=1009  holderDeg=-1  probe(ttl4/6/8/12)=0/0/0/0 of 20
t=1400  N=1409  holderDeg=-1  probe(ttl4/6/8/12)=0/0/0/0 of 20
t=1200  N=1209  holderDeg=-1  probe(ttl4/6/8/12)=0/0/0/0 of 20
t=33400  N=20130  holderDeg=3  probe(ttl4/6/8/12)=0/1/2/4 of 20
t=4200  N=4209  holderDeg=-1  probe(ttl4/6/8/12)=0/0/0/0 of 20
t=1400  N=1409  holderDeg=-1  probe(ttl4/6/8/12)=0/0/0/0 of 20
t=1600  N=1609  holderDeg=-1  probe(ttl4/6/8/12)=0/0/0/0 of 20
t=1600  N=1609  holderDeg=-1  probe(ttl4/6/8/12)=0/0/0/0 of 20
t=33400  N=20014  holderDeg=3  probe(ttl4/6/8/12)=0/0/1/7 of 20
t=1800  N=1809  holderDeg=-1  probe(ttl4/6/8/12)=0/0/0/0 of 20
t=33800  N=20077  holderDeg=27  probe(ttl4/6/8/12)=0/7/13/20 of 20
t=1800  N=1809  holderDeg=-1  probe(ttl4/6/8/12)=0/0/0/0 of 20
t=4400  N=4409  holderDeg=-1  probe(ttl4/6/8/12)=0/0/0/0 of 20
t=2000  N=2009  holderDeg=-1  probe(ttl4/6/8/12)=0/0/0/0 of 20
t=2000  N=2009  holderDeg=-1  probe(ttl4/6/8/12)=0/0/0/0 of 20
t=2200  N=2209  holderDeg=-1  probe(ttl4/6/8/12)=0/0/0/0 of 20
t=2200  N=2209  holderDeg=-1  probe(ttl4/6/8/12)=0/0/0/0 of 20
t=4600  N=4609  holderDeg=-1  probe(ttl4/6/8/12)=0/0/0/0 of 20
t=2400  N=2409  holderDeg=-1  probe(ttl4/6/8/12)=0/0/0/0 of 20
t=2400  N=2409  holderDeg=-1  probe(ttl4/6/8/12)=0/0/0/0 of 20
t=33600  N=20185  holderDeg=3  probe(ttl4/6/8/12)=0/1/1/4 of 20
t=2600  N=2609  holderDeg=-1  probe(ttl4/6/8/12)=0/0/0/0 of 20
t=2600  N=2609  holderDeg=-1  probe(ttl4/6/8/12)=0/0/0/0 of 20
t=2800  N=2809  holderDeg=-1  probe(ttl4/6/8/12)=0/0/0/0 of 20
t=33600  N=20076  holderDeg=3  probe(ttl4/6/8/12)=0/1/1/7 of 20
t=34000  N=20130  holderDeg=27  probe(ttl4/6/8/12)=0/7/13/20 of 20
t=4800  N=4809  holderDeg=-1  probe(ttl4/6/8/12)=0/0/0/0 of 20
t=3000  N=3009  holderDeg=-1  probe(ttl4/6/8/12)=0/0/0/0 of 20
t=2800  N=2809  holderDeg=-1  probe(ttl4/6/8/12)=0/0/0/0 of 20
t=5000  N=5009  holderDeg=-1  probe(ttl4/6/8/12)=0/0/0/0 of 20
t=3200  N=3209  holderDeg=-1  probe(ttl4/6/8/12)=0/0/0/0 of 20
t=33800  N=20238  holderDeg=3  probe(ttl4/6/8/12)=1/0/4/8 of 20
t=3000  N=3009  holderDeg=-1  probe(ttl4/6/8/12)=0/0/0/0 of 20
t=3400  N=3409  holderDeg=-1  probe(ttl4/6/8/12)=0/0/0/0 of 20
t=3200  N=3209  holderDeg=-1  probe(ttl4/6/8/12)=0/0/0/0 of 20
t=33800  N=20143  holderDeg=3  probe(ttl4/6/8/12)=0/0/4/10 of 20
t=5200  N=5209  holderDeg=-1  probe(ttl4/6/8/12)=0/0/0/0 of 20
t=34200  N=20192  holderDeg=27  probe(ttl4/6/8/12)=1/4/12/20 of 20
t=3600  N=3609  holderDeg=-1  probe(ttl4/6/8/12)=0/0/0/0 of 20

 Plateau completed at t=34273


================ popstat  seed=5  (Pp=100 Pd=0 Pt=0 rewire=False k=5 c=2 eps=0,02 qmax=0,2 N=10000 theta=6 crash=0 shape=3 multi=5 randrw=0 oracle=False fixedthr=0 rules=7 cooper=False dmax=160 mu=1 noscale=False plateau=20000) ================
t=200  N=209  holderDeg=-1  probe(ttl4/6/8/12)=0/0/0/0 of 20
t=3400  N=3409  holderDeg=-1  probe(ttl4/6/8/12)=0/0/0/0 of 20
t=400  N=409  holderDeg=-1  probe(ttl4/6/8/12)=0/0/0/0 of 20
t=3800  N=3809  holderDeg=-1  probe(ttl4/6/8/12)=0/0/0/0 of 20
t=600  N=609  holderDeg=-1  probe(ttl4/6/8/12)=0/0/0/0 of 20
t=34000  N=20303  holderDeg=3  probe(ttl4/6/8/12)=0/0/3/10 of 20
t=5400  N=5409  holderDeg=-1  probe(ttl4/6/8/12)=0/0/0/0 of 20
t=3600  N=3609  holderDeg=-1  probe(ttl4/6/8/12)=0/0/0/0 of 20
t=800  N=809  holderDeg=-1  probe(ttl4/6/8/12)=0/0/0/0 of 20
t=1000  N=1009  holderDeg=-1  probe(ttl4/6/8/12)=0/0/0/0 of 20
t=4000  N=4009  holderDeg=-1  probe(ttl4/6/8/12)=0/0/0/0 of 20
t=1200  N=1209  holderDeg=-1  probe(ttl4/6/8/12)=0/0/0/0 of 20
t=3800  N=3809  holderDeg=-1  probe(ttl4/6/8/12)=0/0/0/0 of 20
t=34000  N=20204  holderDeg=3  probe(ttl4/6/8/12)=0/1/2/10 of 20
t=5600  N=5609  holderDeg=-1  probe(ttl4/6/8/12)=0/0/0/0 of 20
t=1400  N=1409  holderDeg=-1  probe(ttl4/6/8/12)=0/0/0/0 of 20
t=1600  N=1609  holderDeg=-1  probe(ttl4/6/8/12)=0/0/0/0 of 20
t=4000  N=4009  holderDeg=-1  probe(ttl4/6/8/12)=0/0/0/0 of 20
t=4200  N=4209  holderDeg=-1  probe(ttl4/6/8/12)=0/0/0/0 of 20
t=1800  N=1809  holderDeg=-1  probe(ttl4/6/8/12)=0/0/0/0 of 20
t=34200  N=20351  holderDeg=3  probe(ttl4/6/8/12)=0/2/4/5 of 20
t=5800  N=5809  holderDeg=-1  probe(ttl4/6/8/12)=0/0/0/0 of 20
t=2000  N=2009  holderDeg=-1  probe(ttl4/6/8/12)=0/0/0/0 of 20

 Plateau completed at t=34304


================ trendstat  seed=6  (Pp=100 Pd=0 Pt=25000 rewire=True k=5 c=2 eps=0,02 qmax=0,2 N=10000 theta=6 crash=0 shape=3 multi=5 randrw=0 oracle=False fixedthr=0 rules=7 cooper=False dmax=160 mu=1 noscale=False plateau=20000) ================
t=4200  N=4209  holderDeg=-1  probe(ttl4/6/8/12)=0/0/0/0 of 20
t=4400  N=4409  holderDeg=-1  probe(ttl4/6/8/12)=0/0/0/0 of 20
t=200  N=209  holderDeg=-1  probe(ttl4/6/8/12)=0/0/0/0 of 20
t=2200  N=2209  holderDeg=-1  probe(ttl4/6/8/12)=0/0/0/0 of 20
t=400  N=409  holderDeg=-1  probe(ttl4/6/8/12)=0/0/0/0 of 20
t=34200  N=20260  holderDeg=3  probe(ttl4/6/8/12)=0/1/4/11 of 20
t=600  N=609  holderDeg=-1  probe(ttl4/6/8/12)=0/0/0/0 of 20
t=2400  N=2409  holderDeg=-1  probe(ttl4/6/8/12)=0/0/0/0 of 20

 Plateau completed at t=34250

t=6000  N=6009  holderDeg=-1  probe(ttl4/6/8/12)=0/0/0/0 of 20
t=4400  N=4409  holderDeg=-1  probe(ttl4/6/8/12)=0/0/0/0 of 20

================ popstat  seed=6  (Pp=100 Pd=0 Pt=0 rewire=False k=5 c=2 eps=0,02 qmax=0,2 N=10000 theta=6 crash=0 shape=3 multi=5 randrw=0 oracle=False fixedthr=0 rules=7 cooper=False dmax=160 mu=1 noscale=False plateau=20000) ================
t=4600  N=4609  holderDeg=-1  probe(ttl4/6/8/12)=0/0/0/0 of 20
t=800  N=809  holderDeg=-1  probe(ttl4/6/8/12)=0/0/0/0 of 20
t=2600  N=2609  holderDeg=-1  probe(ttl4/6/8/12)=0/0/0/0 of 20
t=200  N=209  holderDeg=-1  probe(ttl4/6/8/12)=0/0/0/0 of 20
t=1000  N=1009  holderDeg=-1  probe(ttl4/6/8/12)=0/0/0/0 of 20
t=400  N=409  holderDeg=-1  probe(ttl4/6/8/12)=0/0/0/0 of 20
t=1200  N=1209  holderDeg=-1  probe(ttl4/6/8/12)=0/0/0/0 of 20
t=600  N=609  holderDeg=-1  probe(ttl4/6/8/12)=0/0/0/0 of 20
t=2800  N=2809  holderDeg=-1  probe(ttl4/6/8/12)=0/0/0/0 of 20
t=4600  N=4609  holderDeg=-1  probe(ttl4/6/8/12)=0/0/0/0 of 20
t=4800  N=4809  holderDeg=-1  probe(ttl4/6/8/12)=0/0/0/0 of 20
t=1400  N=1409  holderDeg=-1  probe(ttl4/6/8/12)=0/0/0/0 of 20
t=800  N=809  holderDeg=-1  probe(ttl4/6/8/12)=0/0/0/0 of 20
t=3000  N=3009  holderDeg=-1  probe(ttl4/6/8/12)=0/0/0/0 of 20
t=1000  N=1009  holderDeg=-1  probe(ttl4/6/8/12)=0/0/0/0 of 20
t=1600  N=1609  holderDeg=-1  probe(ttl4/6/8/12)=0/0/0/0 of 20
t=6200  N=6209  holderDeg=-1  probe(ttl4/6/8/12)=0/0/0/0 of 20
t=1200  N=1209  holderDeg=-1  probe(ttl4/6/8/12)=0/0/0/0 of 20
t=1800  N=1809  holderDeg=-1  probe(ttl4/6/8/12)=0/0/0/0 of 20
t=4800  N=4809  holderDeg=-1  probe(ttl4/6/8/12)=0/0/0/0 of 20
t=3200  N=3209  holderDeg=-1  probe(ttl4/6/8/12)=0/0/0/0 of 20
t=1400  N=1409  holderDeg=-1  probe(ttl4/6/8/12)=0/0/0/0 of 20
t=5000  N=5009  holderDeg=-1  probe(ttl4/6/8/12)=0/0/0/0 of 20
t=2000  N=2009  holderDeg=-1  probe(ttl4/6/8/12)=0/0/0/0 of 20
t=1600  N=1609  holderDeg=-1  probe(ttl4/6/8/12)=0/0/0/0 of 20
t=3400  N=3409  holderDeg=-1  probe(ttl4/6/8/12)=0/0/0/0 of 20
t=6400  N=6409  holderDeg=-1  probe(ttl4/6/8/12)=0/0/0/0 of 20
t=5000  N=5009  holderDeg=-1  probe(ttl4/6/8/12)=0/0/0/0 of 20
t=2200  N=2209  holderDeg=-1  probe(ttl4/6/8/12)=0/0/0/0 of 20
t=1800  N=1809  holderDeg=-1  probe(ttl4/6/8/12)=0/0/0/0 of 20
t=2400  N=2409  holderDeg=-1  probe(ttl4/6/8/12)=0/0/0/0 of 20
t=3600  N=3609  holderDeg=-1  probe(ttl4/6/8/12)=0/0/0/0 of 20
t=2000  N=2009  holderDeg=-1  probe(ttl4/6/8/12)=0/0/0/0 of 20
t=5200  N=5209  holderDeg=-1  probe(ttl4/6/8/12)=0/0/0/0 of 20
t=5200  N=5209  holderDeg=-1  probe(ttl4/6/8/12)=0/0/0/0 of 20
t=2600  N=2609  holderDeg=-1  probe(ttl4/6/8/12)=0/0/0/0 of 20
t=2200  N=2209  holderDeg=-1  probe(ttl4/6/8/12)=0/0/0/0 of 20
t=3800  N=3809  holderDeg=-1  probe(ttl4/6/8/12)=0/0/0/0 of 20
t=2800  N=2809  holderDeg=-1  probe(ttl4/6/8/12)=0/0/0/0 of 20
t=5400  N=5409  holderDeg=-1  probe(ttl4/6/8/12)=0/0/0/0 of 20
t=2400  N=2409  holderDeg=-1  probe(ttl4/6/8/12)=0/0/0/0 of 20
t=5400  N=5409  holderDeg=-1  probe(ttl4/6/8/12)=0/0/0/0 of 20
t=4000  N=4009  holderDeg=-1  probe(ttl4/6/8/12)=0/0/0/0 of 20
t=3000  N=3009  holderDeg=-1  probe(ttl4/6/8/12)=0/0/0/0 of 20
t=6600  N=6609  holderDeg=-1  probe(ttl4/6/8/12)=0/0/0/0 of 20
t=2600  N=2609  holderDeg=-1  probe(ttl4/6/8/12)=0/0/0/0 of 20
t=3200  N=3209  holderDeg=-1  probe(ttl4/6/8/12)=0/0/0/0 of 20
t=5600  N=5609  holderDeg=-1  probe(ttl4/6/8/12)=0/0/0/0 of 20
t=4200  N=4209  holderDeg=-1  probe(ttl4/6/8/12)=0/0/0/0 of 20
t=2800  N=2809  holderDeg=-1  probe(ttl4/6/8/12)=0/0/0/0 of 20
t=5600  N=5609  holderDeg=-1  probe(ttl4/6/8/12)=0/0/0/0 of 20
t=3400  N=3409  holderDeg=-1  probe(ttl4/6/8/12)=0/0/0/0 of 20
t=6800  N=6809  holderDeg=-1  probe(ttl4/6/8/12)=0/0/0/0 of 20
t=3000  N=3009  holderDeg=-1  probe(ttl4/6/8/12)=0/0/0/0 of 20
t=5800  N=5809  holderDeg=-1  probe(ttl4/6/8/12)=0/0/0/0 of 20
t=4400  N=4409  holderDeg=-1  probe(ttl4/6/8/12)=0/0/0/0 of 20
t=3600  N=3609  holderDeg=-1  probe(ttl4/6/8/12)=0/0/0/0 of 20
t=3200  N=3209  holderDeg=-1  probe(ttl4/6/8/12)=0/0/0/0 of 20
t=5800  N=5809  holderDeg=-1  probe(ttl4/6/8/12)=0/0/0/0 of 20
t=4600  N=4609  holderDeg=-1  probe(ttl4/6/8/12)=0/0/0/0 of 20
t=3400  N=3409  holderDeg=-1  probe(ttl4/6/8/12)=0/0/0/0 of 20
t=3800  N=3809  holderDeg=-1  probe(ttl4/6/8/12)=0/0/0/0 of 20
t=7000  N=7009  holderDeg=-1  probe(ttl4/6/8/12)=0/0/0/0 of 20
t=6000  N=6009  holderDeg=-1  probe(ttl4/6/8/12)=0/0/0/0 of 20
t=4800  N=4809  holderDeg=-1  probe(ttl4/6/8/12)=0/0/0/0 of 20
t=4000  N=4009  holderDeg=-1  probe(ttl4/6/8/12)=0/0/0/0 of 20
t=6000  N=6009  holderDeg=-1  probe(ttl4/6/8/12)=0/0/0/0 of 20
t=3600  N=3609  holderDeg=-1  probe(ttl4/6/8/12)=0/0/0/0 of 20
t=3800  N=3809  holderDeg=-1  probe(ttl4/6/8/12)=0/0/0/0 of 20
t=7200  N=7209  holderDeg=-1  probe(ttl4/6/8/12)=0/0/0/0 of 20
t=5000  N=5009  holderDeg=-1  probe(ttl4/6/8/12)=0/0/0/0 of 20
t=6200  N=6209  holderDeg=-1  probe(ttl4/6/8/12)=0/0/0/0 of 20
t=4200  N=4209  holderDeg=-1  probe(ttl4/6/8/12)=0/0/0/0 of 20
t=4000  N=4009  holderDeg=-1  probe(ttl4/6/8/12)=0/0/0/0 of 20
t=5200  N=5209  holderDeg=-1  probe(ttl4/6/8/12)=0/0/0/0 of 20
t=4400  N=4409  holderDeg=-1  probe(ttl4/6/8/12)=0/0/0/0 of 20
t=6200  N=6209  holderDeg=-1  probe(ttl4/6/8/12)=0/0/0/0 of 20
t=6400  N=6409  holderDeg=-1  probe(ttl4/6/8/12)=0/0/0/0 of 20
t=7400  N=7409  holderDeg=-1  probe(ttl4/6/8/12)=0/0/0/0 of 20
t=4200  N=4209  holderDeg=-1  probe(ttl4/6/8/12)=0/0/0/0 of 20
t=5400  N=5409  holderDeg=-1  probe(ttl4/6/8/12)=0/0/0/0 of 20
t=4600  N=4609  holderDeg=-1  probe(ttl4/6/8/12)=0/0/0/0 of 20
t=6400  N=6409  holderDeg=-1  probe(ttl4/6/8/12)=0/0/0/0 of 20
t=4400  N=4409  holderDeg=-1  probe(ttl4/6/8/12)=0/0/0/0 of 20
t=6600  N=6609  holderDeg=-1  probe(ttl4/6/8/12)=0/0/0/0 of 20
t=4800  N=4809  holderDeg=-1  probe(ttl4/6/8/12)=0/0/0/0 of 20
t=7600  N=7609  holderDeg=-1  probe(ttl4/6/8/12)=0/0/0/0 of 20
t=4600  N=4609  holderDeg=-1  probe(ttl4/6/8/12)=0/0/0/0 of 20
t=6600  N=6609  holderDeg=-1  probe(ttl4/6/8/12)=0/0/0/0 of 20
t=5600  N=5609  holderDeg=-1  probe(ttl4/6/8/12)=0/0/0/0 of 20
t=5000  N=5009  holderDeg=-1  probe(ttl4/6/8/12)=0/0/0/0 of 20
t=6800  N=6809  holderDeg=-1  probe(ttl4/6/8/12)=0/0/0/0 of 20
t=7800  N=7809  holderDeg=-1  probe(ttl4/6/8/12)=0/0/0/0 of 20
t=4800  N=4809  holderDeg=-1  probe(ttl4/6/8/12)=0/0/0/0 of 20
t=5800  N=5809  holderDeg=-1  probe(ttl4/6/8/12)=0/0/0/0 of 20
t=6800  N=6809  holderDeg=-1  probe(ttl4/6/8/12)=0/0/0/0 of 20
t=5200  N=5209  holderDeg=-1  probe(ttl4/6/8/12)=0/0/0/0 of 20
t=5000  N=5009  holderDeg=-1  probe(ttl4/6/8/12)=0/0/0/0 of 20
t=7000  N=7009  holderDeg=-1  probe(ttl4/6/8/12)=0/0/0/0 of 20
t=5400  N=5409  holderDeg=-1  probe(ttl4/6/8/12)=0/0/0/0 of 20
t=6000  N=6009  holderDeg=-1  probe(ttl4/6/8/12)=0/0/0/0 of 20
t=7000  N=7009  holderDeg=-1  probe(ttl4/6/8/12)=0/0/0/0 of 20
t=5200  N=5209  holderDeg=-1  probe(ttl4/6/8/12)=0/0/0/0 of 20
t=8000  N=8009  holderDeg=-1  probe(ttl4/6/8/12)=0/0/0/0 of 20
t=7200  N=7209  holderDeg=-1  probe(ttl4/6/8/12)=0/0/0/0 of 20
t=6200  N=6209  holderDeg=-1  probe(ttl4/6/8/12)=0/0/0/0 of 20
t=5400  N=5409  holderDeg=-1  probe(ttl4/6/8/12)=0/0/0/0 of 20
t=5600  N=5609  holderDeg=-1  probe(ttl4/6/8/12)=0/0/0/0 of 20
t=7200  N=7209  holderDeg=-1  probe(ttl4/6/8/12)=0/0/0/0 of 20
t=5600  N=5609  holderDeg=-1  probe(ttl4/6/8/12)=0/0/0/0 of 20
t=6400  N=6409  holderDeg=-1  probe(ttl4/6/8/12)=0/0/0/0 of 20
t=8200  N=8209  holderDeg=-1  probe(ttl4/6/8/12)=0/0/0/0 of 20
t=5800  N=5809  holderDeg=-1  probe(ttl4/6/8/12)=0/0/0/0 of 20
t=7400  N=7409  holderDeg=-1  probe(ttl4/6/8/12)=0/0/0/0 of 20
t=6600  N=6609  holderDeg=-1  probe(ttl4/6/8/12)=0/0/0/0 of 20
t=5800  N=5809  holderDeg=-1  probe(ttl4/6/8/12)=0/0/0/0 of 20
t=7400  N=7409  holderDeg=-1  probe(ttl4/6/8/12)=0/0/0/0 of 20
t=6000  N=6009  holderDeg=-1  probe(ttl4/6/8/12)=0/0/0/0 of 20
t=8400  N=8409  holderDeg=-1  probe(ttl4/6/8/12)=0/0/0/0 of 20
t=6800  N=6809  holderDeg=-1  probe(ttl4/6/8/12)=0/0/0/0 of 20
t=7600  N=7609  holderDeg=-1  probe(ttl4/6/8/12)=0/0/0/0 of 20
t=6200  N=6209  holderDeg=-1  probe(ttl4/6/8/12)=0/0/0/0 of 20
t=6000  N=6009  holderDeg=-1  probe(ttl4/6/8/12)=0/0/0/0 of 20
t=7600  N=7609  holderDeg=-1  probe(ttl4/6/8/12)=0/0/0/0 of 20
t=8600  N=8609  holderDeg=-1  probe(ttl4/6/8/12)=0/0/0/0 of 20
t=6400  N=6409  holderDeg=-1  probe(ttl4/6/8/12)=0/0/0/0 of 20
t=6200  N=6209  holderDeg=-1  probe(ttl4/6/8/12)=0/0/0/0 of 20
t=7800  N=7809  holderDeg=-1  probe(ttl4/6/8/12)=0/0/0/0 of 20
t=7000  N=7009  holderDeg=-1  probe(ttl4/6/8/12)=0/0/0/0 of 20
t=7800  N=7809  holderDeg=-1  probe(ttl4/6/8/12)=0/0/0/0 of 20
t=6600  N=6609  holderDeg=-1  probe(ttl4/6/8/12)=0/0/0/0 of 20
t=8800  N=8809  holderDeg=-1  probe(ttl4/6/8/12)=0/0/0/0 of 20
t=6400  N=6409  holderDeg=-1  probe(ttl4/6/8/12)=0/0/0/0 of 20
t=8000  N=8009  holderDeg=-1  probe(ttl4/6/8/12)=0/0/0/0 of 20
t=7200  N=7209  holderDeg=-1  probe(ttl4/6/8/12)=0/0/0/0 of 20
t=8000  N=8009  holderDeg=-1  probe(ttl4/6/8/12)=0/0/0/0 of 20
t=6800  N=6809  holderDeg=-1  probe(ttl4/6/8/12)=0/0/0/0 of 20
t=6600  N=6609  holderDeg=-1  probe(ttl4/6/8/12)=0/0/0/0 of 20
t=8200  N=8209  holderDeg=-1  probe(ttl4/6/8/12)=0/0/0/0 of 20
t=9000  N=9009  holderDeg=-1  probe(ttl4/6/8/12)=0/0/0/0 of 20
t=8200  N=8209  holderDeg=-1  probe(ttl4/6/8/12)=0/0/0/0 of 20
t=7400  N=7409  holderDeg=-1  probe(ttl4/6/8/12)=0/0/0/0 of 20
t=7000  N=7009  holderDeg=-1  probe(ttl4/6/8/12)=0/0/0/0 of 20
t=6800  N=6809  holderDeg=-1  probe(ttl4/6/8/12)=0/0/0/0 of 20
t=7000  N=7009  holderDeg=-1  probe(ttl4/6/8/12)=0/0/0/0 of 20
t=7200  N=7209  holderDeg=-1  probe(ttl4/6/8/12)=0/0/0/0 of 20
t=7600  N=7609  holderDeg=-1  probe(ttl4/6/8/12)=0/0/0/0 of 20
t=9200  N=9209  holderDeg=-1  probe(ttl4/6/8/12)=0/0/0/0 of 20
t=8400  N=8409  holderDeg=-1  probe(ttl4/6/8/12)=0/0/0/0 of 20
t=8400  N=8409  holderDeg=-1  probe(ttl4/6/8/12)=0/0/0/0 of 20
t=7400  N=7409  holderDeg=-1  probe(ttl4/6/8/12)=0/0/0/0 of 20
t=7800  N=7809  holderDeg=-1  probe(ttl4/6/8/12)=0/0/0/0 of 20
t=7200  N=7209  holderDeg=-1  probe(ttl4/6/8/12)=0/0/0/0 of 20
t=9400  N=9409  holderDeg=-1  probe(ttl4/6/8/12)=0/0/0/0 of 20
t=8600  N=8609  holderDeg=-1  probe(ttl4/6/8/12)=0/0/0/0 of 20
t=8600  N=8609  holderDeg=-1  probe(ttl4/6/8/12)=0/0/0/0 of 20
t=7600  N=7609  holderDeg=-1  probe(ttl4/6/8/12)=0/0/0/0 of 20
t=8000  N=8009  holderDeg=-1  probe(ttl4/6/8/12)=0/0/0/0 of 20
t=7400  N=7409  holderDeg=-1  probe(ttl4/6/8/12)=0/0/0/0 of 20
t=8800  N=8809  holderDeg=-1  probe(ttl4/6/8/12)=0/0/0/0 of 20
t=9600  N=9609  holderDeg=-1  probe(ttl4/6/8/12)=0/0/0/0 of 20
t=8800  N=8809  holderDeg=-1  probe(ttl4/6/8/12)=0/0/0/0 of 20
t=7800  N=7809  holderDeg=-1  probe(ttl4/6/8/12)=0/0/0/0 of 20
t=8200  N=8209  holderDeg=-1  probe(ttl4/6/8/12)=0/0/0/0 of 20
t=7600  N=7609  holderDeg=-1  probe(ttl4/6/8/12)=0/0/0/0 of 20
t=8000  N=8009  holderDeg=-1  probe(ttl4/6/8/12)=0/0/0/0 of 20
t=9800  N=9809  holderDeg=-1  probe(ttl4/6/8/12)=0/0/0/0 of 20
t=8400  N=8409  holderDeg=-1  probe(ttl4/6/8/12)=0/0/0/0 of 20
t=9000  N=9009  holderDeg=-1  probe(ttl4/6/8/12)=0/0/0/0 of 20
t=9000  N=9009  holderDeg=-1  probe(ttl4/6/8/12)=0/0/0/0 of 20
t=7800  N=7809  holderDeg=-1  probe(ttl4/6/8/12)=0/0/0/0 of 20
t=8200  N=8209  holderDeg=-1  probe(ttl4/6/8/12)=0/0/0/0 of 20
t=8600  N=8609  holderDeg=-1  probe(ttl4/6/8/12)=0/0/0/0 of 20
t=10000  N=10009  holderDeg=-1  probe(ttl4/6/8/12)=0/0/0/0 of 20
t=9200  N=9209  holderDeg=-1  probe(ttl4/6/8/12)=0/0/0/0 of 20
t=9200  N=9209  holderDeg=-1  probe(ttl4/6/8/12)=0/0/0/0 of 20
t=8000  N=8009  holderDeg=-1  probe(ttl4/6/8/12)=0/0/0/0 of 20
t=8400  N=8409  holderDeg=-1  probe(ttl4/6/8/12)=0/0/0/0 of 20
t=8800  N=8809  holderDeg=-1  probe(ttl4/6/8/12)=0/0/0/0 of 20
t=9400  N=9409  holderDeg=-1  probe(ttl4/6/8/12)=0/0/0/0 of 20
t=9400  N=9409  holderDeg=-1  probe(ttl4/6/8/12)=0/0/0/0 of 20
t=10200  N=10209  holderDeg=-1  probe(ttl4/6/8/12)=0/0/0/0 of 20
t=8200  N=8209  holderDeg=-1  probe(ttl4/6/8/12)=0/0/0/0 of 20
t=8600  N=8609  holderDeg=-1  probe(ttl4/6/8/12)=0/0/0/0 of 20
t=9000  N=9009  holderDeg=-1  probe(ttl4/6/8/12)=0/0/0/0 of 20
t=9600  N=9609  holderDeg=-1  probe(ttl4/6/8/12)=0/0/0/0 of 20
t=8800  N=8809  holderDeg=-1  probe(ttl4/6/8/12)=0/0/0/0 of 20
t=9200  N=9209  holderDeg=-1  probe(ttl4/6/8/12)=0/0/0/0 of 20
t=9600  N=9609  holderDeg=-1  probe(ttl4/6/8/12)=0/0/0/0 of 20
t=9800  N=9809  holderDeg=-1  probe(ttl4/6/8/12)=0/0/0/0 of 20
t=8400  N=8409  holderDeg=-1  probe(ttl4/6/8/12)=0/0/0/0 of 20
t=10400  N=10409  holderDeg=-1  probe(ttl4/6/8/12)=0/0/0/0 of 20
t=9000  N=9009  holderDeg=-1  probe(ttl4/6/8/12)=0/0/0/0 of 20
t=9800  N=9809  holderDeg=-1  probe(ttl4/6/8/12)=0/0/0/0 of 20
t=9400  N=9409  holderDeg=-1  probe(ttl4/6/8/12)=0/0/0/0 of 20
t=10000  N=10009  holderDeg=-1  probe(ttl4/6/8/12)=0/0/0/0 of 20
t=8600  N=8609  holderDeg=-1  probe(ttl4/6/8/12)=0/0/0/0 of 20
t=9200  N=9209  holderDeg=-1  probe(ttl4/6/8/12)=0/0/0/0 of 20
t=10600  N=10609  holderDeg=-1  probe(ttl4/6/8/12)=0/0/0/0 of 20
t=9600  N=9609  holderDeg=-1  probe(ttl4/6/8/12)=0/0/0/0 of 20
t=10000  N=10009  holderDeg=-1  probe(ttl4/6/8/12)=0/0/0/0 of 20
t=8800  N=8809  holderDeg=-1  probe(ttl4/6/8/12)=0/0/0/0 of 20
t=10200  N=10209  holderDeg=-1  probe(ttl4/6/8/12)=0/0/0/0 of 20
t=9400  N=9409  holderDeg=-1  probe(ttl4/6/8/12)=0/0/0/0 of 20
t=9800  N=9809  holderDeg=-1  probe(ttl4/6/8/12)=0/0/0/0 of 20
t=10800  N=10809  holderDeg=-1  probe(ttl4/6/8/12)=0/0/0/0 of 20
t=9000  N=9009  holderDeg=-1  probe(ttl4/6/8/12)=0/0/0/0 of 20
t=10200  N=10209  holderDeg=-1  probe(ttl4/6/8/12)=0/0/0/0 of 20
t=10400  N=10409  holderDeg=-1  probe(ttl4/6/8/12)=0/0/0/0 of 20
t=9600  N=9609  holderDeg=-1  probe(ttl4/6/8/12)=0/0/0/0 of 20
t=10000  N=10009  holderDeg=-1  probe(ttl4/6/8/12)=0/0/0/0 of 20
t=9200  N=9209  holderDeg=-1  probe(ttl4/6/8/12)=0/0/0/0 of 20
t=11000  N=11009  holderDeg=-1  probe(ttl4/6/8/12)=0/0/0/0 of 20
t=10400  N=10409  holderDeg=-1  probe(ttl4/6/8/12)=0/0/0/0 of 20
t=9800  N=9809  holderDeg=-1  probe(ttl4/6/8/12)=0/0/0/0 of 20
t=9400  N=9409  holderDeg=-1  probe(ttl4/6/8/12)=0/0/0/0 of 20
t=10200  N=10209  holderDeg=-1  probe(ttl4/6/8/12)=0/0/0/0 of 20
t=10600  N=10609  holderDeg=-1  probe(ttl4/6/8/12)=0/0/0/0 of 20
t=10000  N=10009  holderDeg=-1  probe(ttl4/6/8/12)=0/0/0/0 of 20
t=10600  N=10609  holderDeg=-1  probe(ttl4/6/8/12)=0/0/0/0 of 20
t=11200  N=11209  holderDeg=-1  probe(ttl4/6/8/12)=0/0/0/0 of 20
t=9600  N=9609  holderDeg=-1  probe(ttl4/6/8/12)=0/0/0/0 of 20
t=10800  N=10809  holderDeg=-1  probe(ttl4/6/8/12)=0/0/0/0 of 20
t=10200  N=10209  holderDeg=-1  probe(ttl4/6/8/12)=0/0/0/0 of 20
t=10800  N=10809  holderDeg=-1  probe(ttl4/6/8/12)=0/0/0/0 of 20
t=10400  N=10409  holderDeg=-1  probe(ttl4/6/8/12)=0/0/0/0 of 20
t=9800  N=9809  holderDeg=-1  probe(ttl4/6/8/12)=0/0/0/0 of 20
t=11400  N=11409  holderDeg=-1  probe(ttl4/6/8/12)=0/0/0/0 of 20
t=11000  N=11009  holderDeg=-1  probe(ttl4/6/8/12)=0/0/0/0 of 20
t=10000  N=10009  holderDeg=-1  probe(ttl4/6/8/12)=0/0/0/0 of 20
t=10600  N=10609  holderDeg=-1  probe(ttl4/6/8/12)=0/0/0/0 of 20
t=10400  N=10409  holderDeg=-1  probe(ttl4/6/8/12)=0/0/0/0 of 20
t=11000  N=11009  holderDeg=-1  probe(ttl4/6/8/12)=0/0/0/0 of 20
t=11600  N=11609  holderDeg=-1  probe(ttl4/6/8/12)=0/0/0/0 of 20
t=10200  N=10209  holderDeg=-1  probe(ttl4/6/8/12)=0/0/0/0 of 20
t=10800  N=10809  holderDeg=-1  probe(ttl4/6/8/12)=0/0/0/0 of 20
t=11200  N=11209  holderDeg=-1  probe(ttl4/6/8/12)=0/0/0/0 of 20
t=11200  N=11209  holderDeg=-1  probe(ttl4/6/8/12)=0/0/0/0 of 20
t=11800  N=11809  holderDeg=-1  probe(ttl4/6/8/12)=0/0/0/0 of 20
t=10600  N=10609  holderDeg=-1  probe(ttl4/6/8/12)=0/0/0/0 of 20
t=11000  N=11009  holderDeg=-1  probe(ttl4/6/8/12)=0/0/0/0 of 20
t=10400  N=10409  holderDeg=-1  probe(ttl4/6/8/12)=0/0/0/0 of 20
t=11400  N=11409  holderDeg=-1  probe(ttl4/6/8/12)=0/0/0/0 of 20
t=11400  N=11409  holderDeg=-1  probe(ttl4/6/8/12)=0/0/0/0 of 20
t=12000  N=12009  holderDeg=-1  probe(ttl4/6/8/12)=0/0/0/0 of 20
t=10800  N=10809  holderDeg=-1  probe(ttl4/6/8/12)=0/0/0/0 of 20
t=10600  N=10609  holderDeg=-1  probe(ttl4/6/8/12)=0/0/0/0 of 20
t=11200  N=11209  holderDeg=-1  probe(ttl4/6/8/12)=0/0/0/0 of 20
t=11600  N=11609  holderDeg=-1  probe(ttl4/6/8/12)=0/0/0/0 of 20
t=11600  N=11609  holderDeg=-1  probe(ttl4/6/8/12)=0/0/0/0 of 20
t=10800  N=10809  holderDeg=-1  probe(ttl4/6/8/12)=0/0/0/0 of 20
t=11000  N=11009  holderDeg=-1  probe(ttl4/6/8/12)=0/0/0/0 of 20
t=11400  N=11409  holderDeg=-1  probe(ttl4/6/8/12)=0/0/0/0 of 20
t=11800  N=11809  holderDeg=-1  probe(ttl4/6/8/12)=0/0/0/0 of 20
t=11800  N=11809  holderDeg=-1  probe(ttl4/6/8/12)=0/0/0/0 of 20
t=11000  N=11009  holderDeg=-1  probe(ttl4/6/8/12)=0/0/0/0 of 20
t=11600  N=11609  holderDeg=-1  probe(ttl4/6/8/12)=0/0/0/0 of 20
t=11200  N=11209  holderDeg=-1  probe(ttl4/6/8/12)=0/0/0/0 of 20
t=12200  N=12209  holderDeg=-1  probe(ttl4/6/8/12)=0/0/0/0 of 20
t=12000  N=12009  holderDeg=-1  probe(ttl4/6/8/12)=0/0/0/0 of 20
t=11200  N=11209  holderDeg=-1  probe(ttl4/6/8/12)=0/0/0/0 of 20
t=12400  N=12409  holderDeg=-1  probe(ttl4/6/8/12)=0/0/0/0 of 20
t=11400  N=11409  holderDeg=-1  probe(ttl4/6/8/12)=0/0/0/0 of 20
t=12000  N=12009  holderDeg=-1  probe(ttl4/6/8/12)=0/0/0/0 of 20
t=11800  N=11809  holderDeg=-1  probe(ttl4/6/8/12)=0/0/0/0 of 20
t=12200  N=12209  holderDeg=-1  probe(ttl4/6/8/12)=0/0/0/0 of 20
t=12600  N=12609  holderDeg=-1  probe(ttl4/6/8/12)=0/0/0/0 of 20
t=12200  N=12209  holderDeg=-1  probe(ttl4/6/8/12)=0/0/0/0 of 20
t=11400  N=11409  holderDeg=-1  probe(ttl4/6/8/12)=0/0/0/0 of 20
t=12400  N=12409  holderDeg=-1  probe(ttl4/6/8/12)=0/0/0/0 of 20
t=12000  N=12009  holderDeg=-1  probe(ttl4/6/8/12)=0/0/0/0 of 20
t=12800  N=12809  holderDeg=-1  probe(ttl4/6/8/12)=0/0/0/0 of 20
t=12400  N=12409  holderDeg=-1  probe(ttl4/6/8/12)=0/0/0/0 of 20
t=11600  N=11609  holderDeg=-1  probe(ttl4/6/8/12)=0/0/0/0 of 20
t=12600  N=12609  holderDeg=-1  probe(ttl4/6/8/12)=0/0/0/0 of 20
t=12200  N=12209  holderDeg=-1  probe(ttl4/6/8/12)=0/0/0/0 of 20
t=11600  N=11609  holderDeg=-1  probe(ttl4/6/8/12)=0/0/0/0 of 20
t=12600  N=12609  holderDeg=-1  probe(ttl4/6/8/12)=0/0/0/0 of 20
t=13000  N=13009  holderDeg=-1  probe(ttl4/6/8/12)=0/0/0/0 of 20
t=12400  N=12409  holderDeg=-1  probe(ttl4/6/8/12)=0/0/0/0 of 20
t=12800  N=12809  holderDeg=-1  probe(ttl4/6/8/12)=0/0/0/0 of 20
t=12800  N=12809  holderDeg=-1  probe(ttl4/6/8/12)=0/0/0/0 of 20
t=11800  N=11809  holderDeg=-1  probe(ttl4/6/8/12)=0/0/0/0 of 20
t=11800  N=11809  holderDeg=-1  probe(ttl4/6/8/12)=0/0/0/0 of 20
t=13200  N=13209  holderDeg=-1  probe(ttl4/6/8/12)=0/0/0/0 of 20
t=12600  N=12609  holderDeg=-1  probe(ttl4/6/8/12)=0/0/0/0 of 20
t=12000  N=12009  holderDeg=-1  probe(ttl4/6/8/12)=0/0/0/0 of 20
t=13000  N=13009  holderDeg=-1  probe(ttl4/6/8/12)=0/0/0/0 of 20
t=12000  N=12009  holderDeg=-1  probe(ttl4/6/8/12)=0/0/0/0 of 20
t=13000  N=13009  holderDeg=-1  probe(ttl4/6/8/12)=0/0/0/0 of 20
t=12800  N=12809  holderDeg=-1  probe(ttl4/6/8/12)=0/0/0/0 of 20
t=13400  N=13409  holderDeg=-1  probe(ttl4/6/8/12)=0/0/0/0 of 20
t=13200  N=13209  holderDeg=-1  probe(ttl4/6/8/12)=0/0/0/0 of 20
t=12200  N=12209  holderDeg=-1  probe(ttl4/6/8/12)=0/0/0/0 of 20
t=12200  N=12209  holderDeg=-1  probe(ttl4/6/8/12)=0/0/0/0 of 20
t=13200  N=13209  holderDeg=-1  probe(ttl4/6/8/12)=0/0/0/0 of 20
t=13000  N=13009  holderDeg=-1  probe(ttl4/6/8/12)=0/0/0/0 of 20
t=13600  N=13609  holderDeg=-1  probe(ttl4/6/8/12)=0/0/0/0 of 20
t=13400  N=13409  holderDeg=-1  probe(ttl4/6/8/12)=0/0/0/0 of 20
t=12400  N=12409  holderDeg=-1  probe(ttl4/6/8/12)=0/0/0/0 of 20
t=13400  N=13409  holderDeg=-1  probe(ttl4/6/8/12)=0/0/0/0 of 20
t=13200  N=13209  holderDeg=-1  probe(ttl4/6/8/12)=0/0/0/0 of 20
t=12400  N=12409  holderDeg=-1  probe(ttl4/6/8/12)=0/0/0/0 of 20
t=13800  N=13809  holderDeg=-1  probe(ttl4/6/8/12)=0/0/0/0 of 20
t=13600  N=13609  holderDeg=-1  probe(ttl4/6/8/12)=0/0/0/0 of 20
t=12600  N=12609  holderDeg=-1  probe(ttl4/6/8/12)=0/0/0/0 of 20
t=13600  N=13609  holderDeg=-1  probe(ttl4/6/8/12)=0/0/0/0 of 20
t=12600  N=12609  holderDeg=-1  probe(ttl4/6/8/12)=0/0/0/0 of 20
t=14000  N=14009  holderDeg=-1  probe(ttl4/6/8/12)=0/0/0/0 of 20
t=13400  N=13409  holderDeg=-1  probe(ttl4/6/8/12)=0/0/0/0 of 20
t=12800  N=12809  holderDeg=-1  probe(ttl4/6/8/12)=0/0/0/0 of 20
t=13800  N=13809  holderDeg=-1  probe(ttl4/6/8/12)=0/0/0/0 of 20
t=13800  N=13809  holderDeg=-1  probe(ttl4/6/8/12)=0/0/0/0 of 20
t=13600  N=13609  holderDeg=-1  probe(ttl4/6/8/12)=0/0/0/0 of 20
t=12800  N=12809  holderDeg=-1  probe(ttl4/6/8/12)=0/0/0/0 of 20
t=14200  N=14209  holderDeg=-1  probe(ttl4/6/8/12)=0/0/0/0 of 20
t=13000  N=13009  holderDeg=-1  probe(ttl4/6/8/12)=0/0/0/0 of 20

 Growing has been completed
*********************************************************************

t=14000  N=14009  holderDeg=-1  probe(ttl4/6/8/12)=0/0/0/0 of 20
t=14000  N=14009  holderDeg=-1  probe(ttl4/6/8/12)=0/0/0/0 of 20

 Growing has been completed
*********************************************************************

t=13800  N=13809  holderDeg=-1  probe(ttl4/6/8/12)=0/0/0/0 of 20
t=13000  N=13009  holderDeg=-1  probe(ttl4/6/8/12)=0/0/0/0 of 20
t=14400  N=14339  holderDeg=-1  probe(ttl4/6/8/12)=0/0/0/0 of 20

 Growing has been completed
*********************************************************************

t=13200  N=13209  holderDeg=-1  probe(ttl4/6/8/12)=0/0/0/0 of 20
t=14200  N=14171  holderDeg=-1  probe(ttl4/6/8/12)=0/0/0/0 of 20
t=14200  N=14207  holderDeg=-1  probe(ttl4/6/8/12)=0/0/0/0 of 20
t=14600  N=14391  holderDeg=-1  probe(ttl4/6/8/12)=0/0/0/0 of 20
t=14000  N=14009  holderDeg=-1  probe(ttl4/6/8/12)=0/0/0/0 of 20
t=14400  N=14223  holderDeg=-1  probe(ttl4/6/8/12)=0/0/0/0 of 20
t=13400  N=13409  holderDeg=-1  probe(ttl4/6/8/12)=0/0/0/0 of 20
t=14400  N=14257  holderDeg=-1  probe(ttl4/6/8/12)=0/0/0/0 of 20
t=14800  N=14444  holderDeg=-1  probe(ttl4/6/8/12)=0/0/0/0 of 20
t=13200  N=13209  holderDeg=-1  probe(ttl4/6/8/12)=0/0/0/0 of 20
t=14600  N=14270  holderDeg=-1  probe(ttl4/6/8/12)=0/0/0/0 of 20
t=14600  N=14308  holderDeg=-1  probe(ttl4/6/8/12)=0/0/0/0 of 20
t=15000  N=14505  holderDeg=-1  probe(ttl4/6/8/12)=0/0/0/0 of 20
t=14200  N=14209  holderDeg=-1  probe(ttl4/6/8/12)=0/0/0/0 of 20
t=13600  N=13609  holderDeg=-1  probe(ttl4/6/8/12)=0/0/0/0 of 20
t=14800  N=14333  holderDeg=-1  probe(ttl4/6/8/12)=0/0/0/0 of 20

 Growing has been completed
*********************************************************************

t=14800  N=14378  holderDeg=-1  probe(ttl4/6/8/12)=0/0/0/0 of 20
t=13400  N=13409  holderDeg=-1  probe(ttl4/6/8/12)=0/0/0/0 of 20
t=15200  N=14563  holderDeg=3  probe(ttl4/6/8/12)=0/2/3/2 of 20
t=15000  N=14393  holderDeg=-1  probe(ttl4/6/8/12)=0/0/0/0 of 20
t=14400  N=14351  holderDeg=-1  probe(ttl4/6/8/12)=0/0/0/0 of 20
t=15000  N=14437  holderDeg=-1  probe(ttl4/6/8/12)=0/0/0/0 of 20
t=13800  N=13809  holderDeg=-1  probe(ttl4/6/8/12)=0/0/0/0 of 20
t=15400  N=14621  holderDeg=3  probe(ttl4/6/8/12)=1/1/2/2 of 20
t=15200  N=14449  holderDeg=3  probe(ttl4/6/8/12)=0/0/3/17 of 20
t=13600  N=13609  holderDeg=-1  probe(ttl4/6/8/12)=0/0/0/0 of 20
t=14600  N=14422  holderDeg=-1  probe(ttl4/6/8/12)=0/0/0/0 of 20
t=15200  N=14491  holderDeg=3  probe(ttl4/6/8/12)=0/0/0/6 of 20
t=15600  N=14683  holderDeg=3  probe(ttl4/6/8/12)=0/0/0/2 of 20
t=15400  N=14512  holderDeg=3  probe(ttl4/6/8/12)=0/1/6/14 of 20
t=14000  N=14009  holderDeg=-1  probe(ttl4/6/8/12)=0/0/0/0 of 20
t=14800  N=14480  holderDeg=-1  probe(ttl4/6/8/12)=0/0/0/0 of 20
t=15400  N=14556  holderDeg=3  probe(ttl4/6/8/12)=0/0/2/5 of 20
t=13800  N=13809  holderDeg=-1  probe(ttl4/6/8/12)=0/0/0/0 of 20
t=15800  N=14741  holderDeg=3  probe(ttl4/6/8/12)=0/0/2/2 of 20
t=15600  N=14561  holderDeg=3  probe(ttl4/6/8/12)=0/1/4/16 of 20
t=15000  N=14529  holderDeg=-1  probe(ttl4/6/8/12)=0/0/0/0 of 20
t=15600  N=14625  holderDeg=3  probe(ttl4/6/8/12)=0/0/4/6 of 20
t=14200  N=14209  holderDeg=-1  probe(ttl4/6/8/12)=0/0/0/0 of 20

 Growing has been completed
*********************************************************************

t=15800  N=14623  holderDeg=3  probe(ttl4/6/8/12)=0/0/4/18 of 20
t=16000  N=14798  holderDeg=3  probe(ttl4/6/8/12)=0/2/1/4 of 20
t=15200  N=14592  holderDeg=3  probe(ttl4/6/8/12)=0/0/3/11 of 20
t=15800  N=14684  holderDeg=3  probe(ttl4/6/8/12)=0/0/2/8 of 20
t=14000  N=14009  holderDeg=-1  probe(ttl4/6/8/12)=0/0/0/0 of 20
t=14400  N=14344  holderDeg=-1  probe(ttl4/6/8/12)=0/0/0/0 of 20
t=16000  N=14668  holderDeg=3  probe(ttl4/6/8/12)=0/0/3/16 of 20
t=16200  N=14861  holderDeg=3  probe(ttl4/6/8/12)=0/1/3/5 of 20
t=15400  N=14657  holderDeg=3  probe(ttl4/6/8/12)=0/0/3/9 of 20
t=16000  N=14754  holderDeg=3  probe(ttl4/6/8/12)=0/2/3/3 of 20
t=14600  N=14393  holderDeg=-1  probe(ttl4/6/8/12)=0/0/0/0 of 20
t=16200  N=14718  holderDeg=3  probe(ttl4/6/8/12)=0/1/3/13 of 20
t=16400  N=14919  holderDeg=3  probe(ttl4/6/8/12)=0/2/1/3 of 20
t=14200  N=14209  holderDeg=-1  probe(ttl4/6/8/12)=0/0/0/0 of 20

 Growing has been completed
*********************************************************************

t=15600  N=14714  holderDeg=3  probe(ttl4/6/8/12)=0/0/1/7 of 20
t=16200  N=14820  holderDeg=3  probe(ttl4/6/8/12)=0/0/5/9 of 20
t=14800  N=14458  holderDeg=-1  probe(ttl4/6/8/12)=0/0/0/0 of 20
t=16400  N=14778  holderDeg=3  probe(ttl4/6/8/12)=0/0/0/17 of 20
t=16600  N=14988  holderDeg=3  probe(ttl4/6/8/12)=0/1/1/0 of 20
t=15800  N=14785  holderDeg=3  probe(ttl4/6/8/12)=0/0/2/10 of 20
t=14400  N=14261  holderDeg=-1  probe(ttl4/6/8/12)=0/0/0/0 of 20
t=16400  N=14886  holderDeg=3  probe(ttl4/6/8/12)=0/0/2/3 of 20
t=15000  N=14516  holderDeg=-1  probe(ttl4/6/8/12)=0/0/0/0 of 20
t=16600  N=14828  holderDeg=3  probe(ttl4/6/8/12)=0/0/3/15 of 20
t=16000  N=14853  holderDeg=3  probe(ttl4/6/8/12)=0/0/1/11 of 20
t=16800  N=15043  holderDeg=3  probe(ttl4/6/8/12)=0/1/3/1 of 20
t=14600  N=14311  holderDeg=-1  probe(ttl4/6/8/12)=0/0/0/0 of 20
t=16600  N=14933  holderDeg=3  probe(ttl4/6/8/12)=0/2/1/9 of 20
t=15200  N=14578  holderDeg=3  probe(ttl4/6/8/12)=0/0/1/8 of 20
t=16800  N=14890  holderDeg=3  probe(ttl4/6/8/12)=0/1/3/17 of 20
t=16200  N=14907  holderDeg=3  probe(ttl4/6/8/12)=0/0/4/10 of 20
t=14800  N=14380  holderDeg=-1  probe(ttl4/6/8/12)=0/0/0/0 of 20
t=17000  N=15103  holderDeg=3  probe(ttl4/6/8/12)=0/0/0/3 of 20
t=16800  N=14987  holderDeg=3  probe(ttl4/6/8/12)=0/1/4/8 of 20
t=15400  N=14646  holderDeg=3  probe(ttl4/6/8/12)=0/2/1/4 of 20
t=17000  N=14956  holderDeg=3  probe(ttl4/6/8/12)=0/1/2/16 of 20
t=16400  N=14972  holderDeg=3  probe(ttl4/6/8/12)=0/2/2/10 of 20
t=15000  N=14448  holderDeg=-1  probe(ttl4/6/8/12)=0/0/0/0 of 20
t=17200  N=15153  holderDeg=3  probe(ttl4/6/8/12)=0/1/0/1 of 20
t=17000  N=15051  holderDeg=3  probe(ttl4/6/8/12)=0/1/3/6 of 20
t=15600  N=14718  holderDeg=3  probe(ttl4/6/8/12)=0/3/2/6 of 20
t=17200  N=15018  holderDeg=3  probe(ttl4/6/8/12)=0/1/3/17 of 20
t=16600  N=15036  holderDeg=3  probe(ttl4/6/8/12)=0/1/3/11 of 20
t=17400  N=15210  holderDeg=3  probe(ttl4/6/8/12)=0/0/1/1 of 20
t=15200  N=14511  holderDeg=3  probe(ttl4/6/8/12)=0/1/3/7 of 20
t=17200  N=15105  holderDeg=3  probe(ttl4/6/8/12)=0/0/2/7 of 20
t=15800  N=14766  holderDeg=3  probe(ttl4/6/8/12)=0/1/5/6 of 20
t=17400  N=15072  holderDeg=3  probe(ttl4/6/8/12)=0/0/3/17 of 20
t=16800  N=15098  holderDeg=3  probe(ttl4/6/8/12)=1/1/3/12 of 20
t=17600  N=15275  holderDeg=3  probe(ttl4/6/8/12)=0/0/0/1 of 20
t=17400  N=15163  holderDeg=3  probe(ttl4/6/8/12)=0/2/2/8 of 20
t=15400  N=14574  holderDeg=3  probe(ttl4/6/8/12)=0/0/1/10 of 20
t=16000  N=14829  holderDeg=3  probe(ttl4/6/8/12)=0/1/3/3 of 20
t=17600  N=15129  holderDeg=3  probe(ttl4/6/8/12)=0/1/2/17 of 20
t=17000  N=15154  holderDeg=3  probe(ttl4/6/8/12)=0/0/3/6 of 20
t=17600  N=15215  holderDeg=3  probe(ttl4/6/8/12)=0/2/2/10 of 20
t=17800  N=15334  holderDeg=3  probe(ttl4/6/8/12)=0/1/3/1 of 20
t=15600  N=14634  holderDeg=3  probe(ttl4/6/8/12)=0/1/2/11 of 20
t=16200  N=14896  holderDeg=3  probe(ttl4/6/8/12)=0/2/1/7 of 20
t=17800  N=15198  holderDeg=3  probe(ttl4/6/8/12)=0/1/5/16 of 20
t=17200  N=15223  holderDeg=3  probe(ttl4/6/8/12)=0/0/1/9 of 20
t=17800  N=15281  holderDeg=3  probe(ttl4/6/8/12)=0/0/3/8 of 20
t=16400  N=14959  holderDeg=3  probe(ttl4/6/8/12)=0/1/2/6 of 20
t=18000  N=15382  holderDeg=3  probe(ttl4/6/8/12)=0/0/0/0 of 20
t=15800  N=14701  holderDeg=3  probe(ttl4/6/8/12)=0/0/3/14 of 20
t=18000  N=15258  holderDeg=3  probe(ttl4/6/8/12)=0/2/3/18 of 20
t=17400  N=15281  holderDeg=3  probe(ttl4/6/8/12)=0/1/3/11 of 20
t=18000  N=15348  holderDeg=3  probe(ttl4/6/8/12)=0/0/0/8 of 20
t=16600  N=15023  holderDeg=3  probe(ttl4/6/8/12)=0/1/0/6 of 20
t=16000  N=14755  holderDeg=3  probe(ttl4/6/8/12)=0/2/6/13 of 20
t=18200  N=15312  holderDeg=3  probe(ttl4/6/8/12)=0/0/4/15 of 20
t=18200  N=15444  holderDeg=3  probe(ttl4/6/8/12)=0/0/3/0 of 20
t=17600  N=15334  holderDeg=3  probe(ttl4/6/8/12)=0/0/4/9 of 20
t=16800  N=15086  holderDeg=3  probe(ttl4/6/8/12)=0/0/2/11 of 20
t=18200  N=15419  holderDeg=3  probe(ttl4/6/8/12)=0/1/0/7 of 20
t=18400  N=15375  holderDeg=3  probe(ttl4/6/8/12)=0/1/3/16 of 20
t=16200  N=14817  holderDeg=3  probe(ttl4/6/8/12)=0/0/6/13 of 20
t=17800  N=15397  holderDeg=3  probe(ttl4/6/8/12)=0/0/5/10 of 20
t=18400  N=15511  holderDeg=3  probe(ttl4/6/8/12)=0/1/4/0 of 20
t=17000  N=15129  holderDeg=3  probe(ttl4/6/8/12)=0/1/3/9 of 20
t=18400  N=15484  holderDeg=3  probe(ttl4/6/8/12)=1/0/1/2 of 20
t=18600  N=15433  holderDeg=3  probe(ttl4/6/8/12)=0/0/1/15 of 20
t=16400  N=14864  holderDeg=3  probe(ttl4/6/8/12)=0/0/2/12 of 20
t=18600  N=15562  holderDeg=3  probe(ttl4/6/8/12)=0/0/0/0 of 20
t=18000  N=15460  holderDeg=3  probe(ttl4/6/8/12)=0/1/2/9 of 20
t=17200  N=15194  holderDeg=3  probe(ttl4/6/8/12)=0/0/4/8 of 20
t=18600  N=15545  holderDeg=3  probe(ttl4/6/8/12)=0/1/5/7 of 20
t=18800  N=15491  holderDeg=3  probe(ttl4/6/8/12)=0/0/3/16 of 20
t=16600  N=14936  holderDeg=3  probe(ttl4/6/8/12)=0/0/3/16 of 20
t=18200  N=15520  holderDeg=3  probe(ttl4/6/8/12)=0/1/3/14 of 20
t=18800  N=15623  holderDeg=3  probe(ttl4/6/8/12)=0/0/4/2 of 20
t=17400  N=15248  holderDeg=3  probe(ttl4/6/8/12)=0/2/1/4 of 20
t=18800  N=15607  holderDeg=5  probe(ttl4/6/8/12)=0/1/5/16 of 20
t=19000  N=15570  holderDeg=3  probe(ttl4/6/8/12)=0/0/5/16 of 20
t=18400  N=15578  holderDeg=3  probe(ttl4/6/8/12)=1/1/2/13 of 20
t=16800  N=15002  holderDeg=3  probe(ttl4/6/8/12)=0/1/4/12 of 20
t=19000  N=15692  holderDeg=3  probe(ttl4/6/8/12)=0/1/2/2 of 20
t=17600  N=15298  holderDeg=3  probe(ttl4/6/8/12)=0/1/2/8 of 20
t=19000  N=15664  holderDeg=7  probe(ttl4/6/8/12)=0/1/9/18 of 20
t=19200  N=15639  holderDeg=3  probe(ttl4/6/8/12)=0/0/1/17 of 20
t=18600  N=15632  holderDeg=3  probe(ttl4/6/8/12)=1/0/2/7 of 20
t=17000  N=15056  holderDeg=3  probe(ttl4/6/8/12)=0/0/2/10 of 20
t=19200  N=15762  holderDeg=3  probe(ttl4/6/8/12)=0/2/1/2 of 20
t=17800  N=15361  holderDeg=3  probe(ttl4/6/8/12)=0/0/3/8 of 20
t=19200  N=15726  holderDeg=9  probe(ttl4/6/8/12)=1/4/5/17 of 20
t=19400  N=15705  holderDeg=3  probe(ttl4/6/8/12)=0/0/6/16 of 20
t=18800  N=15686  holderDeg=3  probe(ttl4/6/8/12)=1/1/5/9 of 20
t=17200  N=15123  holderDeg=3  probe(ttl4/6/8/12)=0/1/2/11 of 20
t=19400  N=15821  holderDeg=3  probe(ttl4/6/8/12)=0/2/0/2 of 20
t=18000  N=15421  holderDeg=3  probe(ttl4/6/8/12)=0/0/1/6 of 20
t=19400  N=15794  holderDeg=11  probe(ttl4/6/8/12)=0/2/7/20 of 20
t=19600  N=15756  holderDeg=3  probe(ttl4/6/8/12)=0/1/1/16 of 20
t=19000  N=15745  holderDeg=3  probe(ttl4/6/8/12)=0/0/2/8 of 20
t=17400  N=15191  holderDeg=3  probe(ttl4/6/8/12)=0/1/4/12 of 20
t=18200  N=15484  holderDeg=3  probe(ttl4/6/8/12)=0/0/2/3 of 20
t=19600  N=15878  holderDeg=3  probe(ttl4/6/8/12)=0/1/1/4 of 20
t=19600  N=15861  holderDeg=13  probe(ttl4/6/8/12)=0/1/10/18 of 20
t=19800  N=15820  holderDeg=3  probe(ttl4/6/8/12)=0/1/2/19 of 20
t=19200  N=15805  holderDeg=3  probe(ttl4/6/8/12)=0/2/3/13 of 20
t=17600  N=15258  holderDeg=3  probe(ttl4/6/8/12)=0/0/1/11 of 20
t=18400  N=15539  holderDeg=3  probe(ttl4/6/8/12)=0/0/3/10 of 20
t=19800  N=15956  holderDeg=3  probe(ttl4/6/8/12)=0/1/4/2 of 20
t=19800  N=15916  holderDeg=13  probe(ttl4/6/8/12)=0/1/10/19 of 20
t=20000  N=15890  holderDeg=3  probe(ttl4/6/8/12)=0/0/6/18 of 20
t=19400  N=15864  holderDeg=3  probe(ttl4/6/8/12)=0/3/3/11 of 20
t=18600  N=15596  holderDeg=3  probe(ttl4/6/8/12)=1/0/8/4 of 20
t=17800  N=15316  holderDeg=3  probe(ttl4/6/8/12)=0/1/2/10 of 20
t=20000  N=16013  holderDeg=3  probe(ttl4/6/8/12)=0/0/3/2 of 20
t=20000  N=15987  holderDeg=13  probe(ttl4/6/8/12)=0/1/11/19 of 20
t=20200  N=15953  holderDeg=3  probe(ttl4/6/8/12)=0/2/3/17 of 20
t=19600  N=15907  holderDeg=3  probe(ttl4/6/8/12)=0/0/3/12 of 20
t=18800  N=15662  holderDeg=3  probe(ttl4/6/8/12)=1/0/2/7 of 20
t=18000  N=15373  holderDeg=3  probe(ttl4/6/8/12)=1/2/4/14 of 20
t=20200  N=16078  holderDeg=3  probe(ttl4/6/8/12)=0/1/2/2 of 20
t=20200  N=16051  holderDeg=13  probe(ttl4/6/8/12)=0/4/10/19 of 20
t=20400  N=16008  holderDeg=3  probe(ttl4/6/8/12)=0/0/4/16 of 20
t=19800  N=15951  holderDeg=3  probe(ttl4/6/8/12)=0/3/2/10 of 20
t=19000  N=15721  holderDeg=3  probe(ttl4/6/8/12)=0/0/1/5 of 20
t=18200  N=15434  holderDeg=3  probe(ttl4/6/8/12)=0/0/2/8 of 20
t=20400  N=16109  holderDeg=13  probe(ttl4/6/8/12)=1/0/11/19 of 20
t=20600  N=16066  holderDeg=3  probe(ttl4/6/8/12)=0/0/3/18 of 20
t=20400  N=16146  holderDeg=3  probe(ttl4/6/8/12)=0/2/2/0 of 20
t=20000  N=16004  holderDeg=3  probe(ttl4/6/8/12)=0/0/2/9 of 20
t=19200  N=15774  holderDeg=3  probe(ttl4/6/8/12)=0/0/2/3 of 20
t=18400  N=15502  holderDeg=3  probe(ttl4/6/8/12)=0/0/3/12 of 20
t=20600  N=16172  holderDeg=13  probe(ttl4/6/8/12)=0/0/12/17 of 20
t=20800  N=16133  holderDeg=3  probe(ttl4/6/8/12)=0/1/5/15 of 20
t=20600  N=16202  holderDeg=3  probe(ttl4/6/8/12)=0/1/1/0 of 20
t=20200  N=16064  holderDeg=3  probe(ttl4/6/8/12)=0/1/2/9 of 20
t=19400  N=15837  holderDeg=3  probe(ttl4/6/8/12)=0/0/2/9 of 20
t=18600  N=15560  holderDeg=3  probe(ttl4/6/8/12)=0/0/4/14 of 20
t=20800  N=16237  holderDeg=13  probe(ttl4/6/8/12)=0/1/12/20 of 20
t=21000  N=16195  holderDeg=3  probe(ttl4/6/8/12)=0/0/4/17 of 20
t=20400  N=16122  holderDeg=3  probe(ttl4/6/8/12)=0/1/4/7 of 20
t=20800  N=16256  holderDeg=3  probe(ttl4/6/8/12)=0/1/2/3 of 20
t=19600  N=15898  holderDeg=3  probe(ttl4/6/8/12)=0/0/1/6 of 20
t=18800  N=15615  holderDeg=3  probe(ttl4/6/8/12)=0/1/1/9 of 20
t=21000  N=16295  holderDeg=13  probe(ttl4/6/8/12)=1/1/8/19 of 20
t=21200  N=16266  holderDeg=3  probe(ttl4/6/8/12)=0/0/5/20 of 20
t=20600  N=16190  holderDeg=3  probe(ttl4/6/8/12)=0/1/5/13 of 20
t=21000  N=16322  holderDeg=3  probe(ttl4/6/8/12)=0/0/5/3 of 20
t=19800  N=15964  holderDeg=3  probe(ttl4/6/8/12)=0/2/2/12 of 20
t=21200  N=16349  holderDeg=13  probe(ttl4/6/8/12)=0/3/12/19 of 20
t=21400  N=16330  holderDeg=3  probe(ttl4/6/8/12)=0/1/2/17 of 20
t=20800  N=16244  holderDeg=3  probe(ttl4/6/8/12)=0/0/2/11 of 20
t=19000  N=15670  holderDeg=3  probe(ttl4/6/8/12)=0/0/1/12 of 20
t=21200  N=16392  holderDeg=3  probe(ttl4/6/8/12)=0/0/3/3 of 20
t=20000  N=16023  holderDeg=3  probe(ttl4/6/8/12)=0/0/0/9 of 20
t=21000  N=16304  holderDeg=3  probe(ttl4/6/8/12)=0/1/1/11 of 20
t=21400  N=16412  holderDeg=13  probe(ttl4/6/8/12)=1/2/10/20 of 20
t=21600  N=16386  holderDeg=3  probe(ttl4/6/8/12)=0/0/3/17 of 20
t=19200  N=15736  holderDeg=3  probe(ttl4/6/8/12)=1/0/5/8 of 20
t=21400  N=16445  holderDeg=3  probe(ttl4/6/8/12)=0/0/2/3 of 20
t=20200  N=16091  holderDeg=3  probe(ttl4/6/8/12)=0/0/2/3 of 20
t=21200  N=16371  holderDeg=3  probe(ttl4/6/8/12)=0/1/2/7 of 20
t=21600  N=16465  holderDeg=13  probe(ttl4/6/8/12)=0/4/11/20 of 20
t=21800  N=16453  holderDeg=3  probe(ttl4/6/8/12)=0/2/2/16 of 20
t=19400  N=15791  holderDeg=3  probe(ttl4/6/8/12)=0/3/1/9 of 20
t=21600  N=16506  holderDeg=3  probe(ttl4/6/8/12)=0/1/2/0 of 20
t=20400  N=16151  holderDeg=3  probe(ttl4/6/8/12)=0/0/2/5 of 20
t=21400  N=16422  holderDeg=3  probe(ttl4/6/8/12)=0/1/3/7 of 20
t=21800  N=16524  holderDeg=13  probe(ttl4/6/8/12)=0/0/11/18 of 20
t=22000  N=16509  holderDeg=3  probe(ttl4/6/8/12)=0/0/3/17 of 20
t=19600  N=15843  holderDeg=3  probe(ttl4/6/8/12)=0/1/2/14 of 20
t=21800  N=16573  holderDeg=3  probe(ttl4/6/8/12)=0/0/3/6 of 20
t=20600  N=16210  holderDeg=3  probe(ttl4/6/8/12)=0/1/5/10 of 20
t=22000  N=16583  holderDeg=13  probe(ttl4/6/8/12)=2/3/11/17 of 20
t=21600  N=16471  holderDeg=3  probe(ttl4/6/8/12)=0/1/2/9 of 20
t=22200  N=16577  holderDeg=3  probe(ttl4/6/8/12)=0/0/2/16 of 20
t=19800  N=15899  holderDeg=3  probe(ttl4/6/8/12)=0/1/5/7 of 20
t=22000  N=16624  holderDeg=3  probe(ttl4/6/8/12)=0/0/3/4 of 20
t=20800  N=16272  holderDeg=3  probe(ttl4/6/8/12)=0/0/5/7 of 20
t=21800  N=16527  holderDeg=3  probe(ttl4/6/8/12)=0/0/2/12 of 20
t=22400  N=16627  holderDeg=3  probe(ttl4/6/8/12)=0/1/5/17 of 20
t=22200  N=16657  holderDeg=13  probe(ttl4/6/8/12)=1/1/10/19 of 20
t=20000  N=15951  holderDeg=3  probe(ttl4/6/8/12)=0/1/4/9 of 20
t=22200  N=16699  holderDeg=3  probe(ttl4/6/8/12)=0/0/2/1 of 20
t=21000  N=16325  holderDeg=3  probe(ttl4/6/8/12)=0/1/1/4 of 20
t=22000  N=16586  holderDeg=3  probe(ttl4/6/8/12)=0/1/3/8 of 20
t=22600  N=16688  holderDeg=3  probe(ttl4/6/8/12)=0/0/4/18 of 20
t=22400  N=16716  holderDeg=13  probe(ttl4/6/8/12)=0/2/6/20 of 20
t=20200  N=16007  holderDeg=3  probe(ttl4/6/8/12)=0/1/2/7 of 20
t=22400  N=16754  holderDeg=3  probe(ttl4/6/8/12)=0/1/0/1 of 20
t=21200  N=16399  holderDeg=3  probe(ttl4/6/8/12)=0/0/2/6 of 20
t=22200  N=16656  holderDeg=3  probe(ttl4/6/8/12)=1/0/2/8 of 20
t=22800  N=16755  holderDeg=3  probe(ttl4/6/8/12)=0/2/0/14 of 20
t=22600  N=16766  holderDeg=13  probe(ttl4/6/8/12)=1/4/9/17 of 20
t=20400  N=16053  holderDeg=3  probe(ttl4/6/8/12)=0/0/3/14 of 20
t=21400  N=16454  holderDeg=3  probe(ttl4/6/8/12)=0/0/3/5 of 20
t=22600  N=16815  holderDeg=3  probe(ttl4/6/8/12)=0/1/3/2 of 20
t=22400  N=16722  holderDeg=3  probe(ttl4/6/8/12)=0/1/1/7 of 20
t=23000  N=16807  holderDeg=3  probe(ttl4/6/8/12)=0/1/4/16 of 20
t=22800  N=16822  holderDeg=13  probe(ttl4/6/8/12)=1/1/10/20 of 20
t=20600  N=16116  holderDeg=3  probe(ttl4/6/8/12)=0/0/4/12 of 20
t=21600  N=16502  holderDeg=3  probe(ttl4/6/8/12)=0/0/2/11 of 20
t=22800  N=16881  holderDeg=3  probe(ttl4/6/8/12)=0/1/2/1 of 20
t=22600  N=16781  holderDeg=3  probe(ttl4/6/8/12)=0/0/6/4 of 20
t=23200  N=16873  holderDeg=3  probe(ttl4/6/8/12)=0/1/6/18 of 20
t=20800  N=16162  holderDeg=3  probe(ttl4/6/8/12)=0/0/3/11 of 20
t=23000  N=16885  holderDeg=13  probe(ttl4/6/8/12)=1/3/10/19 of 20
t=21800  N=16550  holderDeg=3  probe(ttl4/6/8/12)=0/0/1/5 of 20
t=23000  N=16940  holderDeg=3  probe(ttl4/6/8/12)=0/1/2/0 of 20
t=22800  N=16847  holderDeg=3  probe(ttl4/6/8/12)=1/0/3/9 of 20
t=23400  N=16946  holderDeg=3  probe(ttl4/6/8/12)=0/2/7/14 of 20
t=22000  N=16607  holderDeg=3  probe(ttl4/6/8/12)=0/1/2/6 of 20
t=21000  N=16220  holderDeg=3  probe(ttl4/6/8/12)=0/0/2/11 of 20
t=23200  N=16946  holderDeg=13  probe(ttl4/6/8/12)=0/4/8/18 of 20
t=23200  N=17007  holderDeg=3  probe(ttl4/6/8/12)=0/0/0/2 of 20
t=23000  N=16919  holderDeg=3  probe(ttl4/6/8/12)=0/0/1/10 of 20
t=23600  N=17011  holderDeg=3  probe(ttl4/6/8/12)=0/2/2/14 of 20
t=22200  N=16671  holderDeg=3  probe(ttl4/6/8/12)=0/0/2/5 of 20
t=21200  N=16288  holderDeg=3  probe(ttl4/6/8/12)=0/1/4/7 of 20
t=23400  N=16993  holderDeg=13  probe(ttl4/6/8/12)=1/4/11/20 of 20
t=23400  N=17056  holderDeg=3  probe(ttl4/6/8/12)=0/0/2/2 of 20
t=23200  N=16979  holderDeg=3  probe(ttl4/6/8/12)=0/1/0/11 of 20
t=23800  N=17066  holderDeg=3  probe(ttl4/6/8/12)=0/1/1/13 of 20
t=22400  N=16736  holderDeg=3  probe(ttl4/6/8/12)=0/0/0/10 of 20
t=21400  N=16345  holderDeg=3  probe(ttl4/6/8/12)=0/1/4/15 of 20
t=23600  N=17051  holderDeg=13  probe(ttl4/6/8/12)=0/2/11/20 of 20
t=23400  N=17032  holderDeg=3  probe(ttl4/6/8/12)=0/0/5/8 of 20
t=23600  N=17116  holderDeg=3  probe(ttl4/6/8/12)=0/1/1/2 of 20
t=24000  N=17128  holderDeg=3  probe(ttl4/6/8/12)=0/1/2/15 of 20
t=22600  N=16794  holderDeg=3  probe(ttl4/6/8/12)=0/0/2/7 of 20
t=21600  N=16406  holderDeg=3  probe(ttl4/6/8/12)=0/0/3/7 of 20
t=23800  N=17114  holderDeg=13  probe(ttl4/6/8/12)=2/1/9/20 of 20
t=23600  N=17081  holderDeg=3  probe(ttl4/6/8/12)=0/0/3/11 of 20
t=23800  N=17174  holderDeg=3  probe(ttl4/6/8/12)=0/0/3/1 of 20
t=24200  N=17176  holderDeg=3  probe(ttl4/6/8/12)=0/0/5/15 of 20
t=22800  N=16868  holderDeg=3  probe(ttl4/6/8/12)=0/1/3/6 of 20
t=21800  N=16470  holderDeg=3  probe(ttl4/6/8/12)=0/1/3/10 of 20
t=24000  N=17175  holderDeg=13  probe(ttl4/6/8/12)=0/3/9/19 of 20
t=23800  N=17146  holderDeg=3  probe(ttl4/6/8/12)=0/1/3/11 of 20
t=24000  N=17249  holderDeg=3  probe(ttl4/6/8/12)=0/1/2/0 of 20
t=23000  N=16923  holderDeg=3  probe(ttl4/6/8/12)=0/1/5/9 of 20
t=24400  N=17254  holderDeg=3  probe(ttl4/6/8/12)=0/0/2/16 of 20
t=22000  N=16523  holderDeg=3  probe(ttl4/6/8/12)=0/3/2/11 of 20
t=24200  N=17231  holderDeg=13  probe(ttl4/6/8/12)=0/4/10/19 of 20
t=24000  N=17203  holderDeg=3  probe(ttl4/6/8/12)=0/1/3/4 of 20
t=24200  N=17310  holderDeg=3  probe(ttl4/6/8/12)=0/0/0/1 of 20
t=23200  N=16977  holderDeg=3  probe(ttl4/6/8/12)=0/0/0/7 of 20
t=24600  N=17308  holderDeg=3  probe(ttl4/6/8/12)=0/0/2/18 of 20
t=22200  N=16580  holderDeg=3  probe(ttl4/6/8/12)=0/0/1/10 of 20
t=24400  N=17287  holderDeg=13  probe(ttl4/6/8/12)=0/2/8/20 of 20
t=24200  N=17258  holderDeg=3  probe(ttl4/6/8/12)=0/0/2/9 of 20
t=23400  N=17031  holderDeg=3  probe(ttl4/6/8/12)=0/0/2/5 of 20
t=24800  N=17366  holderDeg=3  probe(ttl4/6/8/12)=1/0/0/17 of 20
t=24400  N=17373  holderDeg=3  probe(ttl4/6/8/12)=0/0/0/0 of 20
t=24600  N=17346  holderDeg=13  probe(ttl4/6/8/12)=0/2/9/20 of 20
t=24400  N=17314  holderDeg=3  probe(ttl4/6/8/12)=0/2/1/12 of 20
t=22400  N=16644  holderDeg=3  probe(ttl4/6/8/12)=1/0/7/12 of 20
t=23600  N=17093  holderDeg=3  probe(ttl4/6/8/12)=0/3/4/6 of 20
t=25000  N=17429  holderDeg=3  probe(ttl4/6/8/12)=0/1/2/15 of 20
t=24600  N=17439  holderDeg=3  probe(ttl4/6/8/12)=0/2/0/2 of 20
t=24800  N=17402  holderDeg=13  probe(ttl4/6/8/12)=0/0/10/18 of 20
t=24600  N=17374  holderDeg=3  probe(ttl4/6/8/12)=0/1/3/13 of 20
t=22600  N=16704  holderDeg=3  probe(ttl4/6/8/12)=0/0/2/13 of 20
t=23800  N=17153  holderDeg=3  probe(ttl4/6/8/12)=0/1/3/7 of 20
t=25200  N=17485  holderDeg=3  probe(ttl4/6/8/12)=0/0/2/16 of 20
t=24800  N=17504  holderDeg=3  probe(ttl4/6/8/12)=0/0/2/0 of 20
t=25000  N=17456  holderDeg=13  probe(ttl4/6/8/12)=0/3/7/20 of 20
t=24800  N=17427  holderDeg=3  probe(ttl4/6/8/12)=0/0/3/8 of 20
t=22800  N=16763  holderDeg=3  probe(ttl4/6/8/12)=0/0/3/14 of 20
t=24000  N=17219  holderDeg=3  probe(ttl4/6/8/12)=0/0/4/7 of 20
t=25400  N=17538  holderDeg=3  probe(ttl4/6/8/12)=0/1/2/17 of 20
t=25000  N=17557  holderDeg=3  probe(ttl4/6/8/12)=0/0/1/3 of 20
t=25200  N=17522  holderDeg=13  probe(ttl4/6/8/12)=0/3/10/18 of 20
t=25000  N=17476  holderDeg=3  probe(ttl4/6/8/12)=0/2/2/13 of 20
t=24200  N=17285  holderDeg=3  probe(ttl4/6/8/12)=0/1/0/6 of 20
t=23000  N=16815  holderDeg=3  probe(ttl4/6/8/12)=0/1/4/11 of 20
t=25600  N=17592  holderDeg=3  probe(ttl4/6/8/12)=1/1/4/17 of 20
t=25200  N=17613  holderDeg=3  probe(ttl4/6/8/12)=0/0/1/3 of 20
t=25400  N=17581  holderDeg=13  probe(ttl4/6/8/12)=1/1/10/20 of 20
t=25200  N=17540  holderDeg=3  probe(ttl4/6/8/12)=0/1/4/9 of 20
t=24400  N=17342  holderDeg=3  probe(ttl4/6/8/12)=0/1/2/8 of 20
t=23200  N=16884  holderDeg=3  probe(ttl4/6/8/12)=0/2/2/13 of 20
t=25800  N=17647  holderDeg=3  probe(ttl4/6/8/12)=0/1/3/14 of 20
t=25400  N=17682  holderDeg=3  probe(ttl4/6/8/12)=0/0/2/2 of 20
t=25400  N=17597  holderDeg=3  probe(ttl4/6/8/12)=0/0/3/8 of 20
t=25600  N=17648  holderDeg=13  probe(ttl4/6/8/12)=2/1/8/18 of 20
t=24600  N=17402  holderDeg=3  probe(ttl4/6/8/12)=1/0/2/7 of 20
t=26000  N=17708  holderDeg=3  probe(ttl4/6/8/12)=2/1/1/18 of 20
t=23400  N=16944  holderDeg=3  probe(ttl4/6/8/12)=0/0/2/9 of 20
t=25600  N=17733  holderDeg=3  probe(ttl4/6/8/12)=0/0/5/1 of 20
t=25800  N=17704  holderDeg=13  probe(ttl4/6/8/12)=1/2/10/18 of 20
t=25600  N=17652  holderDeg=3  probe(ttl4/6/8/12)=0/1/6/10 of 20
t=24800  N=17457  holderDeg=3  probe(ttl4/6/8/12)=0/0/0/3 of 20
t=26200  N=17758  holderDeg=3  probe(ttl4/6/8/12)=0/0/4/13 of 20
t=23600  N=17009  holderDeg=3  probe(ttl4/6/8/12)=0/1/3/15 of 20
t=25800  N=17792  holderDeg=3  probe(ttl4/6/8/12)=0/0/1/2 of 20
t=25800  N=17713  holderDeg=3  probe(ttl4/6/8/12)=0/1/7/7 of 20
t=26000  N=17772  holderDeg=13  probe(ttl4/6/8/12)=0/7/7/20 of 20
t=25000  N=17515  holderDeg=3  probe(ttl4/6/8/12)=0/2/2/13 of 20
t=26400  N=17818  holderDeg=3  probe(ttl4/6/8/12)=0/1/4/20 of 20
t=23800  N=17064  holderDeg=3  probe(ttl4/6/8/12)=0/0/3/11 of 20
t=26000  N=17849  holderDeg=3  probe(ttl4/6/8/12)=1/0/1/3 of 20
t=26000  N=17764  holderDeg=3  probe(ttl4/6/8/12)=0/1/4/9 of 20
t=26200  N=17830  holderDeg=13  probe(ttl4/6/8/12)=1/4/9/20 of 20
t=26600  N=17869  holderDeg=3  probe(ttl4/6/8/12)=0/3/4/15 of 20
t=25200  N=17566  holderDeg=3  probe(ttl4/6/8/12)=0/0/1/5 of 20
t=24000  N=17118  holderDeg=3  probe(ttl4/6/8/12)=0/1/5/11 of 20
t=26200  N=17817  holderDeg=3  probe(ttl4/6/8/12)=0/0/1/14 of 20
t=26200  N=17916  holderDeg=3  probe(ttl4/6/8/12)=0/0/2/0 of 20
t=26400  N=17889  holderDeg=13  probe(ttl4/6/8/12)=1/1/10/17 of 20
t=26800  N=17926  holderDeg=3  probe(ttl4/6/8/12)=0/0/2/19 of 20
t=25400  N=17609  holderDeg=3  probe(ttl4/6/8/12)=0/0/1/8 of 20
t=24200  N=17186  holderDeg=3  probe(ttl4/6/8/12)=0/0/3/11 of 20
t=26400  N=17877  holderDeg=3  probe(ttl4/6/8/12)=0/0/1/8 of 20
t=26600  N=17945  holderDeg=13  probe(ttl4/6/8/12)=0/0/9/19 of 20
t=26400  N=17973  holderDeg=3  probe(ttl4/6/8/12)=0/0/0/1 of 20
t=25600  N=17684  holderDeg=3  probe(ttl4/6/8/12)=0/1/3/5 of 20
t=27000  N=17988  holderDeg=3  probe(ttl4/6/8/12)=0/0/7/17 of 20
t=24400  N=17240  holderDeg=3  probe(ttl4/6/8/12)=0/1/2/10 of 20
t=26600  N=17931  holderDeg=3  probe(ttl4/6/8/12)=0/0/4/13 of 20
t=26800  N=17997  holderDeg=13  probe(ttl4/6/8/12)=0/3/10/18 of 20
t=26600  N=18034  holderDeg=3  probe(ttl4/6/8/12)=0/1/1/3 of 20
t=27200  N=18039  holderDeg=3  probe(ttl4/6/8/12)=0/0/5/15 of 20
t=25800  N=17753  holderDeg=3  probe(ttl4/6/8/12)=0/0/5/7 of 20
t=24600  N=17302  holderDeg=3  probe(ttl4/6/8/12)=0/0/4/13 of 20
t=26800  N=17987  holderDeg=3  probe(ttl4/6/8/12)=0/0/1/7 of 20
t=27000  N=18059  holderDeg=13  probe(ttl4/6/8/12)=1/2/8/18 of 20
t=27400  N=18096  holderDeg=3  probe(ttl4/6/8/12)=0/1/5/17 of 20
t=26800  N=18087  holderDeg=3  probe(ttl4/6/8/12)=0/0/0/1 of 20
t=26000  N=17812  holderDeg=3  probe(ttl4/6/8/12)=0/0/5/9 of 20
t=24800  N=17360  holderDeg=3  probe(ttl4/6/8/12)=0/2/3/12 of 20
t=27000  N=18042  holderDeg=3  probe(ttl4/6/8/12)=0/0/4/11 of 20
t=27200  N=18109  holderDeg=13  probe(ttl4/6/8/12)=0/5/6/18 of 20
t=27600  N=18142  holderDeg=3  probe(ttl4/6/8/12)=0/0/5/19 of 20
t=26200  N=17863  holderDeg=3  probe(ttl4/6/8/12)=0/1/3/8 of 20
t=27000  N=18150  holderDeg=3  probe(ttl4/6/8/12)=0/1/3/1 of 20
t=25000  N=17407  holderDeg=3  probe(ttl4/6/8/12)=0/0/1/11 of 20
t=27200  N=18103  holderDeg=3  probe(ttl4/6/8/12)=0/1/7/9 of 20
t=27800  N=18201  holderDeg=3  probe(ttl4/6/8/12)=0/1/4/14 of 20
t=27400  N=18168  holderDeg=13  probe(ttl4/6/8/12)=0/4/10/18 of 20
t=26400  N=17928  holderDeg=3  probe(ttl4/6/8/12)=0/0/1/8 of 20
t=27200  N=18210  holderDeg=3  probe(ttl4/6/8/12)=0/2/4/3 of 20
t=25200  N=17468  holderDeg=3  probe(ttl4/6/8/12)=0/0/1/10 of 20
t=27400  N=18163  holderDeg=3  probe(ttl4/6/8/12)=0/0/3/10 of 20
t=28000  N=18264  holderDeg=3  probe(ttl4/6/8/12)=0/1/3/16 of 20
t=27600  N=18237  holderDeg=13  probe(ttl4/6/8/12)=0/2/11/19 of 20
t=26600  N=17989  holderDeg=3  probe(ttl4/6/8/12)=0/2/3/4 of 20
t=27400  N=18274  holderDeg=3  probe(ttl4/6/8/12)=0/0/2/2 of 20
t=27600  N=18219  holderDeg=3  probe(ttl4/6/8/12)=0/3/1/15 of 20
t=25400  N=17529  holderDeg=3  probe(ttl4/6/8/12)=0/1/3/11 of 20
t=28200  N=18308  holderDeg=3  probe(ttl4/6/8/12)=0/0/4/16 of 20
t=27800  N=18303  holderDeg=13  probe(ttl4/6/8/12)=0/1/8/18 of 20
t=26800  N=18053  holderDeg=3  probe(ttl4/6/8/12)=0/0/3/6 of 20
t=27600  N=18343  holderDeg=3  probe(ttl4/6/8/12)=0/0/0/2 of 20
t=27800  N=18277  holderDeg=3  probe(ttl4/6/8/12)=0/0/3/14 of 20
t=25600  N=17595  holderDeg=3  probe(ttl4/6/8/12)=0/0/2/11 of 20
t=28400  N=18380  holderDeg=3  probe(ttl4/6/8/12)=0/0/3/18 of 20
t=27000  N=18109  holderDeg=3  probe(ttl4/6/8/12)=0/1/2/7 of 20
t=28000  N=18364  holderDeg=13  probe(ttl4/6/8/12)=2/1/10/19 of 20
t=27800  N=18413  holderDeg=3  probe(ttl4/6/8/12)=0/0/1/1 of 20
t=28000  N=18342  holderDeg=3  probe(ttl4/6/8/12)=0/1/2/10 of 20
t=25800  N=17656  holderDeg=3  probe(ttl4/6/8/12)=0/2/4/9 of 20
t=28600  N=18435  holderDeg=3  probe(ttl4/6/8/12)=0/0/2/16 of 20
t=27200  N=18166  holderDeg=3  probe(ttl4/6/8/12)=0/0/0/5 of 20
t=28200  N=18427  holderDeg=13  probe(ttl4/6/8/12)=0/3/10/19 of 20
t=28000  N=18473  holderDeg=3  probe(ttl4/6/8/12)=0/0/3/2 of 20
t=28200  N=18396  holderDeg=3  probe(ttl4/6/8/12)=0/0/2/9 of 20
t=28800  N=18486  holderDeg=3  probe(ttl4/6/8/12)=0/1/2/17 of 20
t=26000  N=17711  holderDeg=3  probe(ttl4/6/8/12)=0/1/1/16 of 20
t=27400  N=18235  holderDeg=3  probe(ttl4/6/8/12)=0/0/3/7 of 20
t=28400  N=18485  holderDeg=13  probe(ttl4/6/8/12)=0/2/13/18 of 20
t=28400  N=18451  holderDeg=3  probe(ttl4/6/8/12)=0/0/2/7 of 20
t=28200  N=18525  holderDeg=3  probe(ttl4/6/8/12)=0/2/1/2 of 20
t=29000  N=18551  holderDeg=3  probe(ttl4/6/8/12)=0/1/3/18 of 20
t=26200  N=17768  holderDeg=3  probe(ttl4/6/8/12)=1/0/4/10 of 20
t=27600  N=18299  holderDeg=3  probe(ttl4/6/8/12)=0/0/1/8 of 20
t=28600  N=18545  holderDeg=13  probe(ttl4/6/8/12)=0/3/10/17 of 20
t=28600  N=18510  holderDeg=3  probe(ttl4/6/8/12)=0/0/5/10 of 20
t=28400  N=18599  holderDeg=3  probe(ttl4/6/8/12)=0/0/4/4 of 20
t=29200  N=18624  holderDeg=3  probe(ttl4/6/8/12)=0/2/1/18 of 20
t=26400  N=17833  holderDeg=3  probe(ttl4/6/8/12)=0/0/2/13 of 20
t=27800  N=18368  holderDeg=3  probe(ttl4/6/8/12)=0/0/1/6 of 20
t=28800  N=18611  holderDeg=13  probe(ttl4/6/8/12)=1/0/11/19 of 20
t=28800  N=18559  holderDeg=3  probe(ttl4/6/8/12)=0/2/3/10 of 20
t=28600  N=18660  holderDeg=3  probe(ttl4/6/8/12)=0/1/4/3 of 20
t=29400  N=18678  holderDeg=3  probe(ttl4/6/8/12)=0/0/3/14 of 20
t=28000  N=18433  holderDeg=3  probe(ttl4/6/8/12)=0/1/3/6 of 20
t=26600  N=17900  holderDeg=3  probe(ttl4/6/8/12)=0/0/2/12 of 20
t=29000  N=18670  holderDeg=13  probe(ttl4/6/8/12)=0/2/9/20 of 20
t=29000  N=18612  holderDeg=3  probe(ttl4/6/8/12)=0/0/3/9 of 20
t=28800  N=18717  holderDeg=3  probe(ttl4/6/8/12)=0/1/3/2 of 20
t=29600  N=18750  holderDeg=3  probe(ttl4/6/8/12)=0/0/7/18 of 20
t=28200  N=18487  holderDeg=3  probe(ttl4/6/8/12)=0/0/1/6 of 20
t=26800  N=17960  holderDeg=3  probe(ttl4/6/8/12)=0/0/3/12 of 20
t=29200  N=18733  holderDeg=13  probe(ttl4/6/8/12)=0/1/11/19 of 20
t=29200  N=18671  holderDeg=3  probe(ttl4/6/8/12)=0/0/2/8 of 20
t=29000  N=18772  holderDeg=3  probe(ttl4/6/8/12)=0/0/3/3 of 20
t=29800  N=18818  holderDeg=3  probe(ttl4/6/8/12)=0/0/5/16 of 20
t=28400  N=18551  holderDeg=3  probe(ttl4/6/8/12)=0/2/1/6 of 20
t=27000  N=18022  holderDeg=3  probe(ttl4/6/8/12)=0/0/4/10 of 20
t=29400  N=18782  holderDeg=13  probe(ttl4/6/8/12)=0/0/13/20 of 20
t=29400  N=18735  holderDeg=3  probe(ttl4/6/8/12)=0/1/2/10 of 20
t=30000  N=18877  holderDeg=3  probe(ttl4/6/8/12)=0/1/1/14 of 20
t=29200  N=18835  holderDeg=3  probe(ttl4/6/8/12)=0/2/0/0 of 20
t=28600  N=18609  holderDeg=3  probe(ttl4/6/8/12)=0/0/1/2 of 20
t=27200  N=18080  holderDeg=3  probe(ttl4/6/8/12)=0/2/1/12 of 20
t=29600  N=18841  holderDeg=13  probe(ttl4/6/8/12)=0/6/9/19 of 20
t=29600  N=18794  holderDeg=3  probe(ttl4/6/8/12)=0/0/4/15 of 20
t=30200  N=18933  holderDeg=3  probe(ttl4/6/8/12)=1/1/2/15 of 20
t=29400  N=18889  holderDeg=3  probe(ttl4/6/8/12)=0/0/4/1 of 20
t=28800  N=18672  holderDeg=3  probe(ttl4/6/8/12)=0/0/2/6 of 20
t=27400  N=18147  holderDeg=3  probe(ttl4/6/8/12)=0/0/2/11 of 20
t=29800  N=18911  holderDeg=13  probe(ttl4/6/8/12)=0/5/7/18 of 20
t=29800  N=18860  holderDeg=3  probe(ttl4/6/8/12)=0/1/5/11 of 20
t=30400  N=18992  holderDeg=3  probe(ttl4/6/8/12)=1/0/4/14 of 20
t=29600  N=18942  holderDeg=3  probe(ttl4/6/8/12)=0/0/3/3 of 20
t=29000  N=18734  holderDeg=3  probe(ttl4/6/8/12)=0/0/0/5 of 20
t=27600  N=18207  holderDeg=3  probe(ttl4/6/8/12)=0/0/4/9 of 20
t=30000  N=18975  holderDeg=13  probe(ttl4/6/8/12)=1/3/12/20 of 20
t=30000  N=18919  holderDeg=3  probe(ttl4/6/8/12)=0/1/5/7 of 20
t=30600  N=19054  holderDeg=3  probe(ttl4/6/8/12)=0/0/4/14 of 20
t=29800  N=18995  holderDeg=3  probe(ttl4/6/8/12)=0/0/1/4 of 20
t=29200  N=18796  holderDeg=3  probe(ttl4/6/8/12)=0/1/4/8 of 20
t=27800  N=18263  holderDeg=3  probe(ttl4/6/8/12)=0/1/3/14 of 20
t=30200  N=18968  holderDeg=3  probe(ttl4/6/8/12)=0/2/0/11 of 20
t=30200  N=19026  holderDeg=13  probe(ttl4/6/8/12)=0/2/8/20 of 20
t=30800  N=19110  holderDeg=3  probe(ttl4/6/8/12)=1/1/3/14 of 20
t=29400  N=18852  holderDeg=3  probe(ttl4/6/8/12)=0/1/1/7 of 20
t=30000  N=19057  holderDeg=3  probe(ttl4/6/8/12)=2/1/5/3 of 20
t=28000  N=18324  holderDeg=3  probe(ttl4/6/8/12)=0/0/1/11 of 20
t=31000  N=19169  holderDeg=3  probe(ttl4/6/8/12)=0/1/5/16 of 20
t=30400  N=19032  holderDeg=3  probe(ttl4/6/8/12)=0/1/4/10 of 20
t=30400  N=19084  holderDeg=13  probe(ttl4/6/8/12)=1/4/7/20 of 20
t=29600  N=18907  holderDeg=3  probe(ttl4/6/8/12)=0/1/3/8 of 20
t=30200  N=19131  holderDeg=3  probe(ttl4/6/8/12)=0/0/1/3 of 20
t=31200  N=19229  holderDeg=3  probe(ttl4/6/8/12)=0/0/4/15 of 20
t=28200  N=18382  holderDeg=3  probe(ttl4/6/8/12)=0/0/5/13 of 20
t=30600  N=19145  holderDeg=13  probe(ttl4/6/8/12)=1/2/10/19 of 20
t=30600  N=19088  holderDeg=3  probe(ttl4/6/8/12)=0/0/4/10 of 20
t=29800  N=18966  holderDeg=3  probe(ttl4/6/8/12)=0/0/1/9 of 20
t=30400  N=19205  holderDeg=3  probe(ttl4/6/8/12)=0/2/0/2 of 20
t=31400  N=19288  holderDeg=3  probe(ttl4/6/8/12)=0/0/4/17 of 20
t=28400  N=18438  holderDeg=3  probe(ttl4/6/8/12)=0/0/0/10 of 20
t=30800  N=19154  holderDeg=3  probe(ttl4/6/8/12)=0/0/2/7 of 20
t=30800  N=19211  holderDeg=13  probe(ttl4/6/8/12)=0/2/9/18 of 20
t=30000  N=19019  holderDeg=3  probe(ttl4/6/8/12)=0/0/3/10 of 20
t=30600  N=19270  holderDeg=3  probe(ttl4/6/8/12)=0/1/3/1 of 20
t=31600  N=19353  holderDeg=3  probe(ttl4/6/8/12)=0/0/5/16 of 20
t=31000  N=19210  holderDeg=3  probe(ttl4/6/8/12)=0/1/1/9 of 20
t=28600  N=18486  holderDeg=3  probe(ttl4/6/8/12)=0/1/5/12 of 20
t=31000  N=19277  holderDeg=13  probe(ttl4/6/8/12)=0/2/9/20 of 20
t=30200  N=19088  holderDeg=3  probe(ttl4/6/8/12)=0/2/4/8 of 20
t=30800  N=19330  holderDeg=3  probe(ttl4/6/8/12)=0/0/1/2 of 20
t=31800  N=19414  holderDeg=3  probe(ttl4/6/8/12)=0/0/5/17 of 20
t=31200  N=19274  holderDeg=3  probe(ttl4/6/8/12)=0/1/2/9 of 20
t=28800  N=18546  holderDeg=3  probe(ttl4/6/8/12)=1/2/2/14 of 20
t=31200  N=19342  holderDeg=13  probe(ttl4/6/8/12)=0/4/12/20 of 20
t=30400  N=19140  holderDeg=3  probe(ttl4/6/8/12)=1/0/0/9 of 20
t=31000  N=19390  holderDeg=3  probe(ttl4/6/8/12)=0/2/2/3 of 20
t=32000  N=19482  holderDeg=3  probe(ttl4/6/8/12)=0/3/4/15 of 20
t=31400  N=19329  holderDeg=3  probe(ttl4/6/8/12)=1/0/3/7 of 20
t=29000  N=18608  holderDeg=3  probe(ttl4/6/8/12)=0/1/2/14 of 20
t=31400  N=19404  holderDeg=13  probe(ttl4/6/8/12)=0/2/7/19 of 20
t=30600  N=19210  holderDeg=3  probe(ttl4/6/8/12)=0/1/3/5 of 20
t=31200  N=19448  holderDeg=3  probe(ttl4/6/8/12)=0/0/2/4 of 20
t=32200  N=19537  holderDeg=3  probe(ttl4/6/8/12)=0/0/2/17 of 20
t=29200  N=18676  holderDeg=3  probe(ttl4/6/8/12)=0/0/7/13 of 20
t=31600  N=19386  holderDeg=3  probe(ttl4/6/8/12)=0/1/0/10 of 20
t=31600  N=19459  holderDeg=13  probe(ttl4/6/8/12)=2/4/9/20 of 20
t=30800  N=19265  holderDeg=3  probe(ttl4/6/8/12)=1/0/2/10 of 20
t=31400  N=19499  holderDeg=3  probe(ttl4/6/8/12)=0/1/2/4 of 20
t=32400  N=19609  holderDeg=3  probe(ttl4/6/8/12)=0/0/3/17 of 20
t=29400  N=18726  holderDeg=3  probe(ttl4/6/8/12)=0/0/4/12 of 20
t=31800  N=19444  holderDeg=3  probe(ttl4/6/8/12)=0/3/2/11 of 20
t=31800  N=19502  holderDeg=13  probe(ttl4/6/8/12)=1/1/10/19 of 20
t=31000  N=19338  holderDeg=3  probe(ttl4/6/8/12)=0/1/0/7 of 20
t=31600  N=19556  holderDeg=3  probe(ttl4/6/8/12)=0/2/0/2 of 20
t=32600  N=19664  holderDeg=3  probe(ttl4/6/8/12)=0/0/5/17 of 20
t=32000  N=19505  holderDeg=3  probe(ttl4/6/8/12)=0/0/1/8 of 20
t=32000  N=19570  holderDeg=13  probe(ttl4/6/8/12)=0/2/10/18 of 20
t=29600  N=18766  holderDeg=3  probe(ttl4/6/8/12)=0/1/0/8 of 20
t=31200  N=19401  holderDeg=3  probe(ttl4/6/8/12)=0/0/2/10 of 20
t=32800  N=19724  holderDeg=3  probe(ttl4/6/8/12)=1/0/4/16 of 20
t=31800  N=19616  holderDeg=3  probe(ttl4/6/8/12)=1/0/1/1 of 20
t=32200  N=19563  holderDeg=3  probe(ttl4/6/8/12)=0/0/2/6 of 20
t=29800  N=18827  holderDeg=3  probe(ttl4/6/8/12)=0/1/6/10 of 20
t=32200  N=19630  holderDeg=13  probe(ttl4/6/8/12)=0/3/11/19 of 20
t=31400  N=19470  holderDeg=3  probe(ttl4/6/8/12)=0/0/1/7 of 20
t=33000  N=19784  holderDeg=3  probe(ttl4/6/8/12)=0/0/7/13 of 20
t=32000  N=19677  holderDeg=3  probe(ttl4/6/8/12)=0/0/3/2 of 20
t=32400  N=19634  holderDeg=3  probe(ttl4/6/8/12)=0/1/4/11 of 20
t=31600  N=19537  holderDeg=3  probe(ttl4/6/8/12)=0/0/3/7 of 20
t=32400  N=19695  holderDeg=13  probe(ttl4/6/8/12)=1/5/10/19 of 20
t=30000  N=18882  holderDeg=3  probe(ttl4/6/8/12)=0/1/1/12 of 20
t=33200  N=19844  holderDeg=3  probe(ttl4/6/8/12)=0/1/3/16 of 20
t=32200  N=19732  holderDeg=3  probe(ttl4/6/8/12)=0/1/1/1 of 20
t=32600  N=19695  holderDeg=3  probe(ttl4/6/8/12)=0/0/3/8 of 20
t=31800  N=19606  holderDeg=3  probe(ttl4/6/8/12)=0/2/1/6 of 20
t=32600  N=19751  holderDeg=13  probe(ttl4/6/8/12)=0/6/9/19 of 20
t=30200  N=18946  holderDeg=3  probe(ttl4/6/8/12)=0/2/4/10 of 20
t=33400  N=19902  holderDeg=3  probe(ttl4/6/8/12)=0/0/4/14 of 20
t=32800  N=19748  holderDeg=3  probe(ttl4/6/8/12)=0/0/1/12 of 20
t=32400  N=19799  holderDeg=3  probe(ttl4/6/8/12)=0/0/2/2 of 20
t=32000  N=19666  holderDeg=3  probe(ttl4/6/8/12)=0/2/3/10 of 20
t=32800  N=19808  holderDeg=13  probe(ttl4/6/8/12)=0/2/11/19 of 20
t=30400  N=19007  holderDeg=3  probe(ttl4/6/8/12)=0/0/5/10 of 20
t=33600  N=19975  holderDeg=3  probe(ttl4/6/8/12)=0/1/2/17 of 20
t=33000  N=19811  holderDeg=3  probe(ttl4/6/8/12)=0/0/0/13 of 20
t=32200  N=19737  holderDeg=3  probe(ttl4/6/8/12)=0/0/5/5 of 20
t=32600  N=19858  holderDeg=3  probe(ttl4/6/8/12)=0/2/0/1 of 20
t=30600  N=19072  holderDeg=3  probe(ttl4/6/8/12)=0/1/5/9 of 20
t=33000  N=19861  holderDeg=13  probe(ttl4/6/8/12)=0/3/6/19 of 20
t=33800  N=20027  holderDeg=3  probe(ttl4/6/8/12)=0/0/4/17 of 20
t=32400  N=19804  holderDeg=3  probe(ttl4/6/8/12)=0/1/4/6 of 20
t=33200  N=19873  holderDeg=3  probe(ttl4/6/8/12)=0/2/2/14 of 20
t=32800  N=19919  holderDeg=3  probe(ttl4/6/8/12)=0/0/1/1 of 20
t=33200  N=19927  holderDeg=13  probe(ttl4/6/8/12)=0/1/13/18 of 20
t=30800  N=19137  holderDeg=3  probe(ttl4/6/8/12)=0/1/2/11 of 20
t=34000  N=20097  holderDeg=3  probe(ttl4/6/8/12)=0/0/2/17 of 20

 Plateau completed at t=34149


================ trendstat  seed=7  (Pp=100 Pd=0 Pt=25000 rewire=True k=5 c=2 eps=0,02 qmax=0,2 N=10000 theta=6 crash=0 shape=3 multi=5 randrw=0 oracle=False fixedthr=0 rules=7 cooper=False dmax=160 mu=1 noscale=False plateau=20000) ================
t=32600  N=19856  holderDeg=3  probe(ttl4/6/8/12)=0/1/1/6 of 20
t=200  N=209  holderDeg=-1  probe(ttl4/6/8/12)=0/0/0/0 of 20
t=33400  N=19937  holderDeg=3  probe(ttl4/6/8/12)=0/2/3/10 of 20
t=400  N=409  holderDeg=-1  probe(ttl4/6/8/12)=0/0/0/0 of 20
t=600  N=609  holderDeg=-1  probe(ttl4/6/8/12)=0/0/0/0 of 20
t=33000  N=19970  holderDeg=3  probe(ttl4/6/8/12)=0/1/0/3 of 20
t=800  N=809  holderDeg=-1  probe(ttl4/6/8/12)=0/0/0/0 of 20
t=33400  N=19983  holderDeg=13  probe(ttl4/6/8/12)=0/1/10/20 of 20
t=1000  N=1009  holderDeg=-1  probe(ttl4/6/8/12)=0/0/0/0 of 20
t=31000  N=19196  holderDeg=3  probe(ttl4/6/8/12)=0/0/4/12 of 20
t=1200  N=1209  holderDeg=-1  probe(ttl4/6/8/12)=0/0/0/0 of 20
t=1400  N=1409  holderDeg=-1  probe(ttl4/6/8/12)=0/0/0/0 of 20
t=32800  N=19909  holderDeg=3  probe(ttl4/6/8/12)=0/1/4/8 of 20
t=1600  N=1609  holderDeg=-1  probe(ttl4/6/8/12)=0/0/0/0 of 20
t=33600  N=20002  holderDeg=3  probe(ttl4/6/8/12)=0/0/2/9 of 20
t=1800  N=1809  holderDeg=-1  probe(ttl4/6/8/12)=0/0/0/0 of 20
t=2000  N=2009  holderDeg=-1  probe(ttl4/6/8/12)=0/0/0/0 of 20
t=33600  N=20031  holderDeg=13  probe(ttl4/6/8/12)=0/4/10/19 of 20
t=33200  N=20035  holderDeg=3  probe(ttl4/6/8/12)=0/0/2/3 of 20
t=2200  N=2209  holderDeg=-1  probe(ttl4/6/8/12)=0/0/0/0 of 20
t=31200  N=19254  holderDeg=3  probe(ttl4/6/8/12)=0/0/3/10 of 20
t=2400  N=2409  holderDeg=-1  probe(ttl4/6/8/12)=0/0/0/0 of 20
t=33000  N=19966  holderDeg=3  probe(ttl4/6/8/12)=0/0/2/7 of 20
t=33800  N=20056  holderDeg=3  probe(ttl4/6/8/12)=0/2/1/15 of 20
t=2600  N=2609  holderDeg=-1  probe(ttl4/6/8/12)=0/0/0/0 of 20
t=33400  N=20093  holderDeg=3  probe(ttl4/6/8/12)=0/0/3/3 of 20
t=33800  N=20100  holderDeg=13  probe(ttl4/6/8/12)=1/6/8/19 of 20
t=2800  N=2809  holderDeg=-1  probe(ttl4/6/8/12)=0/0/0/0 of 20
t=31400  N=19307  holderDeg=3  probe(ttl4/6/8/12)=1/1/1/9 of 20
t=3000  N=3009  holderDeg=-1  probe(ttl4/6/8/12)=0/0/0/0 of 20
t=33200  N=20024  holderDeg=3  probe(ttl4/6/8/12)=0/0/1/10 of 20
t=3200  N=3209  holderDeg=-1  probe(ttl4/6/8/12)=0/0/0/0 of 20
t=34000  N=20124  holderDeg=3  probe(ttl4/6/8/12)=0/0/2/14 of 20
t=3400  N=3409  holderDeg=-1  probe(ttl4/6/8/12)=0/0/0/0 of 20
t=34000  N=20156  holderDeg=13  probe(ttl4/6/8/12)=0/0/12/20 of 20
t=33600  N=20153  holderDeg=3  probe(ttl4/6/8/12)=0/0/1/0 of 20
t=3600  N=3609  holderDeg=-1  probe(ttl4/6/8/12)=0/0/0/0 of 20

 Plateau completed at t=34197

t=31600  N=19367  holderDeg=3  probe(ttl4/6/8/12)=0/1/1/10 of 20

================ popstat  seed=7  (Pp=100 Pd=0 Pt=0 rewire=False k=5 c=2 eps=0,02 qmax=0,2 N=10000 theta=6 crash=0 shape=3 multi=5 randrw=0 oracle=False fixedthr=0 rules=7 cooper=False dmax=160 mu=1 noscale=False plateau=20000) ================
t=3800  N=3809  holderDeg=-1  probe(ttl4/6/8/12)=0/0/0/0 of 20
t=200  N=209  holderDeg=-1  probe(ttl4/6/8/12)=0/0/0/0 of 20
t=33400  N=20085  holderDeg=3  probe(ttl4/6/8/12)=0/1/1/7 of 20
t=400  N=409  holderDeg=-1  probe(ttl4/6/8/12)=0/0/0/0 of 20
t=600  N=609  holderDeg=-1  probe(ttl4/6/8/12)=0/0/0/0 of 20
t=34200  N=20181  holderDeg=3  probe(ttl4/6/8/12)=0/0/2/11 of 20
t=800  N=809  holderDeg=-1  probe(ttl4/6/8/12)=0/0/0/0 of 20

 Plateau completed at t=34325

t=4000  N=4009  holderDeg=-1  probe(ttl4/6/8/12)=0/0/0/0 of 20

================ trendstat  seed=8  (Pp=100 Pd=0 Pt=25000 rewire=True k=5 c=2 eps=0,02 qmax=0,2 N=10000 theta=6 crash=0 shape=3 multi=5 randrw=0 oracle=False fixedthr=0 rules=7 cooper=False dmax=160 mu=1 noscale=False plateau=20000) ================
t=1000  N=1009  holderDeg=-1  probe(ttl4/6/8/12)=0/0/0/0 of 20
t=200  N=209  holderDeg=-1  probe(ttl4/6/8/12)=0/0/0/0 of 20
t=400  N=409  holderDeg=-1  probe(ttl4/6/8/12)=0/0/0/0 of 20
t=1200  N=1209  holderDeg=-1  probe(ttl4/6/8/12)=0/0/0/0 of 20
t=600  N=609  holderDeg=-1  probe(ttl4/6/8/12)=0/0/0/0 of 20
t=4200  N=4209  holderDeg=-1  probe(ttl4/6/8/12)=0/0/0/0 of 20
t=1400  N=1409  holderDeg=-1  probe(ttl4/6/8/12)=0/0/0/0 of 20
t=33800  N=20208  holderDeg=3  probe(ttl4/6/8/12)=0/1/3/2 of 20
t=800  N=809  holderDeg=-1  probe(ttl4/6/8/12)=0/0/0/0 of 20
t=31800  N=19421  holderDeg=3  probe(ttl4/6/8/12)=0/2/2/13 of 20
t=1600  N=1609  holderDeg=-1  probe(ttl4/6/8/12)=0/0/0/0 of 20
t=33600  N=20136  holderDeg=3  probe(ttl4/6/8/12)=0/0/3/8 of 20
t=1000  N=1009  holderDeg=-1  probe(ttl4/6/8/12)=0/0/0/0 of 20
t=1800  N=1809  holderDeg=-1  probe(ttl4/6/8/12)=0/0/0/0 of 20
t=1200  N=1209  holderDeg=-1  probe(ttl4/6/8/12)=0/0/0/0 of 20
t=1400  N=1409  holderDeg=-1  probe(ttl4/6/8/12)=0/0/0/0 of 20
t=2000  N=2009  holderDeg=-1  probe(ttl4/6/8/12)=0/0/0/0 of 20
t=4400  N=4409  holderDeg=-1  probe(ttl4/6/8/12)=0/0/0/0 of 20
t=1600  N=1609  holderDeg=-1  probe(ttl4/6/8/12)=0/0/0/0 of 20
t=2200  N=2209  holderDeg=-1  probe(ttl4/6/8/12)=0/0/0/0 of 20
t=1800  N=1809  holderDeg=-1  probe(ttl4/6/8/12)=0/0/0/0 of 20
t=2400  N=2409  holderDeg=-1  probe(ttl4/6/8/12)=0/0/0/0 of 20
t=34000  N=20260  holderDeg=3  probe(ttl4/6/8/12)=0/1/1/3 of 20
t=33800  N=20197  holderDeg=3  probe(ttl4/6/8/12)=0/0/1/6 of 20
t=2000  N=2009  holderDeg=-1  probe(ttl4/6/8/12)=0/0/0/0 of 20
t=32000  N=19479  holderDeg=3  probe(ttl4/6/8/12)=0/1/3/6 of 20
t=4600  N=4609  holderDeg=-1  probe(ttl4/6/8/12)=0/0/0/0 of 20
t=2600  N=2609  holderDeg=-1  probe(ttl4/6/8/12)=0/0/0/0 of 20
t=2200  N=2209  holderDeg=-1  probe(ttl4/6/8/12)=0/0/0/0 of 20
t=4800  N=4809  holderDeg=-1  probe(ttl4/6/8/12)=0/0/0/0 of 20
t=2400  N=2409  holderDeg=-1  probe(ttl4/6/8/12)=0/0/0/0 of 20
t=2800  N=2809  holderDeg=-1  probe(ttl4/6/8/12)=0/0/0/0 of 20
t=2600  N=2609  holderDeg=-1  probe(ttl4/6/8/12)=0/0/0/0 of 20
t=34000  N=20270  holderDeg=3  probe(ttl4/6/8/12)=0/1/3/7 of 20
t=5000  N=5009  holderDeg=-1  probe(ttl4/6/8/12)=0/0/0/0 of 20
t=34200  N=20327  holderDeg=3  probe(ttl4/6/8/12)=0/1/1/3 of 20
t=3000  N=3009  holderDeg=-1  probe(ttl4/6/8/12)=0/0/0/0 of 20

 Plateau completed at t=34296

t=2800  N=2809  holderDeg=-1  probe(ttl4/6/8/12)=0/0/0/0 of 20

================ popstat  seed=8  (Pp=100 Pd=0 Pt=0 rewire=False k=5 c=2 eps=0,02 qmax=0,2 N=10000 theta=6 crash=0 shape=3 multi=5 randrw=0 oracle=False fixedthr=0 rules=7 cooper=False dmax=160 mu=1 noscale=False plateau=20000) ================
t=32200  N=19531  holderDeg=3  probe(ttl4/6/8/12)=0/0/5/10 of 20
t=200  N=209  holderDeg=-1  probe(ttl4/6/8/12)=0/0/0/0 of 20
t=3200  N=3209  holderDeg=-1  probe(ttl4/6/8/12)=0/0/0/0 of 20
t=400  N=409  holderDeg=-1  probe(ttl4/6/8/12)=0/0/0/0 of 20
t=3000  N=3009  holderDeg=-1  probe(ttl4/6/8/12)=0/0/0/0 of 20
t=600  N=609  holderDeg=-1  probe(ttl4/6/8/12)=0/0/0/0 of 20
t=5200  N=5209  holderDeg=-1  probe(ttl4/6/8/12)=0/0/0/0 of 20
t=3400  N=3409  holderDeg=-1  probe(ttl4/6/8/12)=0/0/0/0 of 20
t=800  N=809  holderDeg=-1  probe(ttl4/6/8/12)=0/0/0/0 of 20
t=3200  N=3209  holderDeg=-1  probe(ttl4/6/8/12)=0/0/0/0 of 20
t=1000  N=1009  holderDeg=-1  probe(ttl4/6/8/12)=0/0/0/0 of 20
t=34200  N=20324  holderDeg=3  probe(ttl4/6/8/12)=0/1/2/7 of 20

 Plateau completed at t=34302

t=1200  N=1209  holderDeg=-1  probe(ttl4/6/8/12)=0/0/0/0 of 20
t=3600  N=3609  holderDeg=-1  probe(ttl4/6/8/12)=0/0/0/0 of 20

================ trendstat  seed=9  (Pp=100 Pd=0 Pt=25000 rewire=True k=5 c=2 eps=0,02 qmax=0,2 N=10000 theta=6 crash=0 shape=3 multi=5 randrw=0 oracle=False fixedthr=0 rules=7 cooper=False dmax=160 mu=1 noscale=False plateau=20000) ================
t=5400  N=5409  holderDeg=-1  probe(ttl4/6/8/12)=0/0/0/0 of 20
t=1400  N=1409  holderDeg=-1  probe(ttl4/6/8/12)=0/0/0/0 of 20
t=200  N=209  holderDeg=-1  probe(ttl4/6/8/12)=0/0/0/0 of 20
t=400  N=409  holderDeg=-1  probe(ttl4/6/8/12)=0/0/0/0 of 20
t=32400  N=19588  holderDeg=3  probe(ttl4/6/8/12)=0/0/4/12 of 20
t=3400  N=3409  holderDeg=-1  probe(ttl4/6/8/12)=0/0/0/0 of 20
t=1600  N=1609  holderDeg=-1  probe(ttl4/6/8/12)=0/0/0/0 of 20
t=600  N=609  holderDeg=-1  probe(ttl4/6/8/12)=0/0/0/0 of 20
t=3800  N=3809  holderDeg=-1  probe(ttl4/6/8/12)=0/0/0/0 of 20
t=800  N=809  holderDeg=-1  probe(ttl4/6/8/12)=0/0/0/0 of 20
t=1800  N=1809  holderDeg=-1  probe(ttl4/6/8/12)=0/0/0/0 of 20
t=5600  N=5609  holderDeg=-1  probe(ttl4/6/8/12)=0/0/0/0 of 20
t=1000  N=1009  holderDeg=-1  probe(ttl4/6/8/12)=0/0/0/0 of 20
t=4000  N=4009  holderDeg=-1  probe(ttl4/6/8/12)=0/0/0/0 of 20
t=3600  N=3609  holderDeg=-1  probe(ttl4/6/8/12)=0/0/0/0 of 20
t=2000  N=2009  holderDeg=-1  probe(ttl4/6/8/12)=0/0/0/0 of 20
t=1200  N=1209  holderDeg=-1  probe(ttl4/6/8/12)=0/0/0/0 of 20
t=2200  N=2209  holderDeg=-1  probe(ttl4/6/8/12)=0/0/0/0 of 20
t=1400  N=1409  holderDeg=-1  probe(ttl4/6/8/12)=0/0/0/0 of 20
t=4200  N=4209  holderDeg=-1  probe(ttl4/6/8/12)=0/0/0/0 of 20
t=5800  N=5809  holderDeg=-1  probe(ttl4/6/8/12)=0/0/0/0 of 20
t=3800  N=3809  holderDeg=-1  probe(ttl4/6/8/12)=0/0/0/0 of 20
t=1600  N=1609  holderDeg=-1  probe(ttl4/6/8/12)=0/0/0/0 of 20
t=2400  N=2409  holderDeg=-1  probe(ttl4/6/8/12)=0/0/0/0 of 20
t=32600  N=19658  holderDeg=3  probe(ttl4/6/8/12)=0/0/2/12 of 20
t=1800  N=1809  holderDeg=-1  probe(ttl4/6/8/12)=0/0/0/0 of 20
t=4400  N=4409  holderDeg=-1  probe(ttl4/6/8/12)=0/0/0/0 of 20
t=2600  N=2609  holderDeg=-1  probe(ttl4/6/8/12)=0/0/0/0 of 20
t=2000  N=2009  holderDeg=-1  probe(ttl4/6/8/12)=0/0/0/0 of 20
t=4000  N=4009  holderDeg=-1  probe(ttl4/6/8/12)=0/0/0/0 of 20
t=6000  N=6009  holderDeg=-1  probe(ttl4/6/8/12)=0/0/0/0 of 20
t=2200  N=2209  holderDeg=-1  probe(ttl4/6/8/12)=0/0/0/0 of 20
t=2800  N=2809  holderDeg=-1  probe(ttl4/6/8/12)=0/0/0/0 of 20
t=4600  N=4609  holderDeg=-1  probe(ttl4/6/8/12)=0/0/0/0 of 20
t=4200  N=4209  holderDeg=-1  probe(ttl4/6/8/12)=0/0/0/0 of 20
t=2400  N=2409  holderDeg=-1  probe(ttl4/6/8/12)=0/0/0/0 of 20
t=3000  N=3009  holderDeg=-1  probe(ttl4/6/8/12)=0/0/0/0 of 20
t=32800  N=19706  holderDeg=3  probe(ttl4/6/8/12)=1/0/2/13 of 20
t=2600  N=2609  holderDeg=-1  probe(ttl4/6/8/12)=0/0/0/0 of 20
t=6200  N=6209  holderDeg=-1  probe(ttl4/6/8/12)=0/0/0/0 of 20
t=4800  N=4809  holderDeg=-1  probe(ttl4/6/8/12)=0/0/0/0 of 20
t=4400  N=4409  holderDeg=-1  probe(ttl4/6/8/12)=0/0/0/0 of 20
t=3200  N=3209  holderDeg=-1  probe(ttl4/6/8/12)=0/0/0/0 of 20
t=2800  N=2809  holderDeg=-1  probe(ttl4/6/8/12)=0/0/0/0 of 20
t=4600  N=4609  holderDeg=-1  probe(ttl4/6/8/12)=0/0/0/0 of 20
t=3400  N=3409  holderDeg=-1  probe(ttl4/6/8/12)=0/0/0/0 of 20
t=5000  N=5009  holderDeg=-1  probe(ttl4/6/8/12)=0/0/0/0 of 20
t=3000  N=3009  holderDeg=-1  probe(ttl4/6/8/12)=0/0/0/0 of 20
t=6400  N=6409  holderDeg=-1  probe(ttl4/6/8/12)=0/0/0/0 of 20
t=33000  N=19760  holderDeg=3  probe(ttl4/6/8/12)=0/2/1/16 of 20
t=3600  N=3609  holderDeg=-1  probe(ttl4/6/8/12)=0/0/0/0 of 20
t=3200  N=3209  holderDeg=-1  probe(ttl4/6/8/12)=0/0/0/0 of 20
t=5200  N=5209  holderDeg=-1  probe(ttl4/6/8/12)=0/0/0/0 of 20
t=4800  N=4809  holderDeg=-1  probe(ttl4/6/8/12)=0/0/0/0 of 20
t=3400  N=3409  holderDeg=-1  probe(ttl4/6/8/12)=0/0/0/0 of 20
t=3800  N=3809  holderDeg=-1  probe(ttl4/6/8/12)=0/0/0/0 of 20
t=5400  N=5409  holderDeg=-1  probe(ttl4/6/8/12)=0/0/0/0 of 20
t=6600  N=6609  holderDeg=-1  probe(ttl4/6/8/12)=0/0/0/0 of 20
t=4000  N=4009  holderDeg=-1  probe(ttl4/6/8/12)=0/0/0/0 of 20
t=3600  N=3609  holderDeg=-1  probe(ttl4/6/8/12)=0/0/0/0 of 20
t=5000  N=5009  holderDeg=-1  probe(ttl4/6/8/12)=0/0/0/0 of 20
t=33200  N=19806  holderDeg=3  probe(ttl4/6/8/12)=0/0/2/6 of 20
t=5600  N=5609  holderDeg=-1  probe(ttl4/6/8/12)=0/0/0/0 of 20
t=4200  N=4209  holderDeg=-1  probe(ttl4/6/8/12)=0/0/0/0 of 20
t=5200  N=5209  holderDeg=-1  probe(ttl4/6/8/12)=0/0/0/0 of 20
t=3800  N=3809  holderDeg=-1  probe(ttl4/6/8/12)=0/0/0/0 of 20
t=6800  N=6809  holderDeg=-1  probe(ttl4/6/8/12)=0/0/0/0 of 20
t=4400  N=4409  holderDeg=-1  probe(ttl4/6/8/12)=0/0/0/0 of 20
t=5800  N=5809  holderDeg=-1  probe(ttl4/6/8/12)=0/0/0/0 of 20
t=5400  N=5409  holderDeg=-1  probe(ttl4/6/8/12)=0/0/0/0 of 20
t=4000  N=4009  holderDeg=-1  probe(ttl4/6/8/12)=0/0/0/0 of 20
t=4600  N=4609  holderDeg=-1  probe(ttl4/6/8/12)=0/0/0/0 of 20
t=33400  N=19858  holderDeg=3  probe(ttl4/6/8/12)=0/2/3/12 of 20
t=7000  N=7009  holderDeg=-1  probe(ttl4/6/8/12)=0/0/0/0 of 20
t=6000  N=6009  holderDeg=-1  probe(ttl4/6/8/12)=0/0/0/0 of 20
t=5600  N=5609  holderDeg=-1  probe(ttl4/6/8/12)=0/0/0/0 of 20
t=4800  N=4809  holderDeg=-1  probe(ttl4/6/8/12)=0/0/0/0 of 20
t=4200  N=4209  holderDeg=-1  probe(ttl4/6/8/12)=0/0/0/0 of 20
t=6200  N=6209  holderDeg=-1  probe(ttl4/6/8/12)=0/0/0/0 of 20
t=7200  N=7209  holderDeg=-1  probe(ttl4/6/8/12)=0/0/0/0 of 20
t=5000  N=5009  holderDeg=-1  probe(ttl4/6/8/12)=0/0/0/0 of 20
t=4400  N=4409  holderDeg=-1  probe(ttl4/6/8/12)=0/0/0/0 of 20
t=5800  N=5809  holderDeg=-1  probe(ttl4/6/8/12)=0/0/0/0 of 20
t=33600  N=19914  holderDeg=3  probe(ttl4/6/8/12)=0/0/4/12 of 20
t=6400  N=6409  holderDeg=-1  probe(ttl4/6/8/12)=0/0/0/0 of 20
t=4600  N=4609  holderDeg=-1  probe(ttl4/6/8/12)=0/0/0/0 of 20
t=7400  N=7409  holderDeg=-1  probe(ttl4/6/8/12)=0/0/0/0 of 20
t=5200  N=5209  holderDeg=-1  probe(ttl4/6/8/12)=0/0/0/0 of 20
t=6000  N=6009  holderDeg=-1  probe(ttl4/6/8/12)=0/0/0/0 of 20
t=4800  N=4809  holderDeg=-1  probe(ttl4/6/8/12)=0/0/0/0 of 20
t=6600  N=6609  holderDeg=-1  probe(ttl4/6/8/12)=0/0/0/0 of 20
t=7600  N=7609  holderDeg=-1  probe(ttl4/6/8/12)=0/0/0/0 of 20
t=6200  N=6209  holderDeg=-1  probe(ttl4/6/8/12)=0/0/0/0 of 20
t=33800  N=19975  holderDeg=3  probe(ttl4/6/8/12)=0/0/3/10 of 20
t=5000  N=5009  holderDeg=-1  probe(ttl4/6/8/12)=0/0/0/0 of 20
t=5400  N=5409  holderDeg=-1  probe(ttl4/6/8/12)=0/0/0/0 of 20
t=6800  N=6809  holderDeg=-1  probe(ttl4/6/8/12)=0/0/0/0 of 20
t=5600  N=5609  holderDeg=-1  probe(ttl4/6/8/12)=0/0/0/0 of 20
t=6400  N=6409  holderDeg=-1  probe(ttl4/6/8/12)=0/0/0/0 of 20
t=7800  N=7809  holderDeg=-1  probe(ttl4/6/8/12)=0/0/0/0 of 20
t=5200  N=5209  holderDeg=-1  probe(ttl4/6/8/12)=0/0/0/0 of 20
t=5800  N=5809  holderDeg=-1  probe(ttl4/6/8/12)=0/0/0/0 of 20
t=34000  N=20042  holderDeg=3  probe(ttl4/6/8/12)=0/0/3/11 of 20
t=6600  N=6609  holderDeg=-1  probe(ttl4/6/8/12)=0/0/0/0 of 20
t=5400  N=5409  holderDeg=-1  probe(ttl4/6/8/12)=0/0/0/0 of 20
t=7000  N=7009  holderDeg=-1  probe(ttl4/6/8/12)=0/0/0/0 of 20
t=6000  N=6009  holderDeg=-1  probe(ttl4/6/8/12)=0/0/0/0 of 20
t=5600  N=5609  holderDeg=-1  probe(ttl4/6/8/12)=0/0/0/0 of 20
t=6800  N=6809  holderDeg=-1  probe(ttl4/6/8/12)=0/0/0/0 of 20
t=8000  N=8009  holderDeg=-1  probe(ttl4/6/8/12)=0/0/0/0 of 20
t=7200  N=7209  holderDeg=-1  probe(ttl4/6/8/12)=0/0/0/0 of 20
t=6200  N=6209  holderDeg=-1  probe(ttl4/6/8/12)=0/0/0/0 of 20
t=34200  N=20094  holderDeg=3  probe(ttl4/6/8/12)=1/0/5/11 of 20

 Plateau completed at t=34200


================ popstat  seed=9  (Pp=100 Pd=0 Pt=0 rewire=False k=5 c=2 eps=0,02 qmax=0,2 N=10000 theta=6 crash=0 shape=3 multi=5 randrw=0 oracle=False fixedthr=0 rules=7 cooper=False dmax=160 mu=1 noscale=False plateau=20000) ================
t=200  N=209  holderDeg=-1  probe(ttl4/6/8/12)=0/0/0/0 of 20
t=400  N=409  holderDeg=-1  probe(ttl4/6/8/12)=0/0/0/0 of 20
t=7000  N=7009  holderDeg=-1  probe(ttl4/6/8/12)=0/0/0/0 of 20
t=600  N=609  holderDeg=-1  probe(ttl4/6/8/12)=0/0/0/0 of 20
t=5800  N=5809  holderDeg=-1  probe(ttl4/6/8/12)=0/0/0/0 of 20
t=6400  N=6409  holderDeg=-1  probe(ttl4/6/8/12)=0/0/0/0 of 20
t=800  N=809  holderDeg=-1  probe(ttl4/6/8/12)=0/0/0/0 of 20
t=8200  N=8209  holderDeg=-1  probe(ttl4/6/8/12)=0/0/0/0 of 20
t=1000  N=1009  holderDeg=-1  probe(ttl4/6/8/12)=0/0/0/0 of 20
t=7400  N=7409  holderDeg=-1  probe(ttl4/6/8/12)=0/0/0/0 of 20
t=1200  N=1209  holderDeg=-1  probe(ttl4/6/8/12)=0/0/0/0 of 20
t=6000  N=6009  holderDeg=-1  probe(ttl4/6/8/12)=0/0/0/0 of 20
t=1400  N=1409  holderDeg=-1  probe(ttl4/6/8/12)=0/0/0/0 of 20
t=7200  N=7209  holderDeg=-1  probe(ttl4/6/8/12)=0/0/0/0 of 20
t=6600  N=6609  holderDeg=-1  probe(ttl4/6/8/12)=0/0/0/0 of 20
t=1600  N=1609  holderDeg=-1  probe(ttl4/6/8/12)=0/0/0/0 of 20
t=7600  N=7609  holderDeg=-1  probe(ttl4/6/8/12)=0/0/0/0 of 20
t=1800  N=1809  holderDeg=-1  probe(ttl4/6/8/12)=0/0/0/0 of 20
t=6200  N=6209  holderDeg=-1  probe(ttl4/6/8/12)=0/0/0/0 of 20
t=8400  N=8409  holderDeg=-1  probe(ttl4/6/8/12)=0/0/0/0 of 20
t=2000  N=2009  holderDeg=-1  probe(ttl4/6/8/12)=0/0/0/0 of 20
t=6800  N=6809  holderDeg=-1  probe(ttl4/6/8/12)=0/0/0/0 of 20
t=7400  N=7409  holderDeg=-1  probe(ttl4/6/8/12)=0/0/0/0 of 20
t=2200  N=2209  holderDeg=-1  probe(ttl4/6/8/12)=0/0/0/0 of 20
t=2400  N=2409  holderDeg=-1  probe(ttl4/6/8/12)=0/0/0/0 of 20
t=6400  N=6409  holderDeg=-1  probe(ttl4/6/8/12)=0/0/0/0 of 20
t=2600  N=2609  holderDeg=-1  probe(ttl4/6/8/12)=0/0/0/0 of 20
t=7600  N=7609  holderDeg=-1  probe(ttl4/6/8/12)=0/0/0/0 of 20
t=2800  N=2809  holderDeg=-1  probe(ttl4/6/8/12)=0/0/0/0 of 20
t=7800  N=7809  holderDeg=-1  probe(ttl4/6/8/12)=0/0/0/0 of 20
t=7000  N=7009  holderDeg=-1  probe(ttl4/6/8/12)=0/0/0/0 of 20
t=8600  N=8609  holderDeg=-1  probe(ttl4/6/8/12)=0/0/0/0 of 20
t=3000  N=3009  holderDeg=-1  probe(ttl4/6/8/12)=0/0/0/0 of 20
t=6600  N=6609  holderDeg=-1  probe(ttl4/6/8/12)=0/0/0/0 of 20
t=3200  N=3209  holderDeg=-1  probe(ttl4/6/8/12)=0/0/0/0 of 20
t=7800  N=7809  holderDeg=-1  probe(ttl4/6/8/12)=0/0/0/0 of 20
t=8000  N=8009  holderDeg=-1  probe(ttl4/6/8/12)=0/0/0/0 of 20
t=3400  N=3409  holderDeg=-1  probe(ttl4/6/8/12)=0/0/0/0 of 20
t=6800  N=6809  holderDeg=-1  probe(ttl4/6/8/12)=0/0/0/0 of 20
t=7200  N=7209  holderDeg=-1  probe(ttl4/6/8/12)=0/0/0/0 of 20
t=8800  N=8809  holderDeg=-1  probe(ttl4/6/8/12)=0/0/0/0 of 20
t=8200  N=8209  holderDeg=-1  probe(ttl4/6/8/12)=0/0/0/0 of 20
t=3600  N=3609  holderDeg=-1  probe(ttl4/6/8/12)=0/0/0/0 of 20
t=8000  N=8009  holderDeg=-1  probe(ttl4/6/8/12)=0/0/0/0 of 20
t=7000  N=7009  holderDeg=-1  probe(ttl4/6/8/12)=0/0/0/0 of 20
t=7400  N=7409  holderDeg=-1  probe(ttl4/6/8/12)=0/0/0/0 of 20
t=3800  N=3809  holderDeg=-1  probe(ttl4/6/8/12)=0/0/0/0 of 20
t=9000  N=9009  holderDeg=-1  probe(ttl4/6/8/12)=0/0/0/0 of 20
t=7200  N=7209  holderDeg=-1  probe(ttl4/6/8/12)=0/0/0/0 of 20
t=8400  N=8409  holderDeg=-1  probe(ttl4/6/8/12)=0/0/0/0 of 20
t=4000  N=4009  holderDeg=-1  probe(ttl4/6/8/12)=0/0/0/0 of 20
t=8200  N=8209  holderDeg=-1  probe(ttl4/6/8/12)=0/0/0/0 of 20
t=7600  N=7609  holderDeg=-1  probe(ttl4/6/8/12)=0/0/0/0 of 20
t=4200  N=4209  holderDeg=-1  probe(ttl4/6/8/12)=0/0/0/0 of 20
t=7400  N=7409  holderDeg=-1  probe(ttl4/6/8/12)=0/0/0/0 of 20
t=7800  N=7809  holderDeg=-1  probe(ttl4/6/8/12)=0/0/0/0 of 20
t=9200  N=9209  holderDeg=-1  probe(ttl4/6/8/12)=0/0/0/0 of 20
t=4400  N=4409  holderDeg=-1  probe(ttl4/6/8/12)=0/0/0/0 of 20
t=8600  N=8609  holderDeg=-1  probe(ttl4/6/8/12)=0/0/0/0 of 20
t=8400  N=8409  holderDeg=-1  probe(ttl4/6/8/12)=0/0/0/0 of 20
t=7600  N=7609  holderDeg=-1  probe(ttl4/6/8/12)=0/0/0/0 of 20
t=4600  N=4609  holderDeg=-1  probe(ttl4/6/8/12)=0/0/0/0 of 20
t=8000  N=8009  holderDeg=-1  probe(ttl4/6/8/12)=0/0/0/0 of 20
t=9400  N=9409  holderDeg=-1  probe(ttl4/6/8/12)=0/0/0/0 of 20
t=8800  N=8809  holderDeg=-1  probe(ttl4/6/8/12)=0/0/0/0 of 20
t=4800  N=4809  holderDeg=-1  probe(ttl4/6/8/12)=0/0/0/0 of 20
t=8600  N=8609  holderDeg=-1  probe(ttl4/6/8/12)=0/0/0/0 of 20
t=7800  N=7809  holderDeg=-1  probe(ttl4/6/8/12)=0/0/0/0 of 20
t=5000  N=5009  holderDeg=-1  probe(ttl4/6/8/12)=0/0/0/0 of 20
t=9000  N=9009  holderDeg=-1  probe(ttl4/6/8/12)=0/0/0/0 of 20
t=8000  N=8009  holderDeg=-1  probe(ttl4/6/8/12)=0/0/0/0 of 20
t=8200  N=8209  holderDeg=-1  probe(ttl4/6/8/12)=0/0/0/0 of 20
t=9600  N=9609  holderDeg=-1  probe(ttl4/6/8/12)=0/0/0/0 of 20
t=5200  N=5209  holderDeg=-1  probe(ttl4/6/8/12)=0/0/0/0 of 20
t=8800  N=8809  holderDeg=-1  probe(ttl4/6/8/12)=0/0/0/0 of 20
t=5400  N=5409  holderDeg=-1  probe(ttl4/6/8/12)=0/0/0/0 of 20
t=9200  N=9209  holderDeg=-1  probe(ttl4/6/8/12)=0/0/0/0 of 20
t=8400  N=8409  holderDeg=-1  probe(ttl4/6/8/12)=0/0/0/0 of 20
t=9800  N=9809  holderDeg=-1  probe(ttl4/6/8/12)=0/0/0/0 of 20
t=9000  N=9009  holderDeg=-1  probe(ttl4/6/8/12)=0/0/0/0 of 20
t=8200  N=8209  holderDeg=-1  probe(ttl4/6/8/12)=0/0/0/0 of 20
t=5600  N=5609  holderDeg=-1  probe(ttl4/6/8/12)=0/0/0/0 of 20
t=9400  N=9409  holderDeg=-1  probe(ttl4/6/8/12)=0/0/0/0 of 20
t=8600  N=8609  holderDeg=-1  probe(ttl4/6/8/12)=0/0/0/0 of 20
t=8400  N=8409  holderDeg=-1  probe(ttl4/6/8/12)=0/0/0/0 of 20
t=10000  N=10009  holderDeg=-1  probe(ttl4/6/8/12)=0/0/0/0 of 20
t=5800  N=5809  holderDeg=-1  probe(ttl4/6/8/12)=0/0/0/0 of 20
t=9200  N=9209  holderDeg=-1  probe(ttl4/6/8/12)=0/0/0/0 of 20
t=6000  N=6009  holderDeg=-1  probe(ttl4/6/8/12)=0/0/0/0 of 20
t=9600  N=9609  holderDeg=-1  probe(ttl4/6/8/12)=0/0/0/0 of 20
t=8800  N=8809  holderDeg=-1  probe(ttl4/6/8/12)=0/0/0/0 of 20
t=8600  N=8609  holderDeg=-1  probe(ttl4/6/8/12)=0/0/0/0 of 20
t=6200  N=6209  holderDeg=-1  probe(ttl4/6/8/12)=0/0/0/0 of 20
t=10200  N=10209  holderDeg=-1  probe(ttl4/6/8/12)=0/0/0/0 of 20
t=9400  N=9409  holderDeg=-1  probe(ttl4/6/8/12)=0/0/0/0 of 20
t=9800  N=9809  holderDeg=-1  probe(ttl4/6/8/12)=0/0/0/0 of 20
t=6400  N=6409  holderDeg=-1  probe(ttl4/6/8/12)=0/0/0/0 of 20
t=9000  N=9009  holderDeg=-1  probe(ttl4/6/8/12)=0/0/0/0 of 20
t=8800  N=8809  holderDeg=-1  probe(ttl4/6/8/12)=0/0/0/0 of 20
t=9600  N=9609  holderDeg=-1  probe(ttl4/6/8/12)=0/0/0/0 of 20
t=6600  N=6609  holderDeg=-1  probe(ttl4/6/8/12)=0/0/0/0 of 20
t=10400  N=10409  holderDeg=-1  probe(ttl4/6/8/12)=0/0/0/0 of 20
t=9000  N=9009  holderDeg=-1  probe(ttl4/6/8/12)=0/0/0/0 of 20
t=10000  N=10009  holderDeg=-1  probe(ttl4/6/8/12)=0/0/0/0 of 20
t=9200  N=9209  holderDeg=-1  probe(ttl4/6/8/12)=0/0/0/0 of 20
t=6800  N=6809  holderDeg=-1  probe(ttl4/6/8/12)=0/0/0/0 of 20
t=9800  N=9809  holderDeg=-1  probe(ttl4/6/8/12)=0/0/0/0 of 20
t=9200  N=9209  holderDeg=-1  probe(ttl4/6/8/12)=0/0/0/0 of 20
t=10600  N=10609  holderDeg=-1  probe(ttl4/6/8/12)=0/0/0/0 of 20
t=10200  N=10209  holderDeg=-1  probe(ttl4/6/8/12)=0/0/0/0 of 20
t=7000  N=7009  holderDeg=-1  probe(ttl4/6/8/12)=0/0/0/0 of 20
t=9400  N=9409  holderDeg=-1  probe(ttl4/6/8/12)=0/0/0/0 of 20
t=10000  N=10009  holderDeg=-1  probe(ttl4/6/8/12)=0/0/0/0 of 20
t=7200  N=7209  holderDeg=-1  probe(ttl4/6/8/12)=0/0/0/0 of 20
t=9400  N=9409  holderDeg=-1  probe(ttl4/6/8/12)=0/0/0/0 of 20
t=10400  N=10409  holderDeg=-1  probe(ttl4/6/8/12)=0/0/0/0 of 20
t=9600  N=9609  holderDeg=-1  probe(ttl4/6/8/12)=0/0/0/0 of 20
t=10800  N=10809  holderDeg=-1  probe(ttl4/6/8/12)=0/0/0/0 of 20
t=7400  N=7409  holderDeg=-1  probe(ttl4/6/8/12)=0/0/0/0 of 20
t=10200  N=10209  holderDeg=-1  probe(ttl4/6/8/12)=0/0/0/0 of 20
t=9600  N=9609  holderDeg=-1  probe(ttl4/6/8/12)=0/0/0/0 of 20
t=7600  N=7609  holderDeg=-1  probe(ttl4/6/8/12)=0/0/0/0 of 20
t=10600  N=10609  holderDeg=-1  probe(ttl4/6/8/12)=0/0/0/0 of 20
t=11000  N=11009  holderDeg=-1  probe(ttl4/6/8/12)=0/0/0/0 of 20
t=10400  N=10409  holderDeg=-1  probe(ttl4/6/8/12)=0/0/0/0 of 20
t=9800  N=9809  holderDeg=-1  probe(ttl4/6/8/12)=0/0/0/0 of 20
t=10800  N=10809  holderDeg=-1  probe(ttl4/6/8/12)=0/0/0/0 of 20
t=7800  N=7809  holderDeg=-1  probe(ttl4/6/8/12)=0/0/0/0 of 20
t=9800  N=9809  holderDeg=-1  probe(ttl4/6/8/12)=0/0/0/0 of 20
t=11200  N=11209  holderDeg=-1  probe(ttl4/6/8/12)=0/0/0/0 of 20
t=10600  N=10609  holderDeg=-1  probe(ttl4/6/8/12)=0/0/0/0 of 20
t=8000  N=8009  holderDeg=-1  probe(ttl4/6/8/12)=0/0/0/0 of 20
t=10000  N=10009  holderDeg=-1  probe(ttl4/6/8/12)=0/0/0/0 of 20
t=10000  N=10009  holderDeg=-1  probe(ttl4/6/8/12)=0/0/0/0 of 20
t=11000  N=11009  holderDeg=-1  probe(ttl4/6/8/12)=0/0/0/0 of 20
t=11400  N=11409  holderDeg=-1  probe(ttl4/6/8/12)=0/0/0/0 of 20
t=8200  N=8209  holderDeg=-1  probe(ttl4/6/8/12)=0/0/0/0 of 20
t=10800  N=10809  holderDeg=-1  probe(ttl4/6/8/12)=0/0/0/0 of 20
t=10200  N=10209  holderDeg=-1  probe(ttl4/6/8/12)=0/0/0/0 of 20
t=11200  N=11209  holderDeg=-1  probe(ttl4/6/8/12)=0/0/0/0 of 20
t=8400  N=8409  holderDeg=-1  probe(ttl4/6/8/12)=0/0/0/0 of 20
t=10200  N=10209  holderDeg=-1  probe(ttl4/6/8/12)=0/0/0/0 of 20
t=11600  N=11609  holderDeg=-1  probe(ttl4/6/8/12)=0/0/0/0 of 20
t=8600  N=8609  holderDeg=-1  probe(ttl4/6/8/12)=0/0/0/0 of 20
t=10400  N=10409  holderDeg=-1  probe(ttl4/6/8/12)=0/0/0/0 of 20
t=11000  N=11009  holderDeg=-1  probe(ttl4/6/8/12)=0/0/0/0 of 20
t=10400  N=10409  holderDeg=-1  probe(ttl4/6/8/12)=0/0/0/0 of 20
t=11800  N=11809  holderDeg=-1  probe(ttl4/6/8/12)=0/0/0/0 of 20
t=8800  N=8809  holderDeg=-1  probe(ttl4/6/8/12)=0/0/0/0 of 20
t=11400  N=11409  holderDeg=-1  probe(ttl4/6/8/12)=0/0/0/0 of 20
t=10600  N=10609  holderDeg=-1  probe(ttl4/6/8/12)=0/0/0/0 of 20
t=11200  N=11209  holderDeg=-1  probe(ttl4/6/8/12)=0/0/0/0 of 20
t=10600  N=10609  holderDeg=-1  probe(ttl4/6/8/12)=0/0/0/0 of 20
t=9000  N=9009  holderDeg=-1  probe(ttl4/6/8/12)=0/0/0/0 of 20
t=12000  N=12009  holderDeg=-1  probe(ttl4/6/8/12)=0/0/0/0 of 20
t=10800  N=10809  holderDeg=-1  probe(ttl4/6/8/12)=0/0/0/0 of 20
t=10800  N=10809  holderDeg=-1  probe(ttl4/6/8/12)=0/0/0/0 of 20
t=11600  N=11609  holderDeg=-1  probe(ttl4/6/8/12)=0/0/0/0 of 20
t=11400  N=11409  holderDeg=-1  probe(ttl4/6/8/12)=0/0/0/0 of 20
t=9200  N=9209  holderDeg=-1  probe(ttl4/6/8/12)=0/0/0/0 of 20
t=11000  N=11009  holderDeg=-1  probe(ttl4/6/8/12)=0/0/0/0 of 20
t=12200  N=12209  holderDeg=-1  probe(ttl4/6/8/12)=0/0/0/0 of 20
t=11000  N=11009  holderDeg=-1  probe(ttl4/6/8/12)=0/0/0/0 of 20
t=11800  N=11809  holderDeg=-1  probe(ttl4/6/8/12)=0/0/0/0 of 20
t=11600  N=11609  holderDeg=-1  probe(ttl4/6/8/12)=0/0/0/0 of 20
t=11200  N=11209  holderDeg=-1  probe(ttl4/6/8/12)=0/0/0/0 of 20
t=9400  N=9409  holderDeg=-1  probe(ttl4/6/8/12)=0/0/0/0 of 20
t=12000  N=12009  holderDeg=-1  probe(ttl4/6/8/12)=0/0/0/0 of 20
t=11200  N=11209  holderDeg=-1  probe(ttl4/6/8/12)=0/0/0/0 of 20
t=11800  N=11809  holderDeg=-1  probe(ttl4/6/8/12)=0/0/0/0 of 20
t=12400  N=12409  holderDeg=-1  probe(ttl4/6/8/12)=0/0/0/0 of 20
t=9600  N=9609  holderDeg=-1  probe(ttl4/6/8/12)=0/0/0/0 of 20
t=12200  N=12209  holderDeg=-1  probe(ttl4/6/8/12)=0/0/0/0 of 20
t=11400  N=11409  holderDeg=-1  probe(ttl4/6/8/12)=0/0/0/0 of 20
t=11400  N=11409  holderDeg=-1  probe(ttl4/6/8/12)=0/0/0/0 of 20
t=12000  N=12009  holderDeg=-1  probe(ttl4/6/8/12)=0/0/0/0 of 20
t=9800  N=9809  holderDeg=-1  probe(ttl4/6/8/12)=0/0/0/0 of 20
t=12600  N=12609  holderDeg=-1  probe(ttl4/6/8/12)=0/0/0/0 of 20
t=12400  N=12409  holderDeg=-1  probe(ttl4/6/8/12)=0/0/0/0 of 20
t=11600  N=11609  holderDeg=-1  probe(ttl4/6/8/12)=0/0/0/0 of 20
t=10000  N=10009  holderDeg=-1  probe(ttl4/6/8/12)=0/0/0/0 of 20
t=11600  N=11609  holderDeg=-1  probe(ttl4/6/8/12)=0/0/0/0 of 20
t=12200  N=12209  holderDeg=-1  probe(ttl4/6/8/12)=0/0/0/0 of 20
t=12600  N=12609  holderDeg=-1  probe(ttl4/6/8/12)=0/0/0/0 of 20
t=12800  N=12809  holderDeg=-1  probe(ttl4/6/8/12)=0/0/0/0 of 20
t=11800  N=11809  holderDeg=-1  probe(ttl4/6/8/12)=0/0/0/0 of 20
t=10200  N=10209  holderDeg=-1  probe(ttl4/6/8/12)=0/0/0/0 of 20
t=11800  N=11809  holderDeg=-1  probe(ttl4/6/8/12)=0/0/0/0 of 20
t=13000  N=13009  holderDeg=-1  probe(ttl4/6/8/12)=0/0/0/0 of 20
t=12800  N=12809  holderDeg=-1  probe(ttl4/6/8/12)=0/0/0/0 of 20
t=12400  N=12409  holderDeg=-1  probe(ttl4/6/8/12)=0/0/0/0 of 20
t=12000  N=12009  holderDeg=-1  probe(ttl4/6/8/12)=0/0/0/0 of 20
t=10400  N=10409  holderDeg=-1  probe(ttl4/6/8/12)=0/0/0/0 of 20
t=12000  N=12009  holderDeg=-1  probe(ttl4/6/8/12)=0/0/0/0 of 20
t=12600  N=12609  holderDeg=-1  probe(ttl4/6/8/12)=0/0/0/0 of 20
t=12200  N=12209  holderDeg=-1  probe(ttl4/6/8/12)=0/0/0/0 of 20
t=13000  N=13009  holderDeg=-1  probe(ttl4/6/8/12)=0/0/0/0 of 20
t=10600  N=10609  holderDeg=-1  probe(ttl4/6/8/12)=0/0/0/0 of 20
t=13200  N=13209  holderDeg=-1  probe(ttl4/6/8/12)=0/0/0/0 of 20
t=12200  N=12209  holderDeg=-1  probe(ttl4/6/8/12)=0/0/0/0 of 20
t=10800  N=10809  holderDeg=-1  probe(ttl4/6/8/12)=0/0/0/0 of 20
t=12400  N=12409  holderDeg=-1  probe(ttl4/6/8/12)=0/0/0/0 of 20
t=12800  N=12809  holderDeg=-1  probe(ttl4/6/8/12)=0/0/0/0 of 20
t=13400  N=13409  holderDeg=-1  probe(ttl4/6/8/12)=0/0/0/0 of 20
t=13200  N=13209  holderDeg=-1  probe(ttl4/6/8/12)=0/0/0/0 of 20
t=12400  N=12409  holderDeg=-1  probe(ttl4/6/8/12)=0/0/0/0 of 20
t=11000  N=11009  holderDeg=-1  probe(ttl4/6/8/12)=0/0/0/0 of 20
t=12600  N=12609  holderDeg=-1  probe(ttl4/6/8/12)=0/0/0/0 of 20
t=13000  N=13009  holderDeg=-1  probe(ttl4/6/8/12)=0/0/0/0 of 20
t=13600  N=13609  holderDeg=-1  probe(ttl4/6/8/12)=0/0/0/0 of 20
t=11200  N=11209  holderDeg=-1  probe(ttl4/6/8/12)=0/0/0/0 of 20
t=12600  N=12609  holderDeg=-1  probe(ttl4/6/8/12)=0/0/0/0 of 20
t=12800  N=12809  holderDeg=-1  probe(ttl4/6/8/12)=0/0/0/0 of 20
t=13400  N=13409  holderDeg=-1  probe(ttl4/6/8/12)=0/0/0/0 of 20
t=13200  N=13209  holderDeg=-1  probe(ttl4/6/8/12)=0/0/0/0 of 20
t=11400  N=11409  holderDeg=-1  probe(ttl4/6/8/12)=0/0/0/0 of 20
t=13800  N=13809  holderDeg=-1  probe(ttl4/6/8/12)=0/0/0/0 of 20
t=12800  N=12809  holderDeg=-1  probe(ttl4/6/8/12)=0/0/0/0 of 20
t=13000  N=13009  holderDeg=-1  probe(ttl4/6/8/12)=0/0/0/0 of 20
t=13400  N=13409  holderDeg=-1  probe(ttl4/6/8/12)=0/0/0/0 of 20
t=13600  N=13609  holderDeg=-1  probe(ttl4/6/8/12)=0/0/0/0 of 20
t=11600  N=11609  holderDeg=-1  probe(ttl4/6/8/12)=0/0/0/0 of 20
t=13000  N=13009  holderDeg=-1  probe(ttl4/6/8/12)=0/0/0/0 of 20
t=14000  N=14009  holderDeg=-1  probe(ttl4/6/8/12)=0/0/0/0 of 20
t=13200  N=13209  holderDeg=-1  probe(ttl4/6/8/12)=0/0/0/0 of 20
t=11800  N=11809  holderDeg=-1  probe(ttl4/6/8/12)=0/0/0/0 of 20
t=13600  N=13609  holderDeg=-1  probe(ttl4/6/8/12)=0/0/0/0 of 20
t=13200  N=13209  holderDeg=-1  probe(ttl4/6/8/12)=0/0/0/0 of 20
t=13800  N=13809  holderDeg=-1  probe(ttl4/6/8/12)=0/0/0/0 of 20
t=12000  N=12009  holderDeg=-1  probe(ttl4/6/8/12)=0/0/0/0 of 20
t=14200  N=14209  holderDeg=-1  probe(ttl4/6/8/12)=0/0/0/0 of 20
t=13400  N=13409  holderDeg=-1  probe(ttl4/6/8/12)=0/0/0/0 of 20
t=13800  N=13809  holderDeg=-1  probe(ttl4/6/8/12)=0/0/0/0 of 20

 Growing has been completed
*********************************************************************

t=13400  N=13409  holderDeg=-1  probe(ttl4/6/8/12)=0/0/0/0 of 20
t=14000  N=14009  holderDeg=-1  probe(ttl4/6/8/12)=0/0/0/0 of 20
t=12200  N=12209  holderDeg=-1  probe(ttl4/6/8/12)=0/0/0/0 of 20
t=14400  N=14366  holderDeg=-1  probe(ttl4/6/8/12)=0/0/0/0 of 20
t=13600  N=13609  holderDeg=-1  probe(ttl4/6/8/12)=0/0/0/0 of 20
t=14000  N=14009  holderDeg=-1  probe(ttl4/6/8/12)=0/0/0/0 of 20
t=13600  N=13609  holderDeg=-1  probe(ttl4/6/8/12)=0/0/0/0 of 20
t=14600  N=14426  holderDeg=-1  probe(ttl4/6/8/12)=0/0/0/0 of 20
t=14200  N=14209  holderDeg=-1  probe(ttl4/6/8/12)=0/0/0/0 of 20

 Growing has been completed
*********************************************************************

t=12400  N=12409  holderDeg=-1  probe(ttl4/6/8/12)=0/0/0/0 of 20
t=13800  N=13809  holderDeg=-1  probe(ttl4/6/8/12)=0/0/0/0 of 20
t=14800  N=14496  holderDeg=-1  probe(ttl4/6/8/12)=0/0/0/0 of 20
t=14400  N=14270  holderDeg=-1  probe(ttl4/6/8/12)=0/0/0/0 of 20
t=14200  N=14209  holderDeg=-1  probe(ttl4/6/8/12)=0/0/0/0 of 20
t=13800  N=13809  holderDeg=-1  probe(ttl4/6/8/12)=0/0/0/0 of 20
t=12600  N=12609  holderDeg=-1  probe(ttl4/6/8/12)=0/0/0/0 of 20
t=15000  N=14562  holderDeg=-1  probe(ttl4/6/8/12)=0/0/0/0 of 20
t=14600  N=14328  holderDeg=-1  probe(ttl4/6/8/12)=0/0/0/0 of 20
t=14000  N=14009  holderDeg=-1  probe(ttl4/6/8/12)=0/0/0/0 of 20

 Growing has been completed
*********************************************************************

t=14800  N=14401  holderDeg=-1  probe(ttl4/6/8/12)=0/0/0/0 of 20
t=15200  N=14616  holderDeg=3  probe(ttl4/6/8/12)=0/1/2/13 of 20
t=14400  N=14345  holderDeg=-1  probe(ttl4/6/8/12)=0/0/0/0 of 20
t=12800  N=12809  holderDeg=-1  probe(ttl4/6/8/12)=0/0/0/0 of 20
t=14200  N=14209  holderDeg=-1  probe(ttl4/6/8/12)=0/0/0/0 of 20
t=15000  N=14458  holderDeg=-1  probe(ttl4/6/8/12)=0/0/0/0 of 20
t=15400  N=14672  holderDeg=3  probe(ttl4/6/8/12)=0/2/1/10 of 20
t=14600  N=14410  holderDeg=-1  probe(ttl4/6/8/12)=0/0/0/0 of 20

 Growing has been completed
*********************************************************************

t=13000  N=13009  holderDeg=-1  probe(ttl4/6/8/12)=0/0/0/0 of 20
t=15200  N=14515  holderDeg=3  probe(ttl4/6/8/12)=0/1/3/12 of 20
t=14000  N=14009  holderDeg=-1  probe(ttl4/6/8/12)=0/0/0/0 of 20
t=14800  N=14470  holderDeg=-1  probe(ttl4/6/8/12)=0/0/0/0 of 20
t=15600  N=14730  holderDeg=3  probe(ttl4/6/8/12)=0/1/2/13 of 20
t=14400  N=14355  holderDeg=-1  probe(ttl4/6/8/12)=0/0/0/0 of 20
t=15400  N=14569  holderDeg=3  probe(ttl4/6/8/12)=1/1/6/14 of 20
t=13200  N=13209  holderDeg=-1  probe(ttl4/6/8/12)=0/0/0/0 of 20
t=14600  N=14418  holderDeg=-1  probe(ttl4/6/8/12)=0/0/0/0 of 20
t=15000  N=14536  holderDeg=-1  probe(ttl4/6/8/12)=0/0/0/0 of 20
t=15800  N=14792  holderDeg=3  probe(ttl4/6/8/12)=0/1/4/12 of 20
t=14200  N=14209  holderDeg=-1  probe(ttl4/6/8/12)=0/0/0/0 of 20
t=15600  N=14632  holderDeg=3  probe(ttl4/6/8/12)=0/1/4/12 of 20
t=14800  N=14480  holderDeg=-1  probe(ttl4/6/8/12)=0/0/0/0 of 20
t=16000  N=14843  holderDeg=3  probe(ttl4/6/8/12)=0/0/4/12 of 20
t=15200  N=14593  holderDeg=3  probe(ttl4/6/8/12)=0/1/4/7 of 20
t=13400  N=13409  holderDeg=-1  probe(ttl4/6/8/12)=0/0/0/0 of 20

 Growing has been completed
*********************************************************************

t=15800  N=14697  holderDeg=3  probe(ttl4/6/8/12)=0/0/5/14 of 20
t=15000  N=14546  holderDeg=-1  probe(ttl4/6/8/12)=0/0/0/0 of 20
t=16200  N=14893  holderDeg=3  probe(ttl4/6/8/12)=0/0/7/14 of 20
t=15400  N=14650  holderDeg=3  probe(ttl4/6/8/12)=0/2/3/2 of 20
t=14400  N=14379  holderDeg=-1  probe(ttl4/6/8/12)=0/0/0/0 of 20
t=16000  N=14755  holderDeg=3  probe(ttl4/6/8/12)=0/1/1/8 of 20
t=13600  N=13609  holderDeg=-1  probe(ttl4/6/8/12)=0/0/0/0 of 20
t=15200  N=14606  holderDeg=3  probe(ttl4/6/8/12)=0/0/3/4 of 20
t=16400  N=14947  holderDeg=3  probe(ttl4/6/8/12)=0/0/2/12 of 20
t=15600  N=14702  holderDeg=3  probe(ttl4/6/8/12)=0/1/4/3 of 20
t=14600  N=14441  holderDeg=-1  probe(ttl4/6/8/12)=0/0/0/0 of 20
t=16200  N=14814  holderDeg=3  probe(ttl4/6/8/12)=0/4/3/10 of 20
t=15400  N=14678  holderDeg=3  probe(ttl4/6/8/12)=0/0/0/2 of 20
t=15800  N=14760  holderDeg=3  probe(ttl4/6/8/12)=0/1/1/2 of 20
t=16600  N=15001  holderDeg=3  probe(ttl4/6/8/12)=0/0/4/13 of 20
t=14800  N=14485  holderDeg=-1  probe(ttl4/6/8/12)=0/0/0/0 of 20
t=13800  N=13809  holderDeg=-1  probe(ttl4/6/8/12)=0/0/0/0 of 20
t=16400  N=14878  holderDeg=3  probe(ttl4/6/8/12)=0/1/4/11 of 20
t=15600  N=14729  holderDeg=3  probe(ttl4/6/8/12)=0/1/0/5 of 20
t=16000  N=14816  holderDeg=3  probe(ttl4/6/8/12)=0/0/2/1 of 20
t=15000  N=14549  holderDeg=-1  probe(ttl4/6/8/12)=0/0/0/0 of 20
t=16800  N=15073  holderDeg=3  probe(ttl4/6/8/12)=1/2/2/14 of 20
t=16600  N=14951  holderDeg=3  probe(ttl4/6/8/12)=0/1/2/15 of 20
t=14000  N=14009  holderDeg=-1  probe(ttl4/6/8/12)=0/0/0/0 of 20
t=15800  N=14792  holderDeg=3  probe(ttl4/6/8/12)=0/0/1/1 of 20
t=16200  N=14870  holderDeg=3  probe(ttl4/6/8/12)=0/1/3/1 of 20
t=15200  N=14614  holderDeg=3  probe(ttl4/6/8/12)=0/2/3/10 of 20
t=17000  N=15135  holderDeg=5  probe(ttl4/6/8/12)=0/0/4/13 of 20
t=16800  N=15006  holderDeg=3  probe(ttl4/6/8/12)=0/0/4/6 of 20
t=16000  N=14847  holderDeg=3  probe(ttl4/6/8/12)=0/0/5/2 of 20
t=16400  N=14931  holderDeg=3  probe(ttl4/6/8/12)=0/0/1/4 of 20
t=15400  N=14669  holderDeg=3  probe(ttl4/6/8/12)=0/0/3/11 of 20
t=14200  N=14209  holderDeg=-1  probe(ttl4/6/8/12)=0/0/0/0 of 20
t=17000  N=15063  holderDeg=3  probe(ttl4/6/8/12)=0/1/4/10 of 20

 Growing has been completed
*********************************************************************

t=17200  N=15193  holderDeg=7  probe(ttl4/6/8/12)=0/1/8/14 of 20
t=16200  N=14905  holderDeg=3  probe(ttl4/6/8/12)=0/0/0/3 of 20
t=15600  N=14730  holderDeg=3  probe(ttl4/6/8/12)=0/0/2/10 of 20
t=16600  N=14988  holderDeg=3  probe(ttl4/6/8/12)=0/3/3/4 of 20
t=14400  N=14311  holderDeg=-1  probe(ttl4/6/8/12)=0/0/0/0 of 20
t=17200  N=15116  holderDeg=3  probe(ttl4/6/8/12)=0/3/2/10 of 20
t=17400  N=15254  holderDeg=9  probe(ttl4/6/8/12)=0/3/8/14 of 20
t=16400  N=14963  holderDeg=3  probe(ttl4/6/8/12)=0/0/3/4 of 20
t=15800  N=14793  holderDeg=3  probe(ttl4/6/8/12)=0/0/5/10 of 20
t=16800  N=15043  holderDeg=3  probe(ttl4/6/8/12)=0/1/0/5 of 20
t=17400  N=15167  holderDeg=3  probe(ttl4/6/8/12)=0/0/4/12 of 20
t=14600  N=14363  holderDeg=-1  probe(ttl4/6/8/12)=0/0/0/0 of 20
t=17600  N=15314  holderDeg=11  probe(ttl4/6/8/12)=0/0/8/20 of 20
t=16600  N=15022  holderDeg=3  probe(ttl4/6/8/12)=0/0/1/5 of 20
t=16000  N=14858  holderDeg=3  probe(ttl4/6/8/12)=0/2/5/9 of 20
t=17000  N=15105  holderDeg=3  probe(ttl4/6/8/12)=0/0/7/2 of 20
t=17600  N=15223  holderDeg=3  probe(ttl4/6/8/12)=0/1/5/17 of 20
t=14800  N=14421  holderDeg=-1  probe(ttl4/6/8/12)=0/0/0/0 of 20
t=17800  N=15363  holderDeg=13  probe(ttl4/6/8/12)=0/2/10/19 of 20
t=16800  N=15088  holderDeg=3  probe(ttl4/6/8/12)=0/0/3/6 of 20
t=16200  N=14937  holderDeg=3  probe(ttl4/6/8/12)=0/2/1/11 of 20
t=17800  N=15290  holderDeg=3  probe(ttl4/6/8/12)=0/2/3/12 of 20
t=17200  N=15155  holderDeg=3  probe(ttl4/6/8/12)=0/0/0/3 of 20
t=15000  N=14483  holderDeg=-1  probe(ttl4/6/8/12)=0/0/0/0 of 20
t=18000  N=15416  holderDeg=15  probe(ttl4/6/8/12)=0/2/16/19 of 20
t=17000  N=15148  holderDeg=3  probe(ttl4/6/8/12)=0/0/2/0 of 20
t=16400  N=15004  holderDeg=3  probe(ttl4/6/8/12)=0/0/3/8 of 20
t=18000  N=15336  holderDeg=3  probe(ttl4/6/8/12)=0/1/1/11 of 20
t=17400  N=15218  holderDeg=3  probe(ttl4/6/8/12)=0/1/5/2 of 20
t=15200  N=14528  holderDeg=3  probe(ttl4/6/8/12)=0/2/5/10 of 20
t=18200  N=15475  holderDeg=17  probe(ttl4/6/8/12)=1/4/8/19 of 20
t=17200  N=15206  holderDeg=3  probe(ttl4/6/8/12)=0/0/0/5 of 20
t=16600  N=15064  holderDeg=3  probe(ttl4/6/8/12)=0/0/1/10 of 20
t=18200  N=15396  holderDeg=3  probe(ttl4/6/8/12)=0/2/3/11 of 20
t=17600  N=15284  holderDeg=3  probe(ttl4/6/8/12)=0/0/4/5 of 20
t=15400  N=14589  holderDeg=3  probe(ttl4/6/8/12)=0/1/3/11 of 20
t=18400  N=15538  holderDeg=19  probe(ttl4/6/8/12)=0/2/14/20 of 20
t=16800  N=15120  holderDeg=3  probe(ttl4/6/8/12)=0/1/2/14 of 20
t=17400  N=15262  holderDeg=5  probe(ttl4/6/8/12)=0/1/2/8 of 20
t=18400  N=15450  holderDeg=3  probe(ttl4/6/8/12)=0/1/3/13 of 20
t=17800  N=15342  holderDeg=5  probe(ttl4/6/8/12)=0/1/5/9 of 20
t=15600  N=14646  holderDeg=3  probe(ttl4/6/8/12)=0/0/5/8 of 20
t=18600  N=15601  holderDeg=21  probe(ttl4/6/8/12)=4/2/12/20 of 20
t=17600  N=15318  holderDeg=7  probe(ttl4/6/8/12)=0/1/5/16 of 20
t=17000  N=15180  holderDeg=3  probe(ttl4/6/8/12)=0/1/4/11 of 20
t=18600  N=15506  holderDeg=3  probe(ttl4/6/8/12)=0/1/0/10 of 20
t=15800  N=14700  holderDeg=3  probe(ttl4/6/8/12)=0/0/6/9 of 20
t=18000  N=15410  holderDeg=7  probe(ttl4/6/8/12)=1/1/8/12 of 20
t=18800  N=15648  holderDeg=23  probe(ttl4/6/8/12)=1/5/10/19 of 20
t=17800  N=15370  holderDeg=9  probe(ttl4/6/8/12)=0/4/5/18 of 20
t=17200  N=15243  holderDeg=3  probe(ttl4/6/8/12)=0/0/3/9 of 20
t=18800  N=15567  holderDeg=3  probe(ttl4/6/8/12)=1/1/8/10 of 20
t=16000  N=14763  holderDeg=3  probe(ttl4/6/8/12)=0/0/5/10 of 20
t=18200  N=15469  holderDeg=9  probe(ttl4/6/8/12)=1/3/5/17 of 20
t=17400  N=15291  holderDeg=3  probe(ttl4/6/8/12)=0/0/5/12 of 20
t=18000  N=15432  holderDeg=11  probe(ttl4/6/8/12)=0/3/4/17 of 20
t=19000  N=15703  holderDeg=25  probe(ttl4/6/8/12)=1/1/17/20 of 20
t=19000  N=15618  holderDeg=3  probe(ttl4/6/8/12)=0/1/3/7 of 20
t=16200  N=14827  holderDeg=3  probe(ttl4/6/8/12)=0/1/3/11 of 20
t=18400  N=15534  holderDeg=11  probe(ttl4/6/8/12)=0/1/8/16 of 20
t=17600  N=15344  holderDeg=3  probe(ttl4/6/8/12)=0/0/2/10 of 20
t=18200  N=15496  holderDeg=13  probe(ttl4/6/8/12)=0/1/10/19 of 20
t=19200  N=15763  holderDeg=27  probe(ttl4/6/8/12)=0/5/16/20 of 20
t=19200  N=15690  holderDeg=3  probe(ttl4/6/8/12)=0/0/2/12 of 20
t=16400  N=14883  holderDeg=3  probe(ttl4/6/8/12)=0/0/5/9 of 20
t=18600  N=15594  holderDeg=13  probe(ttl4/6/8/12)=0/2/11/15 of 20
t=17800  N=15406  holderDeg=3  probe(ttl4/6/8/12)=0/0/1/11 of 20
t=18400  N=15554  holderDeg=15  probe(ttl4/6/8/12)=0/2/10/18 of 20
t=19400  N=15753  holderDeg=3  probe(ttl4/6/8/12)=0/1/3/9 of 20
t=19400  N=15824  holderDeg=29  probe(ttl4/6/8/12)=0/5/13/19 of 20
t=16600  N=14941  holderDeg=3  probe(ttl4/6/8/12)=1/0/2/5 of 20
t=18800  N=15652  holderDeg=13  probe(ttl4/6/8/12)=0/1/11/14 of 20
t=18000  N=15462  holderDeg=3  probe(ttl4/6/8/12)=0/0/2/8 of 20
t=18600  N=15614  holderDeg=17  probe(ttl4/6/8/12)=1/3/8/18 of 20
t=19600  N=15811  holderDeg=3  probe(ttl4/6/8/12)=0/0/2/12 of 20
t=16800  N=14994  holderDeg=3  probe(ttl4/6/8/12)=0/0/2/12 of 20
t=19600  N=15891  holderDeg=31  probe(ttl4/6/8/12)=0/3/15/20 of 20
t=19000  N=15720  holderDeg=13  probe(ttl4/6/8/12)=1/1/11/15 of 20
t=18200  N=15517  holderDeg=3  probe(ttl4/6/8/12)=0/1/2/11 of 20
t=18800  N=15675  holderDeg=19  probe(ttl4/6/8/12)=0/3/14/20 of 20
t=19800  N=15870  holderDeg=3  probe(ttl4/6/8/12)=0/1/2/8 of 20
t=17000  N=15061  holderDeg=3  probe(ttl4/6/8/12)=1/1/1/6 of 20
t=19800  N=15948  holderDeg=33  probe(ttl4/6/8/12)=0/4/16/20 of 20
t=19200  N=15780  holderDeg=13  probe(ttl4/6/8/12)=0/1/10/16 of 20
t=19000  N=15738  holderDeg=21  probe(ttl4/6/8/12)=1/4/13/19 of 20
t=18400  N=15586  holderDeg=3  probe(ttl4/6/8/12)=0/1/2/9 of 20
t=17200  N=15126  holderDeg=3  probe(ttl4/6/8/12)=1/0/4/10 of 20
t=20000  N=15942  holderDeg=3  probe(ttl4/6/8/12)=0/1/0/7 of 20
t=20000  N=16012  holderDeg=33  probe(ttl4/6/8/12)=0/7/15/20 of 20
t=19400  N=15836  holderDeg=13  probe(ttl4/6/8/12)=0/1/5/15 of 20
t=18600  N=15647  holderDeg=3  probe(ttl4/6/8/12)=0/1/2/9 of 20
t=19200  N=15799  holderDeg=23  probe(ttl4/6/8/12)=1/8/15/19 of 20
t=17400  N=15185  holderDeg=3  probe(ttl4/6/8/12)=0/0/3/9 of 20
t=20200  N=16003  holderDeg=3  probe(ttl4/6/8/12)=0/3/2/9 of 20
t=20200  N=16081  holderDeg=33  probe(ttl4/6/8/12)=2/5/15/20 of 20
t=19600  N=15898  holderDeg=13  probe(ttl4/6/8/12)=1/1/8/18 of 20
t=18800  N=15702  holderDeg=3  probe(ttl4/6/8/12)=1/2/6/7 of 20
t=19400  N=15855  holderDeg=23  probe(ttl4/6/8/12)=0/2/18/20 of 20
t=17600  N=15251  holderDeg=3  probe(ttl4/6/8/12)=0/1/3/10 of 20
t=20400  N=16061  holderDeg=3  probe(ttl4/6/8/12)=0/0/3/10 of 20
t=20400  N=16148  holderDeg=33  probe(ttl4/6/8/12)=0/5/16/19 of 20
t=19800  N=15974  holderDeg=13  probe(ttl4/6/8/12)=2/2/10/18 of 20
t=19000  N=15769  holderDeg=3  probe(ttl4/6/8/12)=0/1/4/7 of 20
t=17800  N=15307  holderDeg=3  probe(ttl4/6/8/12)=0/0/3/11 of 20
t=19600  N=15927  holderDeg=23  probe(ttl4/6/8/12)=2/5/13/20 of 20
t=20600  N=16133  holderDeg=3  probe(ttl4/6/8/12)=0/1/2/11 of 20
t=20600  N=16209  holderDeg=33  probe(ttl4/6/8/12)=0/6/15/20 of 20
t=20000  N=16038  holderDeg=13  probe(ttl4/6/8/12)=2/2/9/18 of 20
t=19200  N=15839  holderDeg=3  probe(ttl4/6/8/12)=0/0/2/10 of 20
t=18000  N=15365  holderDeg=3  probe(ttl4/6/8/12)=0/1/0/11 of 20
t=20800  N=16193  holderDeg=3  probe(ttl4/6/8/12)=0/0/4/7 of 20
t=19800  N=15992  holderDeg=23  probe(ttl4/6/8/12)=1/2/15/20 of 20
t=20800  N=16272  holderDeg=33  probe(ttl4/6/8/12)=0/6/16/20 of 20
t=20200  N=16084  holderDeg=13  probe(ttl4/6/8/12)=0/6/9/17 of 20
t=19400  N=15897  holderDeg=3  probe(ttl4/6/8/12)=1/1/5/8 of 20
t=21000  N=16261  holderDeg=3  probe(ttl4/6/8/12)=0/1/5/13 of 20
t=18200  N=15425  holderDeg=3  probe(ttl4/6/8/12)=0/0/2/12 of 20
t=20000  N=16056  holderDeg=23  probe(ttl4/6/8/12)=1/4/13/20 of 20
t=21000  N=16336  holderDeg=33  probe(ttl4/6/8/12)=3/4/13/20 of 20
t=20400  N=16158  holderDeg=13  probe(ttl4/6/8/12)=0/1/8/17 of 20
t=19600  N=15961  holderDeg=3  probe(ttl4/6/8/12)=0/0/3/7 of 20
t=21200  N=16328  holderDeg=3  probe(ttl4/6/8/12)=0/0/4/10 of 20
t=18400  N=15480  holderDeg=3  probe(ttl4/6/8/12)=0/0/2/12 of 20
t=20200  N=16119  holderDeg=23  probe(ttl4/6/8/12)=1/4/13/20 of 20
t=21200  N=16397  holderDeg=33  probe(ttl4/6/8/12)=2/4/17/20 of 20
t=20600  N=16223  holderDeg=13  probe(ttl4/6/8/12)=0/4/10/13 of 20
t=19800  N=16023  holderDeg=3  probe(ttl4/6/8/12)=0/2/4/9 of 20
t=21400  N=16387  holderDeg=3  probe(ttl4/6/8/12)=0/0/2/8 of 20
t=18600  N=15535  holderDeg=3  probe(ttl4/6/8/12)=0/1/5/6 of 20
t=20400  N=16186  holderDeg=23  probe(ttl4/6/8/12)=0/6/16/20 of 20
t=20000  N=16074  holderDeg=3  probe(ttl4/6/8/12)=0/1/1/8 of 20
t=21400  N=16477  holderDeg=33  probe(ttl4/6/8/12)=1/5/15/19 of 20
t=20800  N=16292  holderDeg=13  probe(ttl4/6/8/12)=2/0/8/20 of 20
t=18800  N=15585  holderDeg=3  probe(ttl4/6/8/12)=0/0/2/9 of 20
t=21600  N=16446  holderDeg=3  probe(ttl4/6/8/12)=0/1/1/6 of 20
t=20600  N=16243  holderDeg=23  probe(ttl4/6/8/12)=0/3/14/20 of 20
t=20200  N=16131  holderDeg=3  probe(ttl4/6/8/12)=0/0/3/15 of 20
t=19000  N=15636  holderDeg=3  probe(ttl4/6/8/12)=0/0/4/8 of 20
t=21600  N=16533  holderDeg=33  probe(ttl4/6/8/12)=1/2/17/20 of 20
t=21000  N=16343  holderDeg=13  probe(ttl4/6/8/12)=0/2/9/18 of 20
t=21800  N=16501  holderDeg=3  probe(ttl4/6/8/12)=1/1/2/9 of 20
t=20800  N=16305  holderDeg=23  probe(ttl4/6/8/12)=1/2/13/20 of 20
t=19200  N=15687  holderDeg=3  probe(ttl4/6/8/12)=0/0/1/8 of 20
t=20400  N=16199  holderDeg=3  probe(ttl4/6/8/12)=0/0/4/8 of 20
t=21800  N=16589  holderDeg=33  probe(ttl4/6/8/12)=2/9/16/20 of 20
t=21200  N=16403  holderDeg=13  probe(ttl4/6/8/12)=0/3/10/14 of 20
t=22000  N=16557  holderDeg=3  probe(ttl4/6/8/12)=0/0/1/11 of 20
t=21000  N=16365  holderDeg=23  probe(ttl4/6/8/12)=0/4/13/20 of 20
t=20600  N=16259  holderDeg=3  probe(ttl4/6/8/12)=0/0/6/6 of 20
t=19400  N=15743  holderDeg=3  probe(ttl4/6/8/12)=0/4/1/7 of 20
t=22200  N=16623  holderDeg=3  probe(ttl4/6/8/12)=0/0/6/10 of 20
t=22000  N=16645  holderDeg=33  probe(ttl4/6/8/12)=2/7/15/20 of 20
t=21400  N=16467  holderDeg=13  probe(ttl4/6/8/12)=0/2/11/18 of 20
t=21200  N=16413  holderDeg=23  probe(ttl4/6/8/12)=1/5/11/20 of 20
t=19600  N=15803  holderDeg=3  probe(ttl4/6/8/12)=0/1/4/9 of 20
t=20800  N=16315  holderDeg=3  probe(ttl4/6/8/12)=0/0/1/6 of 20
t=22400  N=16680  holderDeg=3  probe(ttl4/6/8/12)=0/0/6/7 of 20
t=22200  N=16704  holderDeg=33  probe(ttl4/6/8/12)=0/5/17/20 of 20
t=21600  N=16524  holderDeg=13  probe(ttl4/6/8/12)=0/4/10/19 of 20
t=21400  N=16465  holderDeg=23  probe(ttl4/6/8/12)=0/3/10/19 of 20
t=19800  N=15857  holderDeg=3  probe(ttl4/6/8/12)=0/1/4/7 of 20
t=21000  N=16362  holderDeg=3  probe(ttl4/6/8/12)=0/0/4/5 of 20
t=22600  N=16743  holderDeg=3  probe(ttl4/6/8/12)=1/0/3/13 of 20
t=22400  N=16756  holderDeg=33  probe(ttl4/6/8/12)=1/3/12/20 of 20
t=21800  N=16588  holderDeg=13  probe(ttl4/6/8/12)=1/2/8/17 of 20
t=21600  N=16524  holderDeg=23  probe(ttl4/6/8/12)=0/1/11/18 of 20
t=20000  N=15917  holderDeg=3  probe(ttl4/6/8/12)=0/2/3/11 of 20
t=21200  N=16428  holderDeg=3  probe(ttl4/6/8/12)=0/0/1/9 of 20
t=22800  N=16804  holderDeg=3  probe(ttl4/6/8/12)=0/0/3/11 of 20
t=22000  N=16650  holderDeg=13  probe(ttl4/6/8/12)=0/3/8/17 of 20
t=22600  N=16814  holderDeg=33  probe(ttl4/6/8/12)=1/6/16/20 of 20
t=21800  N=16572  holderDeg=23  probe(ttl4/6/8/12)=0/5/13/19 of 20
t=20200  N=15977  holderDeg=3  probe(ttl4/6/8/12)=0/0/2/13 of 20
t=21400  N=16480  holderDeg=3  probe(ttl4/6/8/12)=0/1/5/9 of 20
t=23000  N=16867  holderDeg=3  probe(ttl4/6/8/12)=0/1/3/13 of 20
t=22200  N=16701  holderDeg=13  probe(ttl4/6/8/12)=1/2/14/19 of 20
t=22800  N=16880  holderDeg=33  probe(ttl4/6/8/12)=1/5/14/20 of 20
t=22000  N=16626  holderDeg=23  probe(ttl4/6/8/12)=0/5/15/20 of 20
t=20400  N=16025  holderDeg=3  probe(ttl4/6/8/12)=0/0/3/9 of 20
t=23200  N=16925  holderDeg=3  probe(ttl4/6/8/12)=0/0/2/10 of 20
t=21600  N=16532  holderDeg=3  probe(ttl4/6/8/12)=0/0/4/6 of 20
t=22400  N=16759  holderDeg=13  probe(ttl4/6/8/12)=0/0/9/18 of 20
t=23000  N=16939  holderDeg=33  probe(ttl4/6/8/12)=0/5/12/19 of 20
t=22200  N=16689  holderDeg=23  probe(ttl4/6/8/12)=2/5/14/20 of 20
t=20600  N=16072  holderDeg=3  probe(ttl4/6/8/12)=0/0/4/11 of 20
t=23400  N=16985  holderDeg=3  probe(ttl4/6/8/12)=0/2/3/7 of 20
t=21800  N=16597  holderDeg=3  probe(ttl4/6/8/12)=0/0/3/10 of 20
t=22600  N=16814  holderDeg=13  probe(ttl4/6/8/12)=0/3/12/16 of 20
t=23200  N=16990  holderDeg=33  probe(ttl4/6/8/12)=1/3/17/20 of 20
t=23600  N=17054  holderDeg=3  probe(ttl4/6/8/12)=0/0/6/9 of 20
t=22400  N=16753  holderDeg=23  probe(ttl4/6/8/12)=1/7/10/19 of 20
t=20800  N=16129  holderDeg=3  probe(ttl4/6/8/12)=0/0/4/7 of 20
t=22000  N=16661  holderDeg=3  probe(ttl4/6/8/12)=0/1/6/7 of 20
t=22800  N=16876  holderDeg=13  probe(ttl4/6/8/12)=0/0/7/18 of 20
t=23400  N=17041  holderDeg=33  probe(ttl4/6/8/12)=0/4/17/20 of 20
t=22600  N=16804  holderDeg=23  probe(ttl4/6/8/12)=1/2/12/20 of 20
t=23800  N=17117  holderDeg=3  probe(ttl4/6/8/12)=0/0/6/11 of 20
t=21000  N=16181  holderDeg=3  probe(ttl4/6/8/12)=0/0/3/8 of 20
t=22200  N=16727  holderDeg=3  probe(ttl4/6/8/12)=0/0/1/9 of 20
t=23000  N=16932  holderDeg=13  probe(ttl4/6/8/12)=0/2/7/17 of 20
t=22800  N=16861  holderDeg=23  probe(ttl4/6/8/12)=0/4/13/20 of 20
t=21200  N=16239  holderDeg=3  probe(ttl4/6/8/12)=0/0/3/10 of 20
t=24000  N=17174  holderDeg=3  probe(ttl4/6/8/12)=0/1/6/11 of 20
t=23600  N=17104  holderDeg=33  probe(ttl4/6/8/12)=0/6/15/20 of 20
t=22400  N=16798  holderDeg=3  probe(ttl4/6/8/12)=0/0/5/8 of 20
t=23200  N=16990  holderDeg=13  probe(ttl4/6/8/12)=0/1/9/18 of 20
t=24200  N=17226  holderDeg=3  probe(ttl4/6/8/12)=0/1/2/13 of 20
t=21400  N=16300  holderDeg=3  probe(ttl4/6/8/12)=0/1/2/6 of 20
t=23000  N=16932  holderDeg=23  probe(ttl4/6/8/12)=0/2/11/18 of 20
t=22600  N=16857  holderDeg=3  probe(ttl4/6/8/12)=0/0/1/9 of 20
t=23800  N=17162  holderDeg=33  probe(ttl4/6/8/12)=3/7/18/20 of 20
t=24400  N=17280  holderDeg=3  probe(ttl4/6/8/12)=0/0/3/10 of 20
t=23400  N=17051  holderDeg=13  probe(ttl4/6/8/12)=0/2/5/19 of 20
t=21600  N=16364  holderDeg=3  probe(ttl4/6/8/12)=0/0/1/5 of 20
t=23200  N=16979  holderDeg=23  probe(ttl4/6/8/12)=2/3/14/20 of 20
t=22800  N=16921  holderDeg=3  probe(ttl4/6/8/12)=0/1/1/10 of 20
t=24000  N=17215  holderDeg=33  probe(ttl4/6/8/12)=0/3/16/20 of 20
t=23600  N=17103  holderDeg=13  probe(ttl4/6/8/12)=0/1/11/18 of 20
t=24600  N=17340  holderDeg=3  probe(ttl4/6/8/12)=0/1/3/13 of 20
t=23400  N=17042  holderDeg=23  probe(ttl4/6/8/12)=1/2/14/20 of 20
t=21800  N=16427  holderDeg=3  probe(ttl4/6/8/12)=0/2/1/10 of 20
t=23000  N=16994  holderDeg=3  probe(ttl4/6/8/12)=0/0/3/8 of 20
t=24200  N=17266  holderDeg=33  probe(ttl4/6/8/12)=0/6/17/20 of 20
t=24800  N=17405  holderDeg=3  probe(ttl4/6/8/12)=0/0/1/10 of 20
t=23800  N=17169  holderDeg=13  probe(ttl4/6/8/12)=0/2/12/18 of 20
t=23200  N=17054  holderDeg=3  probe(ttl4/6/8/12)=0/0/2/7 of 20
t=22000  N=16487  holderDeg=3  probe(ttl4/6/8/12)=0/2/5/9 of 20
t=23600  N=17117  holderDeg=23  probe(ttl4/6/8/12)=0/5/16/20 of 20
t=24400  N=17342  holderDeg=33  probe(ttl4/6/8/12)=2/7/11/20 of 20
t=25000  N=17462  holderDeg=3  probe(ttl4/6/8/12)=0/1/2/12 of 20
t=23400  N=17114  holderDeg=3  probe(ttl4/6/8/12)=0/0/3/10 of 20
t=24000  N=17231  holderDeg=13  probe(ttl4/6/8/12)=0/1/11/18 of 20
t=23800  N=17178  holderDeg=23  probe(ttl4/6/8/12)=0/2/13/20 of 20
t=22200  N=16558  holderDeg=3  probe(ttl4/6/8/12)=0/1/4/8 of 20
t=24600  N=17395  holderDeg=33  probe(ttl4/6/8/12)=0/5/16/20 of 20
t=25200  N=17521  holderDeg=3  probe(ttl4/6/8/12)=0/0/5/11 of 20
t=24200  N=17287  holderDeg=13  probe(ttl4/6/8/12)=0/4/10/17 of 20
t=23600  N=17175  holderDeg=3  probe(ttl4/6/8/12)=0/0/5/9 of 20
t=22400  N=16608  holderDeg=3  probe(ttl4/6/8/12)=0/0/3/9 of 20
t=24000  N=17225  holderDeg=23  probe(ttl4/6/8/12)=1/3/12/20 of 20
t=24800  N=17454  holderDeg=33  probe(ttl4/6/8/12)=1/5/18/20 of 20
t=25400  N=17590  holderDeg=3  probe(ttl4/6/8/12)=1/1/3/11 of 20
t=23800  N=17233  holderDeg=3  probe(ttl4/6/8/12)=0/1/2/8 of 20
t=22600  N=16663  holderDeg=3  probe(ttl4/6/8/12)=0/0/0/14 of 20
t=24400  N=17351  holderDeg=13  probe(ttl4/6/8/12)=0/2/6/18 of 20
t=24200  N=17290  holderDeg=23  probe(ttl4/6/8/12)=0/7/15/20 of 20
t=25000  N=17505  holderDeg=33  probe(ttl4/6/8/12)=1/7/15/20 of 20
t=25600  N=17646  holderDeg=3  probe(ttl4/6/8/12)=0/0/1/10 of 20
t=22800  N=16731  holderDeg=3  probe(ttl4/6/8/12)=0/0/5/10 of 20
t=24000  N=17286  holderDeg=3  probe(ttl4/6/8/12)=0/0/5/8 of 20
t=24600  N=17411  holderDeg=13  probe(ttl4/6/8/12)=0/3/6/17 of 20
t=25200  N=17568  holderDeg=33  probe(ttl4/6/8/12)=1/9/15/20 of 20
t=24400  N=17366  holderDeg=23  probe(ttl4/6/8/12)=0/3/14/19 of 20
t=25800  N=17703  holderDeg=3  probe(ttl4/6/8/12)=0/1/3/12 of 20
t=24200  N=17346  holderDeg=3  probe(ttl4/6/8/12)=0/1/3/11 of 20
t=23000  N=16791  holderDeg=3  probe(ttl4/6/8/12)=0/1/4/10 of 20
t=24800  N=17473  holderDeg=13  probe(ttl4/6/8/12)=0/3/13/19 of 20
t=24600  N=17434  holderDeg=23  probe(ttl4/6/8/12)=1/3/9/20 of 20
t=25400  N=17628  holderDeg=33  probe(ttl4/6/8/12)=2/4/16/20 of 20
t=26000  N=17760  holderDeg=3  probe(ttl4/6/8/12)=0/0/4/10 of 20
t=24400  N=17410  holderDeg=3  probe(ttl4/6/8/12)=0/0/2/8 of 20
t=23200  N=16843  holderDeg=3  probe(ttl4/6/8/12)=0/0/1/9 of 20
t=24800  N=17495  holderDeg=23  probe(ttl4/6/8/12)=2/5/14/20 of 20
t=25000  N=17531  holderDeg=13  probe(ttl4/6/8/12)=1/1/13/19 of 20
t=25600  N=17702  holderDeg=33  probe(ttl4/6/8/12)=0/4/18/20 of 20
t=26200  N=17818  holderDeg=3  probe(ttl4/6/8/12)=0/1/3/10 of 20
t=23400  N=16903  holderDeg=3  probe(ttl4/6/8/12)=0/0/3/10 of 20
t=24600  N=17462  holderDeg=3  probe(ttl4/6/8/12)=0/1/3/9 of 20
t=25800  N=17768  holderDeg=33  probe(ttl4/6/8/12)=0/7/11/20 of 20
t=25000  N=17551  holderDeg=23  probe(ttl4/6/8/12)=0/3/15/20 of 20
t=25200  N=17593  holderDeg=13  probe(ttl4/6/8/12)=0/2/8/15 of 20
t=26400  N=17883  holderDeg=3  probe(ttl4/6/8/12)=0/1/6/13 of 20
t=23600  N=16958  holderDeg=3  probe(ttl4/6/8/12)=0/0/3/10 of 20
t=24800  N=17521  holderDeg=3  probe(ttl4/6/8/12)=0/0/2/12 of 20
t=25400  N=17657  holderDeg=13  probe(ttl4/6/8/12)=0/3/5/16 of 20
t=25200  N=17613  holderDeg=23  probe(ttl4/6/8/12)=1/4/14/20 of 20
t=26000  N=17819  holderDeg=33  probe(ttl4/6/8/12)=2/3/15/20 of 20
t=26600  N=17935  holderDeg=3  probe(ttl4/6/8/12)=0/1/2/9 of 20
t=23800  N=17018  holderDeg=3  probe(ttl4/6/8/12)=0/0/3/8 of 20
t=25000  N=17571  holderDeg=3  probe(ttl4/6/8/12)=0/0/3/10 of 20
t=25400  N=17670  holderDeg=23  probe(ttl4/6/8/12)=1/6/12/19 of 20
t=25600  N=17710  holderDeg=13  probe(ttl4/6/8/12)=0/3/7/18 of 20
t=26200  N=17876  holderDeg=33  probe(ttl4/6/8/12)=0/3/16/20 of 20
t=26800  N=18008  holderDeg=3  probe(ttl4/6/8/12)=0/2/2/8 of 20
t=25200  N=17628  holderDeg=3  probe(ttl4/6/8/12)=0/0/2/11 of 20
t=24000  N=17077  holderDeg=3  probe(ttl4/6/8/12)=0/0/7/9 of 20
t=25800  N=17764  holderDeg=13  probe(ttl4/6/8/12)=0/1/13/18 of 20
t=25600  N=17723  holderDeg=23  probe(ttl4/6/8/12)=1/1/15/20 of 20
t=26400  N=17943  holderDeg=33  probe(ttl4/6/8/12)=1/8/12/20 of 20
t=27000  N=18069  holderDeg=3  probe(ttl4/6/8/12)=0/0/5/10 of 20
t=25400  N=17693  holderDeg=3  probe(ttl4/6/8/12)=0/0/5/9 of 20
t=24200  N=17142  holderDeg=3  probe(ttl4/6/8/12)=0/0/2/9 of 20
t=25800  N=17779  holderDeg=23  probe(ttl4/6/8/12)=0/2/16/20 of 20
t=26000  N=17822  holderDeg=13  probe(ttl4/6/8/12)=0/3/10/17 of 20
t=26600  N=18001  holderDeg=33  probe(ttl4/6/8/12)=2/4/16/20 of 20
t=27200  N=18128  holderDeg=3  probe(ttl4/6/8/12)=0/1/4/10 of 20
t=25600  N=17752  holderDeg=3  probe(ttl4/6/8/12)=0/2/1/9 of 20
t=24400  N=17202  holderDeg=3  probe(ttl4/6/8/12)=0/0/4/8 of 20
t=26000  N=17847  holderDeg=23  probe(ttl4/6/8/12)=0/7/9/19 of 20
t=27400  N=18184  holderDeg=3  probe(ttl4/6/8/12)=0/0/4/10 of 20
t=26200  N=17879  holderDeg=13  probe(ttl4/6/8/12)=1/3/13/17 of 20
t=26800  N=18067  holderDeg=33  probe(ttl4/6/8/12)=2/6/15/20 of 20
t=25800  N=17814  holderDeg=3  probe(ttl4/6/8/12)=2/0/2/10 of 20
t=24600  N=17272  holderDeg=3  probe(ttl4/6/8/12)=0/0/2/11 of 20
t=26200  N=17913  holderDeg=23  probe(ttl4/6/8/12)=0/3/11/19 of 20
t=27600  N=18250  holderDeg=3  probe(ttl4/6/8/12)=0/0/0/7 of 20
t=26400  N=17936  holderDeg=13  probe(ttl4/6/8/12)=0/1/5/18 of 20
t=27000  N=18120  holderDeg=33  probe(ttl4/6/8/12)=0/5/16/20 of 20
t=26000  N=17878  holderDeg=3  probe(ttl4/6/8/12)=0/2/5/10 of 20
t=24800  N=17328  holderDeg=3  probe(ttl4/6/8/12)=1/1/2/8 of 20
t=27800  N=18312  holderDeg=3  probe(ttl4/6/8/12)=0/0/4/6 of 20
t=26400  N=17970  holderDeg=23  probe(ttl4/6/8/12)=1/2/11/18 of 20
t=26600  N=17992  holderDeg=13  probe(ttl4/6/8/12)=0/2/10/18 of 20
t=27200  N=18183  holderDeg=33  probe(ttl4/6/8/12)=1/5/14/20 of 20
t=26200  N=17931  holderDeg=3  probe(ttl4/6/8/12)=0/0/1/9 of 20
t=25000  N=17387  holderDeg=3  probe(ttl4/6/8/12)=0/1/2/8 of 20
t=28000  N=18378  holderDeg=3  probe(ttl4/6/8/12)=0/1/3/9 of 20
t=26600  N=18028  holderDeg=23  probe(ttl4/6/8/12)=1/3/14/20 of 20
t=26800  N=18057  holderDeg=13  probe(ttl4/6/8/12)=0/1/7/19 of 20
t=27400  N=18249  holderDeg=33  probe(ttl4/6/8/12)=1/8/16/20 of 20
t=26400  N=17989  holderDeg=3  probe(ttl4/6/8/12)=0/3/4/7 of 20
t=25200  N=17451  holderDeg=3  probe(ttl4/6/8/12)=0/0/2/13 of 20
t=26800  N=18091  holderDeg=23  probe(ttl4/6/8/12)=1/1/10/20 of 20
t=28200  N=18435  holderDeg=3  probe(ttl4/6/8/12)=0/0/4/13 of 20
t=27000  N=18111  holderDeg=13  probe(ttl4/6/8/12)=1/3/11/18 of 20
t=26600  N=18057  holderDeg=3  probe(ttl4/6/8/12)=0/1/1/6 of 20
t=27600  N=18310  holderDeg=33  probe(ttl4/6/8/12)=0/5/16/20 of 20
t=25400  N=17511  holderDeg=3  probe(ttl4/6/8/12)=0/0/5/10 of 20
t=28400  N=18492  holderDeg=3  probe(ttl4/6/8/12)=1/0/2/11 of 20
t=27000  N=18163  holderDeg=23  probe(ttl4/6/8/12)=0/3/11/20 of 20
t=27200  N=18180  holderDeg=13  probe(ttl4/6/8/12)=0/0/9/17 of 20
t=26800  N=18115  holderDeg=3  probe(ttl4/6/8/12)=0/2/3/8 of 20
t=25600  N=17564  holderDeg=3  probe(ttl4/6/8/12)=0/2/4/10 of 20
t=27800  N=18367  holderDeg=33  probe(ttl4/6/8/12)=0/3/19/20 of 20
t=28600  N=18563  holderDeg=3  probe(ttl4/6/8/12)=0/0/3/13 of 20
t=27200  N=18221  holderDeg=23  probe(ttl4/6/8/12)=0/3/13/19 of 20
t=27400  N=18241  holderDeg=13  probe(ttl4/6/8/12)=0/3/5/16 of 20
t=27000  N=18169  holderDeg=3  probe(ttl4/6/8/12)=1/0/3/12 of 20
t=28000  N=18429  holderDeg=33  probe(ttl4/6/8/12)=1/2/16/20 of 20
t=25800  N=17621  holderDeg=3  probe(ttl4/6/8/12)=0/0/2/8 of 20
t=28800  N=18630  holderDeg=3  probe(ttl4/6/8/12)=0/1/1/11 of 20
t=27400  N=18282  holderDeg=23  probe(ttl4/6/8/12)=0/4/12/20 of 20
t=27200  N=18214  holderDeg=3  probe(ttl4/6/8/12)=0/0/3/12 of 20
t=27600  N=18304  holderDeg=13  probe(ttl4/6/8/12)=0/3/12/19 of 20
t=26000  N=17685  holderDeg=3  probe(ttl4/6/8/12)=1/0/0/6 of 20
t=28200  N=18485  holderDeg=33  probe(ttl4/6/8/12)=1/6/16/20 of 20
t=29000  N=18692  holderDeg=3  probe(ttl4/6/8/12)=0/1/3/9 of 20
t=27600  N=18331  holderDeg=23  probe(ttl4/6/8/12)=0/3/12/20 of 20
t=27400  N=18277  holderDeg=3  probe(ttl4/6/8/12)=0/0/3/8 of 20
t=27800  N=18357  holderDeg=13  probe(ttl4/6/8/12)=1/4/8/15 of 20
t=26200  N=17741  holderDeg=3  probe(ttl4/6/8/12)=0/1/1/10 of 20
t=28400  N=18547  holderDeg=33  probe(ttl4/6/8/12)=1/3/16/20 of 20
t=29200  N=18761  holderDeg=3  probe(ttl4/6/8/12)=0/1/5/9 of 20
t=27800  N=18388  holderDeg=23  probe(ttl4/6/8/12)=1/5/9/20 of 20
t=27600  N=18349  holderDeg=3  probe(ttl4/6/8/12)=0/0/2/12 of 20
t=28000  N=18412  holderDeg=13  probe(ttl4/6/8/12)=1/2/10/20 of 20
t=26400  N=17790  holderDeg=3  probe(ttl4/6/8/12)=0/1/3/8 of 20
t=28600  N=18608  holderDeg=33  probe(ttl4/6/8/12)=1/3/15/20 of 20
t=29400  N=18819  holderDeg=3  probe(ttl4/6/8/12)=1/0/2/8 of 20
t=28000  N=18440  holderDeg=23  probe(ttl4/6/8/12)=0/2/12/19 of 20
t=27800  N=18410  holderDeg=3  probe(ttl4/6/8/12)=0/1/5/7 of 20
t=26600  N=17844  holderDeg=3  probe(ttl4/6/8/12)=0/0/4/11 of 20
t=28200  N=18472  holderDeg=13  probe(ttl4/6/8/12)=0/2/10/18 of 20
t=28800  N=18668  holderDeg=33  probe(ttl4/6/8/12)=1/3/19/20 of 20
t=29600  N=18882  holderDeg=3  probe(ttl4/6/8/12)=0/1/4/11 of 20
t=28200  N=18503  holderDeg=23  probe(ttl4/6/8/12)=1/4/11/20 of 20
t=26800  N=17900  holderDeg=3  probe(ttl4/6/8/12)=0/0/4/9 of 20
t=28000  N=18464  holderDeg=3  probe(ttl4/6/8/12)=0/1/4/13 of 20
t=28400  N=18532  holderDeg=13  probe(ttl4/6/8/12)=0/1/8/18 of 20
t=29800  N=18944  holderDeg=3  probe(ttl4/6/8/12)=0/1/7/10 of 20
t=29000  N=18727  holderDeg=33  probe(ttl4/6/8/12)=1/5/16/20 of 20
t=28400  N=18570  holderDeg=23  probe(ttl4/6/8/12)=1/4/15/19 of 20
t=27000  N=17960  holderDeg=3  probe(ttl4/6/8/12)=0/2/3/7 of 20
t=28200  N=18518  holderDeg=3  probe(ttl4/6/8/12)=0/0/2/11 of 20
t=28600  N=18594  holderDeg=13  probe(ttl4/6/8/12)=0/0/11/20 of 20
t=30000  N=19003  holderDeg=3  probe(ttl4/6/8/12)=0/0/3/9 of 20
t=29200  N=18784  holderDeg=33  probe(ttl4/6/8/12)=0/4/18/20 of 20
t=28600  N=18626  holderDeg=23  probe(ttl4/6/8/12)=0/6/11/20 of 20
t=27200  N=18012  holderDeg=3  probe(ttl4/6/8/12)=0/2/2/7 of 20
t=28400  N=18583  holderDeg=3  probe(ttl4/6/8/12)=1/0/1/15 of 20
t=28800  N=18661  holderDeg=13  probe(ttl4/6/8/12)=0/1/8/17 of 20
t=30200  N=19072  holderDeg=3  probe(ttl4/6/8/12)=0/1/0/7 of 20
t=29400  N=18843  holderDeg=33  probe(ttl4/6/8/12)=2/7/15/20 of 20
t=28800  N=18686  holderDeg=23  probe(ttl4/6/8/12)=0/2/14/20 of 20
t=27400  N=18089  holderDeg=3  probe(ttl4/6/8/12)=0/0/4/7 of 20
t=28600  N=18635  holderDeg=3  probe(ttl4/6/8/12)=0/0/5/8 of 20
t=29000  N=18707  holderDeg=13  probe(ttl4/6/8/12)=1/1/9/19 of 20
t=30400  N=19133  holderDeg=3  probe(ttl4/6/8/12)=0/0/2/11 of 20
t=29600  N=18906  holderDeg=33  probe(ttl4/6/8/12)=0/2/17/20 of 20
t=29000  N=18756  holderDeg=23  probe(ttl4/6/8/12)=0/1/15/19 of 20
t=27600  N=18160  holderDeg=3  probe(ttl4/6/8/12)=0/1/4/5 of 20
t=28800  N=18692  holderDeg=3  probe(ttl4/6/8/12)=0/0/1/7 of 20
t=29200  N=18763  holderDeg=13  probe(ttl4/6/8/12)=1/6/13/18 of 20
t=30600  N=19198  holderDeg=3  probe(ttl4/6/8/12)=0/0/2/11 of 20
t=29800  N=18956  holderDeg=33  probe(ttl4/6/8/12)=1/8/17/20 of 20
t=29200  N=18810  holderDeg=23  probe(ttl4/6/8/12)=1/7/12/20 of 20
t=27800  N=18226  holderDeg=3  probe(ttl4/6/8/12)=1/2/2/7 of 20
t=29000  N=18764  holderDeg=3  probe(ttl4/6/8/12)=0/1/3/12 of 20
t=30800  N=19262  holderDeg=3  probe(ttl4/6/8/12)=0/0/2/9 of 20
t=29400  N=18822  holderDeg=13  probe(ttl4/6/8/12)=0/4/8/17 of 20
t=30000  N=19015  holderDeg=33  probe(ttl4/6/8/12)=0/4/16/19 of 20
t=29400  N=18868  holderDeg=23  probe(ttl4/6/8/12)=0/3/12/20 of 20
t=28000  N=18280  holderDeg=3  probe(ttl4/6/8/12)=0/1/4/14 of 20
t=29200  N=18824  holderDeg=3  probe(ttl4/6/8/12)=0/0/4/8 of 20
t=31000  N=19316  holderDeg=3  probe(ttl4/6/8/12)=0/2/4/7 of 20
t=29600  N=18880  holderDeg=13  probe(ttl4/6/8/12)=0/1/9/17 of 20
t=30200  N=19081  holderDeg=33  probe(ttl4/6/8/12)=0/5/17/20 of 20
t=28200  N=18349  holderDeg=3  probe(ttl4/6/8/12)=0/0/5/3 of 20
t=29600  N=18920  holderDeg=23  probe(ttl4/6/8/12)=0/3/15/20 of 20
t=29400  N=18876  holderDeg=3  probe(ttl4/6/8/12)=0/1/5/8 of 20
t=31200  N=19377  holderDeg=3  probe(ttl4/6/8/12)=0/1/4/12 of 20
t=29800  N=18945  holderDeg=13  probe(ttl4/6/8/12)=1/3/9/18 of 20
t=30400  N=19140  holderDeg=33  probe(ttl4/6/8/12)=3/4/15/20 of 20
t=29800  N=18973  holderDeg=23  probe(ttl4/6/8/12)=1/4/15/19 of 20
t=28400  N=18403  holderDeg=3  probe(ttl4/6/8/12)=0/1/6/12 of 20
t=29600  N=18935  holderDeg=3  probe(ttl4/6/8/12)=0/1/5/13 of 20
t=31400  N=19440  holderDeg=3  probe(ttl4/6/8/12)=0/1/2/13 of 20
t=30000  N=19007  holderDeg=13  probe(ttl4/6/8/12)=1/2/9/19 of 20
t=28600  N=18462  holderDeg=3  probe(ttl4/6/8/12)=0/0/3/9 of 20
t=30000  N=19033  holderDeg=23  probe(ttl4/6/8/12)=0/2/12/20 of 20
t=30600  N=19200  holderDeg=33  probe(ttl4/6/8/12)=2/4/13/20 of 20
t=29800  N=18998  holderDeg=3  probe(ttl4/6/8/12)=0/0/3/10 of 20
t=31600  N=19501  holderDeg=3  probe(ttl4/6/8/12)=0/1/2/12 of 20
t=30200  N=19049  holderDeg=13  probe(ttl4/6/8/12)=0/2/5/17 of 20
t=30200  N=19094  holderDeg=23  probe(ttl4/6/8/12)=0/3/14/20 of 20
t=28800  N=18514  holderDeg=3  probe(ttl4/6/8/12)=0/1/3/13 of 20
t=30800  N=19253  holderDeg=33  probe(ttl4/6/8/12)=3/7/13/20 of 20
t=30000  N=19057  holderDeg=3  probe(ttl4/6/8/12)=0/0/2/12 of 20
t=31800  N=19558  holderDeg=3  probe(ttl4/6/8/12)=0/1/4/9 of 20
t=30400  N=19104  holderDeg=13  probe(ttl4/6/8/12)=1/2/6/20 of 20
t=30400  N=19147  holderDeg=23  probe(ttl4/6/8/12)=1/1/15/20 of 20
t=29000  N=18577  holderDeg=3  probe(ttl4/6/8/12)=0/0/6/8 of 20
t=30200  N=19120  holderDeg=3  probe(ttl4/6/8/12)=0/0/2/13 of 20
t=31000  N=19319  holderDeg=33  probe(ttl4/6/8/12)=1/6/17/20 of 20
t=32000  N=19618  holderDeg=3  probe(ttl4/6/8/12)=0/0/6/7 of 20
t=30600  N=19164  holderDeg=13  probe(ttl4/6/8/12)=1/5/4/18 of 20
t=29200  N=18626  holderDeg=3  probe(ttl4/6/8/12)=0/0/3/9 of 20
t=30600  N=19205  holderDeg=23  probe(ttl4/6/8/12)=1/3/16/20 of 20
t=30400  N=19193  holderDeg=3  probe(ttl4/6/8/12)=0/0/3/9 of 20
t=31200  N=19383  holderDeg=33  probe(ttl4/6/8/12)=0/4/18/20 of 20
t=32200  N=19672  holderDeg=3  probe(ttl4/6/8/12)=0/0/3/7 of 20
t=30800  N=19225  holderDeg=13  probe(ttl4/6/8/12)=1/1/7/19 of 20
t=29400  N=18687  holderDeg=3  probe(ttl4/6/8/12)=0/2/4/7 of 20
t=30800  N=19263  holderDeg=23  probe(ttl4/6/8/12)=0/4/16/20 of 20
t=30600  N=19261  holderDeg=3  probe(ttl4/6/8/12)=0/1/2/11 of 20
t=31400  N=19454  holderDeg=33  probe(ttl4/6/8/12)=1/6/15/20 of 20
t=32400  N=19741  holderDeg=3  probe(ttl4/6/8/12)=0/0/2/7 of 20
t=31000  N=19280  holderDeg=13  probe(ttl4/6/8/12)=2/2/10/16 of 20
t=29600  N=18750  holderDeg=3  probe(ttl4/6/8/12)=0/1/3/13 of 20
t=31000  N=19318  holderDeg=23  probe(ttl4/6/8/12)=2/2/13/20 of 20
t=30800  N=19321  holderDeg=3  probe(ttl4/6/8/12)=0/0/4/9 of 20
t=31600  N=19517  holderDeg=33  probe(ttl4/6/8/12)=0/3/15/20 of 20
t=32600  N=19799  holderDeg=3  probe(ttl4/6/8/12)=0/1/0/9 of 20
t=31200  N=19332  holderDeg=13  probe(ttl4/6/8/12)=0/1/12/18 of 20
t=29800  N=18810  holderDeg=3  probe(ttl4/6/8/12)=0/1/2/9 of 20
t=31200  N=19371  holderDeg=23  probe(ttl4/6/8/12)=0/4/17/20 of 20
t=31000  N=19380  holderDeg=3  probe(ttl4/6/8/12)=0/2/4/10 of 20
t=32800  N=19864  holderDeg=3  probe(ttl4/6/8/12)=0/1/3/8 of 20
t=31800  N=19573  holderDeg=33  probe(ttl4/6/8/12)=1/7/16/20 of 20
t=31400  N=19386  holderDeg=13  probe(ttl4/6/8/12)=1/2/6/18 of 20
t=30000  N=18870  holderDeg=3  probe(ttl4/6/8/12)=0/0/5/6 of 20
t=31200  N=19430  holderDeg=3  probe(ttl4/6/8/12)=0/1/2/11 of 20
t=31400  N=19435  holderDeg=23  probe(ttl4/6/8/12)=1/5/15/20 of 20
t=33000  N=19922  holderDeg=3  probe(ttl4/6/8/12)=0/3/2/7 of 20
t=32000  N=19624  holderDeg=33  probe(ttl4/6/8/12)=0/4/17/20 of 20
t=31600  N=19445  holderDeg=13  probe(ttl4/6/8/12)=0/2/7/15 of 20
t=30200  N=18926  holderDeg=3  probe(ttl4/6/8/12)=0/0/3/8 of 20
t=31600  N=19507  holderDeg=23  probe(ttl4/6/8/12)=2/2/12/19 of 20
t=31400  N=19501  holderDeg=3  probe(ttl4/6/8/12)=0/2/4/9 of 20
t=33200  N=19980  holderDeg=3  probe(ttl4/6/8/12)=0/1/4/11 of 20
t=32200  N=19691  holderDeg=33  probe(ttl4/6/8/12)=0/6/13/20 of 20
t=30400  N=18991  holderDeg=3  probe(ttl4/6/8/12)=0/1/5/10 of 20
t=31800  N=19499  holderDeg=13  probe(ttl4/6/8/12)=0/3/8/18 of 20
t=31600  N=19563  holderDeg=3  probe(ttl4/6/8/12)=0/1/2/11 of 20
t=31800  N=19589  holderDeg=23  probe(ttl4/6/8/12)=2/1/14/20 of 20
t=33400  N=20034  holderDeg=3  probe(ttl4/6/8/12)=0/1/2/10 of 20
t=32400  N=19755  holderDeg=33  probe(ttl4/6/8/12)=2/7/16/19 of 20
t=30600  N=19065  holderDeg=3  probe(ttl4/6/8/12)=0/0/2/6 of 20
t=32000  N=19563  holderDeg=13  probe(ttl4/6/8/12)=1/1/10/19 of 20
t=31800  N=19623  holderDeg=3  probe(ttl4/6/8/12)=0/0/2/13 of 20
t=32000  N=19650  holderDeg=23  probe(ttl4/6/8/12)=0/4/14/20 of 20
t=33600  N=20092  holderDeg=3  probe(ttl4/6/8/12)=0/1/6/12 of 20
t=30800  N=19124  holderDeg=3  probe(ttl4/6/8/12)=0/0/4/10 of 20
t=32600  N=19819  holderDeg=33  probe(ttl4/6/8/12)=0/8/15/20 of 20
t=32200  N=19615  holderDeg=13  probe(ttl4/6/8/12)=0/0/13/17 of 20
t=32000  N=19679  holderDeg=3  probe(ttl4/6/8/12)=0/0/1/8 of 20
t=32200  N=19695  holderDeg=23  probe(ttl4/6/8/12)=0/3/14/20 of 20
t=33800  N=20159  holderDeg=3  probe(ttl4/6/8/12)=0/0/3/7 of 20
t=31000  N=19183  holderDeg=3  probe(ttl4/6/8/12)=0/0/8/10 of 20
t=32800  N=19878  holderDeg=33  probe(ttl4/6/8/12)=2/2/12/20 of 20
t=32200  N=19740  holderDeg=3  probe(ttl4/6/8/12)=0/2/2/9 of 20
t=32400  N=19761  holderDeg=23  probe(ttl4/6/8/12)=1/3/16/19 of 20
t=32400  N=19677  holderDeg=13  probe(ttl4/6/8/12)=0/1/6/18 of 20
t=34000  N=20220  holderDeg=3  probe(ttl4/6/8/12)=0/1/4/9 of 20
t=31200  N=19237  holderDeg=3  probe(ttl4/6/8/12)=0/1/4/4 of 20
t=33000  N=19935  holderDeg=33  probe(ttl4/6/8/12)=0/8/14/20 of 20
t=32400  N=19807  holderDeg=3  probe(ttl4/6/8/12)=0/0/1/12 of 20
t=32600  N=19740  holderDeg=13  probe(ttl4/6/8/12)=1/4/9/14 of 20
t=34200  N=20286  holderDeg=3  probe(ttl4/6/8/12)=0/0/2/15 of 20

 Plateau completed at t=34210

t=32600  N=19827  holderDeg=23  probe(ttl4/6/8/12)=2/5/15/19 of 20

================ trendstat  seed=10  (Pp=100 Pd=0 Pt=25000 rewire=True k=5 c=2 eps=0,02 qmax=0,2 N=10000 theta=6 crash=0 shape=3 multi=5 randrw=0 oracle=False fixedthr=0 rules=7 cooper=False dmax=160 mu=1 noscale=False plateau=20000) ================
t=200  N=209  holderDeg=-1  probe(ttl4/6/8/12)=0/0/0/0 of 20
t=400  N=409  holderDeg=-1  probe(ttl4/6/8/12)=0/0/0/0 of 20
t=600  N=609  holderDeg=-1  probe(ttl4/6/8/12)=0/0/0/0 of 20
t=800  N=809  holderDeg=-1  probe(ttl4/6/8/12)=0/0/0/0 of 20
t=31400  N=19294  holderDeg=3  probe(ttl4/6/8/12)=0/2/4/7 of 20
t=1000  N=1009  holderDeg=-1  probe(ttl4/6/8/12)=0/0/0/0 of 20
t=33200  N=19994  holderDeg=33  probe(ttl4/6/8/12)=1/4/13/20 of 20
t=1200  N=1209  holderDeg=-1  probe(ttl4/6/8/12)=0/0/0/0 of 20
t=32600  N=19860  holderDeg=3  probe(ttl4/6/8/12)=0/0/2/7 of 20
t=1400  N=1409  holderDeg=-1  probe(ttl4/6/8/12)=0/0/0/0 of 20
t=1600  N=1609  holderDeg=-1  probe(ttl4/6/8/12)=0/0/0/0 of 20
t=32800  N=19801  holderDeg=13  probe(ttl4/6/8/12)=0/2/9/16 of 20
t=32800  N=19896  holderDeg=23  probe(ttl4/6/8/12)=1/5/13/20 of 20
t=1800  N=1809  holderDeg=-1  probe(ttl4/6/8/12)=0/0/0/0 of 20
t=2000  N=2009  holderDeg=-1  probe(ttl4/6/8/12)=0/0/0/0 of 20
t=31600  N=19359  holderDeg=3  probe(ttl4/6/8/12)=0/2/4/6 of 20
t=2200  N=2209  holderDeg=-1  probe(ttl4/6/8/12)=0/0/0/0 of 20
t=33400  N=20045  holderDeg=33  probe(ttl4/6/8/12)=1/4/16/20 of 20
t=2400  N=2409  holderDeg=-1  probe(ttl4/6/8/12)=0/0/0/0 of 20
t=32800  N=19916  holderDeg=3  probe(ttl4/6/8/12)=1/0/5/8 of 20
t=2600  N=2609  holderDeg=-1  probe(ttl4/6/8/12)=0/0/0/0 of 20
t=33000  N=19857  holderDeg=13  probe(ttl4/6/8/12)=1/2/7/20 of 20
t=33000  N=19958  holderDeg=23  probe(ttl4/6/8/12)=0/6/14/20 of 20
t=2800  N=2809  holderDeg=-1  probe(ttl4/6/8/12)=0/0/0/0 of 20
t=31800  N=19417  holderDeg=3  probe(ttl4/6/8/12)=0/0/4/11 of 20
t=3000  N=3009  holderDeg=-1  probe(ttl4/6/8/12)=0/0/0/0 of 20
t=3200  N=3209  holderDeg=-1  probe(ttl4/6/8/12)=0/0/0/0 of 20
t=33600  N=20101  holderDeg=33  probe(ttl4/6/8/12)=0/5/16/20 of 20
t=33000  N=19971  holderDeg=3  probe(ttl4/6/8/12)=0/0/4/7 of 20
t=3400  N=3409  holderDeg=-1  probe(ttl4/6/8/12)=0/0/0/0 of 20
t=33200  N=20003  holderDeg=23  probe(ttl4/6/8/12)=0/5/13/20 of 20
t=33200  N=19918  holderDeg=13  probe(ttl4/6/8/12)=0/5/9/17 of 20
t=3600  N=3609  holderDeg=-1  probe(ttl4/6/8/12)=0/0/0/0 of 20
t=32000  N=19490  holderDeg=3  probe(ttl4/6/8/12)=0/0/4/10 of 20
t=3800  N=3809  holderDeg=-1  probe(ttl4/6/8/12)=0/0/0/0 of 20
t=33800  N=20164  holderDeg=33  probe(ttl4/6/8/12)=3/3/19/20 of 20
t=33200  N=20029  holderDeg=3  probe(ttl4/6/8/12)=0/0/4/12 of 20
t=4000  N=4009  holderDeg=-1  probe(ttl4/6/8/12)=0/0/0/0 of 20
t=33400  N=20059  holderDeg=23  probe(ttl4/6/8/12)=3/3/15/20 of 20
t=33400  N=19976  holderDeg=13  probe(ttl4/6/8/12)=1/2/9/15 of 20
t=4200  N=4209  holderDeg=-1  probe(ttl4/6/8/12)=0/0/0/0 of 20
t=32200  N=19549  holderDeg=3  probe(ttl4/6/8/12)=0/1/4/8 of 20
t=4400  N=4409  holderDeg=-1  probe(ttl4/6/8/12)=0/0/0/0 of 20
t=33400  N=20076  holderDeg=3  probe(ttl4/6/8/12)=0/1/1/8 of 20
t=4600  N=4609  holderDeg=-1  probe(ttl4/6/8/12)=0/0/0/0 of 20
t=34000  N=20226  holderDeg=33  probe(ttl4/6/8/12)=0/3/15/20 of 20
t=33600  N=20031  holderDeg=13  probe(ttl4/6/8/12)=0/3/8/19 of 20
t=33600  N=20110  holderDeg=23  probe(ttl4/6/8/12)=0/7/17/19 of 20
t=4800  N=4809  holderDeg=-1  probe(ttl4/6/8/12)=0/0/0/0 of 20
t=32400  N=19602  holderDeg=3  probe(ttl4/6/8/12)=0/1/3/8 of 20
t=33600  N=20132  holderDeg=3  probe(ttl4/6/8/12)=1/0/2/8 of 20
t=5000  N=5009  holderDeg=-1  probe(ttl4/6/8/12)=0/0/0/0 of 20
t=34200  N=20283  holderDeg=33  probe(ttl4/6/8/12)=1/5/17/20 of 20
t=33800  N=20094  holderDeg=13  probe(ttl4/6/8/12)=0/1/8/18 of 20
t=33800  N=20167  holderDeg=23  probe(ttl4/6/8/12)=0/3/15/20 of 20

 Plateau completed at t=34333

t=5200  N=5209  holderDeg=-1  probe(ttl4/6/8/12)=0/0/0/0 of 20

================ popstat  seed=10  (Pp=100 Pd=0 Pt=0 rewire=False k=5 c=2 eps=0,02 qmax=0,2 N=10000 theta=6 crash=0 shape=3 multi=5 randrw=0 oracle=False fixedthr=0 rules=7 cooper=False dmax=160 mu=1 noscale=False plateau=20000) ================
t=32600  N=19654  holderDeg=3  probe(ttl4/6/8/12)=0/0/3/6 of 20
t=200  N=209  holderDeg=-1  probe(ttl4/6/8/12)=0/0/0/0 of 20
t=400  N=409  holderDeg=-1  probe(ttl4/6/8/12)=0/0/0/0 of 20
t=600  N=609  holderDeg=-1  probe(ttl4/6/8/12)=0/0/0/0 of 20
t=5400  N=5409  holderDeg=-1  probe(ttl4/6/8/12)=0/0/0/0 of 20
t=800  N=809  holderDeg=-1  probe(ttl4/6/8/12)=0/0/0/0 of 20
t=1000  N=1009  holderDeg=-1  probe(ttl4/6/8/12)=0/0/0/0 of 20
t=33800  N=20181  holderDeg=3  probe(ttl4/6/8/12)=0/1/2/12 of 20
t=1200  N=1209  holderDeg=-1  probe(ttl4/6/8/12)=0/0/0/0 of 20
t=34000  N=20146  holderDeg=13  probe(ttl4/6/8/12)=0/2/11/16 of 20
t=1400  N=1409  holderDeg=-1  probe(ttl4/6/8/12)=0/0/0/0 of 20
t=34000  N=20224  holderDeg=23  probe(ttl4/6/8/12)=0/3/11/20 of 20
t=1600  N=1609  holderDeg=-1  probe(ttl4/6/8/12)=0/0/0/0 of 20
t=32800  N=19709  holderDeg=3  probe(ttl4/6/8/12)=0/3/4/9 of 20
t=5600  N=5609  holderDeg=-1  probe(ttl4/6/8/12)=0/0/0/0 of 20
t=1800  N=1809  holderDeg=-1  probe(ttl4/6/8/12)=0/0/0/0 of 20
t=2000  N=2009  holderDeg=-1  probe(ttl4/6/8/12)=0/0/0/0 of 20
t=34000  N=20241  holderDeg=3  probe(ttl4/6/8/12)=0/0/6/5 of 20
t=2200  N=2209  holderDeg=-1  probe(ttl4/6/8/12)=0/0/0/0 of 20
t=5800  N=5809  holderDeg=-1  probe(ttl4/6/8/12)=0/0/0/0 of 20
t=2400  N=2409  holderDeg=-1  probe(ttl4/6/8/12)=0/0/0/0 of 20
t=34200  N=20199  holderDeg=13  probe(ttl4/6/8/12)=1/3/7/15 of 20
t=34200  N=20283  holderDeg=23  probe(ttl4/6/8/12)=0/6/15/19 of 20
t=33000  N=19768  holderDeg=3  probe(ttl4/6/8/12)=0/1/3/7 of 20

 Plateau completed at t=34309

t=2600  N=2609  holderDeg=-1  probe(ttl4/6/8/12)=0/0/0/0 of 20

 Plateau completed at t=34323

t=6000  N=6009  holderDeg=-1  probe(ttl4/6/8/12)=0/0/0/0 of 20
t=2800  N=2809  holderDeg=-1  probe(ttl4/6/8/12)=0/0/0/0 of 20
t=34200  N=20295  holderDeg=3  probe(ttl4/6/8/12)=0/0/4/6 of 20
t=3000  N=3009  holderDeg=-1  probe(ttl4/6/8/12)=0/0/0/0 of 20

 Plateau completed at t=34349

t=33200  N=19839  holderDeg=3  probe(ttl4/6/8/12)=0/0/5/8 of 20
t=3200  N=3209  holderDeg=-1  probe(ttl4/6/8/12)=0/0/0/0 of 20
t=6200  N=6209  holderDeg=-1  probe(ttl4/6/8/12)=0/0/0/0 of 20
t=3400  N=3409  holderDeg=-1  probe(ttl4/6/8/12)=0/0/0/0 of 20
t=3600  N=3609  holderDeg=-1  probe(ttl4/6/8/12)=0/0/0/0 of 20
t=33400  N=19896  holderDeg=3  probe(ttl4/6/8/12)=0/0/3/11 of 20
t=6400  N=6409  holderDeg=-1  probe(ttl4/6/8/12)=0/0/0/0 of 20
t=3800  N=3809  holderDeg=-1  probe(ttl4/6/8/12)=0/0/0/0 of 20
t=4000  N=4009  holderDeg=-1  probe(ttl4/6/8/12)=0/0/0/0 of 20
t=33600  N=19956  holderDeg=3  probe(ttl4/6/8/12)=0/0/5/12 of 20
t=6600  N=6609  holderDeg=-1  probe(ttl4/6/8/12)=0/0/0/0 of 20
t=4200  N=4209  holderDeg=-1  probe(ttl4/6/8/12)=0/0/0/0 of 20
t=6800  N=6809  holderDeg=-1  probe(ttl4/6/8/12)=0/0/0/0 of 20
t=4400  N=4409  holderDeg=-1  probe(ttl4/6/8/12)=0/0/0/0 of 20
t=33800  N=20015  holderDeg=3  probe(ttl4/6/8/12)=0/2/3/10 of 20
t=7000  N=7009  holderDeg=-1  probe(ttl4/6/8/12)=0/0/0/0 of 20
t=4600  N=4609  holderDeg=-1  probe(ttl4/6/8/12)=0/0/0/0 of 20
t=34000  N=20080  holderDeg=3  probe(ttl4/6/8/12)=0/1/3/9 of 20
t=7200  N=7209  holderDeg=-1  probe(ttl4/6/8/12)=0/0/0/0 of 20
t=4800  N=4809  holderDeg=-1  probe(ttl4/6/8/12)=0/0/0/0 of 20
t=7400  N=7409  holderDeg=-1  probe(ttl4/6/8/12)=0/0/0/0 of 20
t=5000  N=5009  holderDeg=-1  probe(ttl4/6/8/12)=0/0/0/0 of 20
t=34200  N=20138  holderDeg=3  probe(ttl4/6/8/12)=0/1/2/10 of 20

 Plateau completed at t=34271

t=5200  N=5209  holderDeg=-1  probe(ttl4/6/8/12)=0/0/0/0 of 20
t=7600  N=7609  holderDeg=-1  probe(ttl4/6/8/12)=0/0/0/0 of 20
t=5400  N=5409  holderDeg=-1  probe(ttl4/6/8/12)=0/0/0/0 of 20
t=5600  N=5609  holderDeg=-1  probe(ttl4/6/8/12)=0/0/0/0 of 20
t=7800  N=7809  holderDeg=-1  probe(ttl4/6/8/12)=0/0/0/0 of 20
t=5800  N=5809  holderDeg=-1  probe(ttl4/6/8/12)=0/0/0/0 of 20
t=6000  N=6009  holderDeg=-1  probe(ttl4/6/8/12)=0/0/0/0 of 20
t=8000  N=8009  holderDeg=-1  probe(ttl4/6/8/12)=0/0/0/0 of 20
t=6200  N=6209  holderDeg=-1  probe(ttl4/6/8/12)=0/0/0/0 of 20
t=8200  N=8209  holderDeg=-1  probe(ttl4/6/8/12)=0/0/0/0 of 20
t=6400  N=6409  holderDeg=-1  probe(ttl4/6/8/12)=0/0/0/0 of 20
t=6600  N=6609  holderDeg=-1  probe(ttl4/6/8/12)=0/0/0/0 of 20
t=8400  N=8409  holderDeg=-1  probe(ttl4/6/8/12)=0/0/0/0 of 20
t=6800  N=6809  holderDeg=-1  probe(ttl4/6/8/12)=0/0/0/0 of 20
t=8600  N=8609  holderDeg=-1  probe(ttl4/6/8/12)=0/0/0/0 of 20
t=7000  N=7009  holderDeg=-1  probe(ttl4/6/8/12)=0/0/0/0 of 20
t=7200  N=7209  holderDeg=-1  probe(ttl4/6/8/12)=0/0/0/0 of 20
t=8800  N=8809  holderDeg=-1  probe(ttl4/6/8/12)=0/0/0/0 of 20
t=7400  N=7409  holderDeg=-1  probe(ttl4/6/8/12)=0/0/0/0 of 20
t=9000  N=9009  holderDeg=-1  probe(ttl4/6/8/12)=0/0/0/0 of 20
t=9200  N=9209  holderDeg=-1  probe(ttl4/6/8/12)=0/0/0/0 of 20
t=7600  N=7609  holderDeg=-1  probe(ttl4/6/8/12)=0/0/0/0 of 20
t=9400  N=9409  holderDeg=-1  probe(ttl4/6/8/12)=0/0/0/0 of 20
t=7800  N=7809  holderDeg=-1  probe(ttl4/6/8/12)=0/0/0/0 of 20
t=9600  N=9609  holderDeg=-1  probe(ttl4/6/8/12)=0/0/0/0 of 20
t=8000  N=8009  holderDeg=-1  probe(ttl4/6/8/12)=0/0/0/0 of 20
t=8200  N=8209  holderDeg=-1  probe(ttl4/6/8/12)=0/0/0/0 of 20
t=9800  N=9809  holderDeg=-1  probe(ttl4/6/8/12)=0/0/0/0 of 20
t=8400  N=8409  holderDeg=-1  probe(ttl4/6/8/12)=0/0/0/0 of 20
t=10000  N=10009  holderDeg=-1  probe(ttl4/6/8/12)=0/0/0/0 of 20
t=8600  N=8609  holderDeg=-1  probe(ttl4/6/8/12)=0/0/0/0 of 20
t=10200  N=10209  holderDeg=-1  probe(ttl4/6/8/12)=0/0/0/0 of 20
t=8800  N=8809  holderDeg=-1  probe(ttl4/6/8/12)=0/0/0/0 of 20
t=10400  N=10409  holderDeg=-1  probe(ttl4/6/8/12)=0/0/0/0 of 20
t=9000  N=9009  holderDeg=-1  probe(ttl4/6/8/12)=0/0/0/0 of 20
t=10600  N=10609  holderDeg=-1  probe(ttl4/6/8/12)=0/0/0/0 of 20
t=9200  N=9209  holderDeg=-1  probe(ttl4/6/8/12)=0/0/0/0 of 20
t=10800  N=10809  holderDeg=-1  probe(ttl4/6/8/12)=0/0/0/0 of 20
t=9400  N=9409  holderDeg=-1  probe(ttl4/6/8/12)=0/0/0/0 of 20
t=9600  N=9609  holderDeg=-1  probe(ttl4/6/8/12)=0/0/0/0 of 20
t=11000  N=11009  holderDeg=-1  probe(ttl4/6/8/12)=0/0/0/0 of 20
t=9800  N=9809  holderDeg=-1  probe(ttl4/6/8/12)=0/0/0/0 of 20
t=10000  N=10009  holderDeg=-1  probe(ttl4/6/8/12)=0/0/0/0 of 20
t=11200  N=11209  holderDeg=-1  probe(ttl4/6/8/12)=0/0/0/0 of 20
t=10200  N=10209  holderDeg=-1  probe(ttl4/6/8/12)=0/0/0/0 of 20
t=11400  N=11409  holderDeg=-1  probe(ttl4/6/8/12)=0/0/0/0 of 20
t=10400  N=10409  holderDeg=-1  probe(ttl4/6/8/12)=0/0/0/0 of 20
t=11600  N=11609  holderDeg=-1  probe(ttl4/6/8/12)=0/0/0/0 of 20
t=10600  N=10609  holderDeg=-1  probe(ttl4/6/8/12)=0/0/0/0 of 20
t=11800  N=11809  holderDeg=-1  probe(ttl4/6/8/12)=0/0/0/0 of 20
t=12000  N=12009  holderDeg=-1  probe(ttl4/6/8/12)=0/0/0/0 of 20
t=10800  N=10809  holderDeg=-1  probe(ttl4/6/8/12)=0/0/0/0 of 20
t=11000  N=11009  holderDeg=-1  probe(ttl4/6/8/12)=0/0/0/0 of 20
t=12200  N=12209  holderDeg=-1  probe(ttl4/6/8/12)=0/0/0/0 of 20
t=11200  N=11209  holderDeg=-1  probe(ttl4/6/8/12)=0/0/0/0 of 20
t=12400  N=12409  holderDeg=-1  probe(ttl4/6/8/12)=0/0/0/0 of 20
t=11400  N=11409  holderDeg=-1  probe(ttl4/6/8/12)=0/0/0/0 of 20
t=11600  N=11609  holderDeg=-1  probe(ttl4/6/8/12)=0/0/0/0 of 20
t=12600  N=12609  holderDeg=-1  probe(ttl4/6/8/12)=0/0/0/0 of 20
t=11800  N=11809  holderDeg=-1  probe(ttl4/6/8/12)=0/0/0/0 of 20
t=12800  N=12809  holderDeg=-1  probe(ttl4/6/8/12)=0/0/0/0 of 20
t=12000  N=12009  holderDeg=-1  probe(ttl4/6/8/12)=0/0/0/0 of 20
t=13000  N=13009  holderDeg=-1  probe(ttl4/6/8/12)=0/0/0/0 of 20
t=12200  N=12209  holderDeg=-1  probe(ttl4/6/8/12)=0/0/0/0 of 20
t=13200  N=13209  holderDeg=-1  probe(ttl4/6/8/12)=0/0/0/0 of 20
t=12400  N=12409  holderDeg=-1  probe(ttl4/6/8/12)=0/0/0/0 of 20
t=13400  N=13409  holderDeg=-1  probe(ttl4/6/8/12)=0/0/0/0 of 20
t=12600  N=12609  holderDeg=-1  probe(ttl4/6/8/12)=0/0/0/0 of 20
t=13600  N=13609  holderDeg=-1  probe(ttl4/6/8/12)=0/0/0/0 of 20
t=12800  N=12809  holderDeg=-1  probe(ttl4/6/8/12)=0/0/0/0 of 20
t=13800  N=13809  holderDeg=-1  probe(ttl4/6/8/12)=0/0/0/0 of 20
t=13000  N=13009  holderDeg=-1  probe(ttl4/6/8/12)=0/0/0/0 of 20
t=14000  N=14009  holderDeg=-1  probe(ttl4/6/8/12)=0/0/0/0 of 20
t=13200  N=13209  holderDeg=-1  probe(ttl4/6/8/12)=0/0/0/0 of 20
t=14200  N=14209  holderDeg=-1  probe(ttl4/6/8/12)=0/0/0/0 of 20

 Growing has been completed
*********************************************************************

t=13400  N=13409  holderDeg=-1  probe(ttl4/6/8/12)=0/0/0/0 of 20
t=14400  N=14316  holderDeg=-1  probe(ttl4/6/8/12)=0/0/0/0 of 20
t=13600  N=13609  holderDeg=-1  probe(ttl4/6/8/12)=0/0/0/0 of 20
t=14600  N=14374  holderDeg=-1  probe(ttl4/6/8/12)=0/0/0/0 of 20
t=14800  N=14429  holderDeg=-1  probe(ttl4/6/8/12)=0/0/0/0 of 20
t=13800  N=13809  holderDeg=-1  probe(ttl4/6/8/12)=0/0/0/0 of 20
t=15000  N=14493  holderDeg=-1  probe(ttl4/6/8/12)=0/0/0/0 of 20
t=14000  N=14009  holderDeg=-1  probe(ttl4/6/8/12)=0/0/0/0 of 20
t=15200  N=14541  holderDeg=3  probe(ttl4/6/8/12)=0/0/7/7 of 20

 Growing has been completed
*********************************************************************

t=15400  N=14596  holderDeg=3  probe(ttl4/6/8/12)=0/0/3/13 of 20
t=14200  N=14153  holderDeg=-1  probe(ttl4/6/8/12)=0/0/0/0 of 20
t=15600  N=14668  holderDeg=3  probe(ttl4/6/8/12)=0/2/4/7 of 20
t=14400  N=14211  holderDeg=-1  probe(ttl4/6/8/12)=0/0/0/0 of 20
t=15800  N=14722  holderDeg=3  probe(ttl4/6/8/12)=0/0/3/8 of 20
t=14600  N=14268  holderDeg=-1  probe(ttl4/6/8/12)=0/0/0/0 of 20
t=14800  N=14327  holderDeg=-1  probe(ttl4/6/8/12)=0/0/0/0 of 20
t=16000  N=14778  holderDeg=3  probe(ttl4/6/8/12)=0/0/2/11 of 20
t=15000  N=14402  holderDeg=-1  probe(ttl4/6/8/12)=0/0/0/0 of 20
t=16200  N=14841  holderDeg=3  probe(ttl4/6/8/12)=0/1/1/12 of 20
t=15200  N=14456  holderDeg=3  probe(ttl4/6/8/12)=0/0/2/7 of 20
t=16400  N=14896  holderDeg=3  probe(ttl4/6/8/12)=1/2/4/10 of 20
t=15400  N=14512  holderDeg=3  probe(ttl4/6/8/12)=0/2/6/5 of 20
t=16600  N=14953  holderDeg=3  probe(ttl4/6/8/12)=0/2/3/7 of 20
t=15600  N=14566  holderDeg=3  probe(ttl4/6/8/12)=0/0/2/7 of 20
t=16800  N=15014  holderDeg=3  probe(ttl4/6/8/12)=0/0/2/8 of 20
t=15800  N=14615  holderDeg=3  probe(ttl4/6/8/12)=0/0/2/8 of 20
t=17000  N=15065  holderDeg=3  probe(ttl4/6/8/12)=0/1/3/9 of 20
t=16000  N=14674  holderDeg=3  probe(ttl4/6/8/12)=0/1/1/9 of 20
t=17200  N=15124  holderDeg=3  probe(ttl4/6/8/12)=0/1/3/11 of 20
t=16200  N=14729  holderDeg=3  probe(ttl4/6/8/12)=0/0/2/9 of 20
t=17400  N=15194  holderDeg=5  probe(ttl4/6/8/12)=0/0/6/18 of 20
t=16400  N=14794  holderDeg=3  probe(ttl4/6/8/12)=1/0/1/7 of 20
t=17600  N=15251  holderDeg=7  probe(ttl4/6/8/12)=0/1/5/14 of 20
t=16600  N=14851  holderDeg=3  probe(ttl4/6/8/12)=0/1/2/7 of 20
t=17800  N=15302  holderDeg=9  probe(ttl4/6/8/12)=0/4/5/12 of 20
t=16800  N=14915  holderDeg=3  probe(ttl4/6/8/12)=0/2/1/11 of 20
t=17000  N=14970  holderDeg=3  probe(ttl4/6/8/12)=0/0/2/12 of 20
t=18000  N=15363  holderDeg=11  probe(ttl4/6/8/12)=0/4/6/12 of 20
t=17200  N=15029  holderDeg=3  probe(ttl4/6/8/12)=0/0/3/7 of 20
t=18200  N=15431  holderDeg=13  probe(ttl4/6/8/12)=0/1/11/17 of 20
t=17400  N=15089  holderDeg=3  probe(ttl4/6/8/12)=0/2/1/7 of 20
t=18400  N=15491  holderDeg=15  probe(ttl4/6/8/12)=1/5/12/19 of 20
t=17600  N=15153  holderDeg=3  probe(ttl4/6/8/12)=0/1/3/9 of 20
t=18600  N=15549  holderDeg=17  probe(ttl4/6/8/12)=0/4/8/18 of 20
t=17800  N=15219  holderDeg=3  probe(ttl4/6/8/12)=0/3/2/6 of 20
t=18800  N=15607  holderDeg=19  probe(ttl4/6/8/12)=0/5/12/19 of 20
t=18000  N=15279  holderDeg=3  probe(ttl4/6/8/12)=0/0/1/6 of 20
t=19000  N=15665  holderDeg=21  probe(ttl4/6/8/12)=0/3/16/20 of 20
t=18200  N=15343  holderDeg=3  probe(ttl4/6/8/12)=0/0/3/8 of 20
t=19200  N=15722  holderDeg=23  probe(ttl4/6/8/12)=0/4/16/20 of 20
t=18400  N=15399  holderDeg=3  probe(ttl4/6/8/12)=0/0/1/7 of 20
t=19400  N=15786  holderDeg=25  probe(ttl4/6/8/12)=1/2/12/19 of 20
t=18600  N=15461  holderDeg=3  probe(ttl4/6/8/12)=0/2/0/8 of 20
t=19600  N=15837  holderDeg=25  probe(ttl4/6/8/12)=0/3/16/20 of 20
t=18800  N=15525  holderDeg=3  probe(ttl4/6/8/12)=0/1/1/9 of 20
t=19800  N=15893  holderDeg=25  probe(ttl4/6/8/12)=0/6/16/20 of 20
t=19000  N=15589  holderDeg=3  probe(ttl4/6/8/12)=0/1/0/7 of 20
t=20000  N=15961  holderDeg=25  probe(ttl4/6/8/12)=0/6/13/20 of 20
t=19200  N=15653  holderDeg=3  probe(ttl4/6/8/12)=0/2/1/4 of 20
t=20200  N=16030  holderDeg=25  probe(ttl4/6/8/12)=1/2/14/18 of 20
t=19400  N=15716  holderDeg=3  probe(ttl4/6/8/12)=0/2/1/10 of 20
t=20400  N=16095  holderDeg=25  probe(ttl4/6/8/12)=0/3/17/20 of 20
t=19600  N=15781  holderDeg=3  probe(ttl4/6/8/12)=0/1/2/6 of 20
t=19800  N=15844  holderDeg=3  probe(ttl4/6/8/12)=0/1/3/13 of 20
t=20600  N=16160  holderDeg=25  probe(ttl4/6/8/12)=1/5/17/20 of 20
t=20000  N=15905  holderDeg=3  probe(ttl4/6/8/12)=0/0/4/8 of 20
t=20800  N=16227  holderDeg=25  probe(ttl4/6/8/12)=2/4/14/20 of 20
t=20200  N=15968  holderDeg=3  probe(ttl4/6/8/12)=0/1/2/10 of 20
t=21000  N=16289  holderDeg=25  probe(ttl4/6/8/12)=1/5/12/20 of 20
t=20400  N=16019  holderDeg=3  probe(ttl4/6/8/12)=0/2/1/8 of 20
t=21200  N=16347  holderDeg=25  probe(ttl4/6/8/12)=0/2/18/20 of 20
t=20600  N=16080  holderDeg=3  probe(ttl4/6/8/12)=0/1/3/4 of 20
t=21400  N=16403  holderDeg=25  probe(ttl4/6/8/12)=1/6/13/20 of 20
t=20800  N=16139  holderDeg=3  probe(ttl4/6/8/12)=0/0/2/12 of 20
t=21600  N=16473  holderDeg=25  probe(ttl4/6/8/12)=0/3/15/20 of 20
t=21000  N=16202  holderDeg=3  probe(ttl4/6/8/12)=0/0/3/6 of 20
t=21800  N=16545  holderDeg=25  probe(ttl4/6/8/12)=1/3/18/19 of 20
t=21200  N=16255  holderDeg=3  probe(ttl4/6/8/12)=0/0/1/6 of 20
t=22000  N=16616  holderDeg=25  probe(ttl4/6/8/12)=0/7/11/20 of 20
t=21400  N=16320  holderDeg=3  probe(ttl4/6/8/12)=0/1/1/9 of 20
t=22200  N=16667  holderDeg=25  probe(ttl4/6/8/12)=1/6/11/20 of 20
t=21600  N=16372  holderDeg=3  probe(ttl4/6/8/12)=0/0/2/10 of 20
t=22400  N=16725  holderDeg=25  probe(ttl4/6/8/12)=0/6/12/20 of 20
t=21800  N=16436  holderDeg=3  probe(ttl4/6/8/12)=0/1/2/7 of 20
t=22600  N=16781  holderDeg=25  probe(ttl4/6/8/12)=1/4/10/20 of 20
t=22000  N=16505  holderDeg=3  probe(ttl4/6/8/12)=0/2/4/8 of 20
t=22800  N=16848  holderDeg=25  probe(ttl4/6/8/12)=0/1/15/20 of 20
t=22200  N=16569  holderDeg=3  probe(ttl4/6/8/12)=0/1/3/7 of 20
t=22400  N=16627  holderDeg=3  probe(ttl4/6/8/12)=0/1/3/9 of 20
t=23000  N=16913  holderDeg=25  probe(ttl4/6/8/12)=3/3/12/20 of 20
t=22600  N=16696  holderDeg=3  probe(ttl4/6/8/12)=0/0/2/10 of 20
t=23200  N=16969  holderDeg=25  probe(ttl4/6/8/12)=1/4/16/20 of 20
t=22800  N=16759  holderDeg=3  probe(ttl4/6/8/12)=0/0/1/6 of 20
t=23400  N=17037  holderDeg=25  probe(ttl4/6/8/12)=0/4/9/20 of 20
t=23000  N=16814  holderDeg=3  probe(ttl4/6/8/12)=0/0/0/6 of 20
t=23600  N=17094  holderDeg=25  probe(ttl4/6/8/12)=1/4/10/20 of 20
t=23200  N=16875  holderDeg=3  probe(ttl4/6/8/12)=0/0/2/9 of 20
t=23800  N=17145  holderDeg=25  probe(ttl4/6/8/12)=0/3/13/19 of 20
t=23400  N=16943  holderDeg=3  probe(ttl4/6/8/12)=0/1/0/8 of 20
t=24000  N=17202  holderDeg=25  probe(ttl4/6/8/12)=0/2/16/20 of 20
t=23600  N=17007  holderDeg=3  probe(ttl4/6/8/12)=0/1/0/9 of 20
t=24200  N=17268  holderDeg=25  probe(ttl4/6/8/12)=0/3/12/20 of 20
t=23800  N=17072  holderDeg=3  probe(ttl4/6/8/12)=0/0/3/5 of 20
t=24000  N=17130  holderDeg=3  probe(ttl4/6/8/12)=0/1/2/10 of 20
t=24400  N=17343  holderDeg=25  probe(ttl4/6/8/12)=1/7/16/20 of 20
t=24200  N=17182  holderDeg=3  probe(ttl4/6/8/12)=0/3/4/7 of 20
t=24600  N=17396  holderDeg=25  probe(ttl4/6/8/12)=1/2/13/20 of 20
t=24400  N=17238  holderDeg=3  probe(ttl4/6/8/12)=0/0/2/7 of 20
t=24800  N=17447  holderDeg=25  probe(ttl4/6/8/12)=1/5/12/20 of 20
t=24600  N=17294  holderDeg=3  probe(ttl4/6/8/12)=0/0/4/10 of 20
t=25000  N=17498  holderDeg=25  probe(ttl4/6/8/12)=1/6/13/19 of 20
t=24800  N=17352  holderDeg=3  probe(ttl4/6/8/12)=1/0/2/7 of 20
t=25200  N=17557  holderDeg=25  probe(ttl4/6/8/12)=0/5/12/20 of 20
t=25000  N=17414  holderDeg=3  probe(ttl4/6/8/12)=0/1/3/9 of 20
t=25400  N=17618  holderDeg=25  probe(ttl4/6/8/12)=0/4/14/20 of 20
t=25200  N=17476  holderDeg=3  probe(ttl4/6/8/12)=0/0/2/5 of 20
t=25600  N=17680  holderDeg=25  probe(ttl4/6/8/12)=2/4/14/19 of 20
t=25400  N=17532  holderDeg=3  probe(ttl4/6/8/12)=0/3/2/3 of 20
t=25800  N=17736  holderDeg=25  probe(ttl4/6/8/12)=0/2/12/20 of 20
t=25600  N=17604  holderDeg=3  probe(ttl4/6/8/12)=0/0/3/7 of 20
t=26000  N=17790  holderDeg=25  probe(ttl4/6/8/12)=0/1/11/20 of 20
t=25800  N=17673  holderDeg=3  probe(ttl4/6/8/12)=0/1/3/4 of 20
t=26200  N=17856  holderDeg=25  probe(ttl4/6/8/12)=0/2/13/20 of 20
t=26000  N=17731  holderDeg=3  probe(ttl4/6/8/12)=0/0/2/12 of 20
t=26400  N=17913  holderDeg=25  probe(ttl4/6/8/12)=1/6/14/20 of 20
t=26200  N=17797  holderDeg=3  probe(ttl4/6/8/12)=0/0/2/8 of 20
t=26600  N=17967  holderDeg=25  probe(ttl4/6/8/12)=0/3/16/20 of 20
t=26400  N=17856  holderDeg=3  probe(ttl4/6/8/12)=0/1/1/10 of 20
t=26800  N=18025  holderDeg=25  probe(ttl4/6/8/12)=0/5/19/19 of 20
t=26600  N=17916  holderDeg=3  probe(ttl4/6/8/12)=0/2/4/9 of 20
t=27000  N=18091  holderDeg=25  probe(ttl4/6/8/12)=1/2/14/20 of 20
t=26800  N=17976  holderDeg=3  probe(ttl4/6/8/12)=0/1/1/4 of 20
t=27000  N=18040  holderDeg=3  probe(ttl4/6/8/12)=0/1/0/8 of 20
t=27200  N=18151  holderDeg=25  probe(ttl4/6/8/12)=0/6/11/20 of 20
t=27200  N=18106  holderDeg=3  probe(ttl4/6/8/12)=0/0/1/7 of 20
t=27400  N=18221  holderDeg=25  probe(ttl4/6/8/12)=1/6/17/20 of 20
t=27400  N=18173  holderDeg=3  probe(ttl4/6/8/12)=0/2/0/6 of 20
t=27600  N=18268  holderDeg=25  probe(ttl4/6/8/12)=0/6/11/20 of 20
t=27600  N=18237  holderDeg=3  probe(ttl4/6/8/12)=0/0/2/9 of 20
t=27800  N=18319  holderDeg=25  probe(ttl4/6/8/12)=0/3/13/20 of 20
t=27800  N=18302  holderDeg=3  probe(ttl4/6/8/12)=1/1/1/11 of 20
t=28000  N=18378  holderDeg=25  probe(ttl4/6/8/12)=1/6/11/20 of 20
t=28000  N=18362  holderDeg=3  probe(ttl4/6/8/12)=0/2/4/8 of 20
t=28200  N=18438  holderDeg=25  probe(ttl4/6/8/12)=1/5/12/20 of 20
t=28200  N=18426  holderDeg=3  probe(ttl4/6/8/12)=0/0/2/9 of 20
t=28400  N=18489  holderDeg=25  probe(ttl4/6/8/12)=0/6/13/20 of 20
t=28400  N=18477  holderDeg=3  probe(ttl4/6/8/12)=0/0/2/9 of 20
t=28600  N=18566  holderDeg=25  probe(ttl4/6/8/12)=1/5/14/20 of 20
t=28600  N=18536  holderDeg=3  probe(ttl4/6/8/12)=0/0/3/10 of 20
t=28800  N=18639  holderDeg=25  probe(ttl4/6/8/12)=0/3/15/20 of 20
t=28800  N=18582  holderDeg=3  probe(ttl4/6/8/12)=0/2/3/8 of 20
t=29000  N=18691  holderDeg=25  probe(ttl4/6/8/12)=0/2/12/20 of 20
t=29000  N=18627  holderDeg=3  probe(ttl4/6/8/12)=0/1/2/11 of 20
t=29200  N=18759  holderDeg=25  probe(ttl4/6/8/12)=0/7/17/20 of 20
t=29200  N=18692  holderDeg=3  probe(ttl4/6/8/12)=0/1/0/8 of 20
t=29400  N=18823  holderDeg=25  probe(ttl4/6/8/12)=1/4/16/20 of 20
t=29400  N=18746  holderDeg=3  probe(ttl4/6/8/12)=0/0/0/3 of 20
t=29600  N=18885  holderDeg=25  probe(ttl4/6/8/12)=1/3/17/20 of 20
t=29600  N=18812  holderDeg=3  probe(ttl4/6/8/12)=0/0/2/10 of 20
t=29800  N=18949  holderDeg=25  probe(ttl4/6/8/12)=2/5/18/20 of 20
t=29800  N=18883  holderDeg=3  probe(ttl4/6/8/12)=0/0/1/8 of 20
t=30000  N=19013  holderDeg=25  probe(ttl4/6/8/12)=0/0/18/20 of 20
t=30000  N=18945  holderDeg=3  probe(ttl4/6/8/12)=1/0/3/7 of 20
t=30200  N=19077  holderDeg=25  probe(ttl4/6/8/12)=1/2/17/20 of 20
t=30200  N=19004  holderDeg=3  probe(ttl4/6/8/12)=0/1/2/6 of 20
t=30400  N=19073  holderDeg=3  probe(ttl4/6/8/12)=0/0/3/8 of 20
t=30400  N=19144  holderDeg=25  probe(ttl4/6/8/12)=0/3/13/20 of 20
t=30600  N=19130  holderDeg=3  probe(ttl4/6/8/12)=0/0/1/9 of 20
t=30600  N=19184  holderDeg=25  probe(ttl4/6/8/12)=1/1/14/20 of 20
t=30800  N=19195  holderDeg=3  probe(ttl4/6/8/12)=0/0/6/8 of 20
t=30800  N=19243  holderDeg=25  probe(ttl4/6/8/12)=0/5/17/20 of 20
t=31000  N=19253  holderDeg=3  probe(ttl4/6/8/12)=0/1/1/9 of 20
t=31000  N=19292  holderDeg=25  probe(ttl4/6/8/12)=0/7/13/20 of 20
t=31200  N=19315  holderDeg=3  probe(ttl4/6/8/12)=0/0/1/5 of 20
t=31200  N=19365  holderDeg=25  probe(ttl4/6/8/12)=1/6/15/20 of 20
t=31400  N=19380  holderDeg=3  probe(ttl4/6/8/12)=0/0/0/9 of 20
t=31400  N=19418  holderDeg=25  probe(ttl4/6/8/12)=0/5/13/20 of 20
t=31600  N=19434  holderDeg=3  probe(ttl4/6/8/12)=0/0/3/7 of 20
t=31600  N=19485  holderDeg=25  probe(ttl4/6/8/12)=1/4/14/20 of 20
t=31800  N=19491  holderDeg=3  probe(ttl4/6/8/12)=0/0/2/12 of 20
t=31800  N=19540  holderDeg=25  probe(ttl4/6/8/12)=0/5/12/20 of 20
t=32000  N=19551  holderDeg=3  probe(ttl4/6/8/12)=0/2/1/10 of 20
t=32000  N=19596  holderDeg=25  probe(ttl4/6/8/12)=1/2/11/20 of 20
t=32200  N=19613  holderDeg=3  probe(ttl4/6/8/12)=0/0/3/10 of 20
t=32200  N=19655  holderDeg=25  probe(ttl4/6/8/12)=1/8/17/19 of 20
t=32400  N=19668  holderDeg=3  probe(ttl4/6/8/12)=0/2/6/8 of 20
t=32600  N=19734  holderDeg=3  probe(ttl4/6/8/12)=0/0/5/11 of 20
t=32400  N=19715  holderDeg=25  probe(ttl4/6/8/12)=0/1/15/20 of 20
t=32800  N=19789  holderDeg=3  probe(ttl4/6/8/12)=0/0/3/10 of 20
t=32600  N=19779  holderDeg=25  probe(ttl4/6/8/12)=1/6/13/19 of 20
t=33000  N=19855  holderDeg=3  probe(ttl4/6/8/12)=0/0/2/8 of 20
t=32800  N=19836  holderDeg=25  probe(ttl4/6/8/12)=1/4/14/20 of 20
t=33200  N=19902  holderDeg=3  probe(ttl4/6/8/12)=0/0/2/10 of 20
t=33000  N=19898  holderDeg=25  probe(ttl4/6/8/12)=2/3/13/20 of 20
t=33400  N=19960  holderDeg=3  probe(ttl4/6/8/12)=0/0/1/7 of 20
t=33200  N=19954  holderDeg=25  probe(ttl4/6/8/12)=1/2/16/20 of 20
t=33600  N=20020  holderDeg=3  probe(ttl4/6/8/12)=0/0/1/7 of 20
t=33400  N=20015  holderDeg=25  probe(ttl4/6/8/12)=0/3/14/19 of 20
t=33800  N=20081  holderDeg=3  probe(ttl4/6/8/12)=0/0/2/2 of 20
t=33600  N=20072  holderDeg=25  probe(ttl4/6/8/12)=0/6/14/20 of 20
t=34000  N=20146  holderDeg=3  probe(ttl4/6/8/12)=0/0/2/7 of 20

 Plateau completed at t=34113

t=33800  N=20135  holderDeg=25  probe(ttl4/6/8/12)=0/2/12/20 of 20
t=34000  N=20197  holderDeg=25  probe(ttl4/6/8/12)=0/5/17/19 of 20
t=34200  N=20260  holderDeg=25  probe(ttl4/6/8/12)=0/3/13/20 of 20

 Plateau completed at t=34267

STAT_DONE
