
================ rulek  seed=1  (Pp=100 Pd=0 Pt=25000 rewire=True k=5 c=2 eps=0,02 qmax=0,2 N=10000 theta=6 crash=0 shape=0 multi=1 randrw=0 oracle=False fixedthr=0 rules=1 cooper=False dmax=160 mu=1 noscale=False) ================

================ rulec  seed=1  (Pp=100 Pd=0 Pt=25000 rewire=True k=5 c=2 eps=0,02 qmax=0,2 N=10000 theta=6 crash=0 shape=0 multi=1 randrw=0 oracle=False fixedthr=0 rules=2 cooper=False dmax=160 mu=1 noscale=False) ================

================ randomrw4  seed=1  (Pp=100 Pd=0 Pt=0 rewire=False k=5 c=2 eps=0,02 qmax=0,2 N=10000 theta=6 crash=0 shape=0 multi=1 randrw=4 oracle=False fixedthr=0 rules=7 cooper=False dmax=160 mu=1 noscale=False) ================

================ rulel  seed=1  (Pp=100 Pd=0 Pt=25000 rewire=True k=5 c=2 eps=0,02 qmax=0,2 N=10000 theta=6 crash=0 shape=0 multi=1 randrw=0 oracle=False fixedthr=0 rules=4 cooper=False dmax=160 mu=1 noscale=False) ================

================ fixed005c  seed=1  (Pp=100 Pd=0 Pt=25000 rewire=True k=5 c=2 eps=0,02 qmax=0,2 N=10000 theta=6 crash=0 shape=0 multi=1 randrw=0 oracle=False fixedthr=0,05 rules=1 cooper=False dmax=160 mu=1 noscale=False) ================

================ fixed015c  seed=1  (Pp=100 Pd=0 Pt=25000 rewire=True k=5 c=2 eps=0,02 qmax=0,2 N=10000 theta=6 crash=0 shape=0 multi=1 randrw=0 oracle=False fixedthr=0,15 rules=1 cooper=False dmax=160 mu=1 noscale=False) ================
t=200  N=209  holderDeg=-1  probe(ttl4/6/8/12)=0/0/0/0 of 20
t=200  N=209  holderDeg=-1  probe(ttl4/6/8/12)=0/0/0/0 of 20
t=200  N=209  holderDeg=-1  probe(ttl4/6/8/12)=0/0/0/0 of 20
t=200  N=209  holderDeg=-1  probe(ttl4/6/8/12)=0/0/0/0 of 20
t=200  N=209  holderDeg=-1  probe(ttl4/6/8/12)=0/0/0/0 of 20
t=200  N=209  holderDeg=-1  probe(ttl4/6/8/12)=0/0/0/0 of 20
t=400  N=409  holderDeg=-1  probe(ttl4/6/8/12)=0/0/0/0 of 20
t=400  N=409  holderDeg=-1  probe(ttl4/6/8/12)=0/0/0/0 of 20
t=400  N=409  holderDeg=-1  probe(ttl4/6/8/12)=0/0/0/0 of 20
t=400  N=409  holderDeg=-1  probe(ttl4/6/8/12)=0/0/0/0 of 20
t=400  N=409  holderDeg=-1  probe(ttl4/6/8/12)=0/0/0/0 of 20
t=400  N=409  holderDeg=-1  probe(ttl4/6/8/12)=0/0/0/0 of 20
t=600  N=609  holderDeg=-1  probe(ttl4/6/8/12)=0/0/0/0 of 20
t=600  N=609  holderDeg=-1  probe(ttl4/6/8/12)=0/0/0/0 of 20
t=600  N=609  holderDeg=-1  probe(ttl4/6/8/12)=0/0/0/0 of 20
t=600  N=609  holderDeg=-1  probe(ttl4/6/8/12)=0/0/0/0 of 20
t=600  N=609  holderDeg=-1  probe(ttl4/6/8/12)=0/0/0/0 of 20
t=600  N=609  holderDeg=-1  probe(ttl4/6/8/12)=0/0/0/0 of 20
t=800  N=809  holderDeg=-1  probe(ttl4/6/8/12)=0/0/0/0 of 20
t=800  N=809  holderDeg=-1  probe(ttl4/6/8/12)=0/0/0/0 of 20
t=800  N=809  holderDeg=-1  probe(ttl4/6/8/12)=0/0/0/0 of 20
t=800  N=809  holderDeg=-1  probe(ttl4/6/8/12)=0/0/0/0 of 20
t=800  N=809  holderDeg=-1  probe(ttl4/6/8/12)=0/0/0/0 of 20
t=800  N=809  holderDeg=-1  probe(ttl4/6/8/12)=0/0/0/0 of 20
t=1000  N=1009  holderDeg=-1  probe(ttl4/6/8/12)=0/0/0/0 of 20
t=1000  N=1009  holderDeg=-1  probe(ttl4/6/8/12)=0/0/0/0 of 20
t=1000  N=1009  holderDeg=-1  probe(ttl4/6/8/12)=0/0/0/0 of 20
t=1000  N=1009  holderDeg=-1  probe(ttl4/6/8/12)=0/0/0/0 of 20
t=1000  N=1009  holderDeg=-1  probe(ttl4/6/8/12)=0/0/0/0 of 20
t=1000  N=1009  holderDeg=-1  probe(ttl4/6/8/12)=0/0/0/0 of 20
t=1200  N=1209  holderDeg=-1  probe(ttl4/6/8/12)=0/0/0/0 of 20
t=1200  N=1209  holderDeg=-1  probe(ttl4/6/8/12)=0/0/0/0 of 20
t=1200  N=1209  holderDeg=-1  probe(ttl4/6/8/12)=0/0/0/0 of 20
t=1200  N=1209  holderDeg=-1  probe(ttl4/6/8/12)=0/0/0/0 of 20
t=1200  N=1209  holderDeg=-1  probe(ttl4/6/8/12)=0/0/0/0 of 20
t=1200  N=1209  holderDeg=-1  probe(ttl4/6/8/12)=0/0/0/0 of 20
t=1400  N=1409  holderDeg=-1  probe(ttl4/6/8/12)=0/0/0/0 of 20
t=1400  N=1409  holderDeg=-1  probe(ttl4/6/8/12)=0/0/0/0 of 20
t=1400  N=1409  holderDeg=-1  probe(ttl4/6/8/12)=0/0/0/0 of 20
t=1400  N=1409  holderDeg=-1  probe(ttl4/6/8/12)=0/0/0/0 of 20
t=1400  N=1409  holderDeg=-1  probe(ttl4/6/8/12)=0/0/0/0 of 20
t=1600  N=1609  holderDeg=-1  probe(ttl4/6/8/12)=0/0/0/0 of 20
t=1600  N=1609  holderDeg=-1  probe(ttl4/6/8/12)=0/0/0/0 of 20
t=1400  N=1409  holderDeg=-1  probe(ttl4/6/8/12)=0/0/0/0 of 20
t=1600  N=1609  holderDeg=-1  probe(ttl4/6/8/12)=0/0/0/0 of 20
t=1600  N=1609  holderDeg=-1  probe(ttl4/6/8/12)=0/0/0/0 of 20
t=1600  N=1609  holderDeg=-1  probe(ttl4/6/8/12)=0/0/0/0 of 20
t=1800  N=1809  holderDeg=-1  probe(ttl4/6/8/12)=0/0/0/0 of 20
t=1800  N=1809  holderDeg=-1  probe(ttl4/6/8/12)=0/0/0/0 of 20
t=1800  N=1809  holderDeg=-1  probe(ttl4/6/8/12)=0/0/0/0 of 20
t=1800  N=1809  holderDeg=-1  probe(ttl4/6/8/12)=0/0/0/0 of 20
t=1600  N=1609  holderDeg=-1  probe(ttl4/6/8/12)=0/0/0/0 of 20
t=1800  N=1809  holderDeg=-1  probe(ttl4/6/8/12)=0/0/0/0 of 20
t=2000  N=2009  holderDeg=-1  probe(ttl4/6/8/12)=0/0/0/0 of 20
t=2000  N=2009  holderDeg=-1  probe(ttl4/6/8/12)=0/0/0/0 of 20
t=2000  N=2009  holderDeg=-1  probe(ttl4/6/8/12)=0/0/0/0 of 20
t=1800  N=1809  holderDeg=-1  probe(ttl4/6/8/12)=0/0/0/0 of 20
t=2000  N=2009  holderDeg=-1  probe(ttl4/6/8/12)=0/0/0/0 of 20
t=2000  N=2009  holderDeg=-1  probe(ttl4/6/8/12)=0/0/0/0 of 20
t=2200  N=2209  holderDeg=-1  probe(ttl4/6/8/12)=0/0/0/0 of 20
t=2200  N=2209  holderDeg=-1  probe(ttl4/6/8/12)=0/0/0/0 of 20
t=2000  N=2009  holderDeg=-1  probe(ttl4/6/8/12)=0/0/0/0 of 20
t=2200  N=2209  holderDeg=-1  probe(ttl4/6/8/12)=0/0/0/0 of 20
t=2200  N=2209  holderDeg=-1  probe(ttl4/6/8/12)=0/0/0/0 of 20
t=2200  N=2209  holderDeg=-1  probe(ttl4/6/8/12)=0/0/0/0 of 20
t=2400  N=2409  holderDeg=-1  probe(ttl4/6/8/12)=0/0/0/0 of 20
t=2400  N=2409  holderDeg=-1  probe(ttl4/6/8/12)=0/0/0/0 of 20
t=2400  N=2409  holderDeg=-1  probe(ttl4/6/8/12)=0/0/0/0 of 20
t=2400  N=2409  holderDeg=-1  probe(ttl4/6/8/12)=0/0/0/0 of 20
t=2400  N=2409  holderDeg=-1  probe(ttl4/6/8/12)=0/0/0/0 of 20
t=2200  N=2209  holderDeg=-1  probe(ttl4/6/8/12)=0/0/0/0 of 20
t=2600  N=2609  holderDeg=-1  probe(ttl4/6/8/12)=0/0/0/0 of 20
t=2600  N=2609  holderDeg=-1  probe(ttl4/6/8/12)=0/0/0/0 of 20
t=2600  N=2609  holderDeg=-1  probe(ttl4/6/8/12)=0/0/0/0 of 20
t=2600  N=2609  holderDeg=-1  probe(ttl4/6/8/12)=0/0/0/0 of 20
t=2400  N=2409  holderDeg=-1  probe(ttl4/6/8/12)=0/0/0/0 of 20
t=2600  N=2609  holderDeg=-1  probe(ttl4/6/8/12)=0/0/0/0 of 20
t=2800  N=2809  holderDeg=-1  probe(ttl4/6/8/12)=0/0/0/0 of 20
t=2800  N=2809  holderDeg=-1  probe(ttl4/6/8/12)=0/0/0/0 of 20
t=2800  N=2809  holderDeg=-1  probe(ttl4/6/8/12)=0/0/0/0 of 20
t=2600  N=2609  holderDeg=-1  probe(ttl4/6/8/12)=0/0/0/0 of 20
t=2800  N=2809  holderDeg=-1  probe(ttl4/6/8/12)=0/0/0/0 of 20
t=2800  N=2809  holderDeg=-1  probe(ttl4/6/8/12)=0/0/0/0 of 20
t=3000  N=3009  holderDeg=3  probe(ttl4/6/8/12)=1/2/5/9 of 20
t=3000  N=3009  holderDeg=3  probe(ttl4/6/8/12)=1/2/5/9 of 20
t=2800  N=2809  holderDeg=-1  probe(ttl4/6/8/12)=0/0/0/0 of 20
t=3000  N=3009  holderDeg=3  probe(ttl4/6/8/12)=0/2/2/2 of 20
t=3000  N=3009  holderDeg=3  probe(ttl4/6/8/12)=1/1/6/11 of 20
t=3200  N=3209  holderDeg=3  probe(ttl4/6/8/12)=0/1/6/6 of 20
t=3000  N=3009  holderDeg=3  probe(ttl4/6/8/12)=1/0/4/10 of 20
t=3200  N=3209  holderDeg=3  probe(ttl4/6/8/12)=0/1/6/6 of 20
t=3000  N=3009  holderDeg=3  probe(ttl4/6/8/12)=0/2/3/13 of 20
t=3200  N=3209  holderDeg=3  probe(ttl4/6/8/12)=1/0/3/3 of 20
t=3200  N=3209  holderDeg=3  probe(ttl4/6/8/12)=0/2/7/17 of 20
t=3400  N=3409  holderDeg=3  probe(ttl4/6/8/12)=0/1/4/6 of 20
t=3200  N=3209  holderDeg=3  probe(ttl4/6/8/12)=1/3/6/8 of 20
t=3200  N=3209  holderDeg=3  probe(ttl4/6/8/12)=0/3/4/9 of 20
t=3400  N=3409  holderDeg=3  probe(ttl4/6/8/12)=0/1/4/6 of 20
t=3400  N=3409  holderDeg=3  probe(ttl4/6/8/12)=1/0/3/8 of 20
t=3400  N=3409  holderDeg=3  probe(ttl4/6/8/12)=1/2/8/14 of 20
t=3600  N=3609  holderDeg=3  probe(ttl4/6/8/12)=0/2/5/6 of 20
t=3400  N=3409  holderDeg=3  probe(ttl4/6/8/12)=0/2/7/7 of 20
t=3400  N=3409  holderDeg=3  probe(ttl4/6/8/12)=0/5/5/4 of 20
t=3600  N=3609  holderDeg=3  probe(ttl4/6/8/12)=0/2/5/6 of 20
t=3600  N=3609  holderDeg=3  probe(ttl4/6/8/12)=0/1/3/7 of 20
t=3600  N=3609  holderDeg=3  probe(ttl4/6/8/12)=0/2/6/14 of 20
t=3800  N=3809  holderDeg=3  probe(ttl4/6/8/12)=0/2/6/7 of 20
t=3800  N=3809  holderDeg=3  probe(ttl4/6/8/12)=1/0/2/5 of 20
t=3600  N=3609  holderDeg=3  probe(ttl4/6/8/12)=0/0/7/3 of 20
t=3800  N=3809  holderDeg=3  probe(ttl4/6/8/12)=0/2/6/7 of 20
t=4000  N=4009  holderDeg=3  probe(ttl4/6/8/12)=0/0/5/9 of 20
t=3800  N=3809  holderDeg=3  probe(ttl4/6/8/12)=0/0/4/14 of 20
t=3600  N=3609  holderDeg=3  probe(ttl4/6/8/12)=0/1/8/6 of 20
t=3800  N=3809  holderDeg=3  probe(ttl4/6/8/12)=0/2/4/6 of 20
t=4000  N=4009  holderDeg=3  probe(ttl4/6/8/12)=0/0/5/9 of 20
t=4000  N=4009  holderDeg=3  probe(ttl4/6/8/12)=1/2/2/7 of 20
t=4000  N=4009  holderDeg=3  probe(ttl4/6/8/12)=0/2/7/5 of 20
t=3800  N=3809  holderDeg=3  probe(ttl4/6/8/12)=0/3/6/5 of 20
t=4200  N=4209  holderDeg=3  probe(ttl4/6/8/12)=0/2/6/6 of 20
t=4000  N=4009  holderDeg=3  probe(ttl4/6/8/12)=0/2/2/3 of 20
t=4200  N=4209  holderDeg=3  probe(ttl4/6/8/12)=1/0/6/7 of 20
t=4200  N=4209  holderDeg=3  probe(ttl4/6/8/12)=0/2/6/6 of 20
t=4200  N=4209  holderDeg=3  probe(ttl4/6/8/12)=1/0/4/9 of 20
t=4400  N=4409  holderDeg=3  probe(ttl4/6/8/12)=0/1/7/5 of 20
t=4200  N=4209  holderDeg=3  probe(ttl4/6/8/12)=0/3/0/4 of 20
t=4000  N=4009  holderDeg=3  probe(ttl4/6/8/12)=0/3/4/7 of 20
t=4400  N=4409  holderDeg=3  probe(ttl4/6/8/12)=0/1/7/5 of 20
t=4400  N=4409  holderDeg=5  probe(ttl4/6/8/12)=0/2/5/11 of 20
t=4400  N=4409  holderDeg=3  probe(ttl4/6/8/12)=1/0/3/8 of 20
t=4200  N=4209  holderDeg=3  probe(ttl4/6/8/12)=1/3/1/4 of 20
t=4600  N=4609  holderDeg=3  probe(ttl4/6/8/12)=0/0/6/4 of 20
t=4400  N=4409  holderDeg=5  probe(ttl4/6/8/12)=0/4/9/11 of 20
t=4600  N=4609  holderDeg=7  probe(ttl4/6/8/12)=1/5/9/11 of 20
t=4600  N=4609  holderDeg=3  probe(ttl4/6/8/12)=0/0/6/4 of 20
t=4400  N=4409  holderDeg=3  probe(ttl4/6/8/12)=0/1/5/7 of 20
t=4600  N=4609  holderDeg=3  probe(ttl4/6/8/12)=0/1/1/2 of 20
t=4800  N=4809  holderDeg=9  probe(ttl4/6/8/12)=1/4/12/17 of 20
t=4800  N=4809  holderDeg=3  probe(ttl4/6/8/12)=0/2/8/6 of 20
t=4600  N=4609  holderDeg=7  probe(ttl4/6/8/12)=0/5/8/17 of 20
t=4600  N=4609  holderDeg=5  probe(ttl4/6/8/12)=3/3/9/14 of 20
t=4800  N=4809  holderDeg=3  probe(ttl4/6/8/12)=0/1/4/3 of 20
t=4800  N=4809  holderDeg=3  probe(ttl4/6/8/12)=0/2/8/6 of 20
t=5000  N=5009  holderDeg=3  probe(ttl4/6/8/12)=0/2/5/8 of 20
t=4800  N=4809  holderDeg=7  probe(ttl4/6/8/12)=1/5/9/11 of 20
t=5000  N=5009  holderDeg=11  probe(ttl4/6/8/12)=2/5/13/16 of 20
t=5000  N=5009  holderDeg=3  probe(ttl4/6/8/12)=0/2/5/8 of 20
t=5000  N=5009  holderDeg=3  probe(ttl4/6/8/12)=0/0/3/3 of 20
t=5200  N=5209  holderDeg=3  probe(ttl4/6/8/12)=0/6/3/7 of 20
t=4800  N=4809  holderDeg=9  probe(ttl4/6/8/12)=0/2/12/14 of 20
t=5000  N=5009  holderDeg=9  probe(ttl4/6/8/12)=0/2/6/16 of 20
t=5200  N=5209  holderDeg=13  probe(ttl4/6/8/12)=1/2/13/18 of 20
t=5200  N=5209  holderDeg=3  probe(ttl4/6/8/12)=0/6/3/7 of 20
t=5200  N=5209  holderDeg=3  probe(ttl4/6/8/12)=0/1/2/1 of 20
t=5400  N=5409  holderDeg=3  probe(ttl4/6/8/12)=0/1/5/10 of 20
t=5000  N=5009  holderDeg=11  probe(ttl4/6/8/12)=2/9/11/18 of 20
t=5200  N=5209  holderDeg=11  probe(ttl4/6/8/12)=1/8/10/15 of 20
t=5400  N=5409  holderDeg=3  probe(ttl4/6/8/12)=0/1/5/10 of 20
t=5400  N=5409  holderDeg=17  probe(ttl4/6/8/12)=1/7/17/20 of 20
t=5400  N=5409  holderDeg=3  probe(ttl4/6/8/12)=0/4/5/4 of 20
t=5600  N=5609  holderDeg=3  probe(ttl4/6/8/12)=0/1/1/4 of 20
t=5400  N=5409  holderDeg=13  probe(ttl4/6/8/12)=1/5/13/20 of 20
t=5600  N=5609  holderDeg=3  probe(ttl4/6/8/12)=0/1/1/4 of 20
t=5600  N=5609  holderDeg=19  probe(ttl4/6/8/12)=2/10/16/20 of 20
t=5600  N=5609  holderDeg=3  probe(ttl4/6/8/12)=0/3/2/1 of 20
t=5800  N=5809  holderDeg=3  probe(ttl4/6/8/12)=1/1/4/10 of 20
t=5200  N=5209  holderDeg=13  probe(ttl4/6/8/12)=1/3/12/19 of 20
t=5800  N=5809  holderDeg=22  probe(ttl4/6/8/12)=1/9/19/20 of 20
t=5800  N=5809  holderDeg=3  probe(ttl4/6/8/12)=1/1/4/10 of 20
t=6000  N=6009  holderDeg=3  probe(ttl4/6/8/12)=0/0/3/4 of 20
t=5600  N=5609  holderDeg=15  probe(ttl4/6/8/12)=1/4/11/19 of 20
t=5800  N=5809  holderDeg=3  probe(ttl4/6/8/12)=1/2/5/4 of 20
t=6000  N=6009  holderDeg=3  probe(ttl4/6/8/12)=0/0/3/4 of 20
t=6000  N=6009  holderDeg=25  probe(ttl4/6/8/12)=1/10/15/20 of 20
t=5400  N=5409  holderDeg=15  probe(ttl4/6/8/12)=0/5/12/20 of 20
t=5800  N=5809  holderDeg=17  probe(ttl4/6/8/12)=1/3/12/19 of 20
t=6200  N=6209  holderDeg=3  probe(ttl4/6/8/12)=1/0/5/1 of 20
t=6000  N=6009  holderDeg=3  probe(ttl4/6/8/12)=1/1/4/3 of 20
t=6200  N=6209  holderDeg=3  probe(ttl4/6/8/12)=1/0/5/1 of 20
t=5600  N=5609  holderDeg=17  probe(ttl4/6/8/12)=1/6/12/20 of 20
t=6000  N=6009  holderDeg=21  probe(ttl4/6/8/12)=3/4/16/20 of 20
t=6200  N=6209  holderDeg=27  probe(ttl4/6/8/12)=2/13/17/20 of 20
t=6400  N=6409  holderDeg=3  probe(ttl4/6/8/12)=1/0/4/4 of 20
t=6200  N=6209  holderDeg=23  probe(ttl4/6/8/12)=2/10/19/19 of 20
t=6400  N=6409  holderDeg=3  probe(ttl4/6/8/12)=1/0/4/4 of 20
t=6200  N=6209  holderDeg=3  probe(ttl4/6/8/12)=0/0/4/8 of 20
t=6400  N=6409  holderDeg=29  probe(ttl4/6/8/12)=1/6/19/20 of 20
t=5800  N=5809  holderDeg=19  probe(ttl4/6/8/12)=2/4/14/20 of 20
t=6600  N=6609  holderDeg=3  probe(ttl4/6/8/12)=0/1/5/9 of 20
t=6600  N=6609  holderDeg=3  probe(ttl4/6/8/12)=0/1/5/9 of 20
t=6000  N=6009  holderDeg=22  probe(ttl4/6/8/12)=0/7/13/20 of 20
t=6600  N=6609  holderDeg=33  probe(ttl4/6/8/12)=2/11/16/20 of 20
t=6800  N=6809  holderDeg=3  probe(ttl4/6/8/12)=0/1/5/12 of 20
t=6400  N=6409  holderDeg=25  probe(ttl4/6/8/12)=2/7/16/20 of 20
t=6400  N=6409  holderDeg=3  probe(ttl4/6/8/12)=1/2/4/6 of 20
t=6800  N=6809  holderDeg=3  probe(ttl4/6/8/12)=0/1/5/12 of 20
t=6800  N=6809  holderDeg=37  probe(ttl4/6/8/12)=2/8/19/20 of 20
t=6200  N=6209  holderDeg=24  probe(ttl4/6/8/12)=0/5/18/20 of 20
t=7000  N=7009  holderDeg=3  probe(ttl4/6/8/12)=1/0/6/11 of 20
t=6600  N=6609  holderDeg=3  probe(ttl4/6/8/12)=0/2/4/10 of 20
t=7000  N=7009  holderDeg=3  probe(ttl4/6/8/12)=1/0/6/11 of 20
t=7000  N=7009  holderDeg=39  probe(ttl4/6/8/12)=0/10/16/20 of 20
t=6400  N=6409  holderDeg=26  probe(ttl4/6/8/12)=1/6/15/20 of 20
t=6800  N=6809  holderDeg=3  probe(ttl4/6/8/12)=0/0/1/10 of 20
t=7200  N=7209  holderDeg=3  probe(ttl4/6/8/12)=0/2/3/9 of 20
t=6600  N=6609  holderDeg=27  probe(ttl4/6/8/12)=2/5/16/20 of 20
t=7200  N=7209  holderDeg=43  probe(ttl4/6/8/12)=3/6/19/20 of 20
t=7200  N=7209  holderDeg=3  probe(ttl4/6/8/12)=0/2/3/9 of 20
t=6600  N=6609  holderDeg=28  probe(ttl4/6/8/12)=0/9/19/20 of 20
t=7000  N=7009  holderDeg=3  probe(ttl4/6/8/12)=0/0/5/8 of 20
t=7400  N=7409  holderDeg=3  probe(ttl4/6/8/12)=0/3/4/13 of 20
t=6800  N=6809  holderDeg=29  probe(ttl4/6/8/12)=0/10/16/20 of 20
t=7400  N=7409  holderDeg=45  probe(ttl4/6/8/12)=2/12/18/20 of 20
t=6800  N=6809  holderDeg=30  probe(ttl4/6/8/12)=2/10/19/20 of 20
t=7400  N=7409  holderDeg=3  probe(ttl4/6/8/12)=0/3/4/13 of 20
t=7200  N=7209  holderDeg=3  probe(ttl4/6/8/12)=0/2/4/9 of 20
t=7600  N=7609  holderDeg=3  probe(ttl4/6/8/12)=0/0/5/10 of 20
t=7000  N=7009  holderDeg=32  probe(ttl4/6/8/12)=0/6/19/20 of 20
t=7600  N=7609  holderDeg=3  probe(ttl4/6/8/12)=0/0/5/10 of 20
t=7400  N=7409  holderDeg=3  probe(ttl4/6/8/12)=0/0/5/10 of 20
t=7600  N=7609  holderDeg=48  probe(ttl4/6/8/12)=2/12/19/20 of 20
t=7000  N=7009  holderDeg=32  probe(ttl4/6/8/12)=1/13/19/20 of 20
t=7800  N=7809  holderDeg=3  probe(ttl4/6/8/12)=0/1/0/13 of 20
t=7200  N=7209  holderDeg=36  probe(ttl4/6/8/12)=0/5/18/20 of 20
t=7800  N=7809  holderDeg=3  probe(ttl4/6/8/12)=0/1/0/13 of 20
t=7600  N=7609  holderDeg=3  probe(ttl4/6/8/12)=0/1/6/12 of 20
t=7200  N=7209  holderDeg=34  probe(ttl4/6/8/12)=3/11/19/20 of 20
t=7800  N=7809  holderDeg=50  probe(ttl4/6/8/12)=2/14/19/20 of 20
t=8000  N=8009  holderDeg=3  probe(ttl4/6/8/12)=0/0/4/12 of 20
t=7400  N=7409  holderDeg=39  probe(ttl4/6/8/12)=2/8/18/20 of 20
t=7800  N=7809  holderDeg=3  probe(ttl4/6/8/12)=0/1/3/10 of 20
t=8000  N=8009  holderDeg=5  probe(ttl4/6/8/12)=0/3/7/15 of 20
t=8000  N=8009  holderDeg=52  probe(ttl4/6/8/12)=2/10/20/20 of 20
t=7400  N=7409  holderDeg=36  probe(ttl4/6/8/12)=1/11/19/20 of 20
t=8200  N=8209  holderDeg=3  probe(ttl4/6/8/12)=0/0/5/8 of 20
t=7600  N=7609  holderDeg=42  probe(ttl4/6/8/12)=2/5/19/20 of 20
t=8000  N=8009  holderDeg=3  probe(ttl4/6/8/12)=0/0/3/11 of 20
t=7600  N=7609  holderDeg=38  probe(ttl4/6/8/12)=4/8/20/20 of 20
t=8200  N=8209  holderDeg=7  probe(ttl4/6/8/12)=2/3/5/19 of 20
t=8200  N=8209  holderDeg=54  probe(ttl4/6/8/12)=3/14/19/20 of 20
t=8400  N=8409  holderDeg=3  probe(ttl4/6/8/12)=0/1/5/10 of 20
t=7800  N=7809  holderDeg=44  probe(ttl4/6/8/12)=2/7/20/20 of 20
t=8400  N=8409  holderDeg=57  probe(ttl4/6/8/12)=1/14/20/20 of 20
t=8200  N=8209  holderDeg=3  probe(ttl4/6/8/12)=2/0/3/11 of 20
t=8600  N=8609  holderDeg=3  probe(ttl4/6/8/12)=1/1/4/14 of 20
t=8400  N=8409  holderDeg=9  probe(ttl4/6/8/12)=0/2/11/16 of 20
t=8000  N=8009  holderDeg=47  probe(ttl4/6/8/12)=1/12/18/20 of 20
t=7800  N=7809  holderDeg=40  probe(ttl4/6/8/12)=1/10/19/20 of 20
t=8600  N=8609  holderDeg=59  probe(ttl4/6/8/12)=3/11/20/20 of 20
t=8800  N=8809  holderDeg=3  probe(ttl4/6/8/12)=0/1/5/10 of 20
t=8400  N=8409  holderDeg=3  probe(ttl4/6/8/12)=0/3/1/8 of 20
t=8600  N=8609  holderDeg=11  probe(ttl4/6/8/12)=0/2/10/15 of 20
t=8200  N=8209  holderDeg=51  probe(ttl4/6/8/12)=3/13/18/20 of 20
t=8000  N=8009  holderDeg=42  probe(ttl4/6/8/12)=1/7/18/20 of 20
t=8800  N=8809  holderDeg=63  probe(ttl4/6/8/12)=2/14/20/20 of 20
t=8400  N=8409  holderDeg=54  probe(ttl4/6/8/12)=1/10/19/20 of 20
t=8200  N=8209  holderDeg=45  probe(ttl4/6/8/12)=1/15/20/20 of 20
t=8800  N=8809  holderDeg=13  probe(ttl4/6/8/12)=0/2/11/20 of 20
t=9000  N=9009  holderDeg=66  probe(ttl4/6/8/12)=5/11/20/20 of 20
t=8600  N=8609  holderDeg=3  probe(ttl4/6/8/12)=0/2/1/8 of 20
t=8600  N=8609  holderDeg=57  probe(ttl4/6/8/12)=1/15/20/20 of 20
t=9000  N=9009  holderDeg=3  probe(ttl4/6/8/12)=1/1/4/10 of 20
t=9000  N=9009  holderDeg=15  probe(ttl4/6/8/12)=1/1/14/20 of 20
t=8400  N=8409  holderDeg=47  probe(ttl4/6/8/12)=2/11/19/20 of 20
t=9200  N=9209  holderDeg=69  probe(ttl4/6/8/12)=3/13/20/20 of 20
t=8800  N=8809  holderDeg=59  probe(ttl4/6/8/12)=3/10/19/20 of 20
t=8800  N=8809  holderDeg=3  probe(ttl4/6/8/12)=0/0/3/4 of 20
t=9200  N=9209  holderDeg=17  probe(ttl4/6/8/12)=0/5/13/18 of 20
t=9200  N=9209  holderDeg=3  probe(ttl4/6/8/12)=0/0/4/6 of 20
t=8600  N=8609  holderDeg=49  probe(ttl4/6/8/12)=1/9/20/20 of 20
t=9000  N=9009  holderDeg=62  probe(ttl4/6/8/12)=2/11/20/20 of 20
t=9000  N=9009  holderDeg=3  probe(ttl4/6/8/12)=0/1/2/5 of 20
t=9400  N=9409  holderDeg=72  probe(ttl4/6/8/12)=2/12/20/20 of 20
t=9400  N=9409  holderDeg=3  probe(ttl4/6/8/12)=0/1/0/8 of 20
t=9400  N=9409  holderDeg=19  probe(ttl4/6/8/12)=0/4/13/20 of 20
t=8800  N=8809  holderDeg=51  probe(ttl4/6/8/12)=0/9/18/20 of 20
t=9200  N=9209  holderDeg=64  probe(ttl4/6/8/12)=2/9/20/20 of 20
t=9200  N=9209  holderDeg=3  probe(ttl4/6/8/12)=0/1/1/9 of 20
t=9600  N=9609  holderDeg=74  probe(ttl4/6/8/12)=1/12/20/20 of 20
t=9000  N=9009  holderDeg=53  probe(ttl4/6/8/12)=1/10/20/20 of 20
t=9600  N=9609  holderDeg=3  probe(ttl4/6/8/12)=0/0/1/12 of 20
t=9800  N=9809  holderDeg=79  probe(ttl4/6/8/12)=1/12/19/20 of 20
t=9400  N=9409  holderDeg=3  probe(ttl4/6/8/12)=0/0/6/10 of 20
t=9200  N=9209  holderDeg=57  probe(ttl4/6/8/12)=3/12/19/20 of 20
t=9400  N=9409  holderDeg=66  probe(ttl4/6/8/12)=4/11/19/20 of 20
t=9600  N=9609  holderDeg=21  probe(ttl4/6/8/12)=1/7/13/19 of 20
t=9800  N=9809  holderDeg=3  probe(ttl4/6/8/12)=0/4/1/8 of 20
t=10000  N=10009  holderDeg=81  probe(ttl4/6/8/12)=1/15/20/20 of 20
t=9600  N=9609  holderDeg=3  probe(ttl4/6/8/12)=0/1/1/9 of 20
t=9400  N=9409  holderDeg=59  probe(ttl4/6/8/12)=1/8/19/20 of 20
t=9800  N=9809  holderDeg=23  probe(ttl4/6/8/12)=0/3/14/20 of 20
t=9600  N=9609  holderDeg=70  probe(ttl4/6/8/12)=2/14/20/20 of 20
t=10000  N=10009  holderDeg=3  probe(ttl4/6/8/12)=1/1/2/10 of 20
t=9800  N=9809  holderDeg=3  probe(ttl4/6/8/12)=0/0/3/8 of 20
t=9600  N=9609  holderDeg=62  probe(ttl4/6/8/12)=3/12/20/20 of 20
t=10000  N=10009  holderDeg=25  probe(ttl4/6/8/12)=0/5/17/18 of 20
t=9800  N=9809  holderDeg=75  probe(ttl4/6/8/12)=0/12/19/20 of 20
t=10200  N=10209  holderDeg=3  probe(ttl4/6/8/12)=0/1/3/4 of 20
t=10000  N=10009  holderDeg=3  probe(ttl4/6/8/12)=2/0/3/7 of 20
t=10200  N=10209  holderDeg=83  probe(ttl4/6/8/12)=4/14/20/20 of 20
t=10000  N=10009  holderDeg=77  probe(ttl4/6/8/12)=2/11/19/20 of 20
t=9800  N=9809  holderDeg=65  probe(ttl4/6/8/12)=4/8/20/20 of 20
t=10400  N=10409  holderDeg=3  probe(ttl4/6/8/12)=0/2/2/12 of 20
t=10200  N=10209  holderDeg=3  probe(ttl4/6/8/12)=0/0/1/10 of 20
t=10200  N=10209  holderDeg=27  probe(ttl4/6/8/12)=0/7/18/20 of 20
t=10400  N=10409  holderDeg=85  probe(ttl4/6/8/12)=4/18/20/20 of 20
t=10000  N=10009  holderDeg=67  probe(ttl4/6/8/12)=4/10/20/20 of 20
t=10200  N=10209  holderDeg=81  probe(ttl4/6/8/12)=4/10/20/20 of 20
t=10600  N=10609  holderDeg=3  probe(ttl4/6/8/12)=0/0/4/10 of 20
t=10400  N=10409  holderDeg=29  probe(ttl4/6/8/12)=2/5/15/19 of 20
t=10600  N=10609  holderDeg=89  probe(ttl4/6/8/12)=4/16/19/20 of 20
t=10200  N=10209  holderDeg=70  probe(ttl4/6/8/12)=2/15/20/20 of 20
t=10800  N=10809  holderDeg=3  probe(ttl4/6/8/12)=0/2/0/11 of 20
t=10400  N=10409  holderDeg=86  probe(ttl4/6/8/12)=2/16/19/20 of 20
t=10400  N=10409  holderDeg=3  probe(ttl4/6/8/12)=0/1/1/10 of 20
t=10600  N=10609  holderDeg=31  probe(ttl4/6/8/12)=1/4/16/20 of 20
t=10800  N=10809  holderDeg=93  probe(ttl4/6/8/12)=2/11/19/20 of 20
t=11000  N=11009  holderDeg=3  probe(ttl4/6/8/12)=1/1/2/11 of 20
t=10600  N=10609  holderDeg=89  probe(ttl4/6/8/12)=1/13/20/20 of 20
t=10400  N=10409  holderDeg=72  probe(ttl4/6/8/12)=7/10/20/20 of 20
t=10600  N=10609  holderDeg=3  probe(ttl4/6/8/12)=0/0/2/4 of 20
t=10800  N=10809  holderDeg=33  probe(ttl4/6/8/12)=1/8/16/20 of 20
t=11000  N=11009  holderDeg=97  probe(ttl4/6/8/12)=3/14/19/20 of 20
t=11200  N=11209  holderDeg=3  probe(ttl4/6/8/12)=0/0/2/7 of 20
t=10600  N=10609  holderDeg=74  probe(ttl4/6/8/12)=4/10/19/20 of 20
t=10800  N=10809  holderDeg=93  probe(ttl4/6/8/12)=3/14/20/20 of 20
t=10800  N=10809  holderDeg=3  probe(ttl4/6/8/12)=0/0/3/8 of 20
t=11000  N=11009  holderDeg=36  probe(ttl4/6/8/12)=1/7/19/20 of 20
t=10800  N=10809  holderDeg=77  probe(ttl4/6/8/12)=2/8/20/20 of 20
t=11400  N=11409  holderDeg=3  probe(ttl4/6/8/12)=0/0/2/7 of 20
t=11200  N=11209  holderDeg=100  probe(ttl4/6/8/12)=3/13/20/20 of 20
t=11000  N=11009  holderDeg=3  probe(ttl4/6/8/12)=0/0/5/9 of 20
t=11000  N=11009  holderDeg=98  probe(ttl4/6/8/12)=5/14/19/20 of 20
t=11200  N=11209  holderDeg=38  probe(ttl4/6/8/12)=0/7/17/20 of 20
t=11000  N=11009  holderDeg=80  probe(ttl4/6/8/12)=3/13/20/20 of 20
t=11600  N=11609  holderDeg=3  probe(ttl4/6/8/12)=1/0/2/9 of 20
t=11400  N=11409  holderDeg=105  probe(ttl4/6/8/12)=2/17/20/20 of 20
t=11200  N=11209  holderDeg=101  probe(ttl4/6/8/12)=5/13/19/20 of 20
t=11400  N=11409  holderDeg=40  probe(ttl4/6/8/12)=1/9/18/20 of 20
t=11800  N=11809  holderDeg=3  probe(ttl4/6/8/12)=0/1/1/8 of 20
t=11200  N=11209  holderDeg=82  probe(ttl4/6/8/12)=3/9/20/20 of 20
t=11600  N=11609  holderDeg=108  probe(ttl4/6/8/12)=2/10/20/20 of 20
t=11600  N=11609  holderDeg=42  probe(ttl4/6/8/12)=1/11/19/20 of 20
t=11400  N=11409  holderDeg=103  probe(ttl4/6/8/12)=3/16/20/20 of 20
t=12000  N=12009  holderDeg=3  probe(ttl4/6/8/12)=0/1/2/8 of 20
t=11400  N=11409  holderDeg=84  probe(ttl4/6/8/12)=5/9/20/20 of 20
t=11200  N=11209  holderDeg=3  probe(ttl4/6/8/12)=0/1/2/7 of 20
t=11800  N=11809  holderDeg=43  probe(ttl4/6/8/12)=0/8/20/19 of 20
t=11600  N=11609  holderDeg=105  probe(ttl4/6/8/12)=2/11/20/20 of 20
t=11800  N=11809  holderDeg=111  probe(ttl4/6/8/12)=4/13/20/20 of 20
t=11400  N=11409  holderDeg=3  probe(ttl4/6/8/12)=0/2/2/6 of 20
t=11600  N=11609  holderDeg=87  probe(ttl4/6/8/12)=2/10/20/20 of 20
t=12200  N=12209  holderDeg=3  probe(ttl4/6/8/12)=0/0/2/6 of 20
t=12000  N=12009  holderDeg=114  probe(ttl4/6/8/12)=1/10/20/20 of 20
t=11800  N=11809  holderDeg=108  probe(ttl4/6/8/12)=0/14/20/20 of 20
t=11800  N=11809  holderDeg=90  probe(ttl4/6/8/12)=2/13/20/20 of 20
t=12400  N=12409  holderDeg=3  probe(ttl4/6/8/12)=1/0/5/4 of 20
t=12000  N=12009  holderDeg=45  probe(ttl4/6/8/12)=1/6/17/20 of 20
t=11600  N=11609  holderDeg=3  probe(ttl4/6/8/12)=0/0/3/9 of 20
t=12200  N=12209  holderDeg=119  probe(ttl4/6/8/12)=7/14/20/20 of 20
t=12000  N=12009  holderDeg=112  probe(ttl4/6/8/12)=3/12/20/20 of 20
t=12200  N=12209  holderDeg=47  probe(ttl4/6/8/12)=1/12/20/20 of 20
t=11800  N=11809  holderDeg=3  probe(ttl4/6/8/12)=0/0/1/6 of 20
t=12000  N=12009  holderDeg=92  probe(ttl4/6/8/12)=4/12/20/20 of 20
t=12200  N=12209  holderDeg=114  probe(ttl4/6/8/12)=0/14/20/20 of 20
t=12600  N=12609  holderDeg=3  probe(ttl4/6/8/12)=0/0/1/4 of 20
t=12400  N=12409  holderDeg=50  probe(ttl4/6/8/12)=3/8/19/20 of 20
t=12000  N=12009  holderDeg=3  probe(ttl4/6/8/12)=0/0/0/6 of 20
t=12200  N=12209  holderDeg=95  probe(ttl4/6/8/12)=4/14/20/20 of 20
t=12400  N=12409  holderDeg=122  probe(ttl4/6/8/12)=6/15/20/20 of 20
t=12800  N=12809  holderDeg=3  probe(ttl4/6/8/12)=0/1/3/5 of 20
t=12400  N=12409  holderDeg=97  probe(ttl4/6/8/12)=2/16/20/20 of 20
t=12200  N=12209  holderDeg=3  probe(ttl4/6/8/12)=0/0/2/4 of 20
t=12400  N=12409  holderDeg=117  probe(ttl4/6/8/12)=0/12/20/20 of 20
t=13000  N=13009  holderDeg=3  probe(ttl4/6/8/12)=1/2/2/12 of 20
t=12600  N=12609  holderDeg=99  probe(ttl4/6/8/12)=4/14/20/20 of 20
t=12600  N=12609  holderDeg=121  probe(ttl4/6/8/12)=0/16/20/20 of 20
t=12600  N=12609  holderDeg=127  probe(ttl4/6/8/12)=2/12/20/20 of 20
t=12400  N=12409  holderDeg=3  probe(ttl4/6/8/12)=0/0/5/3 of 20
t=12600  N=12609  holderDeg=52  probe(ttl4/6/8/12)=0/8/15/20 of 20
t=13200  N=13209  holderDeg=3  probe(ttl4/6/8/12)=1/1/2/9 of 20
t=12800  N=12809  holderDeg=123  probe(ttl4/6/8/12)=4/15/19/20 of 20
t=12800  N=12809  holderDeg=129  probe(ttl4/6/8/12)=3/16/20/20 of 20
t=12600  N=12609  holderDeg=3  probe(ttl4/6/8/12)=0/1/2/2 of 20
t=12800  N=12809  holderDeg=102  probe(ttl4/6/8/12)=1/13/20/20 of 20
t=13000  N=13009  holderDeg=125  probe(ttl4/6/8/12)=2/14/20/20 of 20
t=13400  N=13409  holderDeg=3  probe(ttl4/6/8/12)=0/0/1/8 of 20
t=12800  N=12809  holderDeg=55  probe(ttl4/6/8/12)=1/14/18/20 of 20
t=13000  N=13009  holderDeg=131  probe(ttl4/6/8/12)=6/14/20/20 of 20
t=12800  N=12809  holderDeg=3  probe(ttl4/6/8/12)=0/0/2/7 of 20
t=13000  N=13009  holderDeg=104  probe(ttl4/6/8/12)=2/12/20/20 of 20
t=13000  N=13009  holderDeg=57  probe(ttl4/6/8/12)=2/15/19/20 of 20
t=13200  N=13209  holderDeg=134  probe(ttl4/6/8/12)=2/12/20/20 of 20
t=13600  N=13609  holderDeg=3  probe(ttl4/6/8/12)=0/0/2/12 of 20
t=13000  N=13009  holderDeg=3  probe(ttl4/6/8/12)=0/1/0/6 of 20
t=13200  N=13209  holderDeg=128  probe(ttl4/6/8/12)=2/16/20/20 of 20
t=13200  N=13209  holderDeg=107  probe(ttl4/6/8/12)=2/15/20/20 of 20
t=13200  N=13209  holderDeg=59  probe(ttl4/6/8/12)=2/9/17/20 of 20
t=13400  N=13409  holderDeg=136  probe(ttl4/6/8/12)=3/13/20/20 of 20
t=13800  N=13809  holderDeg=3  probe(ttl4/6/8/12)=0/0/3/8 of 20
t=13200  N=13209  holderDeg=3  probe(ttl4/6/8/12)=0/0/3/10 of 20
t=13400  N=13409  holderDeg=109  probe(ttl4/6/8/12)=4/14/20/20 of 20
t=13600  N=13609  holderDeg=141  probe(ttl4/6/8/12)=5/17/20/20 of 20
t=13400  N=13409  holderDeg=131  probe(ttl4/6/8/12)=5/15/20/20 of 20
t=14000  N=14009  holderDeg=3  probe(ttl4/6/8/12)=0/1/4/5 of 20
t=13400  N=13409  holderDeg=3  probe(ttl4/6/8/12)=1/0/2/9 of 20
t=13600  N=13609  holderDeg=112  probe(ttl4/6/8/12)=6/15/19/20 of 20
t=13800  N=13809  holderDeg=143  probe(ttl4/6/8/12)=2/16/20/20 of 20
t=14200  N=14209  holderDeg=5  probe(ttl4/6/8/12)=0/1/3/13 of 20
t=13600  N=13609  holderDeg=134  probe(ttl4/6/8/12)=4/16/20/20 of 20
t=13600  N=13609  holderDeg=3  probe(ttl4/6/8/12)=0/3/3/3 of 20
t=13400  N=13409  holderDeg=61  probe(ttl4/6/8/12)=3/11/18/20 of 20

 Growing has been completed
*********************************************************************


================ nullwl  seed=1  (Pp=100 Pd=0 Pt=25000 rewire=True k=5 c=2 eps=0,02 qmax=0 N=10000 theta=6 crash=0 shape=0 multi=1 randrw=0 oracle=False fixedthr=0 rules=7 cooper=False dmax=160 mu=1 noscale=False) ================
t=200  N=209  holderDeg=-1  probe(ttl4/6/8/12)=0/0/0/0 of 20
t=400  N=409  holderDeg=-1  probe(ttl4/6/8/12)=0/0/0/0 of 20
t=13800  N=13809  holderDeg=114  probe(ttl4/6/8/12)=1/10/20/20 of 20
t=13800  N=13809  holderDeg=138  probe(ttl4/6/8/12)=1/13/20/20 of 20
t=600  N=609  holderDeg=-1  probe(ttl4/6/8/12)=0/0/0/0 of 20
t=800  N=809  holderDeg=-1  probe(ttl4/6/8/12)=0/0/0/0 of 20
t=14000  N=14009  holderDeg=147  probe(ttl4/6/8/12)=2/10/20/20 of 20
t=1000  N=1009  holderDeg=-1  probe(ttl4/6/8/12)=0/0/0/0 of 20
t=1200  N=1209  holderDeg=-1  probe(ttl4/6/8/12)=0/0/0/0 of 20
t=13800  N=13809  holderDeg=3  probe(ttl4/6/8/12)=1/0/3/3 of 20
t=1400  N=1409  holderDeg=-1  probe(ttl4/6/8/12)=0/0/0/0 of 20
t=1600  N=1609  holderDeg=-1  probe(ttl4/6/8/12)=0/0/0/0 of 20
t=13600  N=13609  holderDeg=63  probe(ttl4/6/8/12)=2/8/17/20 of 20
t=1800  N=1809  holderDeg=-1  probe(ttl4/6/8/12)=0/0/0/0 of 20
t=2000  N=2009  holderDeg=-1  probe(ttl4/6/8/12)=0/0/0/0 of 20
t=2200  N=2209  holderDeg=-1  probe(ttl4/6/8/12)=0/0/0/0 of 20
t=14000  N=14009  holderDeg=140  probe(ttl4/6/8/12)=5/16/20/20 of 20
t=2400  N=2409  holderDeg=-1  probe(ttl4/6/8/12)=0/0/0/0 of 20
t=14000  N=14009  holderDeg=116  probe(ttl4/6/8/12)=3/11/20/20 of 20
t=14200  N=14209  holderDeg=150  probe(ttl4/6/8/12)=3/18/20/20 of 20
t=2600  N=2609  holderDeg=-1  probe(ttl4/6/8/12)=0/0/0/0 of 20
t=14000  N=14009  holderDeg=3  probe(ttl4/6/8/12)=0/0/3/4 of 20
t=2800  N=2809  holderDeg=-1  probe(ttl4/6/8/12)=0/0/0/0 of 20
t=3000  N=3009  holderDeg=3  probe(ttl4/6/8/12)=1/1/7/9 of 20

 Growing has been completed
*********************************************************************

t=13800  N=13809  holderDeg=65  probe(ttl4/6/8/12)=2/7/20/20 of 20

================ trendfx-n20000  seed=1  (Pp=100 Pd=0 Pt=25000 rewire=True k=5 c=2 eps=0,02 qmax=0,2 N=20000 theta=6 crash=0 shape=0 multi=1 randrw=0 oracle=False fixedthr=0 rules=7 cooper=False dmax=160 mu=1 noscale=True) ================
t=200  N=209  holderDeg=-1  probe(ttl4/6/8/12)=0/0/0/0 of 20
t=400  N=409  holderDeg=-1  probe(ttl4/6/8/12)=0/0/0/0 of 20
t=3200  N=3209  holderDeg=3  probe(ttl4/6/8/12)=0/1/4/6 of 20
t=600  N=609  holderDeg=-1  probe(ttl4/6/8/12)=0/0/0/0 of 20
t=800  N=809  holderDeg=-1  probe(ttl4/6/8/12)=0/0/0/0 of 20
t=3400  N=3409  holderDeg=3  probe(ttl4/6/8/12)=1/1/6/7 of 20
t=14200  N=14209  holderDeg=119  probe(ttl4/6/8/12)=2/13/20/20 of 20
t=1000  N=1009  holderDeg=-1  probe(ttl4/6/8/12)=0/0/0/0 of 20
t=14200  N=14209  holderDeg=142  probe(ttl4/6/8/12)=2/14/20/20 of 20
t=3600  N=3609  holderDeg=3  probe(ttl4/6/8/12)=0/1/3/1 of 20
t=1200  N=1209  holderDeg=-1  probe(ttl4/6/8/12)=0/0/0/0 of 20
t=1400  N=1409  holderDeg=-1  probe(ttl4/6/8/12)=0/0/0/0 of 20

 Growing has been completed
*********************************************************************

t=1600  N=1609  holderDeg=-1  probe(ttl4/6/8/12)=0/0/0/0 of 20

================ rulek  seed=2  (Pp=100 Pd=0 Pt=25000 rewire=True k=5 c=2 eps=0,02 qmax=0,2 N=10000 theta=6 crash=0 shape=0 multi=1 randrw=0 oracle=False fixedthr=0 rules=1 cooper=False dmax=160 mu=1 noscale=False) ================
t=200  N=209  holderDeg=-1  probe(ttl4/6/8/12)=0/0/0/0 of 20
t=3800  N=3809  holderDeg=3  probe(ttl4/6/8/12)=0/2/4/4 of 20
t=400  N=409  holderDeg=-1  probe(ttl4/6/8/12)=0/0/0/0 of 20
t=1800  N=1809  holderDeg=-1  probe(ttl4/6/8/12)=0/0/0/0 of 20
t=600  N=609  holderDeg=-1  probe(ttl4/6/8/12)=0/0/0/0 of 20
t=14200  N=14209  holderDeg=3  probe(ttl4/6/8/12)=0/0/3/4 of 20

 Growing has been completed
*********************************************************************


 Growing has been completed
*********************************************************************

t=2000  N=2009  holderDeg=-1  probe(ttl4/6/8/12)=0/0/0/0 of 20
t=800  N=809  holderDeg=-1  probe(ttl4/6/8/12)=0/0/0/0 of 20
t=14000  N=14009  holderDeg=67  probe(ttl4/6/8/12)=0/11/17/20 of 20

================ rulec  seed=2  (Pp=100 Pd=0 Pt=25000 rewire=True k=5 c=2 eps=0,02 qmax=0,2 N=10000 theta=6 crash=0 shape=0 multi=1 randrw=0 oracle=False fixedthr=0 rules=2 cooper=False dmax=160 mu=1 noscale=False) ================

================ rulel  seed=2  (Pp=100 Pd=0 Pt=25000 rewire=True k=5 c=2 eps=0,02 qmax=0,2 N=10000 theta=6 crash=0 shape=0 multi=1 randrw=0 oracle=False fixedthr=0 rules=4 cooper=False dmax=160 mu=1 noscale=False) ================
t=4000  N=4009  holderDeg=3  probe(ttl4/6/8/12)=0/1/6/10 of 20
t=200  N=209  holderDeg=-1  probe(ttl4/6/8/12)=0/0/0/0 of 20
t=200  N=209  holderDeg=-1  probe(ttl4/6/8/12)=0/0/0/0 of 20
t=1000  N=1009  holderDeg=-1  probe(ttl4/6/8/12)=0/0/0/0 of 20
t=400  N=409  holderDeg=-1  probe(ttl4/6/8/12)=0/0/0/0 of 20
t=400  N=409  holderDeg=-1  probe(ttl4/6/8/12)=0/0/0/0 of 20
t=2200  N=2209  holderDeg=-1  probe(ttl4/6/8/12)=0/0/0/0 of 20
t=1200  N=1209  holderDeg=-1  probe(ttl4/6/8/12)=0/0/0/0 of 20
t=600  N=609  holderDeg=-1  probe(ttl4/6/8/12)=0/0/0/0 of 20
t=600  N=609  holderDeg=-1  probe(ttl4/6/8/12)=0/0/0/0 of 20
t=4200  N=4209  holderDeg=3  probe(ttl4/6/8/12)=1/2/3/5 of 20
t=2400  N=2409  holderDeg=-1  probe(ttl4/6/8/12)=0/0/0/0 of 20
t=800  N=809  holderDeg=-1  probe(ttl4/6/8/12)=0/0/0/0 of 20
t=1400  N=1409  holderDeg=-1  probe(ttl4/6/8/12)=0/0/0/0 of 20
t=800  N=809  holderDeg=-1  probe(ttl4/6/8/12)=0/0/0/0 of 20
t=1000  N=1009  holderDeg=-1  probe(ttl4/6/8/12)=0/0/0/0 of 20
t=1600  N=1609  holderDeg=-1  probe(ttl4/6/8/12)=0/0/0/0 of 20
t=1000  N=1009  holderDeg=-1  probe(ttl4/6/8/12)=0/0/0/0 of 20
t=4400  N=4409  holderDeg=3  probe(ttl4/6/8/12)=1/2/2/3 of 20
t=1200  N=1209  holderDeg=-1  probe(ttl4/6/8/12)=0/0/0/0 of 20
t=1800  N=1809  holderDeg=-1  probe(ttl4/6/8/12)=0/0/0/0 of 20
t=2600  N=2609  holderDeg=-1  probe(ttl4/6/8/12)=0/0/0/0 of 20
t=1200  N=1209  holderDeg=-1  probe(ttl4/6/8/12)=0/0/0/0 of 20
t=2000  N=2009  holderDeg=-1  probe(ttl4/6/8/12)=0/0/0/0 of 20
t=1400  N=1409  holderDeg=-1  probe(ttl4/6/8/12)=0/0/0/0 of 20
t=1400  N=1409  holderDeg=-1  probe(ttl4/6/8/12)=0/0/0/0 of 20
t=1600  N=1609  holderDeg=-1  probe(ttl4/6/8/12)=0/0/0/0 of 20
t=1600  N=1609  holderDeg=-1  probe(ttl4/6/8/12)=0/0/0/0 of 20
t=2800  N=2809  holderDeg=-1  probe(ttl4/6/8/12)=0/0/0/0 of 20
t=2200  N=2209  holderDeg=-1  probe(ttl4/6/8/12)=0/0/0/0 of 20
t=1800  N=1809  holderDeg=-1  probe(ttl4/6/8/12)=0/0/0/0 of 20
t=4600  N=4609  holderDeg=3  probe(ttl4/6/8/12)=0/0/4/8 of 20
t=14200  N=14209  holderDeg=69  probe(ttl4/6/8/12)=0/8/20/20 of 20
t=1800  N=1809  holderDeg=-1  probe(ttl4/6/8/12)=0/0/0/0 of 20

 Growing has been completed
*********************************************************************

t=3000  N=3009  holderDeg=3  probe(ttl4/6/8/12)=1/1/7/9 of 20
t=2400  N=2409  holderDeg=-1  probe(ttl4/6/8/12)=0/0/0/0 of 20
t=2000  N=2009  holderDeg=-1  probe(ttl4/6/8/12)=0/0/0/0 of 20
t=2000  N=2009  holderDeg=-1  probe(ttl4/6/8/12)=0/0/0/0 of 20

================ fixed005c  seed=2  (Pp=100 Pd=0 Pt=25000 rewire=True k=5 c=2 eps=0,02 qmax=0,2 N=10000 theta=6 crash=0 shape=0 multi=1 randrw=0 oracle=False fixedthr=0,05 rules=1 cooper=False dmax=160 mu=1 noscale=False) ================
t=200  N=209  holderDeg=-1  probe(ttl4/6/8/12)=0/0/0/0 of 20
t=400  N=409  holderDeg=-1  probe(ttl4/6/8/12)=0/0/0/0 of 20
t=2200  N=2209  holderDeg=-1  probe(ttl4/6/8/12)=0/0/0/0 of 20
t=3200  N=3209  holderDeg=3  probe(ttl4/6/8/12)=0/1/4/6 of 20
t=2600  N=2609  holderDeg=-1  probe(ttl4/6/8/12)=0/0/0/0 of 20
t=2200  N=2209  holderDeg=-1  probe(ttl4/6/8/12)=0/0/0/0 of 20
t=600  N=609  holderDeg=-1  probe(ttl4/6/8/12)=0/0/0/0 of 20
t=4800  N=4809  holderDeg=3  probe(ttl4/6/8/12)=1/2/4/5 of 20
t=800  N=809  holderDeg=-1  probe(ttl4/6/8/12)=0/0/0/0 of 20
t=2400  N=2409  holderDeg=-1  probe(ttl4/6/8/12)=0/0/0/0 of 20
t=2800  N=2809  holderDeg=-1  probe(ttl4/6/8/12)=0/0/0/0 of 20
t=3400  N=3409  holderDeg=3  probe(ttl4/6/8/12)=0/3/3/7 of 20
t=2400  N=2409  holderDeg=-1  probe(ttl4/6/8/12)=0/0/0/0 of 20
t=1000  N=1009  holderDeg=-1  probe(ttl4/6/8/12)=0/0/0/0 of 20
t=1200  N=1209  holderDeg=-1  probe(ttl4/6/8/12)=0/0/0/0 of 20
t=2600  N=2609  holderDeg=-1  probe(ttl4/6/8/12)=0/0/0/0 of 20
t=2600  N=2609  holderDeg=-1  probe(ttl4/6/8/12)=0/0/0/0 of 20
t=3600  N=3609  holderDeg=3  probe(ttl4/6/8/12)=0/1/4/8 of 20
t=3000  N=3009  holderDeg=3  probe(ttl4/6/8/12)=0/1/7/9 of 20
t=1400  N=1409  holderDeg=-1  probe(ttl4/6/8/12)=0/0/0/0 of 20
t=2800  N=2809  holderDeg=3  probe(ttl4/6/8/12)=0/1/5/15 of 20
t=1600  N=1609  holderDeg=-1  probe(ttl4/6/8/12)=0/0/0/0 of 20
t=2800  N=2809  holderDeg=-1  probe(ttl4/6/8/12)=0/0/0/0 of 20
t=5000  N=5009  holderDeg=3  probe(ttl4/6/8/12)=0/0/0/7 of 20
t=3200  N=3209  holderDeg=3  probe(ttl4/6/8/12)=1/2/4/6 of 20
t=3000  N=3009  holderDeg=3  probe(ttl4/6/8/12)=2/4/7/17 of 20
t=3800  N=3809  holderDeg=3  probe(ttl4/6/8/12)=0/1/2/4 of 20
t=1800  N=1809  holderDeg=-1  probe(ttl4/6/8/12)=0/0/0/0 of 20
t=2000  N=2009  holderDeg=-1  probe(ttl4/6/8/12)=0/0/0/0 of 20
t=3400  N=3409  holderDeg=3  probe(ttl4/6/8/12)=0/2/10/10 of 20
t=3000  N=3009  holderDeg=3  probe(ttl4/6/8/12)=1/1/5/9 of 20
t=5200  N=5209  holderDeg=3  probe(ttl4/6/8/12)=0/0/3/2 of 20
t=3200  N=3209  holderDeg=3  probe(ttl4/6/8/12)=1/1/11/16 of 20
t=4000  N=4009  holderDeg=3  probe(ttl4/6/8/12)=0/7/3/3 of 20
t=2200  N=2209  holderDeg=-1  probe(ttl4/6/8/12)=0/0/0/0 of 20
t=3600  N=3609  holderDeg=3  probe(ttl4/6/8/12)=0/2/3/12 of 20
t=3200  N=3209  holderDeg=3  probe(ttl4/6/8/12)=0/1/4/10 of 20
t=3400  N=3409  holderDeg=3  probe(ttl4/6/8/12)=0/0/5/14 of 20
t=4200  N=4209  holderDeg=3  probe(ttl4/6/8/12)=0/1/6/7 of 20
t=5400  N=5409  holderDeg=3  probe(ttl4/6/8/12)=0/1/2/6 of 20
t=2400  N=2409  holderDeg=-1  probe(ttl4/6/8/12)=0/0/0/0 of 20
t=3400  N=3409  holderDeg=3  probe(ttl4/6/8/12)=0/4/4/6 of 20
t=3800  N=3809  holderDeg=5  probe(ttl4/6/8/12)=1/1/5/15 of 20
t=2600  N=2609  holderDeg=-1  probe(ttl4/6/8/12)=0/0/0/0 of 20
t=3600  N=3609  holderDeg=3  probe(ttl4/6/8/12)=2/2/10/13 of 20
t=4400  N=4409  holderDeg=5  probe(ttl4/6/8/12)=1/3/4/13 of 20
t=3600  N=3609  holderDeg=3  probe(ttl4/6/8/12)=0/2/4/7 of 20
t=5600  N=5609  holderDeg=3  probe(ttl4/6/8/12)=0/1/1/6 of 20
t=2800  N=2809  holderDeg=-1  probe(ttl4/6/8/12)=0/0/0/0 of 20
t=4000  N=4009  holderDeg=7  probe(ttl4/6/8/12)=0/5/14/19 of 20
t=4600  N=4609  holderDeg=7  probe(ttl4/6/8/12)=0/5/11/15 of 20
t=3800  N=3809  holderDeg=3  probe(ttl4/6/8/12)=1/2/6/5 of 20
t=3000  N=3009  holderDeg=3  probe(ttl4/6/8/12)=1/1/5/9 of 20
t=5800  N=5809  holderDeg=3  probe(ttl4/6/8/12)=0/0/2/3 of 20
t=3800  N=3809  holderDeg=3  probe(ttl4/6/8/12)=0/1/8/12 of 20
t=4200  N=4209  holderDeg=9  probe(ttl4/6/8/12)=1/3/11/18 of 20
t=3200  N=3209  holderDeg=3  probe(ttl4/6/8/12)=0/1/4/10 of 20
t=4000  N=4009  holderDeg=3  probe(ttl4/6/8/12)=0/3/2/7 of 20
t=4800  N=4809  holderDeg=9  probe(ttl4/6/8/12)=0/1/4/12 of 20
t=4000  N=4009  holderDeg=3  probe(ttl4/6/8/12)=1/1/11/14 of 20
t=4400  N=4409  holderDeg=11  probe(ttl4/6/8/12)=0/7/17/20 of 20
t=3400  N=3409  holderDeg=3  probe(ttl4/6/8/12)=0/4/4/6 of 20
t=4200  N=4209  holderDeg=3  probe(ttl4/6/8/12)=0/0/2/9 of 20
t=6000  N=6009  holderDeg=3  probe(ttl4/6/8/12)=0/2/2/10 of 20
t=3600  N=3609  holderDeg=3  probe(ttl4/6/8/12)=0/2/4/7 of 20
t=4600  N=4609  holderDeg=13  probe(ttl4/6/8/12)=2/9/17/20 of 20
t=4200  N=4209  holderDeg=3  probe(ttl4/6/8/12)=0/2/7/12 of 20
t=4400  N=4409  holderDeg=3  probe(ttl4/6/8/12)=0/1/2/10 of 20
t=5000  N=5009  holderDeg=11  probe(ttl4/6/8/12)=1/5/7/16 of 20
t=6200  N=6209  holderDeg=3  probe(ttl4/6/8/12)=0/0/4/4 of 20
t=4800  N=4809  holderDeg=15  probe(ttl4/6/8/12)=3/6/13/19 of 20
t=4600  N=4609  holderDeg=3  probe(ttl4/6/8/12)=0/0/3/4 of 20
t=4400  N=4409  holderDeg=3  probe(ttl4/6/8/12)=0/2/8/10 of 20
t=3800  N=3809  holderDeg=3  probe(ttl4/6/8/12)=1/2/6/5 of 20
t=5200  N=5209  holderDeg=13  probe(ttl4/6/8/12)=2/8/10/17 of 20
t=4000  N=4009  holderDeg=3  probe(ttl4/6/8/12)=0/3/2/7 of 20
t=4800  N=4809  holderDeg=3  probe(ttl4/6/8/12)=0/1/2/3 of 20
t=4600  N=4609  holderDeg=3  probe(ttl4/6/8/12)=0/2/7/12 of 20
t=5000  N=5009  holderDeg=17  probe(ttl4/6/8/12)=0/8/14/20 of 20
t=6400  N=6409  holderDeg=3  probe(ttl4/6/8/12)=0/3/0/4 of 20
t=4200  N=4209  holderDeg=3  probe(ttl4/6/8/12)=0/0/2/9 of 20
t=5000  N=5009  holderDeg=3  probe(ttl4/6/8/12)=0/0/0/6 of 20
t=5400  N=5409  holderDeg=15  probe(ttl4/6/8/12)=1/5/13/16 of 20
t=5200  N=5209  holderDeg=19  probe(ttl4/6/8/12)=2/14/13/20 of 20
t=4800  N=4809  holderDeg=3  probe(ttl4/6/8/12)=2/2/10/13 of 20
t=4400  N=4409  holderDeg=3  probe(ttl4/6/8/12)=0/1/3/5 of 20
t=6600  N=6609  holderDeg=3  probe(ttl4/6/8/12)=0/0/4/3 of 20
t=5200  N=5209  holderDeg=3  probe(ttl4/6/8/12)=0/0/3/5 of 20
t=5400  N=5409  holderDeg=21  probe(ttl4/6/8/12)=4/8/17/20 of 20
t=5000  N=5009  holderDeg=3  probe(ttl4/6/8/12)=0/1/6/13 of 20
t=4600  N=4609  holderDeg=3  probe(ttl4/6/8/12)=0/1/4/8 of 20
t=5600  N=5609  holderDeg=16  probe(ttl4/6/8/12)=1/6/13/18 of 20
t=5200  N=5209  holderDeg=5  probe(ttl4/6/8/12)=0/3/11/15 of 20
t=4800  N=4809  holderDeg=3  probe(ttl4/6/8/12)=2/2/5/12 of 20
t=6800  N=6809  holderDeg=3  probe(ttl4/6/8/12)=0/1/4/2 of 20
t=5600  N=5609  holderDeg=24  probe(ttl4/6/8/12)=4/11/18/20 of 20
t=5800  N=5809  holderDeg=19  probe(ttl4/6/8/12)=1/4/14/20 of 20
t=5400  N=5409  holderDeg=3  probe(ttl4/6/8/12)=0/1/3/1 of 20
t=5400  N=5409  holderDeg=7  probe(ttl4/6/8/12)=1/3/10/15 of 20
t=5000  N=5009  holderDeg=3  probe(ttl4/6/8/12)=0/0/2/7 of 20
t=5800  N=5809  holderDeg=26  probe(ttl4/6/8/12)=0/8/19/20 of 20
t=5600  N=5609  holderDeg=3  probe(ttl4/6/8/12)=1/2/3/6 of 20
t=7000  N=7009  holderDeg=3  probe(ttl4/6/8/12)=0/0/4/2 of 20
t=5200  N=5209  holderDeg=5  probe(ttl4/6/8/12)=2/4/6/7 of 20
t=5600  N=5609  holderDeg=9  probe(ttl4/6/8/12)=0/3/8/19 of 20
t=6000  N=6009  holderDeg=21  probe(ttl4/6/8/12)=2/9/16/20 of 20
t=5800  N=5809  holderDeg=5  probe(ttl4/6/8/12)=0/1/4/11 of 20
t=6000  N=6009  holderDeg=30  probe(ttl4/6/8/12)=0/9/20/20 of 20
t=5400  N=5409  holderDeg=7  probe(ttl4/6/8/12)=1/1/7/11 of 20
t=5800  N=5809  holderDeg=11  probe(ttl4/6/8/12)=0/5/14/19 of 20
t=6200  N=6209  holderDeg=23  probe(ttl4/6/8/12)=2/6/15/20 of 20
t=6000  N=6009  holderDeg=7  probe(ttl4/6/8/12)=0/1/10/18 of 20
t=7200  N=7209  holderDeg=3  probe(ttl4/6/8/12)=0/2/3/2 of 20
t=6200  N=6209  holderDeg=33  probe(ttl4/6/8/12)=3/3/16/20 of 20
t=5600  N=5609  holderDeg=10  probe(ttl4/6/8/12)=0/2/8/14 of 20
t=6000  N=6009  holderDeg=14  probe(ttl4/6/8/12)=0/4/12/19 of 20
t=6400  N=6409  holderDeg=37  probe(ttl4/6/8/12)=2/15/19/20 of 20
t=5800  N=5809  holderDeg=12  probe(ttl4/6/8/12)=0/5/9/10 of 20
t=6400  N=6409  holderDeg=24  probe(ttl4/6/8/12)=3/9/16/20 of 20
t=6200  N=6209  holderDeg=9  probe(ttl4/6/8/12)=0/5/14/18 of 20
t=7400  N=7409  holderDeg=3  probe(ttl4/6/8/12)=1/0/1/3 of 20
t=6200  N=6209  holderDeg=16  probe(ttl4/6/8/12)=2/6/14/17 of 20
t=6600  N=6609  holderDeg=41  probe(ttl4/6/8/12)=1/8/19/20 of 20
t=6400  N=6409  holderDeg=11  probe(ttl4/6/8/12)=0/4/15/20 of 20
t=6000  N=6009  holderDeg=14  probe(ttl4/6/8/12)=0/5/10/15 of 20
t=6400  N=6409  holderDeg=18  probe(ttl4/6/8/12)=2/5/13/20 of 20
t=6600  N=6609  holderDeg=13  probe(ttl4/6/8/12)=1/2/14/19 of 20
t=6800  N=6809  holderDeg=43  probe(ttl4/6/8/12)=3/11/20/20 of 20
t=6200  N=6209  holderDeg=17  probe(ttl4/6/8/12)=0/9/10/17 of 20
t=6600  N=6609  holderDeg=21  probe(ttl4/6/8/12)=1/9/16/20 of 20
t=7600  N=7609  holderDeg=3  probe(ttl4/6/8/12)=0/1/0/0 of 20
t=7000  N=7009  holderDeg=46  probe(ttl4/6/8/12)=2/12/17/20 of 20
t=6800  N=6809  holderDeg=15  probe(ttl4/6/8/12)=0/7/13/19 of 20
t=6600  N=6609  holderDeg=27  probe(ttl4/6/8/12)=2/8/18/20 of 20
t=6400  N=6409  holderDeg=19  probe(ttl4/6/8/12)=1/2/14/20 of 20
t=6800  N=6809  holderDeg=23  probe(ttl4/6/8/12)=2/6/17/20 of 20
t=7200  N=7209  holderDeg=49  probe(ttl4/6/8/12)=2/16/19/20 of 20
t=7000  N=7009  holderDeg=17  probe(ttl4/6/8/12)=1/4/20/20 of 20
t=6600  N=6609  holderDeg=21  probe(ttl4/6/8/12)=1/9/13/20 of 20
t=7800  N=7809  holderDeg=3  probe(ttl4/6/8/12)=0/2/1/12 of 20
t=6800  N=6809  holderDeg=29  probe(ttl4/6/8/12)=3/5/17/20 of 20
t=7400  N=7409  holderDeg=53  probe(ttl4/6/8/12)=2/15/20/20 of 20
t=7000  N=7009  holderDeg=25  probe(ttl4/6/8/12)=1/6/20/20 of 20
t=6800  N=6809  holderDeg=25  probe(ttl4/6/8/12)=0/7/17/19 of 20
t=7200  N=7209  holderDeg=19  probe(ttl4/6/8/12)=0/8/12/20 of 20
t=8000  N=8009  holderDeg=3  probe(ttl4/6/8/12)=0/1/2/9 of 20
t=7600  N=7609  holderDeg=55  probe(ttl4/6/8/12)=1/10/20/20 of 20
t=7200  N=7209  holderDeg=28  probe(ttl4/6/8/12)=0/7/19/20 of 20
t=7000  N=7009  holderDeg=27  probe(ttl4/6/8/12)=0/7/19/19 of 20
t=7000  N=7009  holderDeg=31  probe(ttl4/6/8/12)=2/6/20/20 of 20
t=8200  N=8209  holderDeg=3  probe(ttl4/6/8/12)=0/0/1/10 of 20
t=7400  N=7409  holderDeg=21  probe(ttl4/6/8/12)=2/4/17/20 of 20
t=7200  N=7209  holderDeg=34  probe(ttl4/6/8/12)=1/10/18/20 of 20
t=7800  N=7809  holderDeg=59  probe(ttl4/6/8/12)=1/15/20/20 of 20
t=7400  N=7409  holderDeg=31  probe(ttl4/6/8/12)=1/7/17/20 of 20
t=7200  N=7209  holderDeg=31  probe(ttl4/6/8/12)=1/11/17/20 of 20
t=7600  N=7609  holderDeg=23  probe(ttl4/6/8/12)=1/4/17/20 of 20
t=8400  N=8409  holderDeg=3  probe(ttl4/6/8/12)=0/2/2/11 of 20
t=8000  N=8009  holderDeg=63  probe(ttl4/6/8/12)=2/14/20/20 of 20
t=7400  N=7409  holderDeg=36  probe(ttl4/6/8/12)=1/12/20/19 of 20
t=7400  N=7409  holderDeg=35  probe(ttl4/6/8/12)=0/9/20/20 of 20
t=7600  N=7609  holderDeg=33  probe(ttl4/6/8/12)=2/10/19/20 of 20
t=7800  N=7809  holderDeg=27  probe(ttl4/6/8/12)=0/6/18/20 of 20
t=8600  N=8609  holderDeg=3  probe(ttl4/6/8/12)=0/1/2/6 of 20
t=7600  N=7609  holderDeg=38  probe(ttl4/6/8/12)=3/13/18/20 of 20
t=7800  N=7809  holderDeg=37  probe(ttl4/6/8/12)=0/4/20/20 of 20
t=7600  N=7609  holderDeg=39  probe(ttl4/6/8/12)=0/5/20/20 of 20
t=8200  N=8209  holderDeg=68  probe(ttl4/6/8/12)=1/13/20/20 of 20
t=8000  N=8009  holderDeg=31  probe(ttl4/6/8/12)=2/8/18/20 of 20
t=7800  N=7809  holderDeg=40  probe(ttl4/6/8/12)=3/13/18/20 of 20
t=7800  N=7809  holderDeg=41  probe(ttl4/6/8/12)=0/8/19/20 of 20
t=8000  N=8009  holderDeg=41  probe(ttl4/6/8/12)=2/11/19/20 of 20
t=8400  N=8409  holderDeg=71  probe(ttl4/6/8/12)=2/15/20/20 of 20
t=8200  N=8209  holderDeg=35  probe(ttl4/6/8/12)=2/10/20/20 of 20
t=8000  N=8009  holderDeg=44  probe(ttl4/6/8/12)=0/11/17/20 of 20
t=8200  N=8209  holderDeg=43  probe(ttl4/6/8/12)=2/11/20/20 of 20
t=8000  N=8009  holderDeg=44  probe(ttl4/6/8/12)=2/12/19/20 of 20
t=8800  N=8809  holderDeg=3  probe(ttl4/6/8/12)=0/1/2/6 of 20
t=8600  N=8609  holderDeg=73  probe(ttl4/6/8/12)=4/16/20/20 of 20
t=8400  N=8409  holderDeg=37  probe(ttl4/6/8/12)=2/12/19/20 of 20
t=8200  N=8209  holderDeg=49  probe(ttl4/6/8/12)=0/14/19/20 of 20
t=8200  N=8209  holderDeg=47  probe(ttl4/6/8/12)=1/9/19/20 of 20
t=8800  N=8809  holderDeg=75  probe(ttl4/6/8/12)=1/15/20/20 of 20
t=8400  N=8409  holderDeg=46  probe(ttl4/6/8/12)=2/12/20/20 of 20
t=8600  N=8609  holderDeg=39  probe(ttl4/6/8/12)=3/8/18/20 of 20
t=8400  N=8409  holderDeg=50  probe(ttl4/6/8/12)=0/11/17/20 of 20
t=9000  N=9009  holderDeg=3  probe(ttl4/6/8/12)=0/1/3/10 of 20
t=9000  N=9009  holderDeg=79  probe(ttl4/6/8/12)=2/14/20/20 of 20
t=8400  N=8409  holderDeg=51  probe(ttl4/6/8/12)=1/10/20/20 of 20
t=8800  N=8809  holderDeg=43  probe(ttl4/6/8/12)=3/13/17/20 of 20
t=8600  N=8609  holderDeg=50  probe(ttl4/6/8/12)=3/10/19/20 of 20
t=8600  N=8609  holderDeg=54  probe(ttl4/6/8/12)=1/7/20/20 of 20
t=9200  N=9209  holderDeg=3  probe(ttl4/6/8/12)=0/1/3/10 of 20
t=9200  N=9209  holderDeg=81  probe(ttl4/6/8/12)=3/15/20/20 of 20
t=8600  N=8609  holderDeg=54  probe(ttl4/6/8/12)=2/12/20/20 of 20
t=8800  N=8809  holderDeg=52  probe(ttl4/6/8/12)=0/9/19/20 of 20
t=8800  N=8809  holderDeg=56  probe(ttl4/6/8/12)=1/11/19/20 of 20
t=9400  N=9409  holderDeg=85  probe(ttl4/6/8/12)=1/12/20/20 of 20
t=9000  N=9009  holderDeg=45  probe(ttl4/6/8/12)=0/9/18/20 of 20
t=9400  N=9409  holderDeg=3  probe(ttl4/6/8/12)=0/1/3/8 of 20
t=9000  N=9009  holderDeg=54  probe(ttl4/6/8/12)=0/12/18/20 of 20
t=8800  N=8809  holderDeg=56  probe(ttl4/6/8/12)=5/9/20/20 of 20
t=9600  N=9609  holderDeg=88  probe(ttl4/6/8/12)=4/15/20/20 of 20
t=9000  N=9009  holderDeg=58  probe(ttl4/6/8/12)=3/12/20/20 of 20
t=9200  N=9209  holderDeg=56  probe(ttl4/6/8/12)=1/14/20/20 of 20
t=9600  N=9609  holderDeg=3  probe(ttl4/6/8/12)=0/1/3/4 of 20
t=9000  N=9009  holderDeg=58  probe(ttl4/6/8/12)=2/10/19/20 of 20
t=9200  N=9209  holderDeg=48  probe(ttl4/6/8/12)=2/12/20/20 of 20
t=9400  N=9409  holderDeg=58  probe(ttl4/6/8/12)=3/9/18/20 of 20
t=9200  N=9209  holderDeg=62  probe(ttl4/6/8/12)=3/13/19/20 of 20
t=9800  N=9809  holderDeg=3  probe(ttl4/6/8/12)=0/1/4/4 of 20
t=9400  N=9409  holderDeg=50  probe(ttl4/6/8/12)=2/11/18/20 of 20
t=9200  N=9209  holderDeg=60  probe(ttl4/6/8/12)=5/14/17/20 of 20
t=9800  N=9809  holderDeg=92  probe(ttl4/6/8/12)=2/12/20/20 of 20
t=9400  N=9409  holderDeg=64  probe(ttl4/6/8/12)=4/12/20/20 of 20
t=9600  N=9609  holderDeg=60  probe(ttl4/6/8/12)=4/9/20/20 of 20
t=9600  N=9609  holderDeg=53  probe(ttl4/6/8/12)=0/7/20/20 of 20
t=9400  N=9409  holderDeg=64  probe(ttl4/6/8/12)=1/9/20/20 of 20
t=10000  N=10009  holderDeg=96  probe(ttl4/6/8/12)=3/16/20/20 of 20
t=9600  N=9609  holderDeg=67  probe(ttl4/6/8/12)=1/10/18/20 of 20
t=9800  N=9809  holderDeg=62  probe(ttl4/6/8/12)=3/10/19/20 of 20
t=9600  N=9609  holderDeg=66  probe(ttl4/6/8/12)=0/11/20/20 of 20
t=10000  N=10009  holderDeg=3  probe(ttl4/6/8/12)=0/1/1/9 of 20
t=9800  N=9809  holderDeg=55  probe(ttl4/6/8/12)=2/9/20/20 of 20
t=10200  N=10209  holderDeg=99  probe(ttl4/6/8/12)=2/16/20/20 of 20
t=9800  N=9809  holderDeg=71  probe(ttl4/6/8/12)=2/12/19/20 of 20
t=10000  N=10009  holderDeg=64  probe(ttl4/6/8/12)=3/12/20/20 of 20
t=9800  N=9809  holderDeg=70  probe(ttl4/6/8/12)=3/13/19/20 of 20
t=10200  N=10209  holderDeg=3  probe(ttl4/6/8/12)=0/0/1/7 of 20
t=10000  N=10009  holderDeg=57  probe(ttl4/6/8/12)=0/10/19/20 of 20
t=10400  N=10409  holderDeg=102  probe(ttl4/6/8/12)=4/14/20/20 of 20
t=10000  N=10009  holderDeg=74  probe(ttl4/6/8/12)=1/13/20/20 of 20
t=10200  N=10209  holderDeg=67  probe(ttl4/6/8/12)=4/11/20/20 of 20
t=10000  N=10009  holderDeg=73  probe(ttl4/6/8/12)=3/12/19/20 of 20
t=10400  N=10409  holderDeg=3  probe(ttl4/6/8/12)=0/0/2/6 of 20
t=10200  N=10209  holderDeg=60  probe(ttl4/6/8/12)=4/9/19/20 of 20
t=10200  N=10209  holderDeg=78  probe(ttl4/6/8/12)=1/11/20/20 of 20
t=10400  N=10409  holderDeg=70  probe(ttl4/6/8/12)=3/10/20/20 of 20
t=10200  N=10209  holderDeg=75  probe(ttl4/6/8/12)=0/12/19/20 of 20
t=10600  N=10609  holderDeg=105  probe(ttl4/6/8/12)=0/12/19/20 of 20
t=10400  N=10409  holderDeg=62  probe(ttl4/6/8/12)=2/14/17/20 of 20
t=10600  N=10609  holderDeg=3  probe(ttl4/6/8/12)=1/1/3/5 of 20
t=10600  N=10609  holderDeg=73  probe(ttl4/6/8/12)=1/11/18/20 of 20
t=10800  N=10809  holderDeg=107  probe(ttl4/6/8/12)=5/12/20/20 of 20
t=10400  N=10409  holderDeg=83  probe(ttl4/6/8/12)=3/12/18/20 of 20
t=10600  N=10609  holderDeg=64  probe(ttl4/6/8/12)=3/13/19/20 of 20
t=10800  N=10809  holderDeg=3  probe(ttl4/6/8/12)=0/0/4/10 of 20
t=10400  N=10409  holderDeg=78  probe(ttl4/6/8/12)=2/11/20/20 of 20
t=11000  N=11009  holderDeg=110  probe(ttl4/6/8/12)=2/17/20/20 of 20
t=10800  N=10809  holderDeg=66  probe(ttl4/6/8/12)=1/10/20/20 of 20
t=10600  N=10609  holderDeg=85  probe(ttl4/6/8/12)=3/15/20/20 of 20
t=11000  N=11009  holderDeg=3  probe(ttl4/6/8/12)=0/0/1/10 of 20
t=10800  N=10809  holderDeg=75  probe(ttl4/6/8/12)=4/12/19/20 of 20
t=10600  N=10609  holderDeg=80  probe(ttl4/6/8/12)=0/11/20/20 of 20
t=11200  N=11209  holderDeg=112  probe(ttl4/6/8/12)=4/14/20/20 of 20
t=10800  N=10809  holderDeg=88  probe(ttl4/6/8/12)=3/11/20/20 of 20
t=11000  N=11009  holderDeg=69  probe(ttl4/6/8/12)=0/11/19/20 of 20
t=11000  N=11009  holderDeg=77  probe(ttl4/6/8/12)=1/13/19/20 of 20
t=11200  N=11209  holderDeg=3  probe(ttl4/6/8/12)=0/2/1/7 of 20
t=10800  N=10809  holderDeg=84  probe(ttl4/6/8/12)=1/14/20/20 of 20
t=11400  N=11409  holderDeg=115  probe(ttl4/6/8/12)=3/16/19/20 of 20
t=11200  N=11209  holderDeg=73  probe(ttl4/6/8/12)=1/9/20/20 of 20
t=11000  N=11009  holderDeg=90  probe(ttl4/6/8/12)=1/12/20/20 of 20
t=11000  N=11009  holderDeg=88  probe(ttl4/6/8/12)=3/18/19/20 of 20
t=11200  N=11209  holderDeg=79  probe(ttl4/6/8/12)=4/9/20/20 of 20
t=11400  N=11409  holderDeg=3  probe(ttl4/6/8/12)=0/0/6/10 of 20
t=11400  N=11409  holderDeg=76  probe(ttl4/6/8/12)=1/16/20/20 of 20
t=11600  N=11609  holderDeg=119  probe(ttl4/6/8/12)=2/16/19/20 of 20
t=11200  N=11209  holderDeg=94  probe(ttl4/6/8/12)=3/13/19/20 of 20
t=11200  N=11209  holderDeg=90  probe(ttl4/6/8/12)=8/14/20/20 of 20
t=11600  N=11609  holderDeg=3  probe(ttl4/6/8/12)=0/0/1/5 of 20
t=11400  N=11409  holderDeg=81  probe(ttl4/6/8/12)=5/10/20/20 of 20
t=11600  N=11609  holderDeg=78  probe(ttl4/6/8/12)=6/10/20/20 of 20
t=11800  N=11809  holderDeg=123  probe(ttl4/6/8/12)=2/15/20/20 of 20
t=11400  N=11409  holderDeg=94  probe(ttl4/6/8/12)=4/12/20/20 of 20
t=11600  N=11609  holderDeg=85  probe(ttl4/6/8/12)=6/9/20/20 of 20
t=11800  N=11809  holderDeg=82  probe(ttl4/6/8/12)=4/13/20/20 of 20
t=11400  N=11409  holderDeg=96  probe(ttl4/6/8/12)=5/13/20/20 of 20
t=12000  N=12009  holderDeg=126  probe(ttl4/6/8/12)=3/9/20/20 of 20
t=11800  N=11809  holderDeg=3  probe(ttl4/6/8/12)=0/1/3/9 of 20
t=12000  N=12009  holderDeg=84  probe(ttl4/6/8/12)=2/13/20/20 of 20
t=11600  N=11609  holderDeg=99  probe(ttl4/6/8/12)=7/15/20/20 of 20
t=11600  N=11609  holderDeg=98  probe(ttl4/6/8/12)=4/13/20/20 of 20
t=11800  N=11809  holderDeg=87  probe(ttl4/6/8/12)=0/7/20/20 of 20
t=12000  N=12009  holderDeg=3  probe(ttl4/6/8/12)=0/0/2/9 of 20
t=12200  N=12209  holderDeg=87  probe(ttl4/6/8/12)=1/12/20/20 of 20
t=12200  N=12209  holderDeg=128  probe(ttl4/6/8/12)=4/15/20/20 of 20
t=12000  N=12009  holderDeg=89  probe(ttl4/6/8/12)=4/12/20/20 of 20
t=12200  N=12209  holderDeg=3  probe(ttl4/6/8/12)=0/0/1/8 of 20
t=11800  N=11809  holderDeg=100  probe(ttl4/6/8/12)=5/10/19/20 of 20
t=11800  N=11809  holderDeg=103  probe(ttl4/6/8/12)=5/18/20/20 of 20
t=12400  N=12409  holderDeg=89  probe(ttl4/6/8/12)=4/12/20/20 of 20
t=12200  N=12209  holderDeg=92  probe(ttl4/6/8/12)=1/18/20/20 of 20
t=12400  N=12409  holderDeg=3  probe(ttl4/6/8/12)=0/0/4/8 of 20
t=12000  N=12009  holderDeg=103  probe(ttl4/6/8/12)=6/15/20/20 of 20
t=12000  N=12009  holderDeg=105  probe(ttl4/6/8/12)=4/20/20/20 of 20
t=12400  N=12409  holderDeg=94  probe(ttl4/6/8/12)=3/12/20/20 of 20
t=12400  N=12409  holderDeg=133  probe(ttl4/6/8/12)=4/16/20/20 of 20
t=12200  N=12209  holderDeg=106  probe(ttl4/6/8/12)=2/15/20/20 of 20
t=12600  N=12609  holderDeg=92  probe(ttl4/6/8/12)=5/12/20/20 of 20
t=12600  N=12609  holderDeg=3  probe(ttl4/6/8/12)=0/0/4/4 of 20
t=12200  N=12209  holderDeg=109  probe(ttl4/6/8/12)=4/16/20/20 of 20
t=12600  N=12609  holderDeg=96  probe(ttl4/6/8/12)=2/9/20/20 of 20
t=12600  N=12609  holderDeg=138  probe(ttl4/6/8/12)=2/11/20/20 of 20
t=12400  N=12409  holderDeg=108  probe(ttl4/6/8/12)=1/13/20/20 of 20
t=12800  N=12809  holderDeg=3  probe(ttl4/6/8/12)=0/1/1/9 of 20
t=12400  N=12409  holderDeg=112  probe(ttl4/6/8/12)=5/15/19/20 of 20
t=12800  N=12809  holderDeg=99  probe(ttl4/6/8/12)=5/14/20/20 of 20
t=12800  N=12809  holderDeg=141  probe(ttl4/6/8/12)=4/14/20/20 of 20
t=12600  N=12609  holderDeg=110  probe(ttl4/6/8/12)=3/17/20/20 of 20
t=13000  N=13009  holderDeg=3  probe(ttl4/6/8/12)=0/1/2/9 of 20
t=12800  N=12809  holderDeg=95  probe(ttl4/6/8/12)=1/14/20/20 of 20
t=12600  N=12609  holderDeg=115  probe(ttl4/6/8/12)=4/11/20/20 of 20
t=13000  N=13009  holderDeg=144  probe(ttl4/6/8/12)=3/16/20/20 of 20
t=12800  N=12809  holderDeg=113  probe(ttl4/6/8/12)=3/15/20/20 of 20
t=13000  N=13009  holderDeg=101  probe(ttl4/6/8/12)=4/12/20/20 of 20
t=13000  N=13009  holderDeg=97  probe(ttl4/6/8/12)=1/14/20/20 of 20
t=12800  N=12809  holderDeg=119  probe(ttl4/6/8/12)=0/11/20/20 of 20
t=13200  N=13209  holderDeg=4  probe(ttl4/6/8/12)=0/1/2/12 of 20
t=13200  N=13209  holderDeg=147  probe(ttl4/6/8/12)=6/15/20/20 of 20
t=13200  N=13209  holderDeg=100  probe(ttl4/6/8/12)=2/14/20/20 of 20
t=13000  N=13009  holderDeg=116  probe(ttl4/6/8/12)=3/16/20/20 of 20
t=13200  N=13209  holderDeg=104  probe(ttl4/6/8/12)=2/15/20/20 of 20
t=13400  N=13409  holderDeg=149  probe(ttl4/6/8/12)=5/13/20/20 of 20
t=13400  N=13409  holderDeg=4  probe(ttl4/6/8/12)=0/0/6/9 of 20
t=13000  N=13009  holderDeg=122  probe(ttl4/6/8/12)=5/12/20/20 of 20
t=13200  N=13209  holderDeg=119  probe(ttl4/6/8/12)=4/13/20/20 of 20
t=13400  N=13409  holderDeg=103  probe(ttl4/6/8/12)=5/13/20/20 of 20
t=13600  N=13609  holderDeg=4  probe(ttl4/6/8/12)=1/1/4/11 of 20
t=13400  N=13409  holderDeg=106  probe(ttl4/6/8/12)=6/13/20/20 of 20
t=13200  N=13209  holderDeg=125  probe(ttl4/6/8/12)=3/12/20/20 of 20
t=13600  N=13609  holderDeg=152  probe(ttl4/6/8/12)=2/13/20/20 of 20
t=13600  N=13609  holderDeg=107  probe(ttl4/6/8/12)=2/14/20/20 of 20
t=13800  N=13809  holderDeg=4  probe(ttl4/6/8/12)=0/0/4/11 of 20
t=13800  N=13809  holderDeg=155  probe(ttl4/6/8/12)=3/18/20/20 of 20
t=13400  N=13409  holderDeg=122  probe(ttl4/6/8/12)=3/14/20/20 of 20
t=13400  N=13409  holderDeg=128  probe(ttl4/6/8/12)=3/15/20/20 of 20
t=13600  N=13609  holderDeg=109  probe(ttl4/6/8/12)=4/14/17/20 of 20
t=14000  N=14009  holderDeg=4  probe(ttl4/6/8/12)=0/0/2/13 of 20
t=13800  N=13809  holderDeg=109  probe(ttl4/6/8/12)=4/15/20/20 of 20
t=13600  N=13609  holderDeg=125  probe(ttl4/6/8/12)=3/14/20/20 of 20
t=14000  N=14009  holderDeg=158  probe(ttl4/6/8/12)=5/18/20/20 of 20
t=13600  N=13609  holderDeg=131  probe(ttl4/6/8/12)=4/17/20/20 of 20
t=13800  N=13809  holderDeg=112  probe(ttl4/6/8/12)=4/14/20/20 of 20

 Growing has been completed
*********************************************************************


================ fixed015c  seed=2  (Pp=100 Pd=0 Pt=25000 rewire=True k=5 c=2 eps=0,02 qmax=0,2 N=10000 theta=6 crash=0 shape=0 multi=1 randrw=0 oracle=False fixedthr=0,15 rules=1 cooper=False dmax=160 mu=1 noscale=False) ================
t=200  N=209  holderDeg=-1  probe(ttl4/6/8/12)=0/0/0/0 of 20
t=400  N=409  holderDeg=-1  probe(ttl4/6/8/12)=0/0/0/0 of 20
t=600  N=609  holderDeg=-1  probe(ttl4/6/8/12)=0/0/0/0 of 20
t=13800  N=13809  holderDeg=132  probe(ttl4/6/8/12)=3/16/20/20 of 20
t=14000  N=14009  holderDeg=113  probe(ttl4/6/8/12)=4/12/20/20 of 20
t=800  N=809  holderDeg=-1  probe(ttl4/6/8/12)=0/0/0/0 of 20
t=1000  N=1009  holderDeg=-1  probe(ttl4/6/8/12)=0/0/0/0 of 20
t=13800  N=13809  holderDeg=136  probe(ttl4/6/8/12)=4/14/20/20 of 20
t=1200  N=1209  holderDeg=-1  probe(ttl4/6/8/12)=0/0/0/0 of 20
t=14000  N=14009  holderDeg=116  probe(ttl4/6/8/12)=1/12/20/20 of 20
t=1400  N=1409  holderDeg=-1  probe(ttl4/6/8/12)=0/0/0/0 of 20
t=1600  N=1609  holderDeg=-1  probe(ttl4/6/8/12)=0/0/0/0 of 20
t=1800  N=1809  holderDeg=-1  probe(ttl4/6/8/12)=0/0/0/0 of 20
t=2000  N=2009  holderDeg=-1  probe(ttl4/6/8/12)=0/0/0/0 of 20
t=14200  N=14209  holderDeg=4  probe(ttl4/6/8/12)=0/1/3/11 of 20
t=14200  N=14209  holderDeg=118  probe(ttl4/6/8/12)=2/14/20/20 of 20
t=2200  N=2209  holderDeg=-1  probe(ttl4/6/8/12)=0/0/0/0 of 20
t=14000  N=14009  holderDeg=138  probe(ttl4/6/8/12)=4/17/20/20 of 20

 Growing has been completed
*********************************************************************

t=2400  N=2409  holderDeg=-1  probe(ttl4/6/8/12)=0/0/0/0 of 20

================ randomrw4  seed=2  (Pp=100 Pd=0 Pt=0 rewire=False k=5 c=2 eps=0,02 qmax=0,2 N=10000 theta=6 crash=0 shape=0 multi=1 randrw=4 oracle=False fixedthr=0 rules=7 cooper=False dmax=160 mu=1 noscale=False) ================
t=14000  N=14009  holderDeg=141  probe(ttl4/6/8/12)=3/14/20/20 of 20
t=200  N=209  holderDeg=-1  probe(ttl4/6/8/12)=0/0/0/0 of 20

 Growing has been completed
*********************************************************************

t=400  N=409  holderDeg=-1  probe(ttl4/6/8/12)=0/0/0/0 of 20

================ nullwl  seed=2  (Pp=100 Pd=0 Pt=25000 rewire=True k=5 c=2 eps=0,02 qmax=0 N=10000 theta=6 crash=0 shape=0 multi=1 randrw=0 oracle=False fixedthr=0 rules=7 cooper=False dmax=160 mu=1 noscale=False) ================
t=14200  N=14209  holderDeg=119  probe(ttl4/6/8/12)=2/10/20/20 of 20
t=2600  N=2609  holderDeg=-1  probe(ttl4/6/8/12)=0/0/0/0 of 20
t=600  N=609  holderDeg=-1  probe(ttl4/6/8/12)=0/0/0/0 of 20
t=200  N=209  holderDeg=-1  probe(ttl4/6/8/12)=0/0/0/0 of 20
t=400  N=409  holderDeg=-1  probe(ttl4/6/8/12)=0/0/0/0 of 20
t=800  N=809  holderDeg=-1  probe(ttl4/6/8/12)=0/0/0/0 of 20
t=600  N=609  holderDeg=-1  probe(ttl4/6/8/12)=0/0/0/0 of 20

 Growing has been completed
*********************************************************************

t=2800  N=2809  holderDeg=-1  probe(ttl4/6/8/12)=0/0/0/0 of 20

================ trendfx-n20000  seed=2  (Pp=100 Pd=0 Pt=25000 rewire=True k=5 c=2 eps=0,02 qmax=0,2 N=20000 theta=6 crash=0 shape=0 multi=1 randrw=0 oracle=False fixedthr=0 rules=7 cooper=False dmax=160 mu=1 noscale=True) ================
t=1000  N=1009  holderDeg=-1  probe(ttl4/6/8/12)=0/0/0/0 of 20
t=200  N=209  holderDeg=-1  probe(ttl4/6/8/12)=0/0/0/0 of 20
t=800  N=809  holderDeg=-1  probe(ttl4/6/8/12)=0/0/0/0 of 20
t=400  N=409  holderDeg=-1  probe(ttl4/6/8/12)=0/0/0/0 of 20
t=1200  N=1209  holderDeg=-1  probe(ttl4/6/8/12)=0/0/0/0 of 20
t=1000  N=1009  holderDeg=-1  probe(ttl4/6/8/12)=0/0/0/0 of 20
t=600  N=609  holderDeg=-1  probe(ttl4/6/8/12)=0/0/0/0 of 20
t=3000  N=3009  holderDeg=3  probe(ttl4/6/8/12)=1/1/5/9 of 20
t=1200  N=1209  holderDeg=-1  probe(ttl4/6/8/12)=0/0/0/0 of 20
t=1400  N=1409  holderDeg=-1  probe(ttl4/6/8/12)=0/0/0/0 of 20
t=800  N=809  holderDeg=-1  probe(ttl4/6/8/12)=0/0/0/0 of 20
t=1600  N=1609  holderDeg=-1  probe(ttl4/6/8/12)=0/0/0/0 of 20
t=1400  N=1409  holderDeg=-1  probe(ttl4/6/8/12)=0/0/0/0 of 20
t=3200  N=3209  holderDeg=3  probe(ttl4/6/8/12)=0/1/4/10 of 20
t=1000  N=1009  holderDeg=-1  probe(ttl4/6/8/12)=0/0/0/0 of 20
t=1200  N=1209  holderDeg=-1  probe(ttl4/6/8/12)=0/0/0/0 of 20
t=1800  N=1809  holderDeg=-1  probe(ttl4/6/8/12)=0/0/0/0 of 20
t=1600  N=1609  holderDeg=-1  probe(ttl4/6/8/12)=0/0/0/0 of 20
t=3400  N=3409  holderDeg=3  probe(ttl4/6/8/12)=0/4/4/6 of 20
t=1400  N=1409  holderDeg=-1  probe(ttl4/6/8/12)=0/0/0/0 of 20
t=14200  N=14209  holderDeg=144  probe(ttl4/6/8/12)=3/15/20/20 of 20
t=2000  N=2009  holderDeg=-1  probe(ttl4/6/8/12)=0/0/0/0 of 20
t=1800  N=1809  holderDeg=-1  probe(ttl4/6/8/12)=0/0/0/0 of 20
t=1600  N=1609  holderDeg=-1  probe(ttl4/6/8/12)=0/0/0/0 of 20
t=14200  N=14209  holderDeg=143  probe(ttl4/6/8/12)=5/16/20/20 of 20
t=3600  N=3609  holderDeg=3  probe(ttl4/6/8/12)=0/2/4/7 of 20
t=2200  N=2209  holderDeg=-1  probe(ttl4/6/8/12)=0/0/0/0 of 20
t=2000  N=2009  holderDeg=-1  probe(ttl4/6/8/12)=0/0/0/0 of 20
t=1800  N=1809  holderDeg=-1  probe(ttl4/6/8/12)=0/0/0/0 of 20
t=2400  N=2409  holderDeg=-1  probe(ttl4/6/8/12)=0/0/0/0 of 20
t=2000  N=2009  holderDeg=-1  probe(ttl4/6/8/12)=0/0/0/0 of 20

 Growing has been completed
*********************************************************************

t=2200  N=2209  holderDeg=-1  probe(ttl4/6/8/12)=0/0/0/0 of 20
t=3800  N=3809  holderDeg=3  probe(ttl4/6/8/12)=1/2/6/5 of 20

================ rulek  seed=3  (Pp=100 Pd=0 Pt=25000 rewire=True k=5 c=2 eps=0,02 qmax=0,2 N=10000 theta=6 crash=0 shape=0 multi=1 randrw=0 oracle=False fixedthr=0 rules=1 cooper=False dmax=160 mu=1 noscale=False) ================
t=200  N=209  holderDeg=-1  probe(ttl4/6/8/12)=0/0/0/0 of 20
t=2600  N=2609  holderDeg=-1  probe(ttl4/6/8/12)=0/0/0/0 of 20
t=2400  N=2409  holderDeg=-1  probe(ttl4/6/8/12)=0/0/0/0 of 20
t=2200  N=2209  holderDeg=-1  probe(ttl4/6/8/12)=0/0/0/0 of 20
t=400  N=409  holderDeg=-1  probe(ttl4/6/8/12)=0/0/0/0 of 20
t=4000  N=4009  holderDeg=3  probe(ttl4/6/8/12)=0/3/2/7 of 20
t=600  N=609  holderDeg=-1  probe(ttl4/6/8/12)=0/0/0/0 of 20
t=2800  N=2809  holderDeg=3  probe(ttl4/6/8/12)=0/1/7/13 of 20
t=2400  N=2409  holderDeg=-1  probe(ttl4/6/8/12)=0/0/0/0 of 20
t=2600  N=2609  holderDeg=-1  probe(ttl4/6/8/12)=0/0/0/0 of 20
t=800  N=809  holderDeg=-1  probe(ttl4/6/8/12)=0/0/0/0 of 20
t=4200  N=4209  holderDeg=3  probe(ttl4/6/8/12)=0/0/2/9 of 20
t=1000  N=1009  holderDeg=-1  probe(ttl4/6/8/12)=0/0/0/0 of 20
t=2800  N=2809  holderDeg=-1  probe(ttl4/6/8/12)=0/0/0/0 of 20
t=3000  N=3009  holderDeg=3  probe(ttl4/6/8/12)=1/1/6/11 of 20
t=2600  N=2609  holderDeg=-1  probe(ttl4/6/8/12)=0/0/0/0 of 20
t=1200  N=1209  holderDeg=-1  probe(ttl4/6/8/12)=0/0/0/0 of 20
t=1400  N=1409  holderDeg=-1  probe(ttl4/6/8/12)=0/0/0/0 of 20
t=4400  N=4409  holderDeg=3  probe(ttl4/6/8/12)=0/1/3/5 of 20
t=2800  N=2809  holderDeg=-1  probe(ttl4/6/8/12)=0/0/0/0 of 20
t=3200  N=3209  holderDeg=3  probe(ttl4/6/8/12)=1/5/7/8 of 20
t=3000  N=3009  holderDeg=3  probe(ttl4/6/8/12)=0/5/8/14 of 20
t=1600  N=1609  holderDeg=-1  probe(ttl4/6/8/12)=0/0/0/0 of 20
t=14400  N=14409  holderDeg=145  probe(ttl4/6/8/12)=4/15/20/20 of 20
t=1800  N=1809  holderDeg=-1  probe(ttl4/6/8/12)=0/0/0/0 of 20
t=3000  N=3009  holderDeg=3  probe(ttl4/6/8/12)=0/5/8/14 of 20
t=3200  N=3209  holderDeg=3  probe(ttl4/6/8/12)=0/2/8/9 of 20
t=4600  N=4609  holderDeg=3  probe(ttl4/6/8/12)=0/1/4/8 of 20
t=3400  N=3409  holderDeg=3  probe(ttl4/6/8/12)=0/2/5/9 of 20
t=2000  N=2009  holderDeg=-1  probe(ttl4/6/8/12)=0/0/0/0 of 20
t=3200  N=3209  holderDeg=3  probe(ttl4/6/8/12)=0/2/6/10 of 20
t=3400  N=3409  holderDeg=3  probe(ttl4/6/8/12)=0/2/7/8 of 20
t=3600  N=3609  holderDeg=3  probe(ttl4/6/8/12)=1/3/6/10 of 20
t=4800  N=4809  holderDeg=3  probe(ttl4/6/8/12)=2/2/5/12 of 20
t=2200  N=2209  holderDeg=-1  probe(ttl4/6/8/12)=0/0/0/0 of 20
t=3600  N=3609  holderDeg=3  probe(ttl4/6/8/12)=1/1/6/4 of 20
t=3400  N=3409  holderDeg=3  probe(ttl4/6/8/12)=1/5/7/7 of 20
t=3800  N=3809  holderDeg=3  probe(ttl4/6/8/12)=1/3/6/10 of 20
t=5000  N=5009  holderDeg=3  probe(ttl4/6/8/12)=0/1/2/3 of 20
t=2400  N=2409  holderDeg=-1  probe(ttl4/6/8/12)=0/0/0/0 of 20
t=3800  N=3809  holderDeg=3  probe(ttl4/6/8/12)=0/1/5/8 of 20
t=4000  N=4009  holderDeg=3  probe(ttl4/6/8/12)=0/2/4/8 of 20
t=3600  N=3609  holderDeg=5  probe(ttl4/6/8/12)=1/4/7/6 of 20
t=2600  N=2609  holderDeg=-1  probe(ttl4/6/8/12)=0/0/0/0 of 20
t=5200  N=5209  holderDeg=3  probe(ttl4/6/8/12)=1/1/1/10 of 20
t=3800  N=3809  holderDeg=7  probe(ttl4/6/8/12)=5/5/9/12 of 20
t=2800  N=2809  holderDeg=-1  probe(ttl4/6/8/12)=0/0/0/0 of 20
t=4200  N=4209  holderDeg=3  probe(ttl4/6/8/12)=0/1/2/6 of 20
t=4000  N=4009  holderDeg=3  probe(ttl4/6/8/12)=0/2/2/3 of 20
t=5400  N=5409  holderDeg=3  probe(ttl4/6/8/12)=0/1/4/8 of 20
t=4000  N=4009  holderDeg=9  probe(ttl4/6/8/12)=1/3/13/14 of 20
t=3000  N=3009  holderDeg=3  probe(ttl4/6/8/12)=0/1/8/12 of 20
t=4400  N=4409  holderDeg=3  probe(ttl4/6/8/12)=0/1/4/6 of 20
t=4200  N=4209  holderDeg=12  probe(ttl4/6/8/12)=0/3/12/18 of 20
t=5600  N=5609  holderDeg=3  probe(ttl4/6/8/12)=0/3/2/6 of 20
t=4200  N=4209  holderDeg=3  probe(ttl4/6/8/12)=0/2/6/8 of 20
t=3200  N=3209  holderDeg=3  probe(ttl4/6/8/12)=1/2/5/15 of 20
t=4600  N=4609  holderDeg=3  probe(ttl4/6/8/12)=1/0/4/7 of 20
t=14600  N=14609  holderDeg=149  probe(ttl4/6/8/12)=5/13/20/20 of 20
t=4400  N=4409  holderDeg=3  probe(ttl4/6/8/12)=1/0/4/9 of 20
t=3400  N=3409  holderDeg=3  probe(ttl4/6/8/12)=0/1/6/10 of 20
t=4400  N=4409  holderDeg=14  probe(ttl4/6/8/12)=1/11/15/20 of 20
t=4800  N=4809  holderDeg=3  probe(ttl4/6/8/12)=0/2/6/3 of 20
t=5800  N=5809  holderDeg=3  probe(ttl4/6/8/12)=0/1/2/6 of 20
t=4600  N=4609  holderDeg=3  probe(ttl4/6/8/12)=0/0/6/8 of 20
t=4600  N=4609  holderDeg=16  probe(ttl4/6/8/12)=0/5/15/19 of 20
t=3600  N=3609  holderDeg=3  probe(ttl4/6/8/12)=1/0/6/16 of 20
t=5000  N=5009  holderDeg=3  probe(ttl4/6/8/12)=0/2/4/3 of 20
t=4800  N=4809  holderDeg=3  probe(ttl4/6/8/12)=0/2/3/6 of 20
t=6000  N=6009  holderDeg=3  probe(ttl4/6/8/12)=0/0/1/11 of 20
t=3800  N=3809  holderDeg=3  probe(ttl4/6/8/12)=0/3/7/13 of 20
t=4800  N=4809  holderDeg=19  probe(ttl4/6/8/12)=2/11/17/20 of 20
t=5000  N=5009  holderDeg=3  probe(ttl4/6/8/12)=0/2/7/5 of 20
t=6200  N=6209  holderDeg=3  probe(ttl4/6/8/12)=0/1/2/8 of 20
t=4000  N=4009  holderDeg=3  probe(ttl4/6/8/12)=0/1/5/10 of 20
t=5200  N=5209  holderDeg=3  probe(ttl4/6/8/12)=0/1/3/9 of 20
t=5000  N=5009  holderDeg=24  probe(ttl4/6/8/12)=3/6/20/19 of 20
t=4200  N=4209  holderDeg=3  probe(ttl4/6/8/12)=0/0/5/12 of 20
t=5200  N=5209  holderDeg=3  probe(ttl4/6/8/12)=0/3/6/2 of 20
t=5200  N=5209  holderDeg=26  probe(ttl4/6/8/12)=6/10/18/20 of 20
t=5400  N=5409  holderDeg=3  probe(ttl4/6/8/12)=1/3/5/3 of 20
t=6400  N=6409  holderDeg=5  probe(ttl4/6/8/12)=0/1/6/13 of 20
t=4400  N=4409  holderDeg=3  probe(ttl4/6/8/12)=0/2/5/11 of 20
t=5400  N=5409  holderDeg=3  probe(ttl4/6/8/12)=0/0/2/2 of 20
t=5400  N=5409  holderDeg=29  probe(ttl4/6/8/12)=2/10/18/20 of 20
t=4600  N=4609  holderDeg=3  probe(ttl4/6/8/12)=0/0/3/10 of 20
t=5600  N=5609  holderDeg=3  probe(ttl4/6/8/12)=0/2/5/5 of 20
t=6600  N=6609  holderDeg=7  probe(ttl4/6/8/12)=2/2/8/17 of 20
t=5600  N=5609  holderDeg=3  probe(ttl4/6/8/12)=0/0/5/3 of 20
t=14800  N=14809  holderDeg=151  probe(ttl4/6/8/12)=5/16/20/20 of 20
t=5600  N=5609  holderDeg=31  probe(ttl4/6/8/12)=2/14/20/20 of 20
t=4800  N=4809  holderDeg=3  probe(ttl4/6/8/12)=1/1/7/11 of 20
t=5800  N=5809  holderDeg=3  probe(ttl4/6/8/12)=0/3/4/2 of 20
t=6800  N=6809  holderDeg=9  probe(ttl4/6/8/12)=1/2/8/17 of 20
t=5800  N=5809  holderDeg=3  probe(ttl4/6/8/12)=0/1/2/6 of 20
t=5800  N=5809  holderDeg=33  probe(ttl4/6/8/12)=1/6/19/20 of 20
t=5000  N=5009  holderDeg=3  probe(ttl4/6/8/12)=0/1/6/8 of 20
t=6000  N=6009  holderDeg=3  probe(ttl4/6/8/12)=1/4/9/7 of 20
t=6000  N=6009  holderDeg=3  probe(ttl4/6/8/12)=0/2/4/1 of 20
t=5200  N=5209  holderDeg=3  probe(ttl4/6/8/12)=0/1/3/8 of 20
t=7000  N=7009  holderDeg=11  probe(ttl4/6/8/12)=0/5/13/14 of 20
t=6200  N=6209  holderDeg=3  probe(ttl4/6/8/12)=1/0/2/7 of 20
t=6000  N=6009  holderDeg=35  probe(ttl4/6/8/12)=0/9/20/20 of 20
t=15000  N=15009  holderDeg=153  probe(ttl4/6/8/12)=2/11/20/20 of 20
t=6200  N=6209  holderDeg=3  probe(ttl4/6/8/12)=0/1/3/3 of 20
t=5400  N=5409  holderDeg=3  probe(ttl4/6/8/12)=0/3/3/7 of 20
t=7200  N=7209  holderDeg=13  probe(ttl4/6/8/12)=0/2/13/19 of 20
t=6200  N=6209  holderDeg=37  probe(ttl4/6/8/12)=2/10/20/20 of 20
t=6400  N=6409  holderDeg=3  probe(ttl4/6/8/12)=0/3/3/8 of 20
t=5600  N=5609  holderDeg=5  probe(ttl4/6/8/12)=2/4/9/14 of 20
t=6400  N=6409  holderDeg=3  probe(ttl4/6/8/12)=0/1/1/2 of 20
t=7400  N=7409  holderDeg=16  probe(ttl4/6/8/12)=1/6/11/20 of 20
t=6400  N=6409  holderDeg=39  probe(ttl4/6/8/12)=1/11/19/20 of 20
t=5800  N=5809  holderDeg=7  probe(ttl4/6/8/12)=0/1/10/16 of 20
t=6600  N=6609  holderDeg=3  probe(ttl4/6/8/12)=2/0/6/4 of 20
t=15200  N=15209  holderDeg=157  probe(ttl4/6/8/12)=3/16/20/20 of 20
t=6600  N=6609  holderDeg=3  probe(ttl4/6/8/12)=0/1/3/5 of 20
t=7600  N=7609  holderDeg=18  probe(ttl4/6/8/12)=1/5/10/17 of 20
t=6600  N=6609  holderDeg=41  probe(ttl4/6/8/12)=1/8/20/20 of 20
t=6000  N=6009  holderDeg=9  probe(ttl4/6/8/12)=0/2/9/18 of 20
t=6800  N=6809  holderDeg=3  probe(ttl4/6/8/12)=0/2/3/0 of 20
t=6800  N=6809  holderDeg=3  probe(ttl4/6/8/12)=1/1/4/2 of 20
t=6200  N=6209  holderDeg=11  probe(ttl4/6/8/12)=1/8/13/19 of 20
t=6800  N=6809  holderDeg=45  probe(ttl4/6/8/12)=8/11/20/20 of 20
t=7800  N=7809  holderDeg=20  probe(ttl4/6/8/12)=0/3/12/20 of 20
t=7000  N=7009  holderDeg=3  probe(ttl4/6/8/12)=0/0/4/4 of 20
t=7000  N=7009  holderDeg=3  probe(ttl4/6/8/12)=0/1/4/2 of 20
t=6400  N=6409  holderDeg=13  probe(ttl4/6/8/12)=1/3/13/18 of 20
t=8000  N=8009  holderDeg=23  probe(ttl4/6/8/12)=0/9/15/20 of 20
t=7200  N=7209  holderDeg=3  probe(ttl4/6/8/12)=0/1/4/4 of 20
t=7200  N=7209  holderDeg=3  probe(ttl4/6/8/12)=0/0/1/3 of 20
t=7000  N=7009  holderDeg=49  probe(ttl4/6/8/12)=2/16/20/20 of 20
t=6600  N=6609  holderDeg=15  probe(ttl4/6/8/12)=0/5/13/19 of 20
t=8200  N=8209  holderDeg=26  probe(ttl4/6/8/12)=0/5/17/20 of 20
t=7400  N=7409  holderDeg=3  probe(ttl4/6/8/12)=0/1/2/6 of 20
t=7400  N=7409  holderDeg=3  probe(ttl4/6/8/12)=0/2/4/5 of 20
t=6800  N=6809  holderDeg=17  probe(ttl4/6/8/12)=2/3/13/20 of 20
t=7200  N=7209  holderDeg=52  probe(ttl4/6/8/12)=3/13/19/20 of 20
t=15400  N=15409  holderDeg=161  probe(ttl4/6/8/12)=8/17/20/20 of 20
t=7000  N=7009  holderDeg=19  probe(ttl4/6/8/12)=0/8/16/20 of 20
t=7600  N=7609  holderDeg=3  probe(ttl4/6/8/12)=1/2/1/2 of 20
t=8400  N=8409  holderDeg=28  probe(ttl4/6/8/12)=1/5/15/20 of 20
t=7600  N=7609  holderDeg=3  probe(ttl4/6/8/12)=1/1/2/6 of 20
t=7400  N=7409  holderDeg=56  probe(ttl4/6/8/12)=7/12/19/20 of 20
t=7200  N=7209  holderDeg=22  probe(ttl4/6/8/12)=1/7/16/20 of 20
t=7800  N=7809  holderDeg=3  probe(ttl4/6/8/12)=0/1/1/4 of 20
t=8600  N=8609  holderDeg=30  probe(ttl4/6/8/12)=1/8/15/19 of 20
t=7800  N=7809  holderDeg=3  probe(ttl4/6/8/12)=0/2/7/4 of 20
t=7600  N=7609  holderDeg=58  probe(ttl4/6/8/12)=3/13/20/20 of 20
t=7400  N=7409  holderDeg=25  probe(ttl4/6/8/12)=2/9/18/20 of 20
t=8800  N=8809  holderDeg=33  probe(ttl4/6/8/12)=1/9/18/20 of 20
t=15600  N=15609  holderDeg=164  probe(ttl4/6/8/12)=5/14/20/20 of 20
t=7800  N=7809  holderDeg=60  probe(ttl4/6/8/12)=3/11/20/20 of 20
t=8000  N=8009  holderDeg=3  probe(ttl4/6/8/12)=1/1/5/4 of 20
t=7600  N=7609  holderDeg=27  probe(ttl4/6/8/12)=1/10/18/19 of 20
t=8000  N=8009  holderDeg=3  probe(ttl4/6/8/12)=0/2/5/4 of 20
t=9000  N=9009  holderDeg=34  probe(ttl4/6/8/12)=3/4/19/20 of 20
t=8000  N=8009  holderDeg=65  probe(ttl4/6/8/12)=3/13/20/20 of 20
t=8200  N=8209  holderDeg=3  probe(ttl4/6/8/12)=0/2/3/2 of 20
t=15800  N=15809  holderDeg=168  probe(ttl4/6/8/12)=3/11/20/20 of 20
t=7800  N=7809  holderDeg=30  probe(ttl4/6/8/12)=3/8/18/20 of 20
t=8200  N=8209  holderDeg=3  probe(ttl4/6/8/12)=0/1/1/5 of 20
t=9200  N=9209  holderDeg=37  probe(ttl4/6/8/12)=2/12/20/20 of 20
t=8200  N=8209  holderDeg=68  probe(ttl4/6/8/12)=2/14/20/20 of 20
t=8000  N=8009  holderDeg=34  probe(ttl4/6/8/12)=1/9/17/20 of 20
t=8400  N=8409  holderDeg=3  probe(ttl4/6/8/12)=0/1/1/4 of 20
t=8400  N=8409  holderDeg=3  probe(ttl4/6/8/12)=0/2/1/2 of 20
t=16000  N=16009  holderDeg=171  probe(ttl4/6/8/12)=3/18/20/20 of 20
t=8200  N=8209  holderDeg=36  probe(ttl4/6/8/12)=0/10/20/20 of 20
t=8400  N=8409  holderDeg=70  probe(ttl4/6/8/12)=3/10/20/20 of 20
t=9400  N=9409  holderDeg=40  probe(ttl4/6/8/12)=0/5/18/20 of 20
t=8600  N=8609  holderDeg=3  probe(ttl4/6/8/12)=0/0/4/5 of 20
t=8600  N=8609  holderDeg=3  probe(ttl4/6/8/12)=0/0/1/4 of 20
t=8400  N=8409  holderDeg=39  probe(ttl4/6/8/12)=3/8/20/20 of 20
t=8600  N=8609  holderDeg=73  probe(ttl4/6/8/12)=5/18/20/20 of 20
t=8800  N=8809  holderDeg=3  probe(ttl4/6/8/12)=1/2/3/3 of 20
t=9600  N=9609  holderDeg=43  probe(ttl4/6/8/12)=1/5/17/20 of 20
t=8800  N=8809  holderDeg=3  probe(ttl4/6/8/12)=0/0/3/4 of 20
t=8600  N=8609  holderDeg=41  probe(ttl4/6/8/12)=1/5/16/20 of 20
t=16200  N=16209  holderDeg=175  probe(ttl4/6/8/12)=4/9/20/20 of 20
t=9000  N=9009  holderDeg=3  probe(ttl4/6/8/12)=0/1/4/10 of 20
t=8800  N=8809  holderDeg=76  probe(ttl4/6/8/12)=5/11/20/20 of 20
t=9000  N=9009  holderDeg=3  probe(ttl4/6/8/12)=0/0/4/5 of 20
t=9800  N=9809  holderDeg=46  probe(ttl4/6/8/12)=0/10/19/20 of 20
t=8800  N=8809  holderDeg=44  probe(ttl4/6/8/12)=2/11/20/20 of 20
t=9200  N=9209  holderDeg=3  probe(ttl4/6/8/12)=1/1/2/11 of 20
t=9000  N=9009  holderDeg=80  probe(ttl4/6/8/12)=2/15/20/20 of 20
t=9200  N=9209  holderDeg=3  probe(ttl4/6/8/12)=0/2/1/2 of 20
t=9000  N=9009  holderDeg=46  probe(ttl4/6/8/12)=2/10/18/20 of 20
t=16400  N=16409  holderDeg=178  probe(ttl4/6/8/12)=3/14/20/20 of 20
t=10000  N=10009  holderDeg=50  probe(ttl4/6/8/12)=2/12/18/20 of 20
t=9200  N=9209  holderDeg=82  probe(ttl4/6/8/12)=4/14/20/20 of 20
t=9400  N=9409  holderDeg=3  probe(ttl4/6/8/12)=0/0/5/7 of 20
t=9200  N=9209  holderDeg=48  probe(ttl4/6/8/12)=1/7/18/20 of 20
t=9400  N=9409  holderDeg=3  probe(ttl4/6/8/12)=1/2/2/5 of 20
t=10200  N=10209  holderDeg=54  probe(ttl4/6/8/12)=0/11/17/20 of 20
t=9400  N=9409  holderDeg=85  probe(ttl4/6/8/12)=2/13/20/20 of 20
t=9600  N=9609  holderDeg=3  probe(ttl4/6/8/12)=0/2/2/8 of 20
t=9600  N=9609  holderDeg=3  probe(ttl4/6/8/12)=0/1/3/4 of 20
t=16600  N=16609  holderDeg=182  probe(ttl4/6/8/12)=3/15/20/20 of 20
t=9400  N=9409  holderDeg=50  probe(ttl4/6/8/12)=1/10/20/20 of 20
t=9600  N=9609  holderDeg=89  probe(ttl4/6/8/12)=3/12/20/20 of 20
t=9600  N=9609  holderDeg=52  probe(ttl4/6/8/12)=4/10/17/20 of 20
t=9800  N=9809  holderDeg=3  probe(ttl4/6/8/12)=0/1/2/15 of 20
t=10400  N=10409  holderDeg=58  probe(ttl4/6/8/12)=1/10/19/20 of 20
t=9800  N=9809  holderDeg=3  probe(ttl4/6/8/12)=0/0/2/6 of 20
t=9800  N=9809  holderDeg=92  probe(ttl4/6/8/12)=6/14/20/20 of 20
t=16800  N=16809  holderDeg=184  probe(ttl4/6/8/12)=3/13/20/20 of 20
t=10000  N=10009  holderDeg=3  probe(ttl4/6/8/12)=0/1/4/12 of 20
t=10600  N=10609  holderDeg=60  probe(ttl4/6/8/12)=0/14/19/20 of 20
t=9800  N=9809  holderDeg=55  probe(ttl4/6/8/12)=3/16/20/20 of 20
t=10000  N=10009  holderDeg=3  probe(ttl4/6/8/12)=1/0/3/3 of 20
t=10200  N=10209  holderDeg=3  probe(ttl4/6/8/12)=0/0/2/10 of 20
t=10000  N=10009  holderDeg=95  probe(ttl4/6/8/12)=2/14/20/20 of 20
t=10000  N=10009  holderDeg=58  probe(ttl4/6/8/12)=2/12/20/20 of 20
t=10800  N=10809  holderDeg=62  probe(ttl4/6/8/12)=5/12/19/20 of 20
t=10200  N=10209  holderDeg=3  probe(ttl4/6/8/12)=0/0/1/5 of 20
t=10200  N=10209  holderDeg=97  probe(ttl4/6/8/12)=3/13/20/20 of 20
t=10400  N=10409  holderDeg=3  probe(ttl4/6/8/12)=0/1/5/9 of 20
t=10200  N=10209  holderDeg=60  probe(ttl4/6/8/12)=2/12/19/20 of 20
t=17000  N=17009  holderDeg=188  probe(ttl4/6/8/12)=2/15/20/20 of 20
t=10400  N=10409  holderDeg=3  probe(ttl4/6/8/12)=0/1/4/4 of 20
t=10600  N=10609  holderDeg=3  probe(ttl4/6/8/12)=0/1/4/10 of 20
t=10400  N=10409  holderDeg=63  probe(ttl4/6/8/12)=2/15/20/20 of 20
t=10400  N=10409  holderDeg=100  probe(ttl4/6/8/12)=2/12/20/20 of 20
t=11000  N=11009  holderDeg=64  probe(ttl4/6/8/12)=3/7/19/20 of 20
t=10600  N=10609  holderDeg=3  probe(ttl4/6/8/12)=0/0/3/4 of 20
t=10800  N=10809  holderDeg=3  probe(ttl4/6/8/12)=1/2/3/12 of 20
t=10600  N=10609  holderDeg=65  probe(ttl4/6/8/12)=1/10/20/20 of 20
t=10600  N=10609  holderDeg=103  probe(ttl4/6/8/12)=2/15/20/20 of 20
t=10800  N=10809  holderDeg=3  probe(ttl4/6/8/12)=0/1/1/1 of 20
t=11200  N=11209  holderDeg=67  probe(ttl4/6/8/12)=0/12/20/20 of 20
t=17200  N=17209  holderDeg=190  probe(ttl4/6/8/12)=4/16/20/20 of 20
t=10800  N=10809  holderDeg=105  probe(ttl4/6/8/12)=2/15/20/20 of 20
t=10800  N=10809  holderDeg=68  probe(ttl4/6/8/12)=1/11/20/20 of 20
t=11000  N=11009  holderDeg=3  probe(ttl4/6/8/12)=0/0/4/9 of 20
t=11400  N=11409  holderDeg=70  probe(ttl4/6/8/12)=0/15/20/20 of 20
t=11000  N=11009  holderDeg=3  probe(ttl4/6/8/12)=0/0/2/3 of 20
t=11000  N=11009  holderDeg=71  probe(ttl4/6/8/12)=1/9/20/20 of 20
t=11000  N=11009  holderDeg=108  probe(ttl4/6/8/12)=4/15/20/20 of 20
t=11200  N=11209  holderDeg=3  probe(ttl4/6/8/12)=0/0/7/16 of 20
t=11200  N=11209  holderDeg=3  probe(ttl4/6/8/12)=0/0/4/2 of 20
t=11600  N=11609  holderDeg=74  probe(ttl4/6/8/12)=1/13/19/20 of 20
t=17400  N=17409  holderDeg=194  probe(ttl4/6/8/12)=4/16/20/20 of 20
t=11200  N=11209  holderDeg=73  probe(ttl4/6/8/12)=1/14/19/20 of 20
t=11200  N=11209  holderDeg=113  probe(ttl4/6/8/12)=3/15/20/20 of 20
t=11800  N=11809  holderDeg=76  probe(ttl4/6/8/12)=2/7/19/20 of 20
t=11400  N=11409  holderDeg=3  probe(ttl4/6/8/12)=0/0/3/4 of 20
t=11400  N=11409  holderDeg=3  probe(ttl4/6/8/12)=0/0/3/14 of 20
t=11400  N=11409  holderDeg=75  probe(ttl4/6/8/12)=2/10/19/20 of 20
t=17600  N=17609  holderDeg=198  probe(ttl4/6/8/12)=8/14/20/20 of 20
t=12000  N=12009  holderDeg=79  probe(ttl4/6/8/12)=5/12/19/20 of 20
t=11600  N=11609  holderDeg=77  probe(ttl4/6/8/12)=1/9/20/20 of 20
t=11600  N=11609  holderDeg=3  probe(ttl4/6/8/12)=1/1/4/14 of 20
t=11400  N=11409  holderDeg=115  probe(ttl4/6/8/12)=4/13/20/20 of 20
t=11800  N=11809  holderDeg=80  probe(ttl4/6/8/12)=1/11/19/20 of 20
t=11800  N=11809  holderDeg=3  probe(ttl4/6/8/12)=0/0/4/13 of 20
t=11600  N=11609  holderDeg=117  probe(ttl4/6/8/12)=2/13/20/20 of 20
t=11600  N=11609  holderDeg=3  probe(ttl4/6/8/12)=0/2/5/4 of 20
t=12200  N=12209  holderDeg=81  probe(ttl4/6/8/12)=3/10/20/20 of 20
t=17800  N=17809  holderDeg=202  probe(ttl4/6/8/12)=1/14/20/20 of 20
t=12000  N=12009  holderDeg=83  probe(ttl4/6/8/12)=3/12/20/20 of 20
t=12000  N=12009  holderDeg=3  probe(ttl4/6/8/12)=0/1/7/9 of 20
t=11800  N=11809  holderDeg=120  probe(ttl4/6/8/12)=3/15/20/20 of 20
t=12400  N=12409  holderDeg=83  probe(ttl4/6/8/12)=5/11/20/20 of 20
t=11800  N=11809  holderDeg=3  probe(ttl4/6/8/12)=0/0/2/6 of 20
t=12000  N=12009  holderDeg=123  probe(ttl4/6/8/12)=3/10/20/20 of 20
t=12200  N=12209  holderDeg=3  probe(ttl4/6/8/12)=1/1/4/11 of 20
t=12200  N=12209  holderDeg=87  probe(ttl4/6/8/12)=3/11/20/20 of 20
t=12600  N=12609  holderDeg=85  probe(ttl4/6/8/12)=4/13/20/20 of 20
t=18000  N=18009  holderDeg=205  probe(ttl4/6/8/12)=4/16/20/20 of 20
t=12200  N=12209  holderDeg=127  probe(ttl4/6/8/12)=2/12/20/20 of 20
t=12400  N=12409  holderDeg=90  probe(ttl4/6/8/12)=2/12/20/20 of 20
t=12400  N=12409  holderDeg=3  probe(ttl4/6/8/12)=0/1/5/10 of 20
t=12000  N=12009  holderDeg=3  probe(ttl4/6/8/12)=0/1/2/1 of 20
t=12800  N=12809  holderDeg=88  probe(ttl4/6/8/12)=3/10/20/20 of 20
t=12400  N=12409  holderDeg=131  probe(ttl4/6/8/12)=2/16/20/20 of 20
t=12600  N=12609  holderDeg=92  probe(ttl4/6/8/12)=2/13/20/20 of 20
t=12600  N=12609  holderDeg=3  probe(ttl4/6/8/12)=0/0/2/12 of 20
t=18200  N=18209  holderDeg=207  probe(ttl4/6/8/12)=3/18/20/20 of 20
t=12200  N=12209  holderDeg=3  probe(ttl4/6/8/12)=0/1/0/2 of 20
t=12600  N=12609  holderDeg=136  probe(ttl4/6/8/12)=4/14/20/20 of 20
t=13000  N=13009  holderDeg=91  probe(ttl4/6/8/12)=5/12/20/20 of 20
t=12800  N=12809  holderDeg=94  probe(ttl4/6/8/12)=2/14/20/20 of 20
t=12800  N=12809  holderDeg=3  probe(ttl4/6/8/12)=0/1/2/9 of 20
t=12400  N=12409  holderDeg=3  probe(ttl4/6/8/12)=0/1/2/4 of 20
t=12800  N=12809  holderDeg=139  probe(ttl4/6/8/12)=7/11/20/20 of 20
t=18400  N=18409  holderDeg=212  probe(ttl4/6/8/12)=5/16/20/20 of 20
t=13000  N=13009  holderDeg=3  probe(ttl4/6/8/12)=0/0/1/13 of 20
t=13000  N=13009  holderDeg=98  probe(ttl4/6/8/12)=4/13/19/20 of 20
t=12600  N=12609  holderDeg=3  probe(ttl4/6/8/12)=2/0/0/3 of 20
t=13200  N=13209  holderDeg=94  probe(ttl4/6/8/12)=1/11/20/20 of 20
t=13000  N=13009  holderDeg=141  probe(ttl4/6/8/12)=2/15/20/20 of 20
t=13200  N=13209  holderDeg=3  probe(ttl4/6/8/12)=0/0/2/16 of 20
t=12800  N=12809  holderDeg=3  probe(ttl4/6/8/12)=0/0/5/4 of 20
t=18600  N=18609  holderDeg=215  probe(ttl4/6/8/12)=1/17/20/20 of 20
t=13400  N=13409  holderDeg=98  probe(ttl4/6/8/12)=2/13/20/20 of 20
t=13200  N=13209  holderDeg=144  probe(ttl4/6/8/12)=2/15/20/20 of 20
t=13200  N=13209  holderDeg=100  probe(ttl4/6/8/12)=2/15/20/20 of 20
t=13400  N=13409  holderDeg=3  probe(ttl4/6/8/12)=0/1/0/10 of 20
t=13000  N=13009  holderDeg=3  probe(ttl4/6/8/12)=0/1/3/2 of 20
t=13400  N=13409  holderDeg=102  probe(ttl4/6/8/12)=2/10/20/20 of 20
t=13600  N=13609  holderDeg=100  probe(ttl4/6/8/12)=3/11/20/20 of 20
t=13400  N=13409  holderDeg=148  probe(ttl4/6/8/12)=4/14/20/20 of 20
t=13600  N=13609  holderDeg=3  probe(ttl4/6/8/12)=1/1/2/12 of 20
t=18800  N=18809  holderDeg=218  probe(ttl4/6/8/12)=2/13/20/20 of 20
t=13800  N=13809  holderDeg=105  probe(ttl4/6/8/12)=4/19/20/20 of 20
t=13600  N=13609  holderDeg=106  probe(ttl4/6/8/12)=1/13/20/20 of 20
t=13800  N=13809  holderDeg=3  probe(ttl4/6/8/12)=0/0/1/12 of 20
t=13600  N=13609  holderDeg=153  probe(ttl4/6/8/12)=3/19/20/20 of 20
t=13200  N=13209  holderDeg=3  probe(ttl4/6/8/12)=0/1/3/2 of 20
t=19000  N=19009  holderDeg=220  probe(ttl4/6/8/12)=7/16/20/20 of 20
t=13800  N=13809  holderDeg=108  probe(ttl4/6/8/12)=4/10/20/20 of 20
t=14000  N=14009  holderDeg=111  probe(ttl4/6/8/12)=4/11/20/20 of 20
t=13800  N=13809  holderDeg=156  probe(ttl4/6/8/12)=2/14/20/20 of 20
t=14000  N=14009  holderDeg=3  probe(ttl4/6/8/12)=0/2/3/11 of 20
t=13400  N=13409  holderDeg=3  probe(ttl4/6/8/12)=0/2/2/1 of 20
t=14200  N=14209  holderDeg=114  probe(ttl4/6/8/12)=2/12/19/20 of 20
t=14000  N=14009  holderDeg=113  probe(ttl4/6/8/12)=3/13/20/20 of 20
t=19200  N=19209  holderDeg=224  probe(ttl4/6/8/12)=2/14/20/20 of 20
t=14000  N=14009  holderDeg=161  probe(ttl4/6/8/12)=4/19/20/20 of 20
t=13600  N=13609  holderDeg=3  probe(ttl4/6/8/12)=0/0/1/4 of 20
t=14200  N=14209  holderDeg=3  probe(ttl4/6/8/12)=0/0/3/8 of 20

 Growing has been completed
*********************************************************************


================ rulec  seed=3  (Pp=100 Pd=0 Pt=25000 rewire=True k=5 c=2 eps=0,02 qmax=0,2 N=10000 theta=6 crash=0 shape=0 multi=1 randrw=0 oracle=False fixedthr=0 rules=2 cooper=False dmax=160 mu=1 noscale=False) ================

 Growing has been completed
*********************************************************************

t=200  N=209  holderDeg=-1  probe(ttl4/6/8/12)=0/0/0/0 of 20
t=400  N=409  holderDeg=-1  probe(ttl4/6/8/12)=0/0/0/0 of 20

================ rulel  seed=3  (Pp=100 Pd=0 Pt=25000 rewire=True k=5 c=2 eps=0,02 qmax=0,2 N=10000 theta=6 crash=0 shape=0 multi=1 randrw=0 oracle=False fixedthr=0 rules=4 cooper=False dmax=160 mu=1 noscale=False) ================
t=200  N=209  holderDeg=-1  probe(ttl4/6/8/12)=0/0/0/0 of 20
t=600  N=609  holderDeg=-1  probe(ttl4/6/8/12)=0/0/0/0 of 20
t=400  N=409  holderDeg=-1  probe(ttl4/6/8/12)=0/0/0/0 of 20
t=800  N=809  holderDeg=-1  probe(ttl4/6/8/12)=0/0/0/0 of 20
t=600  N=609  holderDeg=-1  probe(ttl4/6/8/12)=0/0/0/0 of 20
t=800  N=809  holderDeg=-1  probe(ttl4/6/8/12)=0/0/0/0 of 20
t=1000  N=1009  holderDeg=-1  probe(ttl4/6/8/12)=0/0/0/0 of 20
t=1000  N=1009  holderDeg=-1  probe(ttl4/6/8/12)=0/0/0/0 of 20
t=1200  N=1209  holderDeg=-1  probe(ttl4/6/8/12)=0/0/0/0 of 20
t=1200  N=1209  holderDeg=-1  probe(ttl4/6/8/12)=0/0/0/0 of 20
t=1400  N=1409  holderDeg=-1  probe(ttl4/6/8/12)=0/0/0/0 of 20
t=13800  N=13809  holderDeg=3  probe(ttl4/6/8/12)=0/0/1/5 of 20
t=14200  N=14209  holderDeg=164  probe(ttl4/6/8/12)=5/16/20/20 of 20
t=1600  N=1609  holderDeg=-1  probe(ttl4/6/8/12)=0/0/0/0 of 20
t=1400  N=1409  holderDeg=-1  probe(ttl4/6/8/12)=0/0/0/0 of 20
t=14200  N=14209  holderDeg=116  probe(ttl4/6/8/12)=3/14/20/20 of 20
t=1800  N=1809  holderDeg=-1  probe(ttl4/6/8/12)=0/0/0/0 of 20
t=1600  N=1609  holderDeg=-1  probe(ttl4/6/8/12)=0/0/0/0 of 20
t=1800  N=1809  holderDeg=-1  probe(ttl4/6/8/12)=0/0/0/0 of 20
t=2000  N=2009  holderDeg=-1  probe(ttl4/6/8/12)=0/0/0/0 of 20
t=2000  N=2009  holderDeg=-1  probe(ttl4/6/8/12)=0/0/0/0 of 20
t=2200  N=2209  holderDeg=-1  probe(ttl4/6/8/12)=0/0/0/0 of 20
t=2200  N=2209  holderDeg=-1  probe(ttl4/6/8/12)=0/0/0/0 of 20
t=2400  N=2409  holderDeg=-1  probe(ttl4/6/8/12)=0/0/0/0 of 20

 Growing has been completed
*********************************************************************


================ fixed005c  seed=3  (Pp=100 Pd=0 Pt=25000 rewire=True k=5 c=2 eps=0,02 qmax=0,2 N=10000 theta=6 crash=0 shape=0 multi=1 randrw=0 oracle=False fixedthr=0,05 rules=1 cooper=False dmax=160 mu=1 noscale=False) ================
t=2400  N=2409  holderDeg=-1  probe(ttl4/6/8/12)=0/0/0/0 of 20
t=200  N=209  holderDeg=-1  probe(ttl4/6/8/12)=0/0/0/0 of 20
t=2600  N=2609  holderDeg=-1  probe(ttl4/6/8/12)=0/0/0/0 of 20
t=400  N=409  holderDeg=-1  probe(ttl4/6/8/12)=0/0/0/0 of 20
t=600  N=609  holderDeg=-1  probe(ttl4/6/8/12)=0/0/0/0 of 20
t=2600  N=2609  holderDeg=-1  probe(ttl4/6/8/12)=0/0/0/0 of 20
t=14400  N=14409  holderDeg=168  probe(ttl4/6/8/12)=1/16/20/20 of 20
t=19400  N=19409  holderDeg=226  probe(ttl4/6/8/12)=5/18/20/20 of 20
t=800  N=809  holderDeg=-1  probe(ttl4/6/8/12)=0/0/0/0 of 20
t=14000  N=14009  holderDeg=3  probe(ttl4/6/8/12)=0/0/4/4 of 20
t=2800  N=2809  holderDeg=-1  probe(ttl4/6/8/12)=0/0/0/0 of 20
t=2800  N=2809  holderDeg=-1  probe(ttl4/6/8/12)=0/0/0/0 of 20
t=1000  N=1009  holderDeg=-1  probe(ttl4/6/8/12)=0/0/0/0 of 20
t=1200  N=1209  holderDeg=-1  probe(ttl4/6/8/12)=0/0/0/0 of 20
t=3000  N=3009  holderDeg=3  probe(ttl4/6/8/12)=0/5/8/15 of 20
t=3000  N=3009  holderDeg=3  probe(ttl4/6/8/12)=0/3/3/5 of 20
t=1400  N=1409  holderDeg=-1  probe(ttl4/6/8/12)=0/0/0/0 of 20
t=1600  N=1609  holderDeg=-1  probe(ttl4/6/8/12)=0/0/0/0 of 20
t=3200  N=3209  holderDeg=3  probe(ttl4/6/8/12)=0/2/10/16 of 20
t=3200  N=3209  holderDeg=3  probe(ttl4/6/8/12)=0/2/4/9 of 20
t=1800  N=1809  holderDeg=-1  probe(ttl4/6/8/12)=0/0/0/0 of 20

 Growing has been completed
*********************************************************************

t=3400  N=3409  holderDeg=3  probe(ttl4/6/8/12)=2/3/7/11 of 20
t=2000  N=2009  holderDeg=-1  probe(ttl4/6/8/12)=0/0/0/0 of 20

================ fixed015c  seed=3  (Pp=100 Pd=0 Pt=25000 rewire=True k=5 c=2 eps=0,02 qmax=0,2 N=10000 theta=6 crash=0 shape=0 multi=1 randrw=0 oracle=False fixedthr=0,15 rules=1 cooper=False dmax=160 mu=1 noscale=False) ================
t=3400  N=3409  holderDeg=3  probe(ttl4/6/8/12)=0/1/4/16 of 20
t=200  N=209  holderDeg=-1  probe(ttl4/6/8/12)=0/0/0/0 of 20
t=400  N=409  holderDeg=-1  probe(ttl4/6/8/12)=0/0/0/0 of 20
t=3600  N=3609  holderDeg=3  probe(ttl4/6/8/12)=0/3/5/7 of 20
t=2200  N=2209  holderDeg=-1  probe(ttl4/6/8/12)=0/0/0/0 of 20
t=600  N=609  holderDeg=-1  probe(ttl4/6/8/12)=0/0/0/0 of 20
t=800  N=809  holderDeg=-1  probe(ttl4/6/8/12)=0/0/0/0 of 20
t=2400  N=2409  holderDeg=-1  probe(ttl4/6/8/12)=0/0/0/0 of 20
t=3800  N=3809  holderDeg=3  probe(ttl4/6/8/12)=0/3/4/8 of 20
t=1000  N=1009  holderDeg=-1  probe(ttl4/6/8/12)=0/0/0/0 of 20
t=3600  N=3609  holderDeg=3  probe(ttl4/6/8/12)=0/2/7/13 of 20
t=2600  N=2609  holderDeg=-1  probe(ttl4/6/8/12)=0/0/0/0 of 20
t=1200  N=1209  holderDeg=-1  probe(ttl4/6/8/12)=0/0/0/0 of 20
t=4000  N=4009  holderDeg=3  probe(ttl4/6/8/12)=0/1/4/5 of 20
t=1400  N=1409  holderDeg=-1  probe(ttl4/6/8/12)=0/0/0/0 of 20
t=3800  N=3809  holderDeg=3  probe(ttl4/6/8/12)=0/4/9/15 of 20
t=1600  N=1609  holderDeg=-1  probe(ttl4/6/8/12)=0/0/0/0 of 20
t=2800  N=2809  holderDeg=-1  probe(ttl4/6/8/12)=0/0/0/0 of 20
t=4200  N=4209  holderDeg=3  probe(ttl4/6/8/12)=1/2/4/7 of 20
t=4000  N=4009  holderDeg=3  probe(ttl4/6/8/12)=0/1/5/18 of 20
t=1800  N=1809  holderDeg=-1  probe(ttl4/6/8/12)=0/0/0/0 of 20
t=3000  N=3009  holderDeg=3  probe(ttl4/6/8/12)=0/5/8/15 of 20
t=4400  N=4409  holderDeg=3  probe(ttl4/6/8/12)=1/0/5/8 of 20
t=19600  N=19609  holderDeg=230  probe(ttl4/6/8/12)=4/19/20/20 of 20
t=2000  N=2009  holderDeg=-1  probe(ttl4/6/8/12)=0/0/0/0 of 20
t=4200  N=4209  holderDeg=3  probe(ttl4/6/8/12)=0/2/4/12 of 20
t=3200  N=3209  holderDeg=3  probe(ttl4/6/8/12)=0/2/10/16 of 20
t=2200  N=2209  holderDeg=-1  probe(ttl4/6/8/12)=0/0/0/0 of 20
t=4600  N=4609  holderDeg=3  probe(ttl4/6/8/12)=1/2/2/6 of 20
t=2400  N=2409  holderDeg=-1  probe(ttl4/6/8/12)=0/0/0/0 of 20
t=4400  N=4409  holderDeg=3  probe(ttl4/6/8/12)=0/0/6/14 of 20
t=14600  N=14609  holderDeg=172  probe(ttl4/6/8/12)=3/18/20/20 of 20
t=3400  N=3409  holderDeg=3  probe(ttl4/6/8/12)=0/1/4/16 of 20
t=4800  N=4809  holderDeg=3  probe(ttl4/6/8/12)=0/1/4/7 of 20
t=2600  N=2609  holderDeg=-1  probe(ttl4/6/8/12)=0/0/0/0 of 20
t=4600  N=4609  holderDeg=3  probe(ttl4/6/8/12)=0/1/4/14 of 20
t=2800  N=2809  holderDeg=-1  probe(ttl4/6/8/12)=0/0/0/0 of 20
t=3600  N=3609  holderDeg=3  probe(ttl4/6/8/12)=0/2/7/13 of 20
t=5000  N=5009  holderDeg=3  probe(ttl4/6/8/12)=0/1/5/6 of 20
t=3000  N=3009  holderDeg=3  probe(ttl4/6/8/12)=0/5/8/15 of 20
t=4800  N=4809  holderDeg=3  probe(ttl4/6/8/12)=2/3/8/11 of 20
t=3800  N=3809  holderDeg=3  probe(ttl4/6/8/12)=0/4/9/15 of 20
t=3200  N=3209  holderDeg=3  probe(ttl4/6/8/12)=0/2/10/16 of 20
t=4000  N=4009  holderDeg=3  probe(ttl4/6/8/12)=0/1/5/18 of 20
t=5000  N=5009  holderDeg=3  probe(ttl4/6/8/12)=0/1/3/11 of 20
t=5200  N=5209  holderDeg=3  probe(ttl4/6/8/12)=0/2/1/6 of 20
t=3400  N=3409  holderDeg=3  probe(ttl4/6/8/12)=0/1/4/16 of 20
t=4200  N=4209  holderDeg=3  probe(ttl4/6/8/12)=0/2/4/12 of 20
t=5200  N=5209  holderDeg=3  probe(ttl4/6/8/12)=0/0/7/9 of 20
t=4400  N=4409  holderDeg=3  probe(ttl4/6/8/12)=0/0/6/14 of 20
t=5400  N=5409  holderDeg=3  probe(ttl4/6/8/12)=0/1/1/7 of 20
t=3600  N=3609  holderDeg=3  probe(ttl4/6/8/12)=0/2/7/13 of 20
t=19800  N=19809  holderDeg=234  probe(ttl4/6/8/12)=7/12/20/20 of 20
t=5400  N=5409  holderDeg=3  probe(ttl4/6/8/12)=0/0/1/9 of 20
t=4600  N=4609  holderDeg=3  probe(ttl4/6/8/12)=0/1/4/14 of 20
t=5600  N=5609  holderDeg=5  probe(ttl4/6/8/12)=0/4/5/6 of 20
t=3800  N=3809  holderDeg=3  probe(ttl4/6/8/12)=0/4/9/15 of 20
t=5600  N=5609  holderDeg=5  probe(ttl4/6/8/12)=0/0/4/10 of 20
t=4000  N=4009  holderDeg=3  probe(ttl4/6/8/12)=0/1/5/18 of 20
t=5800  N=5809  holderDeg=7  probe(ttl4/6/8/12)=2/0/11/10 of 20
t=4800  N=4809  holderDeg=3  probe(ttl4/6/8/12)=2/3/8/11 of 20
t=5800  N=5809  holderDeg=7  probe(ttl4/6/8/12)=1/1/10/12 of 20
t=4200  N=4209  holderDeg=3  probe(ttl4/6/8/12)=0/2/4/12 of 20
t=5000  N=5009  holderDeg=3  probe(ttl4/6/8/12)=0/1/3/11 of 20
t=14800  N=14809  holderDeg=177  probe(ttl4/6/8/12)=5/13/20/20 of 20
t=4400  N=4409  holderDeg=3  probe(ttl4/6/8/12)=0/0/6/14 of 20
t=6000  N=6009  holderDeg=8  probe(ttl4/6/8/12)=0/3/6/19 of 20
t=5200  N=5209  holderDeg=3  probe(ttl4/6/8/12)=0/2/5/9 of 20
t=6000  N=6009  holderDeg=9  probe(ttl4/6/8/12)=0/1/6/18 of 20
t=4600  N=4609  holderDeg=3  probe(ttl4/6/8/12)=0/1/4/14 of 20
t=5400  N=5409  holderDeg=6  probe(ttl4/6/8/12)=0/2/9/13 of 20
t=6200  N=6209  holderDeg=11  probe(ttl4/6/8/12)=0/6/13/20 of 20
t=20000  N=20009  holderDeg=236  probe(ttl4/6/8/12)=2/16/20/20 of 20
t=6200  N=6209  holderDeg=10  probe(ttl4/6/8/12)=0/6/10/19 of 20
t=4800  N=4809  holderDeg=3  probe(ttl4/6/8/12)=2/3/8/11 of 20
t=5600  N=5609  holderDeg=8  probe(ttl4/6/8/12)=0/2/12/17 of 20
t=5000  N=5009  holderDeg=3  probe(ttl4/6/8/12)=0/1/3/11 of 20
t=15000  N=15009  holderDeg=180  probe(ttl4/6/8/12)=5/16/20/20 of 20
t=6400  N=6409  holderDeg=12  probe(ttl4/6/8/12)=0/4/12/19 of 20
t=5800  N=5809  holderDeg=11  probe(ttl4/6/8/12)=0/2/12/17 of 20
t=6400  N=6409  holderDeg=13  probe(ttl4/6/8/12)=2/7/11/19 of 20
t=5200  N=5209  holderDeg=3  probe(ttl4/6/8/12)=0/0/7/9 of 20
t=6600  N=6609  holderDeg=15  probe(ttl4/6/8/12)=1/8/13/19 of 20
t=6000  N=6009  holderDeg=14  probe(ttl4/6/8/12)=1/5/15/18 of 20
t=6600  N=6609  holderDeg=15  probe(ttl4/6/8/12)=1/1/14/19 of 20
t=5400  N=5409  holderDeg=3  probe(ttl4/6/8/12)=0/0/1/9 of 20
t=6800  N=6809  holderDeg=18  probe(ttl4/6/8/12)=0/7/15/20 of 20
t=5600  N=5609  holderDeg=3  probe(ttl4/6/8/12)=0/1/8/12 of 20
t=15200  N=15209  holderDeg=183  probe(ttl4/6/8/12)=4/16/20/20 of 20
t=6800  N=6809  holderDeg=17  probe(ttl4/6/8/12)=1/3/15/19 of 20
t=6200  N=6209  holderDeg=16  probe(ttl4/6/8/12)=2/4/17/20 of 20
t=7000  N=7009  holderDeg=22  probe(ttl4/6/8/12)=0/9/16/20 of 20
t=5800  N=5809  holderDeg=3  probe(ttl4/6/8/12)=0/1/8/13 of 20
t=7000  N=7009  holderDeg=19  probe(ttl4/6/8/12)=0/3/15/20 of 20
t=7200  N=7209  holderDeg=24  probe(ttl4/6/8/12)=2/7/18/20 of 20
t=6400  N=6409  holderDeg=18  probe(ttl4/6/8/12)=1/2/14/20 of 20
t=20200  N=20209  holderDeg=240  probe(ttl4/6/8/12)=3/14/20/20 of 20
t=7400  N=7409  holderDeg=26  probe(ttl4/6/8/12)=1/6/15/20 of 20
t=6600  N=6609  holderDeg=20  probe(ttl4/6/8/12)=1/7/17/20 of 20
t=6000  N=6009  holderDeg=3  probe(ttl4/6/8/12)=0/2/8/10 of 20
t=7200  N=7209  holderDeg=21  probe(ttl4/6/8/12)=1/7/13/20 of 20
t=15400  N=15409  holderDeg=189  probe(ttl4/6/8/12)=6/17/20/20 of 20
t=6200  N=6209  holderDeg=3  probe(ttl4/6/8/12)=1/2/3/11 of 20
t=6800  N=6809  holderDeg=23  probe(ttl4/6/8/12)=0/6/18/20 of 20
t=7600  N=7609  holderDeg=29  probe(ttl4/6/8/12)=3/10/18/20 of 20
t=7400  N=7409  holderDeg=24  probe(ttl4/6/8/12)=0/6/17/20 of 20
t=6400  N=6409  holderDeg=3  probe(ttl4/6/8/12)=2/1/5/12 of 20
t=7800  N=7809  holderDeg=31  probe(ttl4/6/8/12)=2/7/17/20 of 20
t=7000  N=7009  holderDeg=26  probe(ttl4/6/8/12)=0/7/20/20 of 20
t=7600  N=7609  holderDeg=27  probe(ttl4/6/8/12)=1/8/20/19 of 20
t=6600  N=6609  holderDeg=3  probe(ttl4/6/8/12)=0/4/4/16 of 20
t=7200  N=7209  holderDeg=28  probe(ttl4/6/8/12)=1/7/19/20 of 20
t=7800  N=7809  holderDeg=29  probe(ttl4/6/8/12)=0/7/18/20 of 20
t=6800  N=6809  holderDeg=3  probe(ttl4/6/8/12)=0/1/5/13 of 20
t=7400  N=7409  holderDeg=30  probe(ttl4/6/8/12)=1/11/17/20 of 20
t=7000  N=7009  holderDeg=3  probe(ttl4/6/8/12)=1/1/6/10 of 20
t=8000  N=8009  holderDeg=33  probe(ttl4/6/8/12)=1/10/18/20 of 20
t=8000  N=8009  holderDeg=31  probe(ttl4/6/8/12)=3/6/18/20 of 20
t=7600  N=7609  holderDeg=32  probe(ttl4/6/8/12)=1/10/17/20 of 20
t=20400  N=20409  holderDeg=244  probe(ttl4/6/8/12)=3/17/20/20 of 20
t=15600  N=15609  holderDeg=192  probe(ttl4/6/8/12)=2/16/20/20 of 20
t=7200  N=7209  holderDeg=3  probe(ttl4/6/8/12)=0/1/5/7 of 20
t=8200  N=8209  holderDeg=33  probe(ttl4/6/8/12)=2/9/20/20 of 20
t=7800  N=7809  holderDeg=35  probe(ttl4/6/8/12)=1/10/19/20 of 20
t=8200  N=8209  holderDeg=37  probe(ttl4/6/8/12)=2/4/19/20 of 20
t=8400  N=8409  holderDeg=36  probe(ttl4/6/8/12)=0/9/20/20 of 20
t=7400  N=7409  holderDeg=3  probe(ttl4/6/8/12)=0/0/2/9 of 20
t=8000  N=8009  holderDeg=38  probe(ttl4/6/8/12)=0/10/17/20 of 20
t=7600  N=7609  holderDeg=3  probe(ttl4/6/8/12)=2/0/5/13 of 20
t=8400  N=8409  holderDeg=40  probe(ttl4/6/8/12)=2/10/20/20 of 20
t=8600  N=8609  holderDeg=38  probe(ttl4/6/8/12)=1/9/19/20 of 20
t=8200  N=8209  holderDeg=41  probe(ttl4/6/8/12)=1/8/19/20 of 20
t=20600  N=20609  holderDeg=250  probe(ttl4/6/8/12)=3/17/20/20 of 20
t=15800  N=15809  holderDeg=194  probe(ttl4/6/8/12)=4/18/20/20 of 20
t=8600  N=8609  holderDeg=43  probe(ttl4/6/8/12)=2/10/18/20 of 20
t=7800  N=7809  holderDeg=5  probe(ttl4/6/8/12)=0/0/4/13 of 20
t=8800  N=8809  holderDeg=40  probe(ttl4/6/8/12)=1/10/20/20 of 20
t=8400  N=8409  holderDeg=43  probe(ttl4/6/8/12)=1/10/19/20 of 20
t=8800  N=8809  holderDeg=46  probe(ttl4/6/8/12)=1/10/16/20 of 20
t=9000  N=9009  holderDeg=42  probe(ttl4/6/8/12)=2/9/20/20 of 20
t=8000  N=8009  holderDeg=8  probe(ttl4/6/8/12)=1/3/9/18 of 20
t=8600  N=8609  holderDeg=48  probe(ttl4/6/8/12)=0/8/19/20 of 20
t=16000  N=16009  holderDeg=196  probe(ttl4/6/8/12)=3/17/20/20 of 20
t=9000  N=9009  holderDeg=48  probe(ttl4/6/8/12)=2/10/17/20 of 20
t=9200  N=9209  holderDeg=44  probe(ttl4/6/8/12)=0/9/18/20 of 20
t=8200  N=8209  holderDeg=10  probe(ttl4/6/8/12)=0/3/11/17 of 20
t=8800  N=8809  holderDeg=50  probe(ttl4/6/8/12)=0/12/20/20 of 20
t=9200  N=9209  holderDeg=50  probe(ttl4/6/8/12)=2/5/20/20 of 20
t=9400  N=9409  holderDeg=46  probe(ttl4/6/8/12)=2/12/20/20 of 20
t=8400  N=8409  holderDeg=12  probe(ttl4/6/8/12)=0/5/11/15 of 20
t=20800  N=20809  holderDeg=253  probe(ttl4/6/8/12)=6/15/20/20 of 20
t=9000  N=9009  holderDeg=54  probe(ttl4/6/8/12)=0/12/20/20 of 20
t=9400  N=9409  holderDeg=52  probe(ttl4/6/8/12)=1/12/20/20 of 20
t=16200  N=16209  holderDeg=199  probe(ttl4/6/8/12)=5/16/20/20 of 20
t=8600  N=8609  holderDeg=17  probe(ttl4/6/8/12)=1/6/13/19 of 20
t=9200  N=9209  holderDeg=56  probe(ttl4/6/8/12)=4/10/20/20 of 20
t=9600  N=9609  holderDeg=55  probe(ttl4/6/8/12)=0/12/18/20 of 20
t=9600  N=9609  holderDeg=48  probe(ttl4/6/8/12)=2/12/20/20 of 20
t=9800  N=9809  holderDeg=58  probe(ttl4/6/8/12)=2/12/19/20 of 20
t=8800  N=8809  holderDeg=19  probe(ttl4/6/8/12)=0/4/16/20 of 20
t=9400  N=9409  holderDeg=58  probe(ttl4/6/8/12)=0/12/20/20 of 20
t=16400  N=16409  holderDeg=204  probe(ttl4/6/8/12)=4/18/20/20 of 20
t=21000  N=21009  holderDeg=257  probe(ttl4/6/8/12)=6/16/20/20 of 20
t=9800  N=9809  holderDeg=50  probe(ttl4/6/8/12)=2/11/20/20 of 20
t=9000  N=9009  holderDeg=21  probe(ttl4/6/8/12)=0/4/18/20 of 20
t=10000  N=10009  holderDeg=61  probe(ttl4/6/8/12)=1/10/20/20 of 20
t=9600  N=9609  holderDeg=61  probe(ttl4/6/8/12)=5/11/20/20 of 20
t=10000  N=10009  holderDeg=53  probe(ttl4/6/8/12)=0/8/20/20 of 20
t=10200  N=10209  holderDeg=65  probe(ttl4/6/8/12)=2/12/19/20 of 20
t=9200  N=9209  holderDeg=24  probe(ttl4/6/8/12)=2/8/16/20 of 20
t=16600  N=16609  holderDeg=209  probe(ttl4/6/8/12)=6/16/20/20 of 20
t=10200  N=10209  holderDeg=55  probe(ttl4/6/8/12)=1/14/18/20 of 20
t=10400  N=10409  holderDeg=67  probe(ttl4/6/8/12)=2/10/20/20 of 20
t=21200  N=21209  holderDeg=259  probe(ttl4/6/8/12)=4/17/20/20 of 20
t=9400  N=9409  holderDeg=26  probe(ttl4/6/8/12)=0/6/18/20 of 20
t=9800  N=9809  holderDeg=63  probe(ttl4/6/8/12)=1/15/20/20 of 20
t=10400  N=10409  holderDeg=58  probe(ttl4/6/8/12)=2/10/19/20 of 20
t=10600  N=10609  holderDeg=69  probe(ttl4/6/8/12)=4/10/20/20 of 20
t=9600  N=9609  holderDeg=30  probe(ttl4/6/8/12)=0/7/15/20 of 20
t=10000  N=10009  holderDeg=65  probe(ttl4/6/8/12)=1/12/20/20 of 20
t=16800  N=16809  holderDeg=213  probe(ttl4/6/8/12)=4/16/20/20 of 20
t=10600  N=10609  holderDeg=60  probe(ttl4/6/8/12)=2/12/20/20 of 20
t=9800  N=9809  holderDeg=32  probe(ttl4/6/8/12)=2/4/18/20 of 20
t=10200  N=10209  holderDeg=67  probe(ttl4/6/8/12)=3/11/20/20 of 20
t=10800  N=10809  holderDeg=71  probe(ttl4/6/8/12)=2/13/20/20 of 20
t=10800  N=10809  holderDeg=63  probe(ttl4/6/8/12)=2/10/20/20 of 20
t=21400  N=21409  holderDeg=263  probe(ttl4/6/8/12)=7/18/20/20 of 20
t=17000  N=17009  holderDeg=218  probe(ttl4/6/8/12)=4/17/20/20 of 20
t=10400  N=10409  holderDeg=70  probe(ttl4/6/8/12)=0/14/20/20 of 20
t=11000  N=11009  holderDeg=73  probe(ttl4/6/8/12)=4/12/20/20 of 20
t=10000  N=10009  holderDeg=35  probe(ttl4/6/8/12)=0/6/20/20 of 20
t=10600  N=10609  holderDeg=72  probe(ttl4/6/8/12)=1/14/19/20 of 20
t=11000  N=11009  holderDeg=65  probe(ttl4/6/8/12)=3/13/20/20 of 20
t=10200  N=10209  holderDeg=37  probe(ttl4/6/8/12)=0/7/18/20 of 20
t=11200  N=11209  holderDeg=77  probe(ttl4/6/8/12)=3/13/20/20 of 20
t=10800  N=10809  holderDeg=74  probe(ttl4/6/8/12)=0/9/20/20 of 20
t=10400  N=10409  holderDeg=40  probe(ttl4/6/8/12)=0/9/19/20 of 20
t=17200  N=17209  holderDeg=221  probe(ttl4/6/8/12)=7/17/20/20 of 20
t=11400  N=11409  holderDeg=81  probe(ttl4/6/8/12)=3/12/20/20 of 20
t=11200  N=11209  holderDeg=67  probe(ttl4/6/8/12)=2/9/20/20 of 20
t=11000  N=11009  holderDeg=77  probe(ttl4/6/8/12)=1/9/19/20 of 20
t=10600  N=10609  holderDeg=42  probe(ttl4/6/8/12)=2/7/19/20 of 20
t=11600  N=11609  holderDeg=83  probe(ttl4/6/8/12)=4/9/18/20 of 20
t=11400  N=11409  holderDeg=69  probe(ttl4/6/8/12)=3/8/18/20 of 20
t=11200  N=11209  holderDeg=79  probe(ttl4/6/8/12)=2/11/20/20 of 20
t=17400  N=17409  holderDeg=225  probe(ttl4/6/8/12)=5/14/20/20 of 20
t=10800  N=10809  holderDeg=45  probe(ttl4/6/8/12)=1/7/18/20 of 20
t=21600  N=21609  holderDeg=265  probe(ttl4/6/8/12)=3/17/20/20 of 20
t=11600  N=11609  holderDeg=71  probe(ttl4/6/8/12)=4/10/20/20 of 20
t=11800  N=11809  holderDeg=85  probe(ttl4/6/8/12)=3/13/20/20 of 20
t=11000  N=11009  holderDeg=47  probe(ttl4/6/8/12)=0/8/19/20 of 20
t=11800  N=11809  holderDeg=74  probe(ttl4/6/8/12)=3/13/20/20 of 20
t=17600  N=17609  holderDeg=229  probe(ttl4/6/8/12)=5/17/20/20 of 20
t=11400  N=11409  holderDeg=82  probe(ttl4/6/8/12)=0/11/19/20 of 20
t=11200  N=11209  holderDeg=49  probe(ttl4/6/8/12)=1/9/20/20 of 20
t=12000  N=12009  holderDeg=89  probe(ttl4/6/8/12)=2/13/20/20 of 20
t=21800  N=21809  holderDeg=268  probe(ttl4/6/8/12)=2/18/20/20 of 20
t=11600  N=11609  holderDeg=84  probe(ttl4/6/8/12)=3/16/19/20 of 20
t=11400  N=11409  holderDeg=52  probe(ttl4/6/8/12)=1/7/18/20 of 20
t=12000  N=12009  holderDeg=76  probe(ttl4/6/8/12)=2/12/20/20 of 20
t=17800  N=17809  holderDeg=234  probe(ttl4/6/8/12)=4/17/20/20 of 20
t=12200  N=12209  holderDeg=92  probe(ttl4/6/8/12)=2/13/19/20 of 20
t=11600  N=11609  holderDeg=54  probe(ttl4/6/8/12)=1/13/20/20 of 20
t=12200  N=12209  holderDeg=78  probe(ttl4/6/8/12)=2/14/20/20 of 20
t=11800  N=11809  holderDeg=88  probe(ttl4/6/8/12)=2/13/20/20 of 20
t=12400  N=12409  holderDeg=94  probe(ttl4/6/8/12)=2/13/20/20 of 20
t=22000  N=22009  holderDeg=273  probe(ttl4/6/8/12)=7/15/20/20 of 20
t=11800  N=11809  holderDeg=56  probe(ttl4/6/8/12)=4/10/19/20 of 20
t=18000  N=18009  holderDeg=236  probe(ttl4/6/8/12)=1/16/20/20 of 20
t=12400  N=12409  holderDeg=80  probe(ttl4/6/8/12)=1/9/20/20 of 20
t=12000  N=12009  holderDeg=91  probe(ttl4/6/8/12)=3/10/20/20 of 20
t=12000  N=12009  holderDeg=58  probe(ttl4/6/8/12)=2/8/19/20 of 20
t=12600  N=12609  holderDeg=82  probe(ttl4/6/8/12)=1/15/19/20 of 20
t=12600  N=12609  holderDeg=98  probe(ttl4/6/8/12)=6/12/20/20 of 20
t=12200  N=12209  holderDeg=93  probe(ttl4/6/8/12)=3/17/20/20 of 20
t=12200  N=12209  holderDeg=60  probe(ttl4/6/8/12)=0/6/19/20 of 20
t=12800  N=12809  holderDeg=86  probe(ttl4/6/8/12)=2/10/20/20 of 20
t=22200  N=22209  holderDeg=275  probe(ttl4/6/8/12)=5/19/20/20 of 20
t=12800  N=12809  holderDeg=101  probe(ttl4/6/8/12)=1/14/20/20 of 20
t=12400  N=12409  holderDeg=98  probe(ttl4/6/8/12)=5/15/20/20 of 20
t=12400  N=12409  holderDeg=63  probe(ttl4/6/8/12)=2/11/19/20 of 20
t=13000  N=13009  holderDeg=89  probe(ttl4/6/8/12)=4/9/19/20 of 20
t=18200  N=18209  holderDeg=241  probe(ttl4/6/8/12)=2/14/20/20 of 20
t=12600  N=12609  holderDeg=101  probe(ttl4/6/8/12)=4/17/20/20 of 20
t=13000  N=13009  holderDeg=103  probe(ttl4/6/8/12)=0/15/20/20 of 20
t=12600  N=12609  holderDeg=65  probe(ttl4/6/8/12)=5/10/20/20 of 20
t=13200  N=13209  holderDeg=92  probe(ttl4/6/8/12)=2/16/19/20 of 20
t=12800  N=12809  holderDeg=67  probe(ttl4/6/8/12)=1/15/19/20 of 20
t=22400  N=22409  holderDeg=283  probe(ttl4/6/8/12)=4/15/20/20 of 20
t=12800  N=12809  holderDeg=104  probe(ttl4/6/8/12)=2/18/20/20 of 20
t=13200  N=13209  holderDeg=106  probe(ttl4/6/8/12)=2/8/20/20 of 20
t=18400  N=18409  holderDeg=246  probe(ttl4/6/8/12)=2/15/20/20 of 20
t=13400  N=13409  holderDeg=95  probe(ttl4/6/8/12)=0/13/20/20 of 20
t=13000  N=13009  holderDeg=70  probe(ttl4/6/8/12)=4/7/20/20 of 20
t=13000  N=13009  holderDeg=106  probe(ttl4/6/8/12)=1/12/20/20 of 20
t=13400  N=13409  holderDeg=112  probe(ttl4/6/8/12)=3/9/20/20 of 20
t=13200  N=13209  holderDeg=72  probe(ttl4/6/8/12)=1/10/20/20 of 20
t=13600  N=13609  holderDeg=98  probe(ttl4/6/8/12)=3/13/20/20 of 20
t=13200  N=13209  holderDeg=112  probe(ttl4/6/8/12)=1/15/20/20 of 20
t=22600  N=22609  holderDeg=285  probe(ttl4/6/8/12)=5/20/20/20 of 20
t=13600  N=13609  holderDeg=116  probe(ttl4/6/8/12)=2/9/20/20 of 20
t=18600  N=18609  holderDeg=249  probe(ttl4/6/8/12)=3/19/20/20 of 20
t=13400  N=13409  holderDeg=75  probe(ttl4/6/8/12)=1/10/19/20 of 20
t=13800  N=13809  holderDeg=101  probe(ttl4/6/8/12)=5/14/20/20 of 20
t=13600  N=13609  holderDeg=78  probe(ttl4/6/8/12)=3/10/20/20 of 20
t=13400  N=13409  holderDeg=115  probe(ttl4/6/8/12)=3/16/20/20 of 20
t=14000  N=14009  holderDeg=105  probe(ttl4/6/8/12)=3/13/20/20 of 20
t=18800  N=18809  holderDeg=254  probe(ttl4/6/8/12)=3/15/20/20 of 20
t=13800  N=13809  holderDeg=119  probe(ttl4/6/8/12)=1/15/20/20 of 20

 Growing has been completed
*********************************************************************

t=22800  N=22809  holderDeg=289  probe(ttl4/6/8/12)=3/16/20/20 of 20

================ randomrw4  seed=3  (Pp=100 Pd=0 Pt=0 rewire=False k=5 c=2 eps=0,02 qmax=0,2 N=10000 theta=6 crash=0 shape=0 multi=1 randrw=4 oracle=False fixedthr=0 rules=7 cooper=False dmax=160 mu=1 noscale=False) ================
t=200  N=209  holderDeg=-1  probe(ttl4/6/8/12)=0/0/0/0 of 20
t=400  N=409  holderDeg=-1  probe(ttl4/6/8/12)=0/0/0/0 of 20
t=600  N=609  holderDeg=-1  probe(ttl4/6/8/12)=0/0/0/0 of 20
t=800  N=809  holderDeg=-1  probe(ttl4/6/8/12)=0/0/0/0 of 20
t=13800  N=13809  holderDeg=82  probe(ttl4/6/8/12)=1/11/20/20 of 20
t=1000  N=1009  holderDeg=-1  probe(ttl4/6/8/12)=0/0/0/0 of 20
t=1200  N=1209  holderDeg=-1  probe(ttl4/6/8/12)=0/0/0/0 of 20
t=13600  N=13609  holderDeg=120  probe(ttl4/6/8/12)=3/10/20/20 of 20
t=1400  N=1409  holderDeg=-1  probe(ttl4/6/8/12)=0/0/0/0 of 20
t=1600  N=1609  holderDeg=-1  probe(ttl4/6/8/12)=0/0/0/0 of 20
t=14000  N=14009  holderDeg=123  probe(ttl4/6/8/12)=4/17/20/20 of 20
t=1800  N=1809  holderDeg=-1  probe(ttl4/6/8/12)=0/0/0/0 of 20
t=19000  N=19009  holderDeg=259  probe(ttl4/6/8/12)=2/19/20/20 of 20
t=2000  N=2009  holderDeg=-1  probe(ttl4/6/8/12)=0/0/0/0 of 20
t=2200  N=2209  holderDeg=-1  probe(ttl4/6/8/12)=0/0/0/0 of 20
t=14000  N=14009  holderDeg=84  probe(ttl4/6/8/12)=6/13/20/20 of 20
t=2400  N=2409  holderDeg=-1  probe(ttl4/6/8/12)=0/0/0/0 of 20
t=2600  N=2609  holderDeg=-1  probe(ttl4/6/8/12)=0/0/0/0 of 20
t=13800  N=13809  holderDeg=125  probe(ttl4/6/8/12)=4/12/20/20 of 20

 Growing has been completed
*********************************************************************

t=2800  N=2809  holderDeg=3  probe(ttl4/6/8/12)=1/4/14/19 of 20

================ nullwl  seed=3  (Pp=100 Pd=0 Pt=25000 rewire=True k=5 c=2 eps=0,02 qmax=0 N=10000 theta=6 crash=0 shape=0 multi=1 randrw=0 oracle=False fixedthr=0 rules=7 cooper=False dmax=160 mu=1 noscale=False) ================
t=200  N=209  holderDeg=-1  probe(ttl4/6/8/12)=0/0/0/0 of 20
t=23000  N=23009  holderDeg=292  probe(ttl4/6/8/12)=4/17/20/20 of 20
t=400  N=409  holderDeg=-1  probe(ttl4/6/8/12)=0/0/0/0 of 20
t=3000  N=3009  holderDeg=3  probe(ttl4/6/8/12)=0/4/11/17 of 20
t=14200  N=14209  holderDeg=126  probe(ttl4/6/8/12)=2/16/20/20 of 20
t=600  N=609  holderDeg=-1  probe(ttl4/6/8/12)=0/0/0/0 of 20
t=800  N=809  holderDeg=-1  probe(ttl4/6/8/12)=0/0/0/0 of 20
t=3200  N=3209  holderDeg=3  probe(ttl4/6/8/12)=0/4/7/18 of 20
t=1000  N=1009  holderDeg=-1  probe(ttl4/6/8/12)=0/0/0/0 of 20
t=1200  N=1209  holderDeg=-1  probe(ttl4/6/8/12)=0/0/0/0 of 20
t=3400  N=3409  holderDeg=3  probe(ttl4/6/8/12)=0/1/12/16 of 20

 Growing has been completed
*********************************************************************

t=1400  N=1409  holderDeg=-1  probe(ttl4/6/8/12)=0/0/0/0 of 20

================ trendfx-n20000  seed=3  (Pp=100 Pd=0 Pt=25000 rewire=True k=5 c=2 eps=0,02 qmax=0,2 N=20000 theta=6 crash=0 shape=0 multi=1 randrw=0 oracle=False fixedthr=0 rules=7 cooper=False dmax=160 mu=1 noscale=True) ================
t=14000  N=14009  holderDeg=127  probe(ttl4/6/8/12)=1/18/20/20 of 20
t=3600  N=3609  holderDeg=3  probe(ttl4/6/8/12)=0/1/6/12 of 20
t=200  N=209  holderDeg=-1  probe(ttl4/6/8/12)=0/0/0/0 of 20
t=19200  N=19209  holderDeg=265  probe(ttl4/6/8/12)=2/17/20/20 of 20
t=1600  N=1609  holderDeg=-1  probe(ttl4/6/8/12)=0/0/0/0 of 20
t=400  N=409  holderDeg=-1  probe(ttl4/6/8/12)=0/0/0/0 of 20
t=600  N=609  holderDeg=-1  probe(ttl4/6/8/12)=0/0/0/0 of 20
t=1800  N=1809  holderDeg=-1  probe(ttl4/6/8/12)=0/0/0/0 of 20
t=3800  N=3809  holderDeg=3  probe(ttl4/6/8/12)=0/4/7/13 of 20
t=800  N=809  holderDeg=-1  probe(ttl4/6/8/12)=0/0/0/0 of 20
t=2000  N=2009  holderDeg=-1  probe(ttl4/6/8/12)=0/0/0/0 of 20
t=1000  N=1009  holderDeg=-1  probe(ttl4/6/8/12)=0/0/0/0 of 20
t=1200  N=1209  holderDeg=-1  probe(ttl4/6/8/12)=0/0/0/0 of 20
t=2200  N=2209  holderDeg=-1  probe(ttl4/6/8/12)=0/0/0/0 of 20
t=4000  N=4009  holderDeg=3  probe(ttl4/6/8/12)=0/2/7/15 of 20
t=2400  N=2409  holderDeg=-1  probe(ttl4/6/8/12)=0/0/0/0 of 20
t=1400  N=1409  holderDeg=-1  probe(ttl4/6/8/12)=0/0/0/0 of 20
t=1600  N=1609  holderDeg=-1  probe(ttl4/6/8/12)=0/0/0/0 of 20
t=4200  N=4209  holderDeg=3  probe(ttl4/6/8/12)=0/1/8/13 of 20
t=2600  N=2609  holderDeg=-1  probe(ttl4/6/8/12)=0/0/0/0 of 20
t=1800  N=1809  holderDeg=-1  probe(ttl4/6/8/12)=0/0/0/0 of 20
t=2000  N=2009  holderDeg=-1  probe(ttl4/6/8/12)=0/0/0/0 of 20
t=2800  N=2809  holderDeg=-1  probe(ttl4/6/8/12)=0/0/0/0 of 20
t=4400  N=4409  holderDeg=3  probe(ttl4/6/8/12)=0/1/10/11 of 20
t=23200  N=23209  holderDeg=294  probe(ttl4/6/8/12)=3/16/20/20 of 20
t=2200  N=2209  holderDeg=-1  probe(ttl4/6/8/12)=0/0/0/0 of 20
t=3000  N=3009  holderDeg=3  probe(ttl4/6/8/12)=1/4/4/13 of 20
t=19400  N=19409  holderDeg=267  probe(ttl4/6/8/12)=2/16/20/20 of 20
t=4600  N=4609  holderDeg=3  probe(ttl4/6/8/12)=0/1/6/14 of 20
t=2400  N=2409  holderDeg=-1  probe(ttl4/6/8/12)=0/0/0/0 of 20
t=3200  N=3209  holderDeg=3  probe(ttl4/6/8/12)=1/2/9/14 of 20
t=2600  N=2609  holderDeg=-1  probe(ttl4/6/8/12)=0/0/0/0 of 20
t=3400  N=3409  holderDeg=3  probe(ttl4/6/8/12)=0/1/7/10 of 20
t=14200  N=14209  holderDeg=130  probe(ttl4/6/8/12)=3/13/20/20 of 20

 Growing has been completed
*********************************************************************

t=4800  N=4809  holderDeg=3  probe(ttl4/6/8/12)=0/2/5/14 of 20

================ rulek  seed=4  (Pp=100 Pd=0 Pt=25000 rewire=True k=5 c=2 eps=0,02 qmax=0,2 N=10000 theta=6 crash=0 shape=0 multi=1 randrw=0 oracle=False fixedthr=0 rules=1 cooper=False dmax=160 mu=1 noscale=False) ================
t=2800  N=2809  holderDeg=-1  probe(ttl4/6/8/12)=0/0/0/0 of 20
t=200  N=209  holderDeg=-1  probe(ttl4/6/8/12)=0/0/0/0 of 20
t=3600  N=3609  holderDeg=3  probe(ttl4/6/8/12)=0/1/6/8 of 20
t=400  N=409  holderDeg=-1  probe(ttl4/6/8/12)=0/0/0/0 of 20
t=600  N=609  holderDeg=-1  probe(ttl4/6/8/12)=0/0/0/0 of 20
t=3000  N=3009  holderDeg=3  probe(ttl4/6/8/12)=1/4/4/13 of 20
t=800  N=809  holderDeg=-1  probe(ttl4/6/8/12)=0/0/0/0 of 20
t=5000  N=5009  holderDeg=3  probe(ttl4/6/8/12)=0/3/5/8 of 20
t=3800  N=3809  holderDeg=3  probe(ttl4/6/8/12)=1/0/5/6 of 20
t=3200  N=3209  holderDeg=3  probe(ttl4/6/8/12)=1/2/9/14 of 20
t=1000  N=1009  holderDeg=-1  probe(ttl4/6/8/12)=0/0/0/0 of 20
t=1200  N=1209  holderDeg=-1  probe(ttl4/6/8/12)=0/0/0/0 of 20
t=4000  N=4009  holderDeg=3  probe(ttl4/6/8/12)=0/1/9/8 of 20
t=3400  N=3409  holderDeg=3  probe(ttl4/6/8/12)=0/1/7/10 of 20
t=1400  N=1409  holderDeg=-1  probe(ttl4/6/8/12)=0/0/0/0 of 20
t=1600  N=1609  holderDeg=-1  probe(ttl4/6/8/12)=0/0/0/0 of 20
t=5200  N=5209  holderDeg=3  probe(ttl4/6/8/12)=0/1/8/16 of 20
t=4200  N=4209  holderDeg=3  probe(ttl4/6/8/12)=0/2/9/10 of 20
t=3600  N=3609  holderDeg=3  probe(ttl4/6/8/12)=0/0/6/9 of 20
t=1800  N=1809  holderDeg=-1  probe(ttl4/6/8/12)=0/0/0/0 of 20
t=19600  N=19609  holderDeg=270  probe(ttl4/6/8/12)=2/16/20/20 of 20
t=3800  N=3809  holderDeg=5  probe(ttl4/6/8/12)=1/1/8/17 of 20
t=4400  N=4409  holderDeg=3  probe(ttl4/6/8/12)=0/0/6/10 of 20
t=2000  N=2009  holderDeg=-1  probe(ttl4/6/8/12)=0/0/0/0 of 20
t=5400  N=5409  holderDeg=3  probe(ttl4/6/8/12)=0/2/4/13 of 20
t=2200  N=2209  holderDeg=-1  probe(ttl4/6/8/12)=0/0/0/0 of 20
t=4600  N=4609  holderDeg=3  probe(ttl4/6/8/12)=0/2/5/10 of 20
t=4000  N=4009  holderDeg=7  probe(ttl4/6/8/12)=0/1/9/19 of 20
t=2400  N=2409  holderDeg=-1  probe(ttl4/6/8/12)=0/0/0/0 of 20
t=5600  N=5609  holderDeg=3  probe(ttl4/6/8/12)=0/1/9/13 of 20
t=2600  N=2609  holderDeg=-1  probe(ttl4/6/8/12)=0/0/0/0 of 20
t=4200  N=4209  holderDeg=9  probe(ttl4/6/8/12)=0/5/10/17 of 20
t=4800  N=4809  holderDeg=3  probe(ttl4/6/8/12)=0/1/6/6 of 20
t=2800  N=2809  holderDeg=-1  probe(ttl4/6/8/12)=0/0/0/0 of 20
t=5800  N=5809  holderDeg=3  probe(ttl4/6/8/12)=0/1/2/11 of 20
t=3000  N=3009  holderDeg=3  probe(ttl4/6/8/12)=0/2/10/10 of 20
t=5000  N=5009  holderDeg=3  probe(ttl4/6/8/12)=0/1/6/3 of 20
t=4400  N=4409  holderDeg=11  probe(ttl4/6/8/12)=2/11/16/18 of 20
t=23400  N=23409  holderDeg=298  probe(ttl4/6/8/12)=6/18/20/20 of 20
t=3200  N=3209  holderDeg=3  probe(ttl4/6/8/12)=0/1/8/13 of 20
t=5200  N=5209  holderDeg=3  probe(ttl4/6/8/12)=0/2/4/13 of 20
t=6000  N=6009  holderDeg=3  probe(ttl4/6/8/12)=1/0/5/10 of 20
t=4600  N=4609  holderDeg=13  probe(ttl4/6/8/12)=3/7/17/20 of 20
t=3400  N=3409  holderDeg=3  probe(ttl4/6/8/12)=0/3/4/7 of 20
t=19800  N=19809  holderDeg=276  probe(ttl4/6/8/12)=4/16/20/20 of 20
t=5400  N=5409  holderDeg=3  probe(ttl4/6/8/12)=0/1/6/9 of 20
t=3600  N=3609  holderDeg=3  probe(ttl4/6/8/12)=0/0/7/14 of 20
t=6200  N=6209  holderDeg=3  probe(ttl4/6/8/12)=0/1/4/9 of 20
t=4800  N=4809  holderDeg=15  probe(ttl4/6/8/12)=1/5/17/20 of 20
t=3800  N=3809  holderDeg=3  probe(ttl4/6/8/12)=1/1/10/9 of 20
t=6400  N=6409  holderDeg=3  probe(ttl4/6/8/12)=0/1/5/9 of 20
t=5000  N=5009  holderDeg=18  probe(ttl4/6/8/12)=1/11/18/20 of 20
t=5600  N=5609  holderDeg=3  probe(ttl4/6/8/12)=0/1/6/9 of 20
t=4000  N=4009  holderDeg=3  probe(ttl4/6/8/12)=2/2/6/12 of 20
t=5200  N=5209  holderDeg=20  probe(ttl4/6/8/12)=0/5/18/20 of 20
t=6600  N=6609  holderDeg=3  probe(ttl4/6/8/12)=1/1/2/11 of 20
t=4200  N=4209  holderDeg=3  probe(ttl4/6/8/12)=0/2/5/11 of 20
t=5800  N=5809  holderDeg=3  probe(ttl4/6/8/12)=0/2/4/6 of 20
t=4400  N=4409  holderDeg=3  probe(ttl4/6/8/12)=0/2/5/9 of 20
t=6800  N=6809  holderDeg=3  probe(ttl4/6/8/12)=0/0/5/14 of 20
t=6000  N=6009  holderDeg=3  probe(ttl4/6/8/12)=0/0/3/8 of 20
t=23600  N=23609  holderDeg=302  probe(ttl4/6/8/12)=3/17/20/20 of 20
t=5400  N=5409  holderDeg=22  probe(ttl4/6/8/12)=1/6/16/20 of 20
t=4600  N=4609  holderDeg=5  probe(ttl4/6/8/12)=0/1/7/13 of 20
t=20000  N=20009  holderDeg=280  probe(ttl4/6/8/12)=6/19/20/20 of 20
t=7000  N=7009  holderDeg=3  probe(ttl4/6/8/12)=0/2/4/9 of 20
t=6200  N=6209  holderDeg=3  probe(ttl4/6/8/12)=0/2/7/5 of 20
t=4800  N=4809  holderDeg=7  probe(ttl4/6/8/12)=0/2/8/16 of 20
t=5600  N=5609  holderDeg=24  probe(ttl4/6/8/12)=3/7/18/20 of 20
t=7200  N=7209  holderDeg=3  probe(ttl4/6/8/12)=0/1/5/14 of 20
t=6400  N=6409  holderDeg=3  probe(ttl4/6/8/12)=0/0/3/4 of 20
t=5800  N=5809  holderDeg=28  probe(ttl4/6/8/12)=1/9/18/20 of 20
t=5000  N=5009  holderDeg=9  probe(ttl4/6/8/12)=0/1/12/14 of 20
t=7400  N=7409  holderDeg=3  probe(ttl4/6/8/12)=0/0/4/12 of 20
t=5200  N=5209  holderDeg=11  probe(ttl4/6/8/12)=1/4/11/15 of 20
t=6000  N=6009  holderDeg=30  probe(ttl4/6/8/12)=6/8/18/20 of 20
t=6600  N=6609  holderDeg=3  probe(ttl4/6/8/12)=0/2/2/5 of 20
t=5400  N=5409  holderDeg=13  probe(ttl4/6/8/12)=2/3/10/17 of 20
t=6200  N=6209  holderDeg=32  probe(ttl4/6/8/12)=1/13/19/20 of 20
t=7600  N=7609  holderDeg=3  probe(ttl4/6/8/12)=0/2/2/7 of 20
t=6800  N=6809  holderDeg=3  probe(ttl4/6/8/12)=1/1/3/5 of 20
t=20200  N=20209  holderDeg=282  probe(ttl4/6/8/12)=4/18/20/20 of 20
t=6400  N=6409  holderDeg=34  probe(ttl4/6/8/12)=1/12/20/20 of 20
t=7800  N=7809  holderDeg=3  probe(ttl4/6/8/12)=0/1/3/7 of 20
t=7000  N=7009  holderDeg=3  probe(ttl4/6/8/12)=2/0/4/8 of 20
t=5600  N=5609  holderDeg=15  probe(ttl4/6/8/12)=0/5/13/20 of 20
t=6600  N=6609  holderDeg=36  probe(ttl4/6/8/12)=3/8/19/20 of 20
t=23800  N=23809  holderDeg=305  probe(ttl4/6/8/12)=2/18/20/20 of 20
t=7200  N=7209  holderDeg=3  probe(ttl4/6/8/12)=0/0/3/5 of 20
t=5800  N=5809  holderDeg=17  probe(ttl4/6/8/12)=0/2/17/20 of 20
t=8000  N=8009  holderDeg=3  probe(ttl4/6/8/12)=0/1/2/10 of 20
t=6800  N=6809  holderDeg=40  probe(ttl4/6/8/12)=1/8/20/20 of 20
t=6000  N=6009  holderDeg=19  probe(ttl4/6/8/12)=0/8/15/19 of 20
t=7400  N=7409  holderDeg=3  probe(ttl4/6/8/12)=0/1/1/7 of 20
t=6200  N=6209  holderDeg=21  probe(ttl4/6/8/12)=0/9/14/20 of 20
t=8200  N=8209  holderDeg=3  probe(ttl4/6/8/12)=1/0/5/8 of 20
t=7000  N=7009  holderDeg=43  probe(ttl4/6/8/12)=1/11/19/20 of 20
t=7600  N=7609  holderDeg=3  probe(ttl4/6/8/12)=0/0/2/8 of 20
t=6400  N=6409  holderDeg=23  probe(ttl4/6/8/12)=0/5/17/20 of 20
t=7200  N=7209  holderDeg=48  probe(ttl4/6/8/12)=0/13/20/20 of 20
t=8400  N=8409  holderDeg=3  probe(ttl4/6/8/12)=0/1/3/11 of 20
t=7800  N=7809  holderDeg=3  probe(ttl4/6/8/12)=0/0/4/5 of 20
t=6600  N=6609  holderDeg=25  probe(ttl4/6/8/12)=2/7/16/20 of 20
t=7400  N=7409  holderDeg=50  probe(ttl4/6/8/12)=1/12/20/20 of 20
t=20400  N=20409  holderDeg=286  probe(ttl4/6/8/12)=4/19/20/20 of 20
t=6800  N=6809  holderDeg=28  probe(ttl4/6/8/12)=4/13/18/20 of 20
t=8600  N=8609  holderDeg=3  probe(ttl4/6/8/12)=0/4/4/10 of 20
t=8000  N=8009  holderDeg=3  probe(ttl4/6/8/12)=0/1/4/5 of 20
t=7600  N=7609  holderDeg=52  probe(ttl4/6/8/12)=1/17/19/20 of 20
t=24000  N=24009  holderDeg=309  probe(ttl4/6/8/12)=7/18/20/20 of 20
t=7000  N=7009  holderDeg=30  probe(ttl4/6/8/12)=1/5/15/20 of 20
t=8800  N=8809  holderDeg=3  probe(ttl4/6/8/12)=0/1/2/7 of 20
t=8200  N=8209  holderDeg=3  probe(ttl4/6/8/12)=0/1/2/5 of 20
t=7800  N=7809  holderDeg=54  probe(ttl4/6/8/12)=1/12/19/20 of 20
t=7200  N=7209  holderDeg=32  probe(ttl4/6/8/12)=0/8/18/20 of 20
t=9000  N=9009  holderDeg=3  probe(ttl4/6/8/12)=0/1/7/10 of 20
t=8000  N=8009  holderDeg=58  probe(ttl4/6/8/12)=4/14/20/20 of 20
t=8400  N=8409  holderDeg=3  probe(ttl4/6/8/12)=1/0/0/9 of 20
t=7400  N=7409  holderDeg=35  probe(ttl4/6/8/12)=4/9/17/20 of 20
t=20600  N=20609  holderDeg=291  probe(ttl4/6/8/12)=3/15/20/20 of 20
t=8200  N=8209  holderDeg=60  probe(ttl4/6/8/12)=2/13/20/20 of 20
t=9200  N=9209  holderDeg=3  probe(ttl4/6/8/12)=0/0/6/6 of 20
t=8600  N=8609  holderDeg=3  probe(ttl4/6/8/12)=0/2/0/1 of 20
t=7600  N=7609  holderDeg=38  probe(ttl4/6/8/12)=3/7/19/20 of 20
t=9400  N=9409  holderDeg=3  probe(ttl4/6/8/12)=1/1/0/4 of 20
t=8400  N=8409  holderDeg=63  probe(ttl4/6/8/12)=2/14/20/20 of 20
t=8800  N=8809  holderDeg=3  probe(ttl4/6/8/12)=1/1/4/2 of 20
t=7800  N=7809  holderDeg=40  probe(ttl4/6/8/12)=1/8/20/20 of 20
t=24200  N=24209  holderDeg=312  probe(ttl4/6/8/12)=5/18/20/20 of 20
t=8600  N=8609  holderDeg=65  probe(ttl4/6/8/12)=0/15/19/20 of 20
t=9000  N=9009  holderDeg=3  probe(ttl4/6/8/12)=0/1/0/4 of 20
t=8000  N=8009  holderDeg=42  probe(ttl4/6/8/12)=1/12/18/20 of 20
t=8800  N=8809  holderDeg=69  probe(ttl4/6/8/12)=3/11/19/20 of 20
t=20800  N=20809  holderDeg=293  probe(ttl4/6/8/12)=2/17/20/20 of 20
t=9200  N=9209  holderDeg=3  probe(ttl4/6/8/12)=0/1/3/3 of 20
t=8200  N=8209  holderDeg=44  probe(ttl4/6/8/12)=1/5/19/20 of 20
t=9600  N=9609  holderDeg=3  probe(ttl4/6/8/12)=0/1/1/7 of 20
t=9000  N=9009  holderDeg=71  probe(ttl4/6/8/12)=1/11/20/20 of 20
t=8400  N=8409  holderDeg=46  probe(ttl4/6/8/12)=2/10/18/20 of 20
t=9400  N=9409  holderDeg=3  probe(ttl4/6/8/12)=0/0/3/10 of 20
t=9800  N=9809  holderDeg=3  probe(ttl4/6/8/12)=0/1/4/11 of 20
t=9200  N=9209  holderDeg=75  probe(ttl4/6/8/12)=3/12/19/20 of 20
t=8600  N=8609  holderDeg=49  probe(ttl4/6/8/12)=2/11/19/20 of 20
t=9600  N=9609  holderDeg=3  probe(ttl4/6/8/12)=0/1/5/14 of 20
t=8800  N=8809  holderDeg=52  probe(ttl4/6/8/12)=2/12/19/20 of 20
t=10000  N=10009  holderDeg=3  probe(ttl4/6/8/12)=0/0/2/10 of 20
t=21000  N=21009  holderDeg=297  probe(ttl4/6/8/12)=6/15/20/20 of 20
t=9400  N=9409  holderDeg=79  probe(ttl4/6/8/12)=2/12/20/20 of 20
t=9800  N=9809  holderDeg=3  probe(ttl4/6/8/12)=1/0/6/13 of 20
t=9000  N=9009  holderDeg=54  probe(ttl4/6/8/12)=4/7/20/20 of 20
t=9600  N=9609  holderDeg=81  probe(ttl4/6/8/12)=1/14/20/20 of 20
t=10200  N=10209  holderDeg=3  probe(ttl4/6/8/12)=0/0/1/5 of 20
t=24400  N=24409  holderDeg=315  probe(ttl4/6/8/12)=7/16/20/20 of 20
t=10000  N=10009  holderDeg=3  probe(ttl4/6/8/12)=0/0/4/12 of 20
t=9200  N=9209  holderDeg=58  probe(ttl4/6/8/12)=2/8/20/20 of 20
t=9800  N=9809  holderDeg=83  probe(ttl4/6/8/12)=1/15/20/20 of 20
t=10400  N=10409  holderDeg=3  probe(ttl4/6/8/12)=0/0/1/9 of 20
t=9400  N=9409  holderDeg=61  probe(ttl4/6/8/12)=3/12/19/20 of 20
t=10000  N=10009  holderDeg=85  probe(ttl4/6/8/12)=2/8/20/20 of 20
t=10200  N=10209  holderDeg=3  probe(ttl4/6/8/12)=0/0/2/16 of 20
t=21200  N=21209  holderDeg=301  probe(ttl4/6/8/12)=6/17/20/20 of 20
t=10200  N=10209  holderDeg=87  probe(ttl4/6/8/12)=2/15/20/20 of 20
t=9600  N=9609  holderDeg=63  probe(ttl4/6/8/12)=2/11/20/20 of 20
t=10400  N=10409  holderDeg=3  probe(ttl4/6/8/12)=0/0/1/16 of 20
t=10600  N=10609  holderDeg=3  probe(ttl4/6/8/12)=0/0/4/10 of 20
t=9800  N=9809  holderDeg=66  probe(ttl4/6/8/12)=2/14/19/20 of 20
t=10600  N=10609  holderDeg=3  probe(ttl4/6/8/12)=0/1/4/8 of 20
t=10400  N=10409  holderDeg=90  probe(ttl4/6/8/12)=2/7/20/20 of 20
t=10800  N=10809  holderDeg=3  probe(ttl4/6/8/12)=0/0/4/8 of 20
t=10000  N=10009  holderDeg=68  probe(ttl4/6/8/12)=3/9/20/20 of 20
t=21400  N=21409  holderDeg=303  probe(ttl4/6/8/12)=7/18/20/20 of 20
t=10800  N=10809  holderDeg=3  probe(ttl4/6/8/12)=0/1/2/13 of 20
t=10600  N=10609  holderDeg=93  probe(ttl4/6/8/12)=4/15/20/20 of 20
t=10200  N=10209  holderDeg=72  probe(ttl4/6/8/12)=1/14/20/20 of 20
t=11000  N=11009  holderDeg=3  probe(ttl4/6/8/12)=0/1/2/3 of 20
t=10800  N=10809  holderDeg=95  probe(ttl4/6/8/12)=4/11/20/20 of 20
t=11000  N=11009  holderDeg=3  probe(ttl4/6/8/12)=0/0/3/11 of 20
t=10400  N=10409  holderDeg=74  probe(ttl4/6/8/12)=3/7/20/20 of 20
t=11000  N=11009  holderDeg=99  probe(ttl4/6/8/12)=3/15/20/20 of 20
t=11200  N=11209  holderDeg=3  probe(ttl4/6/8/12)=0/1/6/2 of 20
t=11200  N=11209  holderDeg=3  probe(ttl4/6/8/12)=0/1/2/12 of 20
t=10600  N=10609  holderDeg=75  probe(ttl4/6/8/12)=5/12/20/20 of 20
t=21600  N=21609  holderDeg=311  probe(ttl4/6/8/12)=6/18/20/20 of 20
t=11200  N=11209  holderDeg=101  probe(ttl4/6/8/12)=1/17/20/20 of 20
t=11400  N=11409  holderDeg=3  probe(ttl4/6/8/12)=0/0/1/10 of 20
t=11400  N=11409  holderDeg=3  probe(ttl4/6/8/12)=0/0/5/13 of 20
t=10800  N=10809  holderDeg=77  probe(ttl4/6/8/12)=1/13/20/20 of 20
t=24600  N=24609  holderDeg=319  probe(ttl4/6/8/12)=3/16/20/20 of 20
t=11000  N=11009  holderDeg=80  probe(ttl4/6/8/12)=4/11/20/20 of 20
t=11600  N=11609  holderDeg=3  probe(ttl4/6/8/12)=0/0/2/16 of 20
t=11200  N=11209  holderDeg=82  probe(ttl4/6/8/12)=5/12/20/20 of 20
t=11600  N=11609  holderDeg=3  probe(ttl4/6/8/12)=0/0/2/8 of 20
t=11400  N=11409  holderDeg=103  probe(ttl4/6/8/12)=5/14/20/20 of 20
t=11800  N=11809  holderDeg=3  probe(ttl4/6/8/12)=0/0/3/13 of 20
t=21800  N=21809  holderDeg=313  probe(ttl4/6/8/12)=8/17/20/20 of 20
t=11400  N=11409  holderDeg=84  probe(ttl4/6/8/12)=2/12/19/20 of 20
t=11800  N=11809  holderDeg=3  probe(ttl4/6/8/12)=0/1/1/4 of 20
t=12000  N=12009  holderDeg=3  probe(ttl4/6/8/12)=0/0/1/10 of 20
t=11600  N=11609  holderDeg=86  probe(ttl4/6/8/12)=2/14/18/20 of 20
t=12000  N=12009  holderDeg=3  probe(ttl4/6/8/12)=0/0/3/7 of 20
t=11600  N=11609  holderDeg=106  probe(ttl4/6/8/12)=7/12/20/20 of 20
t=12200  N=12209  holderDeg=3  probe(ttl4/6/8/12)=0/1/3/10 of 20
t=11800  N=11809  holderDeg=91  probe(ttl4/6/8/12)=2/13/20/20 of 20
t=22000  N=22009  holderDeg=318  probe(ttl4/6/8/12)=6/17/20/20 of 20
t=12200  N=12209  holderDeg=3  probe(ttl4/6/8/12)=0/0/0/6 of 20
t=11800  N=11809  holderDeg=110  probe(ttl4/6/8/12)=3/14/20/20 of 20
t=12400  N=12409  holderDeg=3  probe(ttl4/6/8/12)=0/0/4/15 of 20
t=12000  N=12009  holderDeg=95  probe(ttl4/6/8/12)=2/14/20/20 of 20
t=12400  N=12409  holderDeg=3  probe(ttl4/6/8/12)=0/0/4/8 of 20
t=12000  N=12009  holderDeg=113  probe(ttl4/6/8/12)=6/15/20/20 of 20
t=12600  N=12609  holderDeg=3  probe(ttl4/6/8/12)=0/1/5/12 of 20
t=12200  N=12209  holderDeg=98  probe(ttl4/6/8/12)=3/13/20/20 of 20
t=12200  N=12209  holderDeg=115  probe(ttl4/6/8/12)=3/12/20/20 of 20
t=12400  N=12409  holderDeg=102  probe(ttl4/6/8/12)=0/15/20/20 of 20
t=24800  N=24809  holderDeg=322  probe(ttl4/6/8/12)=5/15/20/20 of 20
t=12600  N=12609  holderDeg=3  probe(ttl4/6/8/12)=0/0/2/7 of 20
t=12800  N=12809  holderDeg=3  probe(ttl4/6/8/12)=0/1/2/14 of 20
t=12400  N=12409  holderDeg=118  probe(ttl4/6/8/12)=5/11/20/20 of 20
t=12800  N=12809  holderDeg=3  probe(ttl4/6/8/12)=0/1/0/5 of 20
t=12600  N=12609  holderDeg=105  probe(ttl4/6/8/12)=3/12/20/20 of 20
t=13000  N=13009  holderDeg=3  probe(ttl4/6/8/12)=0/0/4/11 of 20
t=12600  N=12609  holderDeg=120  probe(ttl4/6/8/12)=2/15/20/20 of 20
t=13000  N=13009  holderDeg=3  probe(ttl4/6/8/12)=0/1/4/2 of 20
t=12800  N=12809  holderDeg=107  probe(ttl4/6/8/12)=4/12/20/20 of 20
t=13200  N=13209  holderDeg=3  probe(ttl4/6/8/12)=0/0/3/9 of 20
t=25000  N=25009  holderDeg=328  probe(ttl4/6/8/12)=1/15/20/20 of 20
t=12800  N=12809  holderDeg=124  probe(ttl4/6/8/12)=5/14/20/20 of 20
t=13400  N=13409  holderDeg=3  probe(ttl4/6/8/12)=0/1/2/8 of 20
t=13000  N=13009  holderDeg=109  probe(ttl4/6/8/12)=5/10/20/20 of 20
t=13200  N=13209  holderDeg=3  probe(ttl4/6/8/12)=0/0/3/9 of 20
t=13000  N=13009  holderDeg=127  probe(ttl4/6/8/12)=5/16/20/20 of 20
t=13600  N=13609  holderDeg=3  probe(ttl4/6/8/12)=0/0/2/10 of 20
t=13200  N=13209  holderDeg=111  probe(ttl4/6/8/12)=8/13/20/20 of 20
t=13400  N=13409  holderDeg=3  probe(ttl4/6/8/12)=0/0/2/7 of 20
t=25200  N=25209  holderDeg=330  probe(ttl4/6/8/12)=5/19/20/20 of 20
t=13400  N=13409  holderDeg=113  probe(ttl4/6/8/12)=1/15/20/20 of 20
t=13800  N=13809  holderDeg=3  probe(ttl4/6/8/12)=0/0/2/10 of 20
t=13200  N=13209  holderDeg=130  probe(ttl4/6/8/12)=4/17/20/20 of 20
t=13600  N=13609  holderDeg=3  probe(ttl4/6/8/12)=0/0/3/6 of 20
t=22200  N=22209  holderDeg=321  probe(ttl4/6/8/12)=5/18/20/20 of 20
t=13600  N=13609  holderDeg=117  probe(ttl4/6/8/12)=3/12/20/20 of 20
t=13800  N=13809  holderDeg=3  probe(ttl4/6/8/12)=0/0/2/6 of 20
t=13400  N=13409  holderDeg=132  probe(ttl4/6/8/12)=3/12/20/20 of 20
t=14000  N=14009  holderDeg=3  probe(ttl4/6/8/12)=0/1/3/12 of 20
t=13800  N=13809  holderDeg=120  probe(ttl4/6/8/12)=1/13/20/20 of 20
t=14000  N=14009  holderDeg=3  probe(ttl4/6/8/12)=0/1/3/3 of 20
t=13600  N=13609  holderDeg=136  probe(ttl4/6/8/12)=4/14/20/20 of 20
t=25400  N=25409  holderDeg=332  probe(ttl4/6/8/12)=5/16/20/20 of 20
t=22400  N=22409  holderDeg=324  probe(ttl4/6/8/12)=3/16/20/20 of 20

 Growing has been completed
*********************************************************************


================ rulec  seed=4  (Pp=100 Pd=0 Pt=25000 rewire=True k=5 c=2 eps=0,02 qmax=0,2 N=10000 theta=6 crash=0 shape=0 multi=1 randrw=0 oracle=False fixedthr=0 rules=2 cooper=False dmax=160 mu=1 noscale=False) ================
t=200  N=209  holderDeg=-1  probe(ttl4/6/8/12)=0/0/0/0 of 20
t=400  N=409  holderDeg=-1  probe(ttl4/6/8/12)=0/0/0/0 of 20
t=14000  N=14009  holderDeg=124  probe(ttl4/6/8/12)=4/12/20/20 of 20
t=600  N=609  holderDeg=-1  probe(ttl4/6/8/12)=0/0/0/0 of 20
t=800  N=809  holderDeg=-1  probe(ttl4/6/8/12)=0/0/0/0 of 20
t=14200  N=14209  holderDeg=3  probe(ttl4/6/8/12)=0/0/4/11 of 20
t=1000  N=1009  holderDeg=-1  probe(ttl4/6/8/12)=0/0/0/0 of 20

 Growing has been completed
*********************************************************************


================ rulel  seed=4  (Pp=100 Pd=0 Pt=25000 rewire=True k=5 c=2 eps=0,02 qmax=0,2 N=10000 theta=6 crash=0 shape=0 multi=1 randrw=0 oracle=False fixedthr=0 rules=4 cooper=False dmax=160 mu=1 noscale=False) ================
t=1200  N=1209  holderDeg=-1  probe(ttl4/6/8/12)=0/0/0/0 of 20
t=200  N=209  holderDeg=-1  probe(ttl4/6/8/12)=0/0/0/0 of 20
t=400  N=409  holderDeg=-1  probe(ttl4/6/8/12)=0/0/0/0 of 20
t=1400  N=1409  holderDeg=-1  probe(ttl4/6/8/12)=0/0/0/0 of 20
t=13800  N=13809  holderDeg=138  probe(ttl4/6/8/12)=2/12/20/20 of 20
t=600  N=609  holderDeg=-1  probe(ttl4/6/8/12)=0/0/0/0 of 20
t=1600  N=1609  holderDeg=-1  probe(ttl4/6/8/12)=0/0/0/0 of 20
t=800  N=809  holderDeg=-1  probe(ttl4/6/8/12)=0/0/0/0 of 20
t=1800  N=1809  holderDeg=-1  probe(ttl4/6/8/12)=0/0/0/0 of 20
t=1000  N=1009  holderDeg=-1  probe(ttl4/6/8/12)=0/0/0/0 of 20
t=2000  N=2009  holderDeg=-1  probe(ttl4/6/8/12)=0/0/0/0 of 20
t=1200  N=1209  holderDeg=-1  probe(ttl4/6/8/12)=0/0/0/0 of 20
t=14200  N=14209  holderDeg=127  probe(ttl4/6/8/12)=1/15/19/20 of 20
t=1400  N=1409  holderDeg=-1  probe(ttl4/6/8/12)=0/0/0/0 of 20
t=2200  N=2209  holderDeg=-1  probe(ttl4/6/8/12)=0/0/0/0 of 20
t=1600  N=1609  holderDeg=-1  probe(ttl4/6/8/12)=0/0/0/0 of 20
t=2400  N=2409  holderDeg=-1  probe(ttl4/6/8/12)=0/0/0/0 of 20
t=1800  N=1809  holderDeg=-1  probe(ttl4/6/8/12)=0/0/0/0 of 20
t=2000  N=2009  holderDeg=-1  probe(ttl4/6/8/12)=0/0/0/0 of 20

 Growing has been completed
*********************************************************************

t=2600  N=2609  holderDeg=-1  probe(ttl4/6/8/12)=0/0/0/0 of 20

================ fixed005c  seed=4  (Pp=100 Pd=0 Pt=25000 rewire=True k=5 c=2 eps=0,02 qmax=0,2 N=10000 theta=6 crash=0 shape=0 multi=1 randrw=0 oracle=False fixedthr=0,05 rules=1 cooper=False dmax=160 mu=1 noscale=False) ================
t=2200  N=2209  holderDeg=-1  probe(ttl4/6/8/12)=0/0/0/0 of 20
t=14000  N=14009  holderDeg=141  probe(ttl4/6/8/12)=1/14/20/20 of 20
t=200  N=209  holderDeg=-1  probe(ttl4/6/8/12)=0/0/0/0 of 20
t=400  N=409  holderDeg=-1  probe(ttl4/6/8/12)=0/0/0/0 of 20
t=600  N=609  holderDeg=-1  probe(ttl4/6/8/12)=0/0/0/0 of 20
t=2400  N=2409  holderDeg=-1  probe(ttl4/6/8/12)=0/0/0/0 of 20
t=2800  N=2809  holderDeg=-1  probe(ttl4/6/8/12)=0/0/0/0 of 20
t=800  N=809  holderDeg=-1  probe(ttl4/6/8/12)=0/0/0/0 of 20
t=22600  N=22609  holderDeg=327  probe(ttl4/6/8/12)=2/16/20/20 of 20
t=2600  N=2609  holderDeg=-1  probe(ttl4/6/8/12)=0/0/0/0 of 20
t=1000  N=1009  holderDeg=-1  probe(ttl4/6/8/12)=0/0/0/0 of 20
t=3000  N=3009  holderDeg=3  probe(ttl4/6/8/12)=0/3/10/15 of 20
t=1200  N=1209  holderDeg=-1  probe(ttl4/6/8/12)=0/0/0/0 of 20
t=2800  N=2809  holderDeg=-1  probe(ttl4/6/8/12)=0/0/0/0 of 20
t=1400  N=1409  holderDeg=-1  probe(ttl4/6/8/12)=0/0/0/0 of 20
t=25600  N=25609  holderDeg=335  probe(ttl4/6/8/12)=5/15/20/20 of 20
t=3000  N=3009  holderDeg=3  probe(ttl4/6/8/12)=0/2/6/11 of 20
t=3200  N=3209  holderDeg=3  probe(ttl4/6/8/12)=0/3/6/19 of 20
t=1600  N=1609  holderDeg=-1  probe(ttl4/6/8/12)=0/0/0/0 of 20
t=3200  N=3209  holderDeg=3  probe(ttl4/6/8/12)=0/2/4/7 of 20
t=1800  N=1809  holderDeg=-1  probe(ttl4/6/8/12)=0/0/0/0 of 20
t=3400  N=3409  holderDeg=3  probe(ttl4/6/8/12)=0/1/7/10 of 20
t=2000  N=2009  holderDeg=-1  probe(ttl4/6/8/12)=0/0/0/0 of 20
t=3400  N=3409  holderDeg=3  probe(ttl4/6/8/12)=0/3/1/7 of 20
t=2200  N=2209  holderDeg=-1  probe(ttl4/6/8/12)=0/0/0/0 of 20
t=14200  N=14209  holderDeg=143  probe(ttl4/6/8/12)=4/13/20/20 of 20
t=3600  N=3609  holderDeg=3  probe(ttl4/6/8/12)=1/2/13/14 of 20
t=3600  N=3609  holderDeg=3  probe(ttl4/6/8/12)=0/3/10/6 of 20
t=2400  N=2409  holderDeg=-1  probe(ttl4/6/8/12)=0/0/0/0 of 20
t=3800  N=3809  holderDeg=3  probe(ttl4/6/8/12)=0/0/11/16 of 20
t=3800  N=3809  holderDeg=3  probe(ttl4/6/8/12)=0/4/5/3 of 20
t=2600  N=2609  holderDeg=-1  probe(ttl4/6/8/12)=0/0/0/0 of 20
t=4000  N=4009  holderDeg=3  probe(ttl4/6/8/12)=1/1/10/13 of 20
t=4000  N=4009  holderDeg=3  probe(ttl4/6/8/12)=0/1/8/7 of 20
t=2800  N=2809  holderDeg=-1  probe(ttl4/6/8/12)=0/0/0/0 of 20
t=4200  N=4209  holderDeg=3  probe(ttl4/6/8/12)=0/3/6/13 of 20
t=3000  N=3009  holderDeg=3  probe(ttl4/6/8/12)=0/3/10/15 of 20
t=4200  N=4209  holderDeg=3  probe(ttl4/6/8/12)=0/1/3/7 of 20
t=3200  N=3209  holderDeg=3  probe(ttl4/6/8/12)=0/3/6/19 of 20
t=4400  N=4409  holderDeg=3  probe(ttl4/6/8/12)=0/4/2/2 of 20
t=14400  N=14409  holderDeg=145  probe(ttl4/6/8/12)=1/14/20/20 of 20
t=4400  N=4409  holderDeg=3  probe(ttl4/6/8/12)=0/3/5/11 of 20
t=3400  N=3409  holderDeg=3  probe(ttl4/6/8/12)=0/1/7/10 of 20
t=4600  N=4609  holderDeg=3  probe(ttl4/6/8/12)=0/0/4/4 of 20
t=4600  N=4609  holderDeg=3  probe(ttl4/6/8/12)=0/0/4/15 of 20
t=3600  N=3609  holderDeg=3  probe(ttl4/6/8/12)=0/2/9/16 of 20
t=4800  N=4809  holderDeg=5  probe(ttl4/6/8/12)=0/5/8/14 of 20
t=4800  N=4809  holderDeg=3  probe(ttl4/6/8/12)=0/2/7/8 of 20
t=22800  N=22809  holderDeg=329  probe(ttl4/6/8/12)=6/20/20/20 of 20
t=3800  N=3809  holderDeg=3  probe(ttl4/6/8/12)=0/4/8/14 of 20
t=25800  N=25809  holderDeg=338  probe(ttl4/6/8/12)=2/14/20/20 of 20
t=4000  N=4009  holderDeg=3  probe(ttl4/6/8/12)=0/3/8/14 of 20
t=5000  N=5009  holderDeg=7  probe(ttl4/6/8/12)=0/2/5/14 of 20
t=5000  N=5009  holderDeg=5  probe(ttl4/6/8/12)=1/2/12/18 of 20
t=4200  N=4209  holderDeg=3  probe(ttl4/6/8/12)=0/2/11/10 of 20
t=5200  N=5209  holderDeg=9  probe(ttl4/6/8/12)=0/3/14/18 of 20
t=14600  N=14609  holderDeg=148  probe(ttl4/6/8/12)=2/14/20/20 of 20
t=4400  N=4409  holderDeg=3  probe(ttl4/6/8/12)=0/2/6/13 of 20
t=5200  N=5209  holderDeg=7  probe(ttl4/6/8/12)=0/3/11/13 of 20
t=4600  N=4609  holderDeg=3  probe(ttl4/6/8/12)=1/1/4/11 of 20
t=5400  N=5409  holderDeg=11  probe(ttl4/6/8/12)=0/3/14/19 of 20
t=5400  N=5409  holderDeg=9  probe(ttl4/6/8/12)=0/2/15/16 of 20
t=4800  N=4809  holderDeg=3  probe(ttl4/6/8/12)=0/3/10/12 of 20
t=5600  N=5609  holderDeg=11  probe(ttl4/6/8/12)=0/3/13/17 of 20
t=5000  N=5009  holderDeg=3  probe(ttl4/6/8/12)=1/1/6/12 of 20
t=5600  N=5609  holderDeg=15  probe(ttl4/6/8/12)=1/6/15/19 of 20
t=5800  N=5809  holderDeg=13  probe(ttl4/6/8/12)=0/3/14/18 of 20
t=14800  N=14809  holderDeg=150  probe(ttl4/6/8/12)=1/15/20/20 of 20
t=5200  N=5209  holderDeg=5  probe(ttl4/6/8/12)=1/2/8/14 of 20
t=5800  N=5809  holderDeg=17  probe(ttl4/6/8/12)=5/7/15/19 of 20
t=6000  N=6009  holderDeg=15  probe(ttl4/6/8/12)=0/5/15/20 of 20
t=5400  N=5409  holderDeg=7  probe(ttl4/6/8/12)=3/1/7/19 of 20
t=6000  N=6009  holderDeg=21  probe(ttl4/6/8/12)=2/5/15/20 of 20
t=23000  N=23009  holderDeg=332  probe(ttl4/6/8/12)=2/15/20/20 of 20
t=5600  N=5609  holderDeg=9  probe(ttl4/6/8/12)=1/4/10/17 of 20
t=6200  N=6209  holderDeg=17  probe(ttl4/6/8/12)=1/7/17/20 of 20
t=6200  N=6209  holderDeg=23  probe(ttl4/6/8/12)=1/8/17/18 of 20
t=5800  N=5809  holderDeg=11  probe(ttl4/6/8/12)=1/3/13/20 of 20
t=6400  N=6409  holderDeg=19  probe(ttl4/6/8/12)=3/4/14/19 of 20
t=15000  N=15009  holderDeg=152  probe(ttl4/6/8/12)=5/15/20/20 of 20
t=6400  N=6409  holderDeg=25  probe(ttl4/6/8/12)=2/6/14/20 of 20
t=6000  N=6009  holderDeg=13  probe(ttl4/6/8/12)=0/6/15/17 of 20
t=26000  N=26009  holderDeg=340  probe(ttl4/6/8/12)=4/18/20/20 of 20
t=6600  N=6609  holderDeg=21  probe(ttl4/6/8/12)=2/5/15/20 of 20
t=6600  N=6609  holderDeg=29  probe(ttl4/6/8/12)=1/11/18/20 of 20
t=6200  N=6209  holderDeg=15  probe(ttl4/6/8/12)=1/8/15/20 of 20
t=6800  N=6809  holderDeg=23  probe(ttl4/6/8/12)=1/7/17/20 of 20
t=6400  N=6409  holderDeg=18  probe(ttl4/6/8/12)=3/4/14/20 of 20
t=7000  N=7009  holderDeg=25  probe(ttl4/6/8/12)=0/8/17/20 of 20
t=6800  N=6809  holderDeg=31  probe(ttl4/6/8/12)=2/4/20/20 of 20
t=6600  N=6609  holderDeg=20  probe(ttl4/6/8/12)=0/2/14/20 of 20
t=15200  N=15209  holderDeg=156  probe(ttl4/6/8/12)=1/18/20/20 of 20
t=23200  N=23209  holderDeg=336  probe(ttl4/6/8/12)=5/17/20/20 of 20
t=7200  N=7209  holderDeg=28  probe(ttl4/6/8/12)=2/9/20/20 of 20
t=6800  N=6809  holderDeg=22  probe(ttl4/6/8/12)=0/6/18/20 of 20
t=7000  N=7009  holderDeg=33  probe(ttl4/6/8/12)=1/7/19/20 of 20
t=7400  N=7409  holderDeg=30  probe(ttl4/6/8/12)=1/9/19/20 of 20
t=7200  N=7209  holderDeg=37  probe(ttl4/6/8/12)=0/12/19/20 of 20
t=7000  N=7009  holderDeg=25  probe(ttl4/6/8/12)=0/10/18/20 of 20
t=15400  N=15409  holderDeg=159  probe(ttl4/6/8/12)=5/16/20/20 of 20
t=7600  N=7609  holderDeg=33  probe(ttl4/6/8/12)=5/11/17/20 of 20
t=7400  N=7409  holderDeg=39  probe(ttl4/6/8/12)=1/8/17/20 of 20
t=7200  N=7209  holderDeg=27  probe(ttl4/6/8/12)=0/8/17/20 of 20
t=7800  N=7809  holderDeg=37  probe(ttl4/6/8/12)=1/13/20/20 of 20
t=7400  N=7409  holderDeg=29  probe(ttl4/6/8/12)=3/10/18/20 of 20
t=7600  N=7609  holderDeg=42  probe(ttl4/6/8/12)=2/9/18/20 of 20
t=8000  N=8009  holderDeg=39  probe(ttl4/6/8/12)=1/7/18/20 of 20
t=15600  N=15609  holderDeg=161  probe(ttl4/6/8/12)=3/19/20/20 of 20
t=23400  N=23409  holderDeg=339  probe(ttl4/6/8/12)=6/15/20/20 of 20
t=7800  N=7809  holderDeg=45  probe(ttl4/6/8/12)=3/13/20/20 of 20
t=26200  N=26209  holderDeg=342  probe(ttl4/6/8/12)=10/19/20/20 of 20
t=7600  N=7609  holderDeg=31  probe(ttl4/6/8/12)=0/6/17/20 of 20
t=8200  N=8209  holderDeg=44  probe(ttl4/6/8/12)=1/13/19/20 of 20
t=8000  N=8009  holderDeg=48  probe(ttl4/6/8/12)=2/10/19/20 of 20
t=8400  N=8409  holderDeg=46  probe(ttl4/6/8/12)=1/11/19/20 of 20
t=8200  N=8209  holderDeg=52  probe(ttl4/6/8/12)=4/11/19/20 of 20
t=7800  N=7809  holderDeg=35  probe(ttl4/6/8/12)=1/10/18/20 of 20
t=15800  N=15809  holderDeg=166  probe(ttl4/6/8/12)=6/16/20/20 of 20
t=8600  N=8609  holderDeg=49  probe(ttl4/6/8/12)=3/13/20/20 of 20
t=8000  N=8009  holderDeg=38  probe(ttl4/6/8/12)=1/11/16/20 of 20
t=8400  N=8409  holderDeg=55  probe(ttl4/6/8/12)=3/13/17/20 of 20
t=8800  N=8809  holderDeg=51  probe(ttl4/6/8/12)=0/11/19/20 of 20
t=8600  N=8609  holderDeg=57  probe(ttl4/6/8/12)=3/13/20/20 of 20
t=8200  N=8209  holderDeg=41  probe(ttl4/6/8/12)=1/8/19/20 of 20
t=9000  N=9009  holderDeg=54  probe(ttl4/6/8/12)=4/9/20/20 of 20
t=16000  N=16009  holderDeg=170  probe(ttl4/6/8/12)=4/13/20/20 of 20
t=8800  N=8809  holderDeg=59  probe(ttl4/6/8/12)=0/14/20/20 of 20
t=9200  N=9209  holderDeg=56  probe(ttl4/6/8/12)=0/12/18/20 of 20
t=26400  N=26409  holderDeg=345  probe(ttl4/6/8/12)=2/14/20/20 of 20
t=8400  N=8409  holderDeg=43  probe(ttl4/6/8/12)=0/10/20/20 of 20
t=9000  N=9009  holderDeg=61  probe(ttl4/6/8/12)=4/7/18/20 of 20
t=23600  N=23609  holderDeg=343  probe(ttl4/6/8/12)=4/18/20/20 of 20
t=9400  N=9409  holderDeg=59  probe(ttl4/6/8/12)=2/14/20/20 of 20
t=8600  N=8609  holderDeg=47  probe(ttl4/6/8/12)=6/10/19/20 of 20
t=16200  N=16209  holderDeg=173  probe(ttl4/6/8/12)=4/17/20/20 of 20
t=9200  N=9209  holderDeg=65  probe(ttl4/6/8/12)=3/12/20/20 of 20
t=9600  N=9609  holderDeg=62  probe(ttl4/6/8/12)=1/12/20/20 of 20
t=8800  N=8809  holderDeg=50  probe(ttl4/6/8/12)=2/10/18/20 of 20
t=9400  N=9409  holderDeg=67  probe(ttl4/6/8/12)=1/14/20/20 of 20
t=9000  N=9009  holderDeg=52  probe(ttl4/6/8/12)=2/14/20/20 of 20
t=9800  N=9809  holderDeg=64  probe(ttl4/6/8/12)=4/13/19/20 of 20
t=9600  N=9609  holderDeg=69  probe(ttl4/6/8/12)=4/16/20/20 of 20
t=26600  N=26609  holderDeg=348  probe(ttl4/6/8/12)=8/18/20/20 of 20
t=10000  N=10009  holderDeg=68  probe(ttl4/6/8/12)=1/13/20/20 of 20
t=9800  N=9809  holderDeg=71  probe(ttl4/6/8/12)=4/15/20/20 of 20
t=23800  N=23809  holderDeg=346  probe(ttl4/6/8/12)=1/18/20/20 of 20
t=9200  N=9209  holderDeg=54  probe(ttl4/6/8/12)=1/13/19/20 of 20
t=16400  N=16409  holderDeg=176  probe(ttl4/6/8/12)=4/16/20/20 of 20
t=10200  N=10209  holderDeg=71  probe(ttl4/6/8/12)=5/14/20/20 of 20
t=10000  N=10009  holderDeg=73  probe(ttl4/6/8/12)=3/13/18/20 of 20
t=9400  N=9409  holderDeg=56  probe(ttl4/6/8/12)=4/12/20/20 of 20
t=9600  N=9609  holderDeg=58  probe(ttl4/6/8/12)=5/12/19/20 of 20
t=10200  N=10209  holderDeg=75  probe(ttl4/6/8/12)=1/12/20/20 of 20
t=10400  N=10409  holderDeg=74  probe(ttl4/6/8/12)=1/13/20/20 of 20
t=9800  N=9809  holderDeg=61  probe(ttl4/6/8/12)=1/13/20/20 of 20
t=16600  N=16609  holderDeg=182  probe(ttl4/6/8/12)=4/15/20/20 of 20
t=10600  N=10609  holderDeg=77  probe(ttl4/6/8/12)=3/12/20/20 of 20
t=10400  N=10409  holderDeg=78  probe(ttl4/6/8/12)=2/13/20/20 of 20
t=24000  N=24009  holderDeg=350  probe(ttl4/6/8/12)=5/17/20/20 of 20
t=10800  N=10809  holderDeg=79  probe(ttl4/6/8/12)=5/11/20/20 of 20
t=26800  N=26809  holderDeg=354  probe(ttl4/6/8/12)=6/14/20/20 of 20
t=10000  N=10009  holderDeg=63  probe(ttl4/6/8/12)=1/11/19/20 of 20
t=16800  N=16809  holderDeg=185  probe(ttl4/6/8/12)=2/12/20/20 of 20
t=10600  N=10609  holderDeg=80  probe(ttl4/6/8/12)=0/14/19/20 of 20
t=10200  N=10209  holderDeg=65  probe(ttl4/6/8/12)=1/9/20/20 of 20
t=10800  N=10809  holderDeg=82  probe(ttl4/6/8/12)=1/11/20/20 of 20
t=10400  N=10409  holderDeg=67  probe(ttl4/6/8/12)=1/12/18/20 of 20
t=11000  N=11009  holderDeg=84  probe(ttl4/6/8/12)=3/13/20/20 of 20
t=11000  N=11009  holderDeg=82  probe(ttl4/6/8/12)=1/14/20/20 of 20
t=10600  N=10609  holderDeg=69  probe(ttl4/6/8/12)=0/13/20/20 of 20
t=24200  N=24209  holderDeg=355  probe(ttl4/6/8/12)=4/18/20/20 of 20
t=11200  N=11209  holderDeg=86  probe(ttl4/6/8/12)=2/13/20/20 of 20
t=27000  N=27009  holderDeg=357  probe(ttl4/6/8/12)=4/16/20/20 of 20
t=17000  N=17009  holderDeg=188  probe(ttl4/6/8/12)=4/15/20/20 of 20
t=10800  N=10809  holderDeg=71  probe(ttl4/6/8/12)=5/11/20/20 of 20
t=11200  N=11209  holderDeg=85  probe(ttl4/6/8/12)=5/10/20/20 of 20
t=11400  N=11409  holderDeg=88  probe(ttl4/6/8/12)=3/16/20/20 of 20
t=11000  N=11009  holderDeg=73  probe(ttl4/6/8/12)=0/13/20/20 of 20
t=11400  N=11409  holderDeg=87  probe(ttl4/6/8/12)=2/10/20/20 of 20
t=11600  N=11609  holderDeg=90  probe(ttl4/6/8/12)=2/13/20/20 of 20
t=17200  N=17209  holderDeg=191  probe(ttl4/6/8/12)=6/14/20/20 of 20
t=24400  N=24409  holderDeg=359  probe(ttl4/6/8/12)=6/18/20/20 of 20
t=11600  N=11609  holderDeg=92  probe(ttl4/6/8/12)=0/16/20/20 of 20
t=27200  N=27209  holderDeg=360  probe(ttl4/6/8/12)=9/15/20/20 of 20
t=11200  N=11209  holderDeg=76  probe(ttl4/6/8/12)=3/13/20/20 of 20
t=17400  N=17409  holderDeg=194  probe(ttl4/6/8/12)=5/13/20/20 of 20
t=11800  N=11809  holderDeg=92  probe(ttl4/6/8/12)=1/11/20/20 of 20
t=11800  N=11809  holderDeg=94  probe(ttl4/6/8/12)=2/11/20/20 of 20
t=11400  N=11409  holderDeg=79  probe(ttl4/6/8/12)=4/13/19/20 of 20
t=12000  N=12009  holderDeg=95  probe(ttl4/6/8/12)=1/13/19/20 of 20
t=12000  N=12009  holderDeg=96  probe(ttl4/6/8/12)=2/16/20/20 of 20
t=17600  N=17609  holderDeg=201  probe(ttl4/6/8/12)=3/15/20/20 of 20
t=24600  N=24609  holderDeg=362  probe(ttl4/6/8/12)=5/18/20/20 of 20
t=11600  N=11609  holderDeg=83  probe(ttl4/6/8/12)=2/15/20/20 of 20
t=12200  N=12209  holderDeg=98  probe(ttl4/6/8/12)=3/14/20/20 of 20
t=12200  N=12209  holderDeg=98  probe(ttl4/6/8/12)=2/12/20/20 of 20
t=11800  N=11809  holderDeg=87  probe(ttl4/6/8/12)=1/14/20/20 of 20
t=27400  N=27409  holderDeg=362  probe(ttl4/6/8/12)=3/15/20/20 of 20
t=12400  N=12409  holderDeg=100  probe(ttl4/6/8/12)=2/12/20/20 of 20
t=17800  N=17809  holderDeg=205  probe(ttl4/6/8/12)=5/16/20/20 of 20
t=12000  N=12009  holderDeg=90  probe(ttl4/6/8/12)=3/11/20/20 of 20
t=12400  N=12409  holderDeg=101  probe(ttl4/6/8/12)=4/15/20/20 of 20
t=12600  N=12609  holderDeg=102  probe(ttl4/6/8/12)=3/14/20/20 of 20
t=24800  N=24809  holderDeg=365  probe(ttl4/6/8/12)=5/18/20/20 of 20
t=12200  N=12209  holderDeg=92  probe(ttl4/6/8/12)=3/14/20/20 of 20
t=18000  N=18009  holderDeg=208  probe(ttl4/6/8/12)=4/15/20/20 of 20
t=12600  N=12609  holderDeg=103  probe(ttl4/6/8/12)=2/13/20/20 of 20
t=12800  N=12809  holderDeg=104  probe(ttl4/6/8/12)=6/12/19/20 of 20
t=12400  N=12409  holderDeg=95  probe(ttl4/6/8/12)=5/14/20/20 of 20
t=12800  N=12809  holderDeg=105  probe(ttl4/6/8/12)=0/15/20/20 of 20
t=27600  N=27609  holderDeg=364  probe(ttl4/6/8/12)=8/17/20/20 of 20
t=18200  N=18209  holderDeg=210  probe(ttl4/6/8/12)=3/16/20/20 of 20
t=13000  N=13009  holderDeg=106  probe(ttl4/6/8/12)=1/13/20/20 of 20
t=12600  N=12609  holderDeg=99  probe(ttl4/6/8/12)=7/18/20/20 of 20
t=13000  N=13009  holderDeg=110  probe(ttl4/6/8/12)=3/16/20/20 of 20
t=25000  N=25009  holderDeg=367  probe(ttl4/6/8/12)=8/18/20/20 of 20
t=13200  N=13209  holderDeg=109  probe(ttl4/6/8/12)=3/16/20/20 of 20
t=18400  N=18409  holderDeg=212  probe(ttl4/6/8/12)=2/16/20/20 of 20
t=13200  N=13209  holderDeg=113  probe(ttl4/6/8/12)=3/17/20/20 of 20
t=12800  N=12809  holderDeg=102  probe(ttl4/6/8/12)=2/11/20/20 of 20
t=13400  N=13409  holderDeg=113  probe(ttl4/6/8/12)=3/13/20/20 of 20
t=13000  N=13009  holderDeg=104  probe(ttl4/6/8/12)=3/10/20/20 of 20
t=13400  N=13409  holderDeg=116  probe(ttl4/6/8/12)=4/14/20/20 of 20
t=27800  N=27809  holderDeg=370  probe(ttl4/6/8/12)=6/14/20/20 of 20
t=13600  N=13609  holderDeg=116  probe(ttl4/6/8/12)=3/12/20/20 of 20
t=18600  N=18609  holderDeg=215  probe(ttl4/6/8/12)=7/18/20/20 of 20
t=13600  N=13609  holderDeg=121  probe(ttl4/6/8/12)=1/15/20/20 of 20
t=13200  N=13209  holderDeg=106  probe(ttl4/6/8/12)=1/12/20/20 of 20
t=25200  N=25209  holderDeg=369  probe(ttl4/6/8/12)=3/16/20/20 of 20
t=13800  N=13809  holderDeg=118  probe(ttl4/6/8/12)=3/13/20/20 of 20
t=13800  N=13809  holderDeg=125  probe(ttl4/6/8/12)=2/12/20/20 of 20
t=13400  N=13409  holderDeg=110  probe(ttl4/6/8/12)=2/14/19/20 of 20
t=18800  N=18809  holderDeg=218  probe(ttl4/6/8/12)=6/17/20/20 of 20
t=14000  N=14009  holderDeg=120  probe(ttl4/6/8/12)=1/14/20/20 of 20
t=13600  N=13609  holderDeg=112  probe(ttl4/6/8/12)=0/10/19/20 of 20
t=14000  N=14009  holderDeg=127  probe(ttl4/6/8/12)=3/17/20/20 of 20
t=28000  N=28009  holderDeg=373  probe(ttl4/6/8/12)=6/20/20/20 of 20
t=14200  N=14209  holderDeg=125  probe(ttl4/6/8/12)=2/15/20/20 of 20
t=13800  N=13809  holderDeg=117  probe(ttl4/6/8/12)=2/13/20/20 of 20
t=19000  N=19009  holderDeg=221  probe(ttl4/6/8/12)=1/20/20/20 of 20
t=14200  N=14209  holderDeg=129  probe(ttl4/6/8/12)=2/15/20/20 of 20
t=25400  N=25409  holderDeg=376  probe(ttl4/6/8/12)=5/16/20/20 of 20

 Growing has been completed
*********************************************************************


 Growing has been completed
*********************************************************************


================ fixed015c  seed=4  (Pp=100 Pd=0 Pt=25000 rewire=True k=5 c=2 eps=0,02 qmax=0,2 N=10000 theta=6 crash=0 shape=0 multi=1 randrw=0 oracle=False fixedthr=0,15 rules=1 cooper=False dmax=160 mu=1 noscale=False) ================

================ randomrw4  seed=4  (Pp=100 Pd=0 Pt=0 rewire=False k=5 c=2 eps=0,02 qmax=0,2 N=10000 theta=6 crash=0 shape=0 multi=1 randrw=4 oracle=False fixedthr=0 rules=7 cooper=False dmax=160 mu=1 noscale=False) ================
t=200  N=209  holderDeg=-1  probe(ttl4/6/8/12)=0/0/0/0 of 20
t=200  N=209  holderDeg=-1  probe(ttl4/6/8/12)=0/0/0/0 of 20
t=400  N=409  holderDeg=-1  probe(ttl4/6/8/12)=0/0/0/0 of 20
t=400  N=409  holderDeg=-1  probe(ttl4/6/8/12)=0/0/0/0 of 20
t=600  N=609  holderDeg=-1  probe(ttl4/6/8/12)=0/0/0/0 of 20
t=600  N=609  holderDeg=-1  probe(ttl4/6/8/12)=0/0/0/0 of 20
t=800  N=809  holderDeg=-1  probe(ttl4/6/8/12)=0/0/0/0 of 20
t=800  N=809  holderDeg=-1  probe(ttl4/6/8/12)=0/0/0/0 of 20
t=1000  N=1009  holderDeg=-1  probe(ttl4/6/8/12)=0/0/0/0 of 20
t=14000  N=14009  holderDeg=121  probe(ttl4/6/8/12)=2/11/20/20 of 20
t=1000  N=1009  holderDeg=-1  probe(ttl4/6/8/12)=0/0/0/0 of 20
t=1200  N=1209  holderDeg=-1  probe(ttl4/6/8/12)=0/0/0/0 of 20
t=1200  N=1209  holderDeg=-1  probe(ttl4/6/8/12)=0/0/0/0 of 20
t=1400  N=1409  holderDeg=-1  probe(ttl4/6/8/12)=0/0/0/0 of 20
t=1400  N=1409  holderDeg=-1  probe(ttl4/6/8/12)=0/0/0/0 of 20
t=1600  N=1609  holderDeg=-1  probe(ttl4/6/8/12)=0/0/0/0 of 20
t=1600  N=1609  holderDeg=-1  probe(ttl4/6/8/12)=0/0/0/0 of 20
t=19200  N=19209  holderDeg=224  probe(ttl4/6/8/12)=4/12/20/20 of 20
t=1800  N=1809  holderDeg=-1  probe(ttl4/6/8/12)=0/0/0/0 of 20
t=1800  N=1809  holderDeg=-1  probe(ttl4/6/8/12)=0/0/0/0 of 20
t=2000  N=2009  holderDeg=-1  probe(ttl4/6/8/12)=0/0/0/0 of 20
t=2000  N=2009  holderDeg=-1  probe(ttl4/6/8/12)=0/0/0/0 of 20
t=2200  N=2209  holderDeg=-1  probe(ttl4/6/8/12)=0/0/0/0 of 20
t=2200  N=2209  holderDeg=-1  probe(ttl4/6/8/12)=0/0/0/0 of 20
t=28200  N=28209  holderDeg=376  probe(ttl4/6/8/12)=4/17/20/20 of 20
t=2400  N=2409  holderDeg=-1  probe(ttl4/6/8/12)=0/0/0/0 of 20
t=2400  N=2409  holderDeg=-1  probe(ttl4/6/8/12)=0/0/0/0 of 20
t=2600  N=2609  holderDeg=-1  probe(ttl4/6/8/12)=0/0/0/0 of 20
t=2600  N=2609  holderDeg=-1  probe(ttl4/6/8/12)=0/0/0/0 of 20
t=14200  N=14209  holderDeg=126  probe(ttl4/6/8/12)=3/13/20/20 of 20
t=2800  N=2809  holderDeg=-1  probe(ttl4/6/8/12)=0/0/0/0 of 20
t=2800  N=2809  holderDeg=-1  probe(ttl4/6/8/12)=0/0/0/0 of 20
t=3000  N=3009  holderDeg=3  probe(ttl4/6/8/12)=2/0/2/9 of 20
t=3000  N=3009  holderDeg=3  probe(ttl4/6/8/12)=0/3/10/15 of 20

 Growing has been completed
*********************************************************************


================ nullwl  seed=4  (Pp=100 Pd=0 Pt=25000 rewire=True k=5 c=2 eps=0,02 qmax=0 N=10000 theta=6 crash=0 shape=0 multi=1 randrw=0 oracle=False fixedthr=0 rules=7 cooper=False dmax=160 mu=1 noscale=False) ================
t=200  N=209  holderDeg=-1  probe(ttl4/6/8/12)=0/0/0/0 of 20
t=25600  N=25609  holderDeg=379  probe(ttl4/6/8/12)=3/16/20/20 of 20
t=400  N=409  holderDeg=-1  probe(ttl4/6/8/12)=0/0/0/0 of 20
t=3200  N=3209  holderDeg=3  probe(ttl4/6/8/12)=0/1/9/13 of 20
t=3200  N=3209  holderDeg=3  probe(ttl4/6/8/12)=0/3/6/19 of 20
t=600  N=609  holderDeg=-1  probe(ttl4/6/8/12)=0/0/0/0 of 20
t=3400  N=3409  holderDeg=3  probe(ttl4/6/8/12)=0/3/12/9 of 20
t=800  N=809  holderDeg=-1  probe(ttl4/6/8/12)=0/0/0/0 of 20
t=3400  N=3409  holderDeg=3  probe(ttl4/6/8/12)=0/1/7/10 of 20
t=3600  N=3609  holderDeg=3  probe(ttl4/6/8/12)=0/5/6/9 of 20
t=1000  N=1009  holderDeg=-1  probe(ttl4/6/8/12)=0/0/0/0 of 20
t=19400  N=19409  holderDeg=230  probe(ttl4/6/8/12)=4/18/20/20 of 20
t=1200  N=1209  holderDeg=-1  probe(ttl4/6/8/12)=0/0/0/0 of 20
t=3800  N=3809  holderDeg=3  probe(ttl4/6/8/12)=1/1/3/9 of 20
t=1400  N=1409  holderDeg=-1  probe(ttl4/6/8/12)=0/0/0/0 of 20
t=3600  N=3609  holderDeg=3  probe(ttl4/6/8/12)=1/2/13/14 of 20
t=1600  N=1609  holderDeg=-1  probe(ttl4/6/8/12)=0/0/0/0 of 20
t=3800  N=3809  holderDeg=3  probe(ttl4/6/8/12)=0/0/11/16 of 20
t=4000  N=4009  holderDeg=3  probe(ttl4/6/8/12)=1/3/5/5 of 20
t=1800  N=1809  holderDeg=-1  probe(ttl4/6/8/12)=0/0/0/0 of 20
t=2000  N=2009  holderDeg=-1  probe(ttl4/6/8/12)=0/0/0/0 of 20
t=4000  N=4009  holderDeg=3  probe(ttl4/6/8/12)=1/1/10/13 of 20
t=2200  N=2209  holderDeg=-1  probe(ttl4/6/8/12)=0/0/0/0 of 20
t=4200  N=4209  holderDeg=3  probe(ttl4/6/8/12)=1/1/6/9 of 20
t=2400  N=2409  holderDeg=-1  probe(ttl4/6/8/12)=0/0/0/0 of 20
t=4200  N=4209  holderDeg=3  probe(ttl4/6/8/12)=0/3/6/13 of 20
t=2600  N=2609  holderDeg=-1  probe(ttl4/6/8/12)=0/0/0/0 of 20
t=4400  N=4409  holderDeg=3  probe(ttl4/6/8/12)=0/3/5/12 of 20
t=2800  N=2809  holderDeg=-1  probe(ttl4/6/8/12)=0/0/0/0 of 20
t=4600  N=4609  holderDeg=3  probe(ttl4/6/8/12)=0/1/5/8 of 20
t=3000  N=3009  holderDeg=3  probe(ttl4/6/8/12)=0/3/7/16 of 20
t=4400  N=4409  holderDeg=3  probe(ttl4/6/8/12)=0/3/5/11 of 20
t=3200  N=3209  holderDeg=3  probe(ttl4/6/8/12)=0/2/6/11 of 20
t=4800  N=4809  holderDeg=3  probe(ttl4/6/8/12)=0/3/3/13 of 20
t=4600  N=4609  holderDeg=3  probe(ttl4/6/8/12)=0/0/4/15 of 20
t=28400  N=28409  holderDeg=379  probe(ttl4/6/8/12)=3/16/20/20 of 20
t=3400  N=3409  holderDeg=3  probe(ttl4/6/8/12)=0/3/7/12 of 20
t=19600  N=19609  holderDeg=234  probe(ttl4/6/8/12)=1/16/20/20 of 20
t=4800  N=4809  holderDeg=3  probe(ttl4/6/8/12)=0/2/7/8 of 20
t=3600  N=3609  holderDeg=3  probe(ttl4/6/8/12)=0/0/8/8 of 20
t=5000  N=5009  holderDeg=3  probe(ttl4/6/8/12)=0/2/6/10 of 20
t=3800  N=3809  holderDeg=3  probe(ttl4/6/8/12)=1/2/3/13 of 20
t=5000  N=5009  holderDeg=3  probe(ttl4/6/8/12)=0/3/6/15 of 20
t=4000  N=4009  holderDeg=3  probe(ttl4/6/8/12)=0/3/6/16 of 20
t=5200  N=5209  holderDeg=3  probe(ttl4/6/8/12)=1/2/6/6 of 20
t=25800  N=25809  holderDeg=384  probe(ttl4/6/8/12)=3/17/20/20 of 20
t=5200  N=5209  holderDeg=3  probe(ttl4/6/8/12)=0/1/7/13 of 20
t=4200  N=4209  holderDeg=3  probe(ttl4/6/8/12)=0/1/6/11 of 20
t=5400  N=5409  holderDeg=3  probe(ttl4/6/8/12)=0/0/2/10 of 20
t=4400  N=4409  holderDeg=3  probe(ttl4/6/8/12)=0/4/4/9 of 20
t=5400  N=5409  holderDeg=3  probe(ttl4/6/8/12)=0/1/8/9 of 20
t=5600  N=5609  holderDeg=3  probe(ttl4/6/8/12)=0/2/3/9 of 20
t=4600  N=4609  holderDeg=3  probe(ttl4/6/8/12)=0/4/6/6 of 20
t=5600  N=5609  holderDeg=3  probe(ttl4/6/8/12)=0/3/6/11 of 20
t=4800  N=4809  holderDeg=3  probe(ttl4/6/8/12)=0/3/5/7 of 20
t=19800  N=19809  holderDeg=238  probe(ttl4/6/8/12)=4/15/20/20 of 20
t=5800  N=5809  holderDeg=3  probe(ttl4/6/8/12)=1/1/8/14 of 20
t=5000  N=5009  holderDeg=3  probe(ttl4/6/8/12)=0/0/4/11 of 20
t=5800  N=5809  holderDeg=3  probe(ttl4/6/8/12)=0/2/2/8 of 20
t=6000  N=6009  holderDeg=3  probe(ttl4/6/8/12)=0/2/5/8 of 20
t=5200  N=5209  holderDeg=3  probe(ttl4/6/8/12)=0/3/6/8 of 20
t=6000  N=6009  holderDeg=3  probe(ttl4/6/8/12)=0/4/2/8 of 20
t=6200  N=6209  holderDeg=3  probe(ttl4/6/8/12)=0/1/7/9 of 20
t=6200  N=6209  holderDeg=3  probe(ttl4/6/8/12)=0/1/2/7 of 20
t=5400  N=5409  holderDeg=3  probe(ttl4/6/8/12)=0/1/9/9 of 20
t=6400  N=6409  holderDeg=3  probe(ttl4/6/8/12)=1/2/6/9 of 20
t=5600  N=5609  holderDeg=3  probe(ttl4/6/8/12)=0/3/8/11 of 20
t=28600  N=28609  holderDeg=385  probe(ttl4/6/8/12)=2/17/20/20 of 20
t=26000  N=26009  holderDeg=387  probe(ttl4/6/8/12)=3/19/20/20 of 20
t=6400  N=6409  holderDeg=3  probe(ttl4/6/8/12)=0/0/3/6 of 20
t=20000  N=20009  holderDeg=242  probe(ttl4/6/8/12)=4/16/20/20 of 20
t=5800  N=5809  holderDeg=3  probe(ttl4/6/8/12)=0/1/6/9 of 20
t=6600  N=6609  holderDeg=3  probe(ttl4/6/8/12)=0/2/4/9 of 20
t=6600  N=6609  holderDeg=3  probe(ttl4/6/8/12)=0/1/3/9 of 20
t=6000  N=6009  holderDeg=3  probe(ttl4/6/8/12)=1/1/4/11 of 20
t=6800  N=6809  holderDeg=3  probe(ttl4/6/8/12)=0/3/1/8 of 20
t=6200  N=6209  holderDeg=3  probe(ttl4/6/8/12)=0/1/6/7 of 20
t=6800  N=6809  holderDeg=3  probe(ttl4/6/8/12)=0/2/2/10 of 20
t=7000  N=7009  holderDeg=3  probe(ttl4/6/8/12)=0/1/1/4 of 20

 Growing has been completed
*********************************************************************


================ trendfx-n20000  seed=4  (Pp=100 Pd=0 Pt=25000 rewire=True k=5 c=2 eps=0,02 qmax=0,2 N=20000 theta=6 crash=0 shape=0 multi=1 randrw=0 oracle=False fixedthr=0 rules=7 cooper=False dmax=160 mu=1 noscale=True) ================
t=7000  N=7009  holderDeg=3  probe(ttl4/6/8/12)=1/0/5/13 of 20
t=200  N=209  holderDeg=-1  probe(ttl4/6/8/12)=0/0/0/0 of 20
t=400  N=409  holderDeg=-1  probe(ttl4/6/8/12)=0/0/0/0 of 20
t=6400  N=6409  holderDeg=3  probe(ttl4/6/8/12)=1/1/5/8 of 20
t=600  N=609  holderDeg=-1  probe(ttl4/6/8/12)=0/0/0/0 of 20
t=7200  N=7209  holderDeg=5  probe(ttl4/6/8/12)=0/1/9/7 of 20
t=800  N=809  holderDeg=-1  probe(ttl4/6/8/12)=0/0/0/0 of 20
t=7200  N=7209  holderDeg=3  probe(ttl4/6/8/12)=1/2/3/7 of 20
t=6600  N=6609  holderDeg=3  probe(ttl4/6/8/12)=0/2/3/13 of 20
t=1000  N=1009  holderDeg=-1  probe(ttl4/6/8/12)=0/0/0/0 of 20
t=20200  N=20209  holderDeg=246  probe(ttl4/6/8/12)=3/16/20/20 of 20
t=1200  N=1209  holderDeg=-1  probe(ttl4/6/8/12)=0/0/0/0 of 20
t=1400  N=1409  holderDeg=-1  probe(ttl4/6/8/12)=0/0/0/0 of 20
t=7400  N=7409  holderDeg=7  probe(ttl4/6/8/12)=1/3/6/15 of 20
t=1600  N=1609  holderDeg=-1  probe(ttl4/6/8/12)=0/0/0/0 of 20
t=1800  N=1809  holderDeg=-1  probe(ttl4/6/8/12)=0/0/0/0 of 20
t=6800  N=6809  holderDeg=3  probe(ttl4/6/8/12)=0/2/3/9 of 20
t=2000  N=2009  holderDeg=-1  probe(ttl4/6/8/12)=0/0/0/0 of 20
t=2200  N=2209  holderDeg=-1  probe(ttl4/6/8/12)=0/0/0/0 of 20
t=7400  N=7409  holderDeg=3  probe(ttl4/6/8/12)=0/0/5/9 of 20
t=7600  N=7609  holderDeg=10  probe(ttl4/6/8/12)=1/4/13/20 of 20
t=2400  N=2409  holderDeg=-1  probe(ttl4/6/8/12)=0/0/0/0 of 20
t=26200  N=26209  holderDeg=390  probe(ttl4/6/8/12)=8/19/20/20 of 20
t=7000  N=7009  holderDeg=3  probe(ttl4/6/8/12)=0/3/5/10 of 20
t=2600  N=2609  holderDeg=-1  probe(ttl4/6/8/12)=0/0/0/0 of 20
t=7600  N=7609  holderDeg=3  probe(ttl4/6/8/12)=0/2/5/9 of 20
t=2800  N=2809  holderDeg=-1  probe(ttl4/6/8/12)=0/0/0/0 of 20
t=7800  N=7809  holderDeg=12  probe(ttl4/6/8/12)=3/3/10/19 of 20
t=3000  N=3009  holderDeg=3  probe(ttl4/6/8/12)=0/3/7/16 of 20
t=7800  N=7809  holderDeg=3  probe(ttl4/6/8/12)=0/1/3/7 of 20
t=3200  N=3209  holderDeg=3  probe(ttl4/6/8/12)=0/2/6/11 of 20
t=7200  N=7209  holderDeg=3  probe(ttl4/6/8/12)=0/0/4/10 of 20
t=20400  N=20409  holderDeg=250  probe(ttl4/6/8/12)=4/18/20/20 of 20
t=3400  N=3409  holderDeg=3  probe(ttl4/6/8/12)=0/1/8/16 of 20
t=3600  N=3609  holderDeg=3  probe(ttl4/6/8/12)=0/3/8/12 of 20
t=7400  N=7409  holderDeg=3  probe(ttl4/6/8/12)=0/1/1/10 of 20
t=8000  N=8009  holderDeg=3  probe(ttl4/6/8/12)=0/1/5/10 of 20
t=3800  N=3809  holderDeg=3  probe(ttl4/6/8/12)=0/3/4/10 of 20
t=8000  N=8009  holderDeg=14  probe(ttl4/6/8/12)=1/3/17/19 of 20
t=4000  N=4009  holderDeg=3  probe(ttl4/6/8/12)=0/3/9/9 of 20
t=7600  N=7609  holderDeg=3  probe(ttl4/6/8/12)=0/0/2/11 of 20
t=4200  N=4209  holderDeg=3  probe(ttl4/6/8/12)=0/6/5/13 of 20
t=8200  N=8209  holderDeg=3  probe(ttl4/6/8/12)=0/0/2/7 of 20
t=8200  N=8209  holderDeg=16  probe(ttl4/6/8/12)=3/6/15/20 of 20
t=4400  N=4409  holderDeg=3  probe(ttl4/6/8/12)=0/0/7/10 of 20
t=7800  N=7809  holderDeg=3  probe(ttl4/6/8/12)=0/1/5/9 of 20
t=4600  N=4609  holderDeg=3  probe(ttl4/6/8/12)=2/2/3/11 of 20
t=8400  N=8409  holderDeg=18  probe(ttl4/6/8/12)=2/4/14/20 of 20
t=4800  N=4809  holderDeg=3  probe(ttl4/6/8/12)=0/0/5/13 of 20
t=8400  N=8409  holderDeg=3  probe(ttl4/6/8/12)=0/0/3/7 of 20
t=20600  N=20609  holderDeg=253  probe(ttl4/6/8/12)=4/18/20/20 of 20
t=8000  N=8009  holderDeg=3  probe(ttl4/6/8/12)=0/0/4/11 of 20
t=5000  N=5009  holderDeg=3  probe(ttl4/6/8/12)=1/3/2/13 of 20
t=26400  N=26409  holderDeg=394  probe(ttl4/6/8/12)=4/17/20/20 of 20
t=5200  N=5209  holderDeg=3  probe(ttl4/6/8/12)=2/1/4/12 of 20
t=8600  N=8609  holderDeg=20  probe(ttl4/6/8/12)=0/5/14/19 of 20
t=8200  N=8209  holderDeg=3  probe(ttl4/6/8/12)=0/0/5/11 of 20
t=8600  N=8609  holderDeg=3  probe(ttl4/6/8/12)=1/2/2/10 of 20
t=5400  N=5409  holderDeg=3  probe(ttl4/6/8/12)=0/0/3/11 of 20
t=5600  N=5609  holderDeg=5  probe(ttl4/6/8/12)=1/3/8/18 of 20
t=8800  N=8809  holderDeg=3  probe(ttl4/6/8/12)=1/1/2/3 of 20
t=8400  N=8409  holderDeg=3  probe(ttl4/6/8/12)=0/0/8/11 of 20
t=8800  N=8809  holderDeg=22  probe(ttl4/6/8/12)=2/6/14/20 of 20
t=5800  N=5809  holderDeg=7  probe(ttl4/6/8/12)=0/3/10/19 of 20
t=6000  N=6009  holderDeg=9  probe(ttl4/6/8/12)=1/5/11/20 of 20
t=8600  N=8609  holderDeg=3  probe(ttl4/6/8/12)=0/1/4/10 of 20
t=20800  N=20809  holderDeg=257  probe(ttl4/6/8/12)=3/17/20/20 of 20
t=6200  N=6209  holderDeg=13  probe(ttl4/6/8/12)=1/5/13/19 of 20
t=9000  N=9009  holderDeg=24  probe(ttl4/6/8/12)=1/8/16/20 of 20
t=9000  N=9009  holderDeg=3  probe(ttl4/6/8/12)=1/0/3/10 of 20
t=6400  N=6409  holderDeg=15  probe(ttl4/6/8/12)=0/7/18/19 of 20
t=8800  N=8809  holderDeg=3  probe(ttl4/6/8/12)=0/0/3/9 of 20
t=9200  N=9209  holderDeg=26  probe(ttl4/6/8/12)=3/6/16/20 of 20
t=9200  N=9209  holderDeg=3  probe(ttl4/6/8/12)=0/0/3/3 of 20
t=26600  N=26609  holderDeg=398  probe(ttl4/6/8/12)=5/17/20/20 of 20
t=6600  N=6609  holderDeg=17  probe(ttl4/6/8/12)=0/4/20/20 of 20
t=9000  N=9009  holderDeg=3  probe(ttl4/6/8/12)=0/0/2/6 of 20
t=6800  N=6809  holderDeg=19  probe(ttl4/6/8/12)=1/3/16/20 of 20
t=9400  N=9409  holderDeg=28  probe(ttl4/6/8/12)=0/10/19/20 of 20
t=9400  N=9409  holderDeg=3  probe(ttl4/6/8/12)=0/0/2/2 of 20
t=21000  N=21009  holderDeg=261  probe(ttl4/6/8/12)=5/14/20/20 of 20
t=9200  N=9209  holderDeg=3  probe(ttl4/6/8/12)=0/0/4/4 of 20
t=7000  N=7009  holderDeg=22  probe(ttl4/6/8/12)=1/5/18/20 of 20
t=9600  N=9609  holderDeg=31  probe(ttl4/6/8/12)=1/7/20/20 of 20
t=9600  N=9609  holderDeg=3  probe(ttl4/6/8/12)=1/1/2/9 of 20
t=7200  N=7209  holderDeg=24  probe(ttl4/6/8/12)=1/3/15/20 of 20
t=9400  N=9409  holderDeg=3  probe(ttl4/6/8/12)=0/3/5/6 of 20
t=7400  N=7409  holderDeg=27  probe(ttl4/6/8/12)=0/7/18/20 of 20
t=9800  N=9809  holderDeg=34  probe(ttl4/6/8/12)=2/8/17/20 of 20
t=9800  N=9809  holderDeg=3  probe(ttl4/6/8/12)=0/2/3/9 of 20
t=7600  N=7609  holderDeg=32  probe(ttl4/6/8/12)=3/6/16/20 of 20
t=26800  N=26809  holderDeg=404  probe(ttl4/6/8/12)=4/19/20/20 of 20
t=10000  N=10009  holderDeg=3  probe(ttl4/6/8/12)=0/0/2/3 of 20
t=21200  N=21209  holderDeg=263  probe(ttl4/6/8/12)=2/17/20/20 of 20
t=7800  N=7809  holderDeg=35  probe(ttl4/6/8/12)=2/10/20/20 of 20
t=9600  N=9609  holderDeg=3  probe(ttl4/6/8/12)=0/2/2/4 of 20
t=10000  N=10009  holderDeg=37  probe(ttl4/6/8/12)=2/5/18/20 of 20
t=10200  N=10209  holderDeg=3  probe(ttl4/6/8/12)=0/2/1/7 of 20
t=8000  N=8009  holderDeg=39  probe(ttl4/6/8/12)=2/8/20/20 of 20
t=9800  N=9809  holderDeg=3  probe(ttl4/6/8/12)=0/1/3/3 of 20
t=10400  N=10409  holderDeg=3  probe(ttl4/6/8/12)=0/1/3/7 of 20
t=8200  N=8209  holderDeg=41  probe(ttl4/6/8/12)=2/11/20/20 of 20
t=10200  N=10209  holderDeg=39  probe(ttl4/6/8/12)=1/8/16/20 of 20
t=10000  N=10009  holderDeg=3  probe(ttl4/6/8/12)=0/0/1/4 of 20
t=8400  N=8409  holderDeg=43  probe(ttl4/6/8/12)=5/13/20/20 of 20
t=10600  N=10609  holderDeg=3  probe(ttl4/6/8/12)=0/0/3/7 of 20
t=21400  N=21409  holderDeg=265  probe(ttl4/6/8/12)=3/11/20/20 of 20
t=10400  N=10409  holderDeg=41  probe(ttl4/6/8/12)=3/9/19/20 of 20
t=10200  N=10209  holderDeg=3  probe(ttl4/6/8/12)=0/1/3/3 of 20
t=8600  N=8609  holderDeg=47  probe(ttl4/6/8/12)=1/9/20/20 of 20
t=27000  N=27009  holderDeg=406  probe(ttl4/6/8/12)=4/18/20/20 of 20
t=10600  N=10609  holderDeg=43  probe(ttl4/6/8/12)=4/12/18/20 of 20
t=10800  N=10809  holderDeg=3  probe(ttl4/6/8/12)=0/1/3/6 of 20
t=10400  N=10409  holderDeg=3  probe(ttl4/6/8/12)=0/1/1/3 of 20
t=8800  N=8809  holderDeg=51  probe(ttl4/6/8/12)=2/11/17/20 of 20
t=10800  N=10809  holderDeg=45  probe(ttl4/6/8/12)=1/6/19/20 of 20
t=21600  N=21609  holderDeg=269  probe(ttl4/6/8/12)=3/17/20/20 of 20
t=10600  N=10609  holderDeg=3  probe(ttl4/6/8/12)=0/1/3/1 of 20
t=9000  N=9009  holderDeg=53  probe(ttl4/6/8/12)=1/7/19/20 of 20
t=11000  N=11009  holderDeg=3  probe(ttl4/6/8/12)=0/0/3/4 of 20
t=11000  N=11009  holderDeg=48  probe(ttl4/6/8/12)=0/6/19/20 of 20
t=9200  N=9209  holderDeg=58  probe(ttl4/6/8/12)=0/9/19/20 of 20
t=10800  N=10809  holderDeg=3  probe(ttl4/6/8/12)=0/0/3/3 of 20
t=9400  N=9409  holderDeg=60  probe(ttl4/6/8/12)=0/8/20/20 of 20
t=11200  N=11209  holderDeg=3  probe(ttl4/6/8/12)=0/1/1/7 of 20
t=11200  N=11209  holderDeg=50  probe(ttl4/6/8/12)=2/8/20/20 of 20
t=11000  N=11009  holderDeg=3  probe(ttl4/6/8/12)=0/1/1/8 of 20
t=9600  N=9609  holderDeg=64  probe(ttl4/6/8/12)=2/12/20/20 of 20
t=27200  N=27209  holderDeg=410  probe(ttl4/6/8/12)=5/16/20/20 of 20
t=11400  N=11409  holderDeg=52  probe(ttl4/6/8/12)=2/8/19/20 of 20
t=11400  N=11409  holderDeg=3  probe(ttl4/6/8/12)=0/0/1/6 of 20
t=21800  N=21809  holderDeg=274  probe(ttl4/6/8/12)=6/16/20/20 of 20
t=9800  N=9809  holderDeg=67  probe(ttl4/6/8/12)=3/12/19/20 of 20
t=11200  N=11209  holderDeg=3  probe(ttl4/6/8/12)=0/1/2/4 of 20
t=11600  N=11609  holderDeg=54  probe(ttl4/6/8/12)=2/12/19/20 of 20
t=11600  N=11609  holderDeg=3  probe(ttl4/6/8/12)=1/0/2/9 of 20
t=10000  N=10009  holderDeg=69  probe(ttl4/6/8/12)=0/13/20/20 of 20
t=11400  N=11409  holderDeg=3  probe(ttl4/6/8/12)=0/0/4/2 of 20
t=11800  N=11809  holderDeg=56  probe(ttl4/6/8/12)=2/9/18/20 of 20
t=11800  N=11809  holderDeg=3  probe(ttl4/6/8/12)=0/1/1/6 of 20
t=22000  N=22009  holderDeg=279  probe(ttl4/6/8/12)=4/15/20/20 of 20
t=11600  N=11609  holderDeg=3  probe(ttl4/6/8/12)=1/1/4/3 of 20
t=10200  N=10209  holderDeg=71  probe(ttl4/6/8/12)=2/17/20/20 of 20
t=12000  N=12009  holderDeg=58  probe(ttl4/6/8/12)=2/9/20/20 of 20
t=12000  N=12009  holderDeg=3  probe(ttl4/6/8/12)=0/0/3/10 of 20
t=10400  N=10409  holderDeg=73  probe(ttl4/6/8/12)=5/13/20/20 of 20
t=11800  N=11809  holderDeg=3  probe(ttl4/6/8/12)=0/1/3/5 of 20
t=27400  N=27409  holderDeg=415  probe(ttl4/6/8/12)=5/17/20/20 of 20
t=12200  N=12209  holderDeg=60  probe(ttl4/6/8/12)=0/8/20/20 of 20
t=12200  N=12209  holderDeg=3  probe(ttl4/6/8/12)=1/1/3/5 of 20
t=10600  N=10609  holderDeg=75  probe(ttl4/6/8/12)=3/10/20/20 of 20
t=22200  N=22209  holderDeg=286  probe(ttl4/6/8/12)=5/16/20/20 of 20
t=12000  N=12009  holderDeg=3  probe(ttl4/6/8/12)=0/3/1/3 of 20
t=12400  N=12409  holderDeg=62  probe(ttl4/6/8/12)=3/10/20/20 of 20
t=12400  N=12409  holderDeg=3  probe(ttl4/6/8/12)=0/1/0/10 of 20
t=10800  N=10809  holderDeg=77  probe(ttl4/6/8/12)=1/14/20/20 of 20
t=12200  N=12209  holderDeg=3  probe(ttl4/6/8/12)=1/1/1/5 of 20
t=12600  N=12609  holderDeg=64  probe(ttl4/6/8/12)=0/7/18/20 of 20
t=12600  N=12609  holderDeg=3  probe(ttl4/6/8/12)=0/1/0/5 of 20
t=11000  N=11009  holderDeg=79  probe(ttl4/6/8/12)=2/16/20/20 of 20
t=22400  N=22409  holderDeg=289  probe(ttl4/6/8/12)=6/16/20/20 of 20
t=12400  N=12409  holderDeg=3  probe(ttl4/6/8/12)=0/0/6/2 of 20
t=12800  N=12809  holderDeg=68  probe(ttl4/6/8/12)=1/9/20/20 of 20
t=11200  N=11209  holderDeg=82  probe(ttl4/6/8/12)=3/12/19/20 of 20
t=12800  N=12809  holderDeg=3  probe(ttl4/6/8/12)=0/0/3/6 of 20
t=27600  N=27609  holderDeg=420  probe(ttl4/6/8/12)=4/17/20/20 of 20
t=11400  N=11409  holderDeg=84  probe(ttl4/6/8/12)=1/13/20/20 of 20
t=13000  N=13009  holderDeg=3  probe(ttl4/6/8/12)=0/1/2/6 of 20
t=12600  N=12609  holderDeg=3  probe(ttl4/6/8/12)=0/0/2/4 of 20
t=13000  N=13009  holderDeg=70  probe(ttl4/6/8/12)=1/8/20/20 of 20
t=22600  N=22609  holderDeg=293  probe(ttl4/6/8/12)=3/16/20/20 of 20
t=11600  N=11609  holderDeg=87  probe(ttl4/6/8/12)=1/14/20/20 of 20
t=13200  N=13209  holderDeg=3  probe(ttl4/6/8/12)=0/1/3/9 of 20
t=12800  N=12809  holderDeg=3  probe(ttl4/6/8/12)=0/0/2/2 of 20
t=13200  N=13209  holderDeg=73  probe(ttl4/6/8/12)=3/11/19/20 of 20
t=11800  N=11809  holderDeg=89  probe(ttl4/6/8/12)=0/14/20/20 of 20
t=13400  N=13409  holderDeg=3  probe(ttl4/6/8/12)=0/1/4/4 of 20
t=13400  N=13409  holderDeg=76  probe(ttl4/6/8/12)=3/13/19/20 of 20
t=27800  N=27809  holderDeg=424  probe(ttl4/6/8/12)=8/19/20/20 of 20
t=13000  N=13009  holderDeg=3  probe(ttl4/6/8/12)=0/2/1/2 of 20
t=12000  N=12009  holderDeg=93  probe(ttl4/6/8/12)=4/11/20/20 of 20
t=22800  N=22809  holderDeg=296  probe(ttl4/6/8/12)=2/15/20/20 of 20
t=13600  N=13609  holderDeg=3  probe(ttl4/6/8/12)=0/0/1/6 of 20
t=13600  N=13609  holderDeg=80  probe(ttl4/6/8/12)=2/11/20/20 of 20
t=13200  N=13209  holderDeg=3  probe(ttl4/6/8/12)=0/1/0/1 of 20
t=12200  N=12209  holderDeg=95  probe(ttl4/6/8/12)=3/15/20/20 of 20
t=13800  N=13809  holderDeg=82  probe(ttl4/6/8/12)=1/11/20/20 of 20
t=12400  N=12409  holderDeg=97  probe(ttl4/6/8/12)=3/13/20/20 of 20
t=13800  N=13809  holderDeg=3  probe(ttl4/6/8/12)=0/0/2/4 of 20
t=13400  N=13409  holderDeg=3  probe(ttl4/6/8/12)=1/0/0/6 of 20
t=23000  N=23009  holderDeg=298  probe(ttl4/6/8/12)=7/17/20/20 of 20
t=28000  N=28009  holderDeg=427  probe(ttl4/6/8/12)=7/19/20/20 of 20
t=14000  N=14009  holderDeg=87  probe(ttl4/6/8/12)=3/11/20/20 of 20
t=14000  N=14009  holderDeg=3  probe(ttl4/6/8/12)=0/0/1/8 of 20
t=13600  N=13609  holderDeg=3  probe(ttl4/6/8/12)=2/1/4/3 of 20
t=12600  N=12609  holderDeg=100  probe(ttl4/6/8/12)=3/10/20/20 of 20
t=14200  N=14209  holderDeg=89  probe(ttl4/6/8/12)=1/15/20/20 of 20
t=12800  N=12809  holderDeg=102  probe(ttl4/6/8/12)=4/11/20/20 of 20
t=13800  N=13809  holderDeg=3  probe(ttl4/6/8/12)=0/0/2/6 of 20

 Growing has been completed
*********************************************************************


================ rulek  seed=5  (Pp=100 Pd=0 Pt=25000 rewire=True k=5 c=2 eps=0,02 qmax=0,2 N=10000 theta=6 crash=0 shape=0 multi=1 randrw=0 oracle=False fixedthr=0 rules=1 cooper=False dmax=160 mu=1 noscale=False) ================
t=200  N=209  holderDeg=-1  probe(ttl4/6/8/12)=0/0/0/0 of 20
t=14200  N=14209  holderDeg=3  probe(ttl4/6/8/12)=0/1/2/8 of 20
t=400  N=409  holderDeg=-1  probe(ttl4/6/8/12)=0/0/0/0 of 20
t=600  N=609  holderDeg=-1  probe(ttl4/6/8/12)=0/0/0/0 of 20
t=800  N=809  holderDeg=-1  probe(ttl4/6/8/12)=0/0/0/0 of 20
t=23200  N=23209  holderDeg=303  probe(ttl4/6/8/12)=3/18/20/20 of 20
t=1000  N=1009  holderDeg=-1  probe(ttl4/6/8/12)=0/0/0/0 of 20
t=1200  N=1209  holderDeg=-1  probe(ttl4/6/8/12)=0/0/0/0 of 20

 Growing has been completed
*********************************************************************

t=1400  N=1409  holderDeg=-1  probe(ttl4/6/8/12)=0/0/0/0 of 20

================ rulec  seed=5  (Pp=100 Pd=0 Pt=25000 rewire=True k=5 c=2 eps=0,02 qmax=0,2 N=10000 theta=6 crash=0 shape=0 multi=1 randrw=0 oracle=False fixedthr=0 rules=2 cooper=False dmax=160 mu=1 noscale=False) ================
t=200  N=209  holderDeg=-1  probe(ttl4/6/8/12)=0/0/0/0 of 20
t=1600  N=1609  holderDeg=-1  probe(ttl4/6/8/12)=0/0/0/0 of 20
t=400  N=409  holderDeg=-1  probe(ttl4/6/8/12)=0/0/0/0 of 20
t=13000  N=13009  holderDeg=105  probe(ttl4/6/8/12)=1/16/19/20 of 20
t=1800  N=1809  holderDeg=-1  probe(ttl4/6/8/12)=0/0/0/0 of 20
t=600  N=609  holderDeg=-1  probe(ttl4/6/8/12)=0/0/0/0 of 20
t=800  N=809  holderDeg=-1  probe(ttl4/6/8/12)=0/0/0/0 of 20
t=14000  N=14009  holderDeg=3  probe(ttl4/6/8/12)=0/0/2/4 of 20
t=2000  N=2009  holderDeg=-1  probe(ttl4/6/8/12)=0/0/0/0 of 20
t=1000  N=1009  holderDeg=-1  probe(ttl4/6/8/12)=0/0/0/0 of 20
t=2200  N=2209  holderDeg=-1  probe(ttl4/6/8/12)=0/0/0/0 of 20
t=1200  N=1209  holderDeg=-1  probe(ttl4/6/8/12)=0/0/0/0 of 20
t=2400  N=2409  holderDeg=-1  probe(ttl4/6/8/12)=0/0/0/0 of 20
t=1400  N=1409  holderDeg=-1  probe(ttl4/6/8/12)=0/0/0/0 of 20
t=1600  N=1609  holderDeg=-1  probe(ttl4/6/8/12)=0/0/0/0 of 20
t=28200  N=28209  holderDeg=430  probe(ttl4/6/8/12)=8/17/20/20 of 20
t=2600  N=2609  holderDeg=-1  probe(ttl4/6/8/12)=0/0/0/0 of 20
t=1800  N=1809  holderDeg=-1  probe(ttl4/6/8/12)=0/0/0/0 of 20

 Growing has been completed
*********************************************************************

t=2000  N=2009  holderDeg=-1  probe(ttl4/6/8/12)=0/0/0/0 of 20
t=2800  N=2809  holderDeg=-1  probe(ttl4/6/8/12)=0/0/0/0 of 20

================ rulel  seed=5  (Pp=100 Pd=0 Pt=25000 rewire=True k=5 c=2 eps=0,02 qmax=0,2 N=10000 theta=6 crash=0 shape=0 multi=1 randrw=0 oracle=False fixedthr=0 rules=4 cooper=False dmax=160 mu=1 noscale=False) ================
t=200  N=209  holderDeg=-1  probe(ttl4/6/8/12)=0/0/0/0 of 20
t=400  N=409  holderDeg=-1  probe(ttl4/6/8/12)=0/0/0/0 of 20
t=2200  N=2209  holderDeg=-1  probe(ttl4/6/8/12)=0/0/0/0 of 20
t=13200  N=13209  holderDeg=109  probe(ttl4/6/8/12)=3/8/20/20 of 20
t=600  N=609  holderDeg=-1  probe(ttl4/6/8/12)=0/0/0/0 of 20
t=2400  N=2409  holderDeg=-1  probe(ttl4/6/8/12)=0/0/0/0 of 20
t=3000  N=3009  holderDeg=3  probe(ttl4/6/8/12)=0/2/4/15 of 20
t=800  N=809  holderDeg=-1  probe(ttl4/6/8/12)=0/0/0/0 of 20
t=1000  N=1009  holderDeg=-1  probe(ttl4/6/8/12)=0/0/0/0 of 20
t=2600  N=2609  holderDeg=-1  probe(ttl4/6/8/12)=0/0/0/0 of 20
t=3200  N=3209  holderDeg=3  probe(ttl4/6/8/12)=0/2/8/14 of 20
t=1200  N=1209  holderDeg=-1  probe(ttl4/6/8/12)=0/0/0/0 of 20
t=1400  N=1409  holderDeg=-1  probe(ttl4/6/8/12)=0/0/0/0 of 20
t=2800  N=2809  holderDeg=-1  probe(ttl4/6/8/12)=0/0/0/0 of 20
t=3400  N=3409  holderDeg=3  probe(ttl4/6/8/12)=0/2/4/16 of 20
t=1600  N=1609  holderDeg=-1  probe(ttl4/6/8/12)=0/0/0/0 of 20
t=1800  N=1809  holderDeg=-1  probe(ttl4/6/8/12)=0/0/0/0 of 20
t=3000  N=3009  holderDeg=3  probe(ttl4/6/8/12)=0/3/10/14 of 20
t=3600  N=3609  holderDeg=3  probe(ttl4/6/8/12)=0/4/8/16 of 20
t=2000  N=2009  holderDeg=-1  probe(ttl4/6/8/12)=0/0/0/0 of 20
t=23400  N=23409  holderDeg=307  probe(ttl4/6/8/12)=5/16/20/20 of 20
t=13400  N=13409  holderDeg=112  probe(ttl4/6/8/12)=1/9/20/20 of 20
t=3200  N=3209  holderDeg=3  probe(ttl4/6/8/12)=0/1/9/15 of 20
t=2200  N=2209  holderDeg=-1  probe(ttl4/6/8/12)=0/0/0/0 of 20
t=3800  N=3809  holderDeg=3  probe(ttl4/6/8/12)=0/3/2/12 of 20
t=3400  N=3409  holderDeg=3  probe(ttl4/6/8/12)=0/1/7/12 of 20
t=2400  N=2409  holderDeg=-1  probe(ttl4/6/8/12)=0/0/0/0 of 20
t=2600  N=2609  holderDeg=-1  probe(ttl4/6/8/12)=0/0/0/0 of 20
t=4000  N=4009  holderDeg=3  probe(ttl4/6/8/12)=0/1/9/12 of 20
t=3600  N=3609  holderDeg=3  probe(ttl4/6/8/12)=0/1/14/17 of 20
t=2800  N=2809  holderDeg=-1  probe(ttl4/6/8/12)=0/0/0/0 of 20
t=4200  N=4209  holderDeg=3  probe(ttl4/6/8/12)=0/0/9/13 of 20
t=3000  N=3009  holderDeg=3  probe(ttl4/6/8/12)=1/2/3/11 of 20
t=3800  N=3809  holderDeg=3  probe(ttl4/6/8/12)=0/3/8/14 of 20
t=3200  N=3209  holderDeg=3  probe(ttl4/6/8/12)=0/1/10/9 of 20
t=4400  N=4409  holderDeg=3  probe(ttl4/6/8/12)=0/4/5/15 of 20
t=4000  N=4009  holderDeg=3  probe(ttl4/6/8/12)=0/0/9/11 of 20
t=3400  N=3409  holderDeg=3  probe(ttl4/6/8/12)=0/3/7/9 of 20
t=4600  N=4609  holderDeg=3  probe(ttl4/6/8/12)=0/0/2/14 of 20
t=4200  N=4209  holderDeg=3  probe(ttl4/6/8/12)=1/1/10/15 of 20
t=3600  N=3609  holderDeg=3  probe(ttl4/6/8/12)=0/0/7/6 of 20
t=13600  N=13609  holderDeg=115  probe(ttl4/6/8/12)=3/16/20/20 of 20
t=3800  N=3809  holderDeg=3  probe(ttl4/6/8/12)=0/2/6/9 of 20
t=4800  N=4809  holderDeg=3  probe(ttl4/6/8/12)=0/0/5/11 of 20
t=4400  N=4409  holderDeg=3  probe(ttl4/6/8/12)=0/1/6/14 of 20
t=4000  N=4009  holderDeg=3  probe(ttl4/6/8/12)=0/1/3/11 of 20
t=4600  N=4609  holderDeg=3  probe(ttl4/6/8/12)=0/3/6/16 of 20
t=5000  N=5009  holderDeg=3  probe(ttl4/6/8/12)=0/6/7/12 of 20
t=4800  N=4809  holderDeg=3  probe(ttl4/6/8/12)=0/0/6/17 of 20
t=4200  N=4209  holderDeg=3  probe(ttl4/6/8/12)=0/1/3/6 of 20
t=28400  N=28409  holderDeg=433  probe(ttl4/6/8/12)=7/12/20/20 of 20
t=23600  N=23609  holderDeg=309  probe(ttl4/6/8/12)=5/17/20/20 of 20
t=4400  N=4409  holderDeg=3  probe(ttl4/6/8/12)=0/0/6/7 of 20
t=5200  N=5209  holderDeg=3  probe(ttl4/6/8/12)=0/1/6/11 of 20
t=5000  N=5009  holderDeg=3  probe(ttl4/6/8/12)=1/3/3/14 of 20
t=13800  N=13809  holderDeg=118  probe(ttl4/6/8/12)=0/12/20/20 of 20
t=5200  N=5209  holderDeg=3  probe(ttl4/6/8/12)=2/0/7/13 of 20
t=4600  N=4609  holderDeg=3  probe(ttl4/6/8/12)=0/3/3/6 of 20
t=5400  N=5409  holderDeg=5  probe(ttl4/6/8/12)=0/3/5/14 of 20
t=5400  N=5409  holderDeg=3  probe(ttl4/6/8/12)=0/2/4/13 of 20

 Growing has been completed
*********************************************************************

t=4800  N=4809  holderDeg=3  probe(ttl4/6/8/12)=0/1/6/8 of 20

================ fixed005c  seed=5  (Pp=100 Pd=0 Pt=25000 rewire=True k=5 c=2 eps=0,02 qmax=0,2 N=10000 theta=6 crash=0 shape=0 multi=1 randrw=0 oracle=False fixedthr=0,05 rules=1 cooper=False dmax=160 mu=1 noscale=False) ================
t=200  N=209  holderDeg=-1  probe(ttl4/6/8/12)=0/0/0/0 of 20
t=5600  N=5609  holderDeg=7  probe(ttl4/6/8/12)=0/2/7/17 of 20
t=400  N=409  holderDeg=-1  probe(ttl4/6/8/12)=0/0/0/0 of 20
t=600  N=609  holderDeg=-1  probe(ttl4/6/8/12)=0/0/0/0 of 20
t=5000  N=5009  holderDeg=3  probe(ttl4/6/8/12)=0/1/5/3 of 20
t=800  N=809  holderDeg=-1  probe(ttl4/6/8/12)=0/0/0/0 of 20
t=5600  N=5609  holderDeg=3  probe(ttl4/6/8/12)=0/1/6/13 of 20
t=5800  N=5809  holderDeg=9  probe(ttl4/6/8/12)=2/1/12/20 of 20
t=1000  N=1009  holderDeg=-1  probe(ttl4/6/8/12)=0/0/0/0 of 20
t=14000  N=14009  holderDeg=121  probe(ttl4/6/8/12)=2/16/20/20 of 20
t=1200  N=1209  holderDeg=-1  probe(ttl4/6/8/12)=0/0/0/0 of 20
t=1400  N=1409  holderDeg=-1  probe(ttl4/6/8/12)=0/0/0/0 of 20
t=5200  N=5209  holderDeg=3  probe(ttl4/6/8/12)=0/1/5/4 of 20
t=1600  N=1609  holderDeg=-1  probe(ttl4/6/8/12)=0/0/0/0 of 20
t=5800  N=5809  holderDeg=3  probe(ttl4/6/8/12)=0/1/6/15 of 20
t=6000  N=6009  holderDeg=11  probe(ttl4/6/8/12)=1/6/14/19 of 20
t=1800  N=1809  holderDeg=-1  probe(ttl4/6/8/12)=0/0/0/0 of 20
t=2000  N=2009  holderDeg=-1  probe(ttl4/6/8/12)=0/0/0/0 of 20
t=2200  N=2209  holderDeg=-1  probe(ttl4/6/8/12)=0/0/0/0 of 20
t=6000  N=6009  holderDeg=3  probe(ttl4/6/8/12)=0/2/8/11 of 20
t=5400  N=5409  holderDeg=3  probe(ttl4/6/8/12)=1/0/4/7 of 20
t=2400  N=2409  holderDeg=-1  probe(ttl4/6/8/12)=0/0/0/0 of 20
t=2600  N=2609  holderDeg=-1  probe(ttl4/6/8/12)=0/0/0/0 of 20
t=6200  N=6209  holderDeg=13  probe(ttl4/6/8/12)=0/5/12/20 of 20
t=6200  N=6209  holderDeg=3  probe(ttl4/6/8/12)=0/2/10/10 of 20
t=2800  N=2809  holderDeg=-1  probe(ttl4/6/8/12)=0/0/0/0 of 20
t=5600  N=5609  holderDeg=5  probe(ttl4/6/8/12)=3/4/8/11 of 20
t=3000  N=3009  holderDeg=3  probe(ttl4/6/8/12)=0/1/11/19 of 20
t=3200  N=3209  holderDeg=3  probe(ttl4/6/8/12)=0/6/8/18 of 20
t=6400  N=6409  holderDeg=15  probe(ttl4/6/8/12)=1/6/15/18 of 20
t=6400  N=6409  holderDeg=3  probe(ttl4/6/8/12)=0/0/3/14 of 20
t=5800  N=5809  holderDeg=7  probe(ttl4/6/8/12)=1/1/9/17 of 20
t=3400  N=3409  holderDeg=3  probe(ttl4/6/8/12)=1/2/8/18 of 20
t=23800  N=23809  holderDeg=312  probe(ttl4/6/8/12)=5/18/20/20 of 20
t=6600  N=6609  holderDeg=17  probe(ttl4/6/8/12)=0/3/16/19 of 20
t=14200  N=14209  holderDeg=123  probe(ttl4/6/8/12)=3/15/20/20 of 20
t=3600  N=3609  holderDeg=3  probe(ttl4/6/8/12)=0/1/12/16 of 20
t=6000  N=6009  holderDeg=9  probe(ttl4/6/8/12)=0/5/10/17 of 20
t=3800  N=3809  holderDeg=3  probe(ttl4/6/8/12)=1/0/5/15 of 20
t=6600  N=6609  holderDeg=3  probe(ttl4/6/8/12)=0/1/4/12 of 20
t=4000  N=4009  holderDeg=3  probe(ttl4/6/8/12)=0/4/11/13 of 20
t=6800  N=6809  holderDeg=20  probe(ttl4/6/8/12)=1/4/16/20 of 20
t=6200  N=6209  holderDeg=11  probe(ttl4/6/8/12)=0/4/13/20 of 20
t=4200  N=4209  holderDeg=3  probe(ttl4/6/8/12)=0/3/9/13 of 20
t=6800  N=6809  holderDeg=5  probe(ttl4/6/8/12)=0/3/10/16 of 20
t=6400  N=6409  holderDeg=13  probe(ttl4/6/8/12)=1/5/14/18 of 20
t=14400  N=14409  holderDeg=125  probe(ttl4/6/8/12)=3/15/20/20 of 20
t=4400  N=4409  holderDeg=3  probe(ttl4/6/8/12)=0/1/9/13 of 20
t=7000  N=7009  holderDeg=22  probe(ttl4/6/8/12)=2/8/20/20 of 20
t=7000  N=7009  holderDeg=7  probe(ttl4/6/8/12)=0/1/6/18 of 20
t=6600  N=6609  holderDeg=15  probe(ttl4/6/8/12)=0/7/15/19 of 20
t=4600  N=4609  holderDeg=3  probe(ttl4/6/8/12)=0/2/8/18 of 20
t=7200  N=7209  holderDeg=24  probe(ttl4/6/8/12)=3/4/18/20 of 20
t=7200  N=7209  holderDeg=9  probe(ttl4/6/8/12)=1/3/3/17 of 20
t=4800  N=4809  holderDeg=3  probe(ttl4/6/8/12)=0/1/6/15 of 20
t=6800  N=6809  holderDeg=17  probe(ttl4/6/8/12)=0/2/16/20 of 20
t=7400  N=7409  holderDeg=27  probe(ttl4/6/8/12)=3/5/19/20 of 20
t=5000  N=5009  holderDeg=3  probe(ttl4/6/8/12)=0/0/4/9 of 20
t=14600  N=14609  holderDeg=128  probe(ttl4/6/8/12)=4/12/20/20 of 20
t=7000  N=7009  holderDeg=19  probe(ttl4/6/8/12)=1/6/15/20 of 20
t=7400  N=7409  holderDeg=11  probe(ttl4/6/8/12)=0/0/11/19 of 20
t=5200  N=5209  holderDeg=3  probe(ttl4/6/8/12)=0/0/9/17 of 20
t=7600  N=7609  holderDeg=31  probe(ttl4/6/8/12)=2/9/19/20 of 20
t=24000  N=24009  holderDeg=314  probe(ttl4/6/8/12)=1/15/20/20 of 20
t=5400  N=5409  holderDeg=3  probe(ttl4/6/8/12)=0/3/9/16 of 20
t=7600  N=7609  holderDeg=13  probe(ttl4/6/8/12)=1/9/14/20 of 20
t=7200  N=7209  holderDeg=21  probe(ttl4/6/8/12)=2/10/13/20 of 20
t=5600  N=5609  holderDeg=3  probe(ttl4/6/8/12)=0/2/7/14 of 20
t=7800  N=7809  holderDeg=33  probe(ttl4/6/8/12)=0/6/20/20 of 20
t=14800  N=14809  holderDeg=131  probe(ttl4/6/8/12)=2/12/20/20 of 20
t=7800  N=7809  holderDeg=15  probe(ttl4/6/8/12)=0/2/18/20 of 20
t=7400  N=7409  holderDeg=23  probe(ttl4/6/8/12)=1/12/19/20 of 20
t=5800  N=5809  holderDeg=3  probe(ttl4/6/8/12)=0/2/8/11 of 20
t=8000  N=8009  holderDeg=35  probe(ttl4/6/8/12)=1/10/17/20 of 20
t=8000  N=8009  holderDeg=18  probe(ttl4/6/8/12)=5/5/17/20 of 20
t=7600  N=7609  holderDeg=25  probe(ttl4/6/8/12)=1/6/15/20 of 20
t=6000  N=6009  holderDeg=3  probe(ttl4/6/8/12)=0/2/6/12 of 20
t=6200  N=6209  holderDeg=3  probe(ttl4/6/8/12)=0/0/7/17 of 20
t=8200  N=8209  holderDeg=38  probe(ttl4/6/8/12)=2/9/20/20 of 20
t=7800  N=7809  holderDeg=27  probe(ttl4/6/8/12)=2/7/17/20 of 20
t=8200  N=8209  holderDeg=20  probe(ttl4/6/8/12)=2/3/10/20 of 20
t=6400  N=6409  holderDeg=3  probe(ttl4/6/8/12)=0/0/8/13 of 20
t=8000  N=8009  holderDeg=29  probe(ttl4/6/8/12)=1/10/20/20 of 20
t=8400  N=8409  holderDeg=40  probe(ttl4/6/8/12)=3/10/18/20 of 20
t=8400  N=8409  holderDeg=22  probe(ttl4/6/8/12)=2/8/17/20 of 20
t=6600  N=6609  holderDeg=3  probe(ttl4/6/8/12)=1/1/6/13 of 20
t=8200  N=8209  holderDeg=31  probe(ttl4/6/8/12)=0/6/19/20 of 20
t=6800  N=6809  holderDeg=3  probe(ttl4/6/8/12)=1/5/4/14 of 20
t=24200  N=24209  holderDeg=316  probe(ttl4/6/8/12)=7/16/20/20 of 20
t=8600  N=8609  holderDeg=44  probe(ttl4/6/8/12)=3/9/19/20 of 20
t=8600  N=8609  holderDeg=26  probe(ttl4/6/8/12)=1/4/20/20 of 20
t=8400  N=8409  holderDeg=33  probe(ttl4/6/8/12)=2/7/16/20 of 20
t=7000  N=7009  holderDeg=3  probe(ttl4/6/8/12)=0/1/6/13 of 20
t=8800  N=8809  holderDeg=28  probe(ttl4/6/8/12)=3/3/19/20 of 20
t=8800  N=8809  holderDeg=47  probe(ttl4/6/8/12)=2/10/18/20 of 20
t=15000  N=15009  holderDeg=133  probe(ttl4/6/8/12)=4/16/20/20 of 20
t=7200  N=7209  holderDeg=5  probe(ttl4/6/8/12)=1/3/4/12 of 20
t=9000  N=9009  holderDeg=31  probe(ttl4/6/8/12)=0/5/19/20 of 20
t=8600  N=8609  holderDeg=35  probe(ttl4/6/8/12)=3/6/20/20 of 20
t=7400  N=7409  holderDeg=7  probe(ttl4/6/8/12)=0/1/7/19 of 20
t=9000  N=9009  holderDeg=52  probe(ttl4/6/8/12)=1/15/20/20 of 20
t=7600  N=7609  holderDeg=9  probe(ttl4/6/8/12)=1/4/12/19 of 20
t=9200  N=9209  holderDeg=33  probe(ttl4/6/8/12)=1/13/18/20 of 20
t=8800  N=8809  holderDeg=37  probe(ttl4/6/8/12)=2/8/19/20 of 20
t=9200  N=9209  holderDeg=55  probe(ttl4/6/8/12)=2/12/19/20 of 20
t=15200  N=15209  holderDeg=136  probe(ttl4/6/8/12)=4/14/20/20 of 20
t=7800  N=7809  holderDeg=12  probe(ttl4/6/8/12)=0/4/9/19 of 20
t=9000  N=9009  holderDeg=41  probe(ttl4/6/8/12)=1/12/16/20 of 20
t=9400  N=9409  holderDeg=35  probe(ttl4/6/8/12)=3/13/16/20 of 20
t=9400  N=9409  holderDeg=58  probe(ttl4/6/8/12)=1/13/19/20 of 20
t=9200  N=9209  holderDeg=43  probe(ttl4/6/8/12)=1/6/19/20 of 20
t=24400  N=24409  holderDeg=320  probe(ttl4/6/8/12)=6/18/20/20 of 20
t=8000  N=8009  holderDeg=14  probe(ttl4/6/8/12)=2/8/12/20 of 20
t=9600  N=9609  holderDeg=62  probe(ttl4/6/8/12)=2/15/19/20 of 20
t=15400  N=15409  holderDeg=138  probe(ttl4/6/8/12)=3/14/20/20 of 20
t=8200  N=8209  holderDeg=17  probe(ttl4/6/8/12)=0/6/11/20 of 20
t=9600  N=9609  holderDeg=37  probe(ttl4/6/8/12)=0/8/17/20 of 20
t=9400  N=9409  holderDeg=45  probe(ttl4/6/8/12)=0/10/17/20 of 20
t=9800  N=9809  holderDeg=67  probe(ttl4/6/8/12)=0/11/20/20 of 20
t=8400  N=8409  holderDeg=19  probe(ttl4/6/8/12)=0/6/16/20 of 20
t=9800  N=9809  holderDeg=39  probe(ttl4/6/8/12)=3/4/18/20 of 20
t=9600  N=9609  holderDeg=48  probe(ttl4/6/8/12)=5/11/20/20 of 20
t=10000  N=10009  holderDeg=71  probe(ttl4/6/8/12)=4/12/20/20 of 20
t=8600  N=8609  holderDeg=21  probe(ttl4/6/8/12)=1/3/16/20 of 20
t=10000  N=10009  holderDeg=41  probe(ttl4/6/8/12)=4/7/17/20 of 20
t=10200  N=10209  holderDeg=74  probe(ttl4/6/8/12)=4/12/20/20 of 20
t=9800  N=9809  holderDeg=50  probe(ttl4/6/8/12)=1/11/19/20 of 20
t=15600  N=15609  holderDeg=140  probe(ttl4/6/8/12)=3/15/20/20 of 20
t=8800  N=8809  holderDeg=23  probe(ttl4/6/8/12)=1/6/18/20 of 20
t=24600  N=24609  holderDeg=322  probe(ttl4/6/8/12)=7/15/20/20 of 20
t=10400  N=10409  holderDeg=78  probe(ttl4/6/8/12)=1/12/20/20 of 20
t=10200  N=10209  holderDeg=43  probe(ttl4/6/8/12)=1/9/20/20 of 20
t=10000  N=10009  holderDeg=54  probe(ttl4/6/8/12)=1/6/19/20 of 20
t=9000  N=9009  holderDeg=25  probe(ttl4/6/8/12)=2/6/17/20 of 20
t=10600  N=10609  holderDeg=81  probe(ttl4/6/8/12)=1/8/20/20 of 20
t=15800  N=15809  holderDeg=143  probe(ttl4/6/8/12)=1/16/20/20 of 20
t=10400  N=10409  holderDeg=46  probe(ttl4/6/8/12)=1/7/19/20 of 20
t=10200  N=10209  holderDeg=58  probe(ttl4/6/8/12)=1/10/19/20 of 20
t=9200  N=9209  holderDeg=27  probe(ttl4/6/8/12)=0/10/16/20 of 20
t=10800  N=10809  holderDeg=84  probe(ttl4/6/8/12)=2/14/20/20 of 20
t=10400  N=10409  holderDeg=60  probe(ttl4/6/8/12)=4/11/20/20 of 20
t=10600  N=10609  holderDeg=48  probe(ttl4/6/8/12)=2/7/18/20 of 20
t=9400  N=9409  holderDeg=29  probe(ttl4/6/8/12)=1/7/14/20 of 20
t=11000  N=11009  holderDeg=86  probe(ttl4/6/8/12)=2/12/20/20 of 20
t=24800  N=24809  holderDeg=324  probe(ttl4/6/8/12)=2/16/20/20 of 20
t=10600  N=10609  holderDeg=63  probe(ttl4/6/8/12)=2/11/20/20 of 20
t=9600  N=9609  holderDeg=31  probe(ttl4/6/8/12)=2/8/19/20 of 20
t=16000  N=16009  holderDeg=145  probe(ttl4/6/8/12)=4/11/20/20 of 20
t=11200  N=11209  holderDeg=88  probe(ttl4/6/8/12)=0/13/20/20 of 20
t=10800  N=10809  holderDeg=50  probe(ttl4/6/8/12)=3/8/20/20 of 20
t=9800  N=9809  holderDeg=33  probe(ttl4/6/8/12)=1/4/17/20 of 20
t=10800  N=10809  holderDeg=68  probe(ttl4/6/8/12)=0/13/20/20 of 20
t=11400  N=11409  holderDeg=91  probe(ttl4/6/8/12)=1/13/20/20 of 20
t=10000  N=10009  holderDeg=35  probe(ttl4/6/8/12)=4/8/15/20 of 20
t=16200  N=16209  holderDeg=147  probe(ttl4/6/8/12)=4/13/20/20 of 20
t=11000  N=11009  holderDeg=52  probe(ttl4/6/8/12)=1/9/20/20 of 20
t=11000  N=11009  holderDeg=70  probe(ttl4/6/8/12)=2/12/20/20 of 20
t=11600  N=11609  holderDeg=96  probe(ttl4/6/8/12)=2/13/20/20 of 20
t=10200  N=10209  holderDeg=37  probe(ttl4/6/8/12)=0/5/17/19 of 20
t=11200  N=11209  holderDeg=72  probe(ttl4/6/8/12)=1/14/20/20 of 20
t=11200  N=11209  holderDeg=55  probe(ttl4/6/8/12)=2/11/20/20 of 20
t=25000  N=25009  holderDeg=328  probe(ttl4/6/8/12)=5/17/20/20 of 20
t=10400  N=10409  holderDeg=39  probe(ttl4/6/8/12)=1/8/19/20 of 20
t=16400  N=16409  holderDeg=153  probe(ttl4/6/8/12)=5/9/20/20 of 20
t=11800  N=11809  holderDeg=99  probe(ttl4/6/8/12)=2/16/20/20 of 20
t=11400  N=11409  holderDeg=57  probe(ttl4/6/8/12)=3/7/20/20 of 20
t=11400  N=11409  holderDeg=75  probe(ttl4/6/8/12)=4/10/20/20 of 20
t=10600  N=10609  holderDeg=41  probe(ttl4/6/8/12)=0/7/16/20 of 20
t=12000  N=12009  holderDeg=101  probe(ttl4/6/8/12)=4/16/20/20 of 20
t=11600  N=11609  holderDeg=60  probe(ttl4/6/8/12)=1/10/20/20 of 20
t=11600  N=11609  holderDeg=78  probe(ttl4/6/8/12)=2/9/19/20 of 20
t=10800  N=10809  holderDeg=43  probe(ttl4/6/8/12)=2/8/19/20 of 20
t=12200  N=12209  holderDeg=105  probe(ttl4/6/8/12)=5/12/20/20 of 20
t=16600  N=16609  holderDeg=155  probe(ttl4/6/8/12)=4/14/20/20 of 20
t=11800  N=11809  holderDeg=62  probe(ttl4/6/8/12)=5/10/20/20 of 20
t=25200  N=25209  holderDeg=332  probe(ttl4/6/8/12)=4/18/20/20 of 20
t=12400  N=12409  holderDeg=107  probe(ttl4/6/8/12)=3/13/20/20 of 20
t=11800  N=11809  holderDeg=80  probe(ttl4/6/8/12)=2/8/20/20 of 20
t=11000  N=11009  holderDeg=45  probe(ttl4/6/8/12)=2/9/18/20 of 20
t=12000  N=12009  holderDeg=64  probe(ttl4/6/8/12)=2/14/20/20 of 20
t=12000  N=12009  holderDeg=83  probe(ttl4/6/8/12)=1/13/20/20 of 20
t=12600  N=12609  holderDeg=109  probe(ttl4/6/8/12)=1/13/20/20 of 20
t=11200  N=11209  holderDeg=47  probe(ttl4/6/8/12)=2/9/19/20 of 20
t=16800  N=16809  holderDeg=161  probe(ttl4/6/8/12)=4/12/20/20 of 20
t=12200  N=12209  holderDeg=67  probe(ttl4/6/8/12)=2/8/20/20 of 20
t=12200  N=12209  holderDeg=86  probe(ttl4/6/8/12)=7/12/20/20 of 20
t=12800  N=12809  holderDeg=111  probe(ttl4/6/8/12)=4/17/20/20 of 20
t=11400  N=11409  holderDeg=49  probe(ttl4/6/8/12)=1/9/19/20 of 20
t=25400  N=25409  holderDeg=335  probe(ttl4/6/8/12)=6/18/20/20 of 20
t=12400  N=12409  holderDeg=89  probe(ttl4/6/8/12)=3/10/20/20 of 20
t=13000  N=13009  holderDeg=114  probe(ttl4/6/8/12)=2/13/20/20 of 20
t=11600  N=11609  holderDeg=51  probe(ttl4/6/8/12)=1/8/19/20 of 20
t=17000  N=17009  holderDeg=163  probe(ttl4/6/8/12)=9/19/20/20 of 20
t=12400  N=12409  holderDeg=69  probe(ttl4/6/8/12)=2/8/20/20 of 20
t=12600  N=12609  holderDeg=91  probe(ttl4/6/8/12)=3/12/20/20 of 20
t=13200  N=13209  holderDeg=119  probe(ttl4/6/8/12)=2/14/20/20 of 20
t=12600  N=12609  holderDeg=71  probe(ttl4/6/8/12)=1/14/20/20 of 20
t=11800  N=11809  holderDeg=54  probe(ttl4/6/8/12)=2/12/19/20 of 20
t=12800  N=12809  holderDeg=93  probe(ttl4/6/8/12)=4/9/20/20 of 20
t=17200  N=17209  holderDeg=167  probe(ttl4/6/8/12)=4/16/20/20 of 20
t=13400  N=13409  holderDeg=121  probe(ttl4/6/8/12)=4/12/20/20 of 20
t=12800  N=12809  holderDeg=73  probe(ttl4/6/8/12)=2/9/20/20 of 20
t=13000  N=13009  holderDeg=95  probe(ttl4/6/8/12)=4/14/20/20 of 20
t=25600  N=25609  holderDeg=337  probe(ttl4/6/8/12)=4/17/20/20 of 20
t=13600  N=13609  holderDeg=124  probe(ttl4/6/8/12)=2/12/20/20 of 20
t=12000  N=12009  holderDeg=56  probe(ttl4/6/8/12)=0/8/18/20 of 20
t=17400  N=17409  holderDeg=170  probe(ttl4/6/8/12)=3/16/20/20 of 20
t=13000  N=13009  holderDeg=75  probe(ttl4/6/8/12)=0/14/18/20 of 20
t=13200  N=13209  holderDeg=99  probe(ttl4/6/8/12)=6/10/20/20 of 20
t=12200  N=12209  holderDeg=58  probe(ttl4/6/8/12)=3/6/20/20 of 20
t=13800  N=13809  holderDeg=127  probe(ttl4/6/8/12)=5/10/20/20 of 20
t=13200  N=13209  holderDeg=78  probe(ttl4/6/8/12)=2/9/20/20 of 20
t=17600  N=17609  holderDeg=172  probe(ttl4/6/8/12)=1/16/20/20 of 20
t=13400  N=13409  holderDeg=102  probe(ttl4/6/8/12)=4/12/20/20 of 20
t=12400  N=12409  holderDeg=60  probe(ttl4/6/8/12)=4/8/20/20 of 20
t=25800  N=25809  holderDeg=340  probe(ttl4/6/8/12)=3/19/20/20 of 20
t=13400  N=13409  holderDeg=80  probe(ttl4/6/8/12)=5/14/20/20 of 20
t=14000  N=14009  holderDeg=129  probe(ttl4/6/8/12)=2/14/20/20 of 20
t=12600  N=12609  holderDeg=62  probe(ttl4/6/8/12)=0/8/19/20 of 20
t=13600  N=13609  holderDeg=105  probe(ttl4/6/8/12)=1/13/20/20 of 20
t=13600  N=13609  holderDeg=82  probe(ttl4/6/8/12)=1/16/19/20 of 20
t=17800  N=17809  holderDeg=175  probe(ttl4/6/8/12)=2/12/20/20 of 20
t=12800  N=12809  holderDeg=64  probe(ttl4/6/8/12)=1/12/19/20 of 20
t=13800  N=13809  holderDeg=108  probe(ttl4/6/8/12)=1/14/20/20 of 20
t=14200  N=14209  holderDeg=138  probe(ttl4/6/8/12)=3/16/20/20 of 20

 Growing has been completed
*********************************************************************


================ fixed015c  seed=5  (Pp=100 Pd=0 Pt=25000 rewire=True k=5 c=2 eps=0,02 qmax=0,2 N=10000 theta=6 crash=0 shape=0 multi=1 randrw=0 oracle=False fixedthr=0,15 rules=1 cooper=False dmax=160 mu=1 noscale=False) ================
t=200  N=209  holderDeg=-1  probe(ttl4/6/8/12)=0/0/0/0 of 20
t=400  N=409  holderDeg=-1  probe(ttl4/6/8/12)=0/0/0/0 of 20
t=600  N=609  holderDeg=-1  probe(ttl4/6/8/12)=0/0/0/0 of 20
t=13000  N=13009  holderDeg=66  probe(ttl4/6/8/12)=0/8/18/20 of 20
t=13800  N=13809  holderDeg=84  probe(ttl4/6/8/12)=0/11/19/20 of 20
t=800  N=809  holderDeg=-1  probe(ttl4/6/8/12)=0/0/0/0 of 20
t=26000  N=26009  holderDeg=342  probe(ttl4/6/8/12)=5/20/20/20 of 20
t=1000  N=1009  holderDeg=-1  probe(ttl4/6/8/12)=0/0/0/0 of 20
t=1200  N=1209  holderDeg=-1  probe(ttl4/6/8/12)=0/0/0/0 of 20
t=1400  N=1409  holderDeg=-1  probe(ttl4/6/8/12)=0/0/0/0 of 20
t=1600  N=1609  holderDeg=-1  probe(ttl4/6/8/12)=0/0/0/0 of 20
t=1800  N=1809  holderDeg=-1  probe(ttl4/6/8/12)=0/0/0/0 of 20
t=14000  N=14009  holderDeg=110  probe(ttl4/6/8/12)=1/11/20/20 of 20
t=2000  N=2009  holderDeg=-1  probe(ttl4/6/8/12)=0/0/0/0 of 20
t=2200  N=2209  holderDeg=-1  probe(ttl4/6/8/12)=0/0/0/0 of 20
t=2400  N=2409  holderDeg=-1  probe(ttl4/6/8/12)=0/0/0/0 of 20
t=18000  N=18009  holderDeg=178  probe(ttl4/6/8/12)=1/15/20/20 of 20
t=14000  N=14009  holderDeg=86  probe(ttl4/6/8/12)=0/12/20/20 of 20
t=2600  N=2609  holderDeg=-1  probe(ttl4/6/8/12)=0/0/0/0 of 20
t=2800  N=2809  holderDeg=-1  probe(ttl4/6/8/12)=0/0/0/0 of 20
t=3000  N=3009  holderDeg=3  probe(ttl4/6/8/12)=0/3/10/14 of 20
t=13200  N=13209  holderDeg=69  probe(ttl4/6/8/12)=0/8/19/20 of 20
t=14200  N=14209  holderDeg=112  probe(ttl4/6/8/12)=3/10/20/20 of 20
t=3200  N=3209  holderDeg=3  probe(ttl4/6/8/12)=0/1/9/15 of 20

 Growing has been completed
*********************************************************************


================ randomrw4  seed=5  (Pp=100 Pd=0 Pt=0 rewire=False k=5 c=2 eps=0,02 qmax=0,2 N=10000 theta=6 crash=0 shape=0 multi=1 randrw=4 oracle=False fixedthr=0 rules=7 cooper=False dmax=160 mu=1 noscale=False) ================
t=3400  N=3409  holderDeg=3  probe(ttl4/6/8/12)=0/1/7/12 of 20
t=200  N=209  holderDeg=-1  probe(ttl4/6/8/12)=0/0/0/0 of 20
t=400  N=409  holderDeg=-1  probe(ttl4/6/8/12)=0/0/0/0 of 20

 Growing has been completed
*********************************************************************

t=600  N=609  holderDeg=-1  probe(ttl4/6/8/12)=0/0/0/0 of 20

================ nullwl  seed=5  (Pp=100 Pd=0 Pt=25000 rewire=True k=5 c=2 eps=0,02 qmax=0 N=10000 theta=6 crash=0 shape=0 multi=1 randrw=0 oracle=False fixedthr=0 rules=7 cooper=False dmax=160 mu=1 noscale=False) ================
t=3600  N=3609  holderDeg=3  probe(ttl4/6/8/12)=0/1/14/17 of 20
t=200  N=209  holderDeg=-1  probe(ttl4/6/8/12)=0/0/0/0 of 20
t=800  N=809  holderDeg=-1  probe(ttl4/6/8/12)=0/0/0/0 of 20
t=400  N=409  holderDeg=-1  probe(ttl4/6/8/12)=0/0/0/0 of 20
t=1000  N=1009  holderDeg=-1  probe(ttl4/6/8/12)=0/0/0/0 of 20
t=600  N=609  holderDeg=-1  probe(ttl4/6/8/12)=0/0/0/0 of 20
t=1200  N=1209  holderDeg=-1  probe(ttl4/6/8/12)=0/0/0/0 of 20
t=800  N=809  holderDeg=-1  probe(ttl4/6/8/12)=0/0/0/0 of 20
t=3800  N=3809  holderDeg=3  probe(ttl4/6/8/12)=0/3/8/14 of 20
t=1400  N=1409  holderDeg=-1  probe(ttl4/6/8/12)=0/0/0/0 of 20
t=1600  N=1609  holderDeg=-1  probe(ttl4/6/8/12)=0/0/0/0 of 20
t=1000  N=1009  holderDeg=-1  probe(ttl4/6/8/12)=0/0/0/0 of 20
t=1200  N=1209  holderDeg=-1  probe(ttl4/6/8/12)=0/0/0/0 of 20
t=1800  N=1809  holderDeg=-1  probe(ttl4/6/8/12)=0/0/0/0 of 20
t=4000  N=4009  holderDeg=3  probe(ttl4/6/8/12)=0/0/9/11 of 20
t=13400  N=13409  holderDeg=72  probe(ttl4/6/8/12)=0/11/19/20 of 20
t=1400  N=1409  holderDeg=-1  probe(ttl4/6/8/12)=0/0/0/0 of 20
t=2000  N=2009  holderDeg=-1  probe(ttl4/6/8/12)=0/0/0/0 of 20
t=1600  N=1609  holderDeg=-1  probe(ttl4/6/8/12)=0/0/0/0 of 20
t=2200  N=2209  holderDeg=-1  probe(ttl4/6/8/12)=0/0/0/0 of 20
t=1800  N=1809  holderDeg=-1  probe(ttl4/6/8/12)=0/0/0/0 of 20
t=4200  N=4209  holderDeg=3  probe(ttl4/6/8/12)=1/1/10/15 of 20
t=18200  N=18209  holderDeg=182  probe(ttl4/6/8/12)=3/14/20/20 of 20
t=2000  N=2009  holderDeg=-1  probe(ttl4/6/8/12)=0/0/0/0 of 20
t=2400  N=2409  holderDeg=-1  probe(ttl4/6/8/12)=0/0/0/0 of 20
t=2200  N=2209  holderDeg=-1  probe(ttl4/6/8/12)=0/0/0/0 of 20
t=4400  N=4409  holderDeg=3  probe(ttl4/6/8/12)=0/1/6/14 of 20
t=26200  N=26209  holderDeg=345  probe(ttl4/6/8/12)=0/16/20/20 of 20
t=2600  N=2609  holderDeg=-1  probe(ttl4/6/8/12)=0/0/0/0 of 20
t=2400  N=2409  holderDeg=-1  probe(ttl4/6/8/12)=0/0/0/0 of 20
t=4600  N=4609  holderDeg=3  probe(ttl4/6/8/12)=0/3/6/16 of 20
t=2600  N=2609  holderDeg=-1  probe(ttl4/6/8/12)=0/0/0/0 of 20
t=2800  N=2809  holderDeg=-1  probe(ttl4/6/8/12)=0/0/0/0 of 20
t=2800  N=2809  holderDeg=-1  probe(ttl4/6/8/12)=0/0/0/0 of 20
t=3000  N=3009  holderDeg=3  probe(ttl4/6/8/12)=0/5/9/16 of 20
t=4800  N=4809  holderDeg=3  probe(ttl4/6/8/12)=0/0/6/17 of 20
t=3200  N=3209  holderDeg=3  probe(ttl4/6/8/12)=0/0/8/13 of 20
t=3000  N=3009  holderDeg=3  probe(ttl4/6/8/12)=0/3/3/8 of 20
t=5000  N=5009  holderDeg=3  probe(ttl4/6/8/12)=1/3/3/14 of 20
t=3400  N=3409  holderDeg=3  probe(ttl4/6/8/12)=0/2/7/15 of 20
t=3200  N=3209  holderDeg=3  probe(ttl4/6/8/12)=1/1/5/13 of 20
t=3600  N=3609  holderDeg=3  probe(ttl4/6/8/12)=0/2/7/12 of 20
t=5200  N=5209  holderDeg=3  probe(ttl4/6/8/12)=2/0/7/13 of 20
t=3400  N=3409  holderDeg=3  probe(ttl4/6/8/12)=0/1/12/16 of 20
t=3800  N=3809  holderDeg=3  probe(ttl4/6/8/12)=1/3/2/9 of 20
t=13600  N=13609  holderDeg=74  probe(ttl4/6/8/12)=1/9/20/20 of 20
t=3600  N=3609  holderDeg=3  probe(ttl4/6/8/12)=0/0/6/13 of 20
t=5400  N=5409  holderDeg=3  probe(ttl4/6/8/12)=0/2/4/13 of 20
t=3800  N=3809  holderDeg=3  probe(ttl4/6/8/12)=0/2/8/11 of 20
t=4000  N=4009  holderDeg=3  probe(ttl4/6/8/12)=0/2/7/7 of 20
t=4000  N=4009  holderDeg=3  probe(ttl4/6/8/12)=0/0/7/7 of 20
t=4200  N=4209  holderDeg=3  probe(ttl4/6/8/12)=1/2/5/12 of 20
t=5600  N=5609  holderDeg=3  probe(ttl4/6/8/12)=0/1/6/13 of 20
t=4200  N=4209  holderDeg=3  probe(ttl4/6/8/12)=0/0/7/8 of 20
t=4400  N=4409  holderDeg=3  probe(ttl4/6/8/12)=0/0/6/10 of 20
t=13800  N=13809  holderDeg=76  probe(ttl4/6/8/12)=0/13/20/20 of 20
t=5800  N=5809  holderDeg=3  probe(ttl4/6/8/12)=0/1/6/15 of 20
t=4400  N=4409  holderDeg=3  probe(ttl4/6/8/12)=0/2/6/6 of 20
t=18400  N=18409  holderDeg=185  probe(ttl4/6/8/12)=5/15/20/20 of 20
t=4600  N=4609  holderDeg=3  probe(ttl4/6/8/12)=0/0/8/6 of 20
t=26400  N=26409  holderDeg=348  probe(ttl4/6/8/12)=1/18/20/20 of 20
t=6000  N=6009  holderDeg=3  probe(ttl4/6/8/12)=0/2/8/11 of 20
t=4600  N=4609  holderDeg=3  probe(ttl4/6/8/12)=0/0/6/12 of 20
t=4800  N=4809  holderDeg=3  probe(ttl4/6/8/12)=0/4/7/14 of 20
t=4800  N=4809  holderDeg=3  probe(ttl4/6/8/12)=0/1/8/13 of 20
t=6200  N=6209  holderDeg=3  probe(ttl4/6/8/12)=0/2/10/10 of 20
t=5000  N=5009  holderDeg=3  probe(ttl4/6/8/12)=1/1/4/13 of 20
t=5000  N=5009  holderDeg=3  probe(ttl4/6/8/12)=0/2/6/14 of 20
t=6400  N=6409  holderDeg=3  probe(ttl4/6/8/12)=0/0/3/14 of 20
t=5200  N=5209  holderDeg=3  probe(ttl4/6/8/12)=0/1/6/11 of 20
t=5200  N=5209  holderDeg=3  probe(ttl4/6/8/12)=0/2/5/13 of 20
t=5400  N=5409  holderDeg=3  probe(ttl4/6/8/12)=0/2/3/9 of 20
t=5400  N=5409  holderDeg=3  probe(ttl4/6/8/12)=0/2/8/12 of 20
t=5600  N=5609  holderDeg=3  probe(ttl4/6/8/12)=0/0/7/16 of 20
t=14000  N=14009  holderDeg=82  probe(ttl4/6/8/12)=1/9/18/20 of 20
t=5600  N=5609  holderDeg=3  probe(ttl4/6/8/12)=0/1/10/13 of 20
t=6600  N=6609  holderDeg=3  probe(ttl4/6/8/12)=0/1/4/12 of 20
t=5800  N=5809  holderDeg=3  probe(ttl4/6/8/12)=2/1/3/11 of 20
t=18600  N=18609  holderDeg=187  probe(ttl4/6/8/12)=2/11/20/20 of 20
t=6800  N=6809  holderDeg=3  probe(ttl4/6/8/12)=0/1/6/16 of 20
t=5800  N=5809  holderDeg=3  probe(ttl4/6/8/12)=1/1/5/11 of 20
t=6000  N=6009  holderDeg=3  probe(ttl4/6/8/12)=0/0/5/13 of 20
t=14200  N=14209  holderDeg=85  probe(ttl4/6/8/12)=1/11/20/20 of 20
t=7000  N=7009  holderDeg=3  probe(ttl4/6/8/12)=1/4/9/11 of 20

 Growing has been completed
*********************************************************************

t=6000  N=6009  holderDeg=3  probe(ttl4/6/8/12)=1/1/6/13 of 20

================ trendfx-n20000  seed=5  (Pp=100 Pd=0 Pt=25000 rewire=True k=5 c=2 eps=0,02 qmax=0,2 N=20000 theta=6 crash=0 shape=0 multi=1 randrw=0 oracle=False fixedthr=0 rules=7 cooper=False dmax=160 mu=1 noscale=True) ================
t=200  N=209  holderDeg=-1  probe(ttl4/6/8/12)=0/0/0/0 of 20
t=6200  N=6209  holderDeg=3  probe(ttl4/6/8/12)=1/1/9/13 of 20
t=400  N=409  holderDeg=-1  probe(ttl4/6/8/12)=0/0/0/0 of 20
t=600  N=609  holderDeg=-1  probe(ttl4/6/8/12)=0/0/0/0 of 20
t=800  N=809  holderDeg=-1  probe(ttl4/6/8/12)=0/0/0/0 of 20
t=6200  N=6209  holderDeg=3  probe(ttl4/6/8/12)=0/0/8/12 of 20
t=7200  N=7209  holderDeg=3  probe(ttl4/6/8/12)=0/0/7/15 of 20
t=6400  N=6409  holderDeg=3  probe(ttl4/6/8/12)=0/2/5/10 of 20
t=1000  N=1009  holderDeg=-1  probe(ttl4/6/8/12)=0/0/0/0 of 20
t=1200  N=1209  holderDeg=-1  probe(ttl4/6/8/12)=0/0/0/0 of 20
t=1400  N=1409  holderDeg=-1  probe(ttl4/6/8/12)=0/0/0/0 of 20
t=6400  N=6409  holderDeg=3  probe(ttl4/6/8/12)=0/1/4/10 of 20
t=1600  N=1609  holderDeg=-1  probe(ttl4/6/8/12)=0/0/0/0 of 20
t=26600  N=26609  holderDeg=350  probe(ttl4/6/8/12)=5/16/20/20 of 20
t=18800  N=18809  holderDeg=190  probe(ttl4/6/8/12)=6/15/20/20 of 20
t=1800  N=1809  holderDeg=-1  probe(ttl4/6/8/12)=0/0/0/0 of 20
t=7400  N=7409  holderDeg=3  probe(ttl4/6/8/12)=0/1/6/9 of 20
t=2000  N=2009  holderDeg=-1  probe(ttl4/6/8/12)=0/0/0/0 of 20
t=2200  N=2209  holderDeg=-1  probe(ttl4/6/8/12)=0/0/0/0 of 20
t=2400  N=2409  holderDeg=-1  probe(ttl4/6/8/12)=0/0/0/0 of 20
t=6600  N=6609  holderDeg=3  probe(ttl4/6/8/12)=0/0/3/10 of 20
t=6600  N=6609  holderDeg=3  probe(ttl4/6/8/12)=1/2/4/14 of 20
t=2600  N=2609  holderDeg=-1  probe(ttl4/6/8/12)=0/0/0/0 of 20
t=7600  N=7609  holderDeg=3  probe(ttl4/6/8/12)=0/1/4/7 of 20
t=2800  N=2809  holderDeg=-1  probe(ttl4/6/8/12)=0/0/0/0 of 20
t=6800  N=6809  holderDeg=3  probe(ttl4/6/8/12)=0/1/6/15 of 20
t=6800  N=6809  holderDeg=3  probe(ttl4/6/8/12)=1/0/4/16 of 20
t=7800  N=7809  holderDeg=3  probe(ttl4/6/8/12)=0/1/3/9 of 20
t=3000  N=3009  holderDeg=3  probe(ttl4/6/8/12)=1/3/6/9 of 20
t=3200  N=3209  holderDeg=3  probe(ttl4/6/8/12)=1/0/2/9 of 20
t=7000  N=7009  holderDeg=3  probe(ttl4/6/8/12)=0/0/3/14 of 20
t=7000  N=7009  holderDeg=3  probe(ttl4/6/8/12)=0/3/4/12 of 20
t=3400  N=3409  holderDeg=3  probe(ttl4/6/8/12)=0/1/5/11 of 20
t=3600  N=3609  holderDeg=3  probe(ttl4/6/8/12)=1/1/8/8 of 20
t=7200  N=7209  holderDeg=3  probe(ttl4/6/8/12)=0/2/4/11 of 20
t=7200  N=7209  holderDeg=3  probe(ttl4/6/8/12)=0/0/2/11 of 20
t=8000  N=8009  holderDeg=3  probe(ttl4/6/8/12)=0/3/2/8 of 20
t=3800  N=3809  holderDeg=3  probe(ttl4/6/8/12)=1/2/4/12 of 20
t=4000  N=4009  holderDeg=3  probe(ttl4/6/8/12)=0/3/5/13 of 20
t=7400  N=7409  holderDeg=3  probe(ttl4/6/8/12)=0/0/4/10 of 20
t=7400  N=7409  holderDeg=3  probe(ttl4/6/8/12)=0/1/6/8 of 20
t=4200  N=4209  holderDeg=3  probe(ttl4/6/8/12)=0/2/5/7 of 20
t=8200  N=8209  holderDeg=3  probe(ttl4/6/8/12)=0/0/3/12 of 20
t=19000  N=19009  holderDeg=193  probe(ttl4/6/8/12)=7/10/20/20 of 20
t=4400  N=4409  holderDeg=3  probe(ttl4/6/8/12)=0/0/8/4 of 20
t=7600  N=7609  holderDeg=3  probe(ttl4/6/8/12)=0/1/5/13 of 20
t=7600  N=7609  holderDeg=3  probe(ttl4/6/8/12)=0/0/5/5 of 20
t=26800  N=26809  holderDeg=353  probe(ttl4/6/8/12)=2/17/20/20 of 20
t=4600  N=4609  holderDeg=3  probe(ttl4/6/8/12)=0/2/3/10 of 20
t=8400  N=8409  holderDeg=3  probe(ttl4/6/8/12)=0/4/4/8 of 20
t=7800  N=7809  holderDeg=3  probe(ttl4/6/8/12)=0/2/4/13 of 20
t=7800  N=7809  holderDeg=3  probe(ttl4/6/8/12)=0/1/3/9 of 20
t=4800  N=4809  holderDeg=3  probe(ttl4/6/8/12)=0/1/5/11 of 20
t=5000  N=5009  holderDeg=3  probe(ttl4/6/8/12)=1/0/0/2 of 20
t=8000  N=8009  holderDeg=3  probe(ttl4/6/8/12)=0/1/3/13 of 20
t=8600  N=8609  holderDeg=3  probe(ttl4/6/8/12)=0/1/4/12 of 20
t=8000  N=8009  holderDeg=3  probe(ttl4/6/8/12)=0/2/4/8 of 20
t=5200  N=5209  holderDeg=3  probe(ttl4/6/8/12)=1/2/4/5 of 20
t=8200  N=8209  holderDeg=3  probe(ttl4/6/8/12)=0/2/3/15 of 20
t=5400  N=5409  holderDeg=3  probe(ttl4/6/8/12)=1/0/0/4 of 20
t=8200  N=8209  holderDeg=3  probe(ttl4/6/8/12)=0/1/4/13 of 20
t=8800  N=8809  holderDeg=3  probe(ttl4/6/8/12)=0/0/7/11 of 20
t=5600  N=5609  holderDeg=3  probe(ttl4/6/8/12)=0/2/4/5 of 20
t=8400  N=8409  holderDeg=3  probe(ttl4/6/8/12)=0/1/3/11 of 20
t=8400  N=8409  holderDeg=3  probe(ttl4/6/8/12)=0/1/8/9 of 20
t=5800  N=5809  holderDeg=3  probe(ttl4/6/8/12)=0/0/2/4 of 20
t=9000  N=9009  holderDeg=3  probe(ttl4/6/8/12)=0/1/4/7 of 20
t=8600  N=8609  holderDeg=3  probe(ttl4/6/8/12)=0/0/4/12 of 20
t=8600  N=8609  holderDeg=3  probe(ttl4/6/8/12)=0/0/2/8 of 20
t=6000  N=6009  holderDeg=3  probe(ttl4/6/8/12)=1/1/1/2 of 20
t=9200  N=9209  holderDeg=3  probe(ttl4/6/8/12)=0/0/5/6 of 20
t=8800  N=8809  holderDeg=3  probe(ttl4/6/8/12)=0/0/5/13 of 20
t=27000  N=27009  holderDeg=359  probe(ttl4/6/8/12)=2/17/20/20 of 20
t=19200  N=19209  holderDeg=195  probe(ttl4/6/8/12)=3/12/20/20 of 20
t=6200  N=6209  holderDeg=3  probe(ttl4/6/8/12)=0/2/3/6 of 20
t=8800  N=8809  holderDeg=3  probe(ttl4/6/8/12)=0/2/4/4 of 20
t=6400  N=6409  holderDeg=5  probe(ttl4/6/8/12)=0/0/4/14 of 20
t=9400  N=9409  holderDeg=3  probe(ttl4/6/8/12)=0/0/3/9 of 20
t=9000  N=9009  holderDeg=3  probe(ttl4/6/8/12)=0/2/5/10 of 20
t=6600  N=6609  holderDeg=7  probe(ttl4/6/8/12)=0/4/6/19 of 20
t=9600  N=9609  holderDeg=3  probe(ttl4/6/8/12)=0/2/2/9 of 20
t=9000  N=9009  holderDeg=3  probe(ttl4/6/8/12)=1/1/3/7 of 20
t=6800  N=6809  holderDeg=9  probe(ttl4/6/8/12)=0/2/11/20 of 20
t=9200  N=9209  holderDeg=3  probe(ttl4/6/8/12)=0/3/3/14 of 20
t=19400  N=19409  holderDeg=200  probe(ttl4/6/8/12)=2/15/20/20 of 20
t=9800  N=9809  holderDeg=3  probe(ttl4/6/8/12)=0/0/2/5 of 20
t=7000  N=7009  holderDeg=11  probe(ttl4/6/8/12)=0/2/6/17 of 20
t=9200  N=9209  holderDeg=3  probe(ttl4/6/8/12)=1/0/2/12 of 20
t=9400  N=9409  holderDeg=3  probe(ttl4/6/8/12)=0/1/5/8 of 20
t=7200  N=7209  holderDeg=13  probe(ttl4/6/8/12)=1/4/15/18 of 20
t=27200  N=27209  holderDeg=362  probe(ttl4/6/8/12)=4/15/20/20 of 20
t=10000  N=10009  holderDeg=3  probe(ttl4/6/8/12)=0/1/6/8 of 20
t=9400  N=9409  holderDeg=3  probe(ttl4/6/8/12)=0/1/4/13 of 20
t=7400  N=7409  holderDeg=15  probe(ttl4/6/8/12)=1/2/14/20 of 20
t=9600  N=9609  holderDeg=3  probe(ttl4/6/8/12)=0/2/3/8 of 20
t=10200  N=10209  holderDeg=3  probe(ttl4/6/8/12)=0/0/3/9 of 20
t=7600  N=7609  holderDeg=17  probe(ttl4/6/8/12)=1/4/17/19 of 20
t=9800  N=9809  holderDeg=3  probe(ttl4/6/8/12)=0/1/1/11 of 20
t=19600  N=19609  holderDeg=204  probe(ttl4/6/8/12)=2/14/20/20 of 20
t=7800  N=7809  holderDeg=19  probe(ttl4/6/8/12)=0/6/15/18 of 20
t=9600  N=9609  holderDeg=3  probe(ttl4/6/8/12)=0/1/6/8 of 20
t=10000  N=10009  holderDeg=3  probe(ttl4/6/8/12)=0/1/6/10 of 20
t=8000  N=8009  holderDeg=21  probe(ttl4/6/8/12)=1/8/18/19 of 20
t=9800  N=9809  holderDeg=3  probe(ttl4/6/8/12)=0/0/5/13 of 20
t=10400  N=10409  holderDeg=3  probe(ttl4/6/8/12)=0/2/1/10 of 20
t=10200  N=10209  holderDeg=3  probe(ttl4/6/8/12)=0/0/3/11 of 20
t=8200  N=8209  holderDeg=23  probe(ttl4/6/8/12)=0/8/17/19 of 20
t=10000  N=10009  holderDeg=3  probe(ttl4/6/8/12)=0/1/2/8 of 20
t=8400  N=8409  holderDeg=25  probe(ttl4/6/8/12)=1/5/16/20 of 20
t=10600  N=10609  holderDeg=3  probe(ttl4/6/8/12)=0/0/1/9 of 20
t=27400  N=27409  holderDeg=364  probe(ttl4/6/8/12)=3/15/20/20 of 20
t=10400  N=10409  holderDeg=3  probe(ttl4/6/8/12)=0/0/4/8 of 20
t=8600  N=8609  holderDeg=27  probe(ttl4/6/8/12)=1/5/18/20 of 20
t=10200  N=10209  holderDeg=3  probe(ttl4/6/8/12)=0/0/2/11 of 20
t=19800  N=19809  holderDeg=207  probe(ttl4/6/8/12)=2/16/20/20 of 20
t=10800  N=10809  holderDeg=3  probe(ttl4/6/8/12)=1/0/5/5 of 20
t=8800  N=8809  holderDeg=29  probe(ttl4/6/8/12)=2/6/16/20 of 20
t=10600  N=10609  holderDeg=3  probe(ttl4/6/8/12)=0/2/4/8 of 20
t=11000  N=11009  holderDeg=3  probe(ttl4/6/8/12)=0/1/2/7 of 20
t=9000  N=9009  holderDeg=32  probe(ttl4/6/8/12)=1/8/17/20 of 20
t=10400  N=10409  holderDeg=3  probe(ttl4/6/8/12)=0/0/5/9 of 20
t=10800  N=10809  holderDeg=3  probe(ttl4/6/8/12)=0/0/4/12 of 20
t=9200  N=9209  holderDeg=34  probe(ttl4/6/8/12)=0/9/18/20 of 20
t=11200  N=11209  holderDeg=3  probe(ttl4/6/8/12)=0/0/2/8 of 20
t=10600  N=10609  holderDeg=3  probe(ttl4/6/8/12)=0/1/1/12 of 20
t=20000  N=20009  holderDeg=210  probe(ttl4/6/8/12)=3/18/20/20 of 20
t=11000  N=11009  holderDeg=3  probe(ttl4/6/8/12)=0/0/4/12 of 20
t=27600  N=27609  holderDeg=367  probe(ttl4/6/8/12)=3/18/20/20 of 20
t=11400  N=11409  holderDeg=3  probe(ttl4/6/8/12)=0/1/1/4 of 20
t=9400  N=9409  holderDeg=37  probe(ttl4/6/8/12)=0/8/17/20 of 20
t=10800  N=10809  holderDeg=3  probe(ttl4/6/8/12)=2/1/5/10 of 20
t=11200  N=11209  holderDeg=3  probe(ttl4/6/8/12)=1/3/2/11 of 20
t=9600  N=9609  holderDeg=39  probe(ttl4/6/8/12)=1/11/20/20 of 20
t=11600  N=11609  holderDeg=3  probe(ttl4/6/8/12)=1/1/1/6 of 20
t=11000  N=11009  holderDeg=3  probe(ttl4/6/8/12)=1/1/3/9 of 20
t=11400  N=11409  holderDeg=3  probe(ttl4/6/8/12)=0/2/1/10 of 20
t=20200  N=20209  holderDeg=213  probe(ttl4/6/8/12)=2/16/20/20 of 20
t=9800  N=9809  holderDeg=41  probe(ttl4/6/8/12)=1/10/19/20 of 20
t=11200  N=11209  holderDeg=3  probe(ttl4/6/8/12)=0/1/3/13 of 20
t=11600  N=11609  holderDeg=3  probe(ttl4/6/8/12)=0/1/3/11 of 20
t=11800  N=11809  holderDeg=3  probe(ttl4/6/8/12)=0/1/3/9 of 20
t=10000  N=10009  holderDeg=43  probe(ttl4/6/8/12)=2/6/16/20 of 20
t=11800  N=11809  holderDeg=3  probe(ttl4/6/8/12)=1/0/3/13 of 20
t=27800  N=27809  holderDeg=369  probe(ttl4/6/8/12)=5/18/20/20 of 20
t=12000  N=12009  holderDeg=3  probe(ttl4/6/8/12)=0/2/0/6 of 20
t=11400  N=11409  holderDeg=3  probe(ttl4/6/8/12)=0/1/3/8 of 20
t=20400  N=20409  holderDeg=216  probe(ttl4/6/8/12)=6/17/20/20 of 20
t=10200  N=10209  holderDeg=46  probe(ttl4/6/8/12)=1/4/17/20 of 20
t=12000  N=12009  holderDeg=3  probe(ttl4/6/8/12)=0/1/1/9 of 20
t=11600  N=11609  holderDeg=3  probe(ttl4/6/8/12)=0/0/4/7 of 20
t=12200  N=12209  holderDeg=3  probe(ttl4/6/8/12)=0/0/1/3 of 20
t=10400  N=10409  holderDeg=50  probe(ttl4/6/8/12)=2/11/19/20 of 20
t=11800  N=11809  holderDeg=3  probe(ttl4/6/8/12)=0/0/3/4 of 20
t=12200  N=12209  holderDeg=3  probe(ttl4/6/8/12)=0/0/6/11 of 20
t=12400  N=12409  holderDeg=3  probe(ttl4/6/8/12)=0/1/2/8 of 20
t=20600  N=20609  holderDeg=218  probe(ttl4/6/8/12)=4/16/20/20 of 20
t=10600  N=10609  holderDeg=52  probe(ttl4/6/8/12)=1/12/18/20 of 20
t=12000  N=12009  holderDeg=3  probe(ttl4/6/8/12)=0/2/1/5 of 20
t=12400  N=12409  holderDeg=3  probe(ttl4/6/8/12)=0/2/3/11 of 20
t=12600  N=12609  holderDeg=3  probe(ttl4/6/8/12)=0/1/1/9 of 20
t=10800  N=10809  holderDeg=56  probe(ttl4/6/8/12)=4/9/18/20 of 20
t=12200  N=12209  holderDeg=3  probe(ttl4/6/8/12)=0/1/2/7 of 20
t=28000  N=28009  holderDeg=375  probe(ttl4/6/8/12)=5/20/20/20 of 20
t=11000  N=11009  holderDeg=59  probe(ttl4/6/8/12)=0/8/19/20 of 20
t=12800  N=12809  holderDeg=3  probe(ttl4/6/8/12)=0/0/2/3 of 20
t=12600  N=12609  holderDeg=3  probe(ttl4/6/8/12)=1/0/5/10 of 20
t=12400  N=12409  holderDeg=3  probe(ttl4/6/8/12)=0/1/2/8 of 20
t=11200  N=11209  holderDeg=62  probe(ttl4/6/8/12)=0/12/19/20 of 20
t=12800  N=12809  holderDeg=3  probe(ttl4/6/8/12)=0/1/6/9 of 20
t=13000  N=13009  holderDeg=3  probe(ttl4/6/8/12)=0/1/4/3 of 20
t=12600  N=12609  holderDeg=3  probe(ttl4/6/8/12)=0/0/1/7 of 20
t=11400  N=11409  holderDeg=65  probe(ttl4/6/8/12)=1/13/20/20 of 20
t=12800  N=12809  holderDeg=3  probe(ttl4/6/8/12)=0/0/1/4 of 20
t=13000  N=13009  holderDeg=3  probe(ttl4/6/8/12)=1/2/2/11 of 20
t=20800  N=20809  holderDeg=223  probe(ttl4/6/8/12)=1/17/20/20 of 20
t=11600  N=11609  holderDeg=67  probe(ttl4/6/8/12)=4/12/19/20 of 20
t=13200  N=13209  holderDeg=3  probe(ttl4/6/8/12)=0/1/1/8 of 20
t=28200  N=28209  holderDeg=377  probe(ttl4/6/8/12)=1/17/20/20 of 20
t=11800  N=11809  holderDeg=69  probe(ttl4/6/8/12)=2/12/20/20 of 20
t=13000  N=13009  holderDeg=3  probe(ttl4/6/8/12)=0/0/4/5 of 20
t=13400  N=13409  holderDeg=3  probe(ttl4/6/8/12)=0/0/0/3 of 20
t=13200  N=13209  holderDeg=3  probe(ttl4/6/8/12)=0/1/3/16 of 20
t=12000  N=12009  holderDeg=71  probe(ttl4/6/8/12)=0/12/20/20 of 20
t=13200  N=13209  holderDeg=3  probe(ttl4/6/8/12)=0/1/1/6 of 20
t=21000  N=21009  holderDeg=225  probe(ttl4/6/8/12)=4/14/20/20 of 20
t=13600  N=13609  holderDeg=3  probe(ttl4/6/8/12)=0/0/4/4 of 20
t=13400  N=13409  holderDeg=3  probe(ttl4/6/8/12)=0/1/3/10 of 20
t=13400  N=13409  holderDeg=3  probe(ttl4/6/8/12)=0/3/5/10 of 20
t=12200  N=12209  holderDeg=73  probe(ttl4/6/8/12)=0/6/20/20 of 20
t=13800  N=13809  holderDeg=3  probe(ttl4/6/8/12)=0/0/1/7 of 20
t=13600  N=13609  holderDeg=3  probe(ttl4/6/8/12)=0/0/3/14 of 20
t=13600  N=13609  holderDeg=3  probe(ttl4/6/8/12)=0/0/5/10 of 20
t=21200  N=21209  holderDeg=228  probe(ttl4/6/8/12)=3/15/20/20 of 20
t=12400  N=12409  holderDeg=76  probe(ttl4/6/8/12)=2/8/20/20 of 20
t=14000  N=14009  holderDeg=3  probe(ttl4/6/8/12)=0/0/3/5 of 20
t=28400  N=28409  holderDeg=380  probe(ttl4/6/8/12)=7/19/20/20 of 20

 Growing has been completed
*********************************************************************

t=13800  N=13809  holderDeg=3  probe(ttl4/6/8/12)=0/0/2/8 of 20
t=12600  N=12609  holderDeg=79  probe(ttl4/6/8/12)=1/14/20/20 of 20

================ rulek  seed=6  (Pp=100 Pd=0 Pt=25000 rewire=True k=5 c=2 eps=0,02 qmax=0,2 N=10000 theta=6 crash=0 shape=0 multi=1 randrw=0 oracle=False fixedthr=0 rules=1 cooper=False dmax=160 mu=1 noscale=False) ================
t=200  N=209  holderDeg=-1  probe(ttl4/6/8/12)=0/0/0/0 of 20

 Growing has been completed
*********************************************************************

t=400  N=409  holderDeg=-1  probe(ttl4/6/8/12)=0/0/0/0 of 20
t=600  N=609  holderDeg=-1  probe(ttl4/6/8/12)=0/0/0/0 of 20
t=800  N=809  holderDeg=-1  probe(ttl4/6/8/12)=0/0/0/0 of 20

================ rulec  seed=6  (Pp=100 Pd=0 Pt=25000 rewire=True k=5 c=2 eps=0,02 qmax=0,2 N=10000 theta=6 crash=0 shape=0 multi=1 randrw=0 oracle=False fixedthr=0 rules=2 cooper=False dmax=160 mu=1 noscale=False) ================
t=200  N=209  holderDeg=-1  probe(ttl4/6/8/12)=0/0/0/0 of 20
t=1000  N=1009  holderDeg=-1  probe(ttl4/6/8/12)=0/0/0/0 of 20
t=400  N=409  holderDeg=-1  probe(ttl4/6/8/12)=0/0/0/0 of 20
t=600  N=609  holderDeg=-1  probe(ttl4/6/8/12)=0/0/0/0 of 20
t=1200  N=1209  holderDeg=-1  probe(ttl4/6/8/12)=0/0/0/0 of 20
t=800  N=809  holderDeg=-1  probe(ttl4/6/8/12)=0/0/0/0 of 20
t=1400  N=1409  holderDeg=-1  probe(ttl4/6/8/12)=0/0/0/0 of 20
t=1000  N=1009  holderDeg=-1  probe(ttl4/6/8/12)=0/0/0/0 of 20
t=1200  N=1209  holderDeg=-1  probe(ttl4/6/8/12)=0/0/0/0 of 20
t=1600  N=1609  holderDeg=-1  probe(ttl4/6/8/12)=0/0/0/0 of 20
t=13800  N=13809  holderDeg=3  probe(ttl4/6/8/12)=0/2/3/15 of 20
t=1400  N=1409  holderDeg=-1  probe(ttl4/6/8/12)=0/0/0/0 of 20
t=12800  N=12809  holderDeg=82  probe(ttl4/6/8/12)=4/11/20/20 of 20
t=14000  N=14009  holderDeg=3  probe(ttl4/6/8/12)=0/0/4/6 of 20
t=1800  N=1809  holderDeg=-1  probe(ttl4/6/8/12)=0/0/0/0 of 20
t=1600  N=1609  holderDeg=-1  probe(ttl4/6/8/12)=0/0/0/0 of 20
t=2000  N=2009  holderDeg=-1  probe(ttl4/6/8/12)=0/0/0/0 of 20
t=1800  N=1809  holderDeg=-1  probe(ttl4/6/8/12)=0/0/0/0 of 20
t=21400  N=21409  holderDeg=231  probe(ttl4/6/8/12)=6/18/20/20 of 20
t=2000  N=2009  holderDeg=-1  probe(ttl4/6/8/12)=0/0/0/0 of 20
t=2200  N=2209  holderDeg=-1  probe(ttl4/6/8/12)=0/0/0/0 of 20
t=2400  N=2409  holderDeg=-1  probe(ttl4/6/8/12)=0/0/0/0 of 20
t=2200  N=2209  holderDeg=-1  probe(ttl4/6/8/12)=0/0/0/0 of 20
t=2600  N=2609  holderDeg=-1  probe(ttl4/6/8/12)=0/0/0/0 of 20
t=2400  N=2409  holderDeg=-1  probe(ttl4/6/8/12)=0/0/0/0 of 20
t=2800  N=2809  holderDeg=-1  probe(ttl4/6/8/12)=0/0/0/0 of 20
t=14000  N=14009  holderDeg=3  probe(ttl4/6/8/12)=0/0/5/11 of 20
t=13000  N=13009  holderDeg=86  probe(ttl4/6/8/12)=2/10/19/20 of 20
t=2600  N=2609  holderDeg=-1  probe(ttl4/6/8/12)=0/0/0/0 of 20
t=3000  N=3009  holderDeg=3  probe(ttl4/6/8/12)=0/2/5/11 of 20
t=14200  N=14209  holderDeg=3  probe(ttl4/6/8/12)=0/0/3/7 of 20
t=2800  N=2809  holderDeg=-1  probe(ttl4/6/8/12)=0/0/0/0 of 20
t=3200  N=3209  holderDeg=3  probe(ttl4/6/8/12)=1/2/11/8 of 20
t=3000  N=3009  holderDeg=3  probe(ttl4/6/8/12)=0/3/10/12 of 20
t=3400  N=3409  holderDeg=3  probe(ttl4/6/8/12)=0/3/6/4 of 20

 Growing has been completed
*********************************************************************

t=3200  N=3209  holderDeg=3  probe(ttl4/6/8/12)=0/4/6/13 of 20

================ rulel  seed=6  (Pp=100 Pd=0 Pt=25000 rewire=True k=5 c=2 eps=0,02 qmax=0,2 N=10000 theta=6 crash=0 shape=0 multi=1 randrw=0 oracle=False fixedthr=0 rules=4 cooper=False dmax=160 mu=1 noscale=False) ================
t=3600  N=3609  holderDeg=3  probe(ttl4/6/8/12)=0/3/5/9 of 20
t=200  N=209  holderDeg=-1  probe(ttl4/6/8/12)=0/0/0/0 of 20
t=3400  N=3409  holderDeg=3  probe(ttl4/6/8/12)=0/4/4/15 of 20
t=400  N=409  holderDeg=-1  probe(ttl4/6/8/12)=0/0/0/0 of 20
t=13200  N=13209  holderDeg=88  probe(ttl4/6/8/12)=2/6/20/20 of 20
t=600  N=609  holderDeg=-1  probe(ttl4/6/8/12)=0/0/0/0 of 20
t=3800  N=3809  holderDeg=3  probe(ttl4/6/8/12)=0/0/6/13 of 20
t=3600  N=3609  holderDeg=3  probe(ttl4/6/8/12)=0/2/6/14 of 20
t=14200  N=14209  holderDeg=3  probe(ttl4/6/8/12)=0/0/3/13 of 20
t=800  N=809  holderDeg=-1  probe(ttl4/6/8/12)=0/0/0/0 of 20
t=1000  N=1009  holderDeg=-1  probe(ttl4/6/8/12)=0/0/0/0 of 20
t=3800  N=3809  holderDeg=3  probe(ttl4/6/8/12)=0/1/5/12 of 20

 Growing has been completed
*********************************************************************

t=1200  N=1209  holderDeg=-1  probe(ttl4/6/8/12)=0/0/0/0 of 20
t=4000  N=4009  holderDeg=3  probe(ttl4/6/8/12)=0/3/7/14 of 20
t=21600  N=21609  holderDeg=237  probe(ttl4/6/8/12)=1/11/20/20 of 20
t=1400  N=1409  holderDeg=-1  probe(ttl4/6/8/12)=0/0/0/0 of 20

================ fixed005c  seed=6  (Pp=100 Pd=0 Pt=25000 rewire=True k=5 c=2 eps=0,02 qmax=0,2 N=10000 theta=6 crash=0 shape=0 multi=1 randrw=0 oracle=False fixedthr=0,05 rules=1 cooper=False dmax=160 mu=1 noscale=False) ================
t=200  N=209  holderDeg=-1  probe(ttl4/6/8/12)=0/0/0/0 of 20
t=1600  N=1609  holderDeg=-1  probe(ttl4/6/8/12)=0/0/0/0 of 20
t=400  N=409  holderDeg=-1  probe(ttl4/6/8/12)=0/0/0/0 of 20
t=4000  N=4009  holderDeg=3  probe(ttl4/6/8/12)=0/1/5/12 of 20
t=4200  N=4209  holderDeg=3  probe(ttl4/6/8/12)=0/1/7/15 of 20
t=600  N=609  holderDeg=-1  probe(ttl4/6/8/12)=0/0/0/0 of 20
t=1800  N=1809  holderDeg=-1  probe(ttl4/6/8/12)=0/0/0/0 of 20
t=800  N=809  holderDeg=-1  probe(ttl4/6/8/12)=0/0/0/0 of 20
t=2000  N=2009  holderDeg=-1  probe(ttl4/6/8/12)=0/0/0/0 of 20
t=4200  N=4209  holderDeg=3  probe(ttl4/6/8/12)=0/2/4/14 of 20
t=1000  N=1009  holderDeg=-1  probe(ttl4/6/8/12)=0/0/0/0 of 20
t=2200  N=2209  holderDeg=-1  probe(ttl4/6/8/12)=0/0/0/0 of 20
t=1200  N=1209  holderDeg=-1  probe(ttl4/6/8/12)=0/0/0/0 of 20
t=1400  N=1409  holderDeg=-1  probe(ttl4/6/8/12)=0/0/0/0 of 20
t=4400  N=4409  holderDeg=5  probe(ttl4/6/8/12)=1/3/11/14 of 20
t=4400  N=4409  holderDeg=3  probe(ttl4/6/8/12)=1/3/1/10 of 20
t=2400  N=2409  holderDeg=-1  probe(ttl4/6/8/12)=0/0/0/0 of 20
t=1600  N=1609  holderDeg=-1  probe(ttl4/6/8/12)=0/0/0/0 of 20
t=1800  N=1809  holderDeg=-1  probe(ttl4/6/8/12)=0/0/0/0 of 20
t=2600  N=2609  holderDeg=-1  probe(ttl4/6/8/12)=0/0/0/0 of 20
t=4600  N=4609  holderDeg=7  probe(ttl4/6/8/12)=2/9/11/14 of 20
t=4600  N=4609  holderDeg=3  probe(ttl4/6/8/12)=0/0/3/9 of 20
t=2000  N=2009  holderDeg=-1  probe(ttl4/6/8/12)=0/0/0/0 of 20
t=2800  N=2809  holderDeg=-1  probe(ttl4/6/8/12)=0/0/0/0 of 20
t=4800  N=4809  holderDeg=3  probe(ttl4/6/8/12)=0/2/4/9 of 20
t=4800  N=4809  holderDeg=9  probe(ttl4/6/8/12)=0/5/9/18 of 20
t=13400  N=13409  holderDeg=90  probe(ttl4/6/8/12)=1/13/20/20 of 20
t=3000  N=3009  holderDeg=3  probe(ttl4/6/8/12)=1/5/11/10 of 20
t=2200  N=2209  holderDeg=-1  probe(ttl4/6/8/12)=0/0/0/0 of 20
t=3200  N=3209  holderDeg=3  probe(ttl4/6/8/12)=0/3/5/11 of 20
t=5000  N=5009  holderDeg=5  probe(ttl4/6/8/12)=0/0/6/10 of 20
t=5000  N=5009  holderDeg=11  probe(ttl4/6/8/12)=0/6/14/19 of 20
t=2400  N=2409  holderDeg=-1  probe(ttl4/6/8/12)=0/0/0/0 of 20
t=3400  N=3409  holderDeg=3  probe(ttl4/6/8/12)=0/2/7/9 of 20
t=2600  N=2609  holderDeg=-1  probe(ttl4/6/8/12)=0/0/0/0 of 20
t=5200  N=5209  holderDeg=7  probe(ttl4/6/8/12)=0/3/3/13 of 20
t=5200  N=5209  holderDeg=13  probe(ttl4/6/8/12)=0/5/13/20 of 20
t=2800  N=2809  holderDeg=-1  probe(ttl4/6/8/12)=0/0/0/0 of 20
t=3600  N=3609  holderDeg=3  probe(ttl4/6/8/12)=0/1/8/10 of 20
t=5400  N=5409  holderDeg=9  probe(ttl4/6/8/12)=1/4/11/19 of 20
t=3000  N=3009  holderDeg=3  probe(ttl4/6/8/12)=0/3/10/12 of 20
t=21800  N=21809  holderDeg=239  probe(ttl4/6/8/12)=3/18/20/20 of 20
t=5400  N=5409  holderDeg=16  probe(ttl4/6/8/12)=1/4/15/20 of 20
t=3800  N=3809  holderDeg=3  probe(ttl4/6/8/12)=0/0/4/7 of 20
t=5600  N=5609  holderDeg=11  probe(ttl4/6/8/12)=1/6/15/18 of 20
t=3200  N=3209  holderDeg=3  probe(ttl4/6/8/12)=0/4/6/13 of 20
t=4000  N=4009  holderDeg=3  probe(ttl4/6/8/12)=1/2/7/6 of 20
t=13600  N=13609  holderDeg=93  probe(ttl4/6/8/12)=1/9/20/20 of 20
t=3400  N=3409  holderDeg=3  probe(ttl4/6/8/12)=0/4/4/15 of 20
t=5800  N=5809  holderDeg=13  probe(ttl4/6/8/12)=0/4/13/19 of 20
t=3600  N=3609  holderDeg=3  probe(ttl4/6/8/12)=0/2/6/14 of 20
t=4200  N=4209  holderDeg=3  probe(ttl4/6/8/12)=1/0/7/11 of 20
t=5600  N=5609  holderDeg=18  probe(ttl4/6/8/12)=4/4/19/20 of 20
t=3800  N=3809  holderDeg=3  probe(ttl4/6/8/12)=0/1/5/12 of 20
t=6000  N=6009  holderDeg=15  probe(ttl4/6/8/12)=1/4/14/19 of 20
t=5800  N=5809  holderDeg=20  probe(ttl4/6/8/12)=1/5/19/20 of 20
t=4400  N=4409  holderDeg=3  probe(ttl4/6/8/12)=1/0/3/6 of 20
t=4000  N=4009  holderDeg=3  probe(ttl4/6/8/12)=0/1/5/12 of 20
t=6200  N=6209  holderDeg=18  probe(ttl4/6/8/12)=0/9/16/20 of 20
t=4200  N=4209  holderDeg=3  probe(ttl4/6/8/12)=0/2/4/14 of 20
t=4600  N=4609  holderDeg=3  probe(ttl4/6/8/12)=0/0/7/8 of 20
t=13800  N=13809  holderDeg=95  probe(ttl4/6/8/12)=2/12/18/20 of 20
t=4800  N=4809  holderDeg=3  probe(ttl4/6/8/12)=0/0/4/8 of 20
t=4400  N=4409  holderDeg=3  probe(ttl4/6/8/12)=1/3/1/10 of 20
t=6400  N=6409  holderDeg=20  probe(ttl4/6/8/12)=2/8/16/20 of 20
t=6000  N=6009  holderDeg=22  probe(ttl4/6/8/12)=1/10/17/20 of 20
t=4600  N=4609  holderDeg=3  probe(ttl4/6/8/12)=0/0/3/9 of 20
t=5000  N=5009  holderDeg=3  probe(ttl4/6/8/12)=0/2/5/7 of 20
t=4800  N=4809  holderDeg=5  probe(ttl4/6/8/12)=0/0/5/12 of 20
t=6200  N=6209  holderDeg=25  probe(ttl4/6/8/12)=1/9/20/20 of 20
t=6600  N=6609  holderDeg=22  probe(ttl4/6/8/12)=1/7/16/20 of 20
t=22000  N=22009  holderDeg=241  probe(ttl4/6/8/12)=2/14/20/20 of 20
t=5000  N=5009  holderDeg=7  probe(ttl4/6/8/12)=0/2/7/12 of 20
t=5200  N=5209  holderDeg=3  probe(ttl4/6/8/12)=1/0/4/5 of 20
t=14000  N=14009  holderDeg=98  probe(ttl4/6/8/12)=4/15/20/20 of 20
t=6400  N=6409  holderDeg=28  probe(ttl4/6/8/12)=2/9/18/20 of 20
t=5200  N=5209  holderDeg=9  probe(ttl4/6/8/12)=1/3/14/18 of 20
t=6800  N=6809  holderDeg=24  probe(ttl4/6/8/12)=2/4/16/20 of 20
t=6600  N=6609  holderDeg=31  probe(ttl4/6/8/12)=0/12/20/20 of 20
t=5400  N=5409  holderDeg=3  probe(ttl4/6/8/12)=0/0/5/11 of 20
t=5400  N=5409  holderDeg=11  probe(ttl4/6/8/12)=1/5/11/18 of 20
t=7000  N=7009  holderDeg=27  probe(ttl4/6/8/12)=0/7/16/20 of 20
t=6800  N=6809  holderDeg=34  probe(ttl4/6/8/12)=4/8/19/20 of 20
t=5600  N=5609  holderDeg=13  probe(ttl4/6/8/12)=1/9/12/19 of 20
t=14200  N=14209  holderDeg=101  probe(ttl4/6/8/12)=4/13/20/20 of 20
t=5600  N=5609  holderDeg=4  probe(ttl4/6/8/12)=1/2/10/7 of 20
t=7200  N=7209  holderDeg=30  probe(ttl4/6/8/12)=1/6/16/20 of 20
t=5800  N=5809  holderDeg=15  probe(ttl4/6/8/12)=1/6/11/19 of 20
t=7000  N=7009  holderDeg=38  probe(ttl4/6/8/12)=1/10/18/20 of 20
t=5800  N=5809  holderDeg=4  probe(ttl4/6/8/12)=0/1/5/8 of 20
t=6000  N=6009  holderDeg=17  probe(ttl4/6/8/12)=1/7/12/20 of 20
t=7400  N=7409  holderDeg=33  probe(ttl4/6/8/12)=1/7/18/20 of 20
t=7200  N=7209  holderDeg=42  probe(ttl4/6/8/12)=4/9/20/20 of 20
t=6200  N=6209  holderDeg=20  probe(ttl4/6/8/12)=2/9/16/20 of 20
t=22200  N=22209  holderDeg=244  probe(ttl4/6/8/12)=4/17/20/20 of 20
t=7400  N=7409  holderDeg=45  probe(ttl4/6/8/12)=2/15/20/20 of 20
t=14400  N=14409  holderDeg=103  probe(ttl4/6/8/12)=1/13/20/20 of 20
t=6000  N=6009  holderDeg=4  probe(ttl4/6/8/12)=0/3/6/7 of 20
t=6400  N=6409  holderDeg=23  probe(ttl4/6/8/12)=1/10/16/19 of 20
t=7600  N=7609  holderDeg=38  probe(ttl4/6/8/12)=5/6/16/20 of 20
t=6200  N=6209  holderDeg=6  probe(ttl4/6/8/12)=0/3/2/6 of 20
t=7600  N=7609  holderDeg=47  probe(ttl4/6/8/12)=2/13/18/20 of 20
t=6400  N=6409  holderDeg=8  probe(ttl4/6/8/12)=2/2/9/11 of 20
t=6600  N=6609  holderDeg=26  probe(ttl4/6/8/12)=1/11/19/20 of 20
t=7800  N=7809  holderDeg=49  probe(ttl4/6/8/12)=3/9/20/20 of 20
t=7800  N=7809  holderDeg=41  probe(ttl4/6/8/12)=1/11/20/20 of 20
t=6600  N=6609  holderDeg=10  probe(ttl4/6/8/12)=0/3/8/17 of 20
t=14600  N=14609  holderDeg=105  probe(ttl4/6/8/12)=3/11/20/20 of 20
t=6800  N=6809  holderDeg=27  probe(ttl4/6/8/12)=0/6/17/20 of 20
t=8000  N=8009  holderDeg=44  probe(ttl4/6/8/12)=4/10/20/20 of 20
t=6800  N=6809  holderDeg=12  probe(ttl4/6/8/12)=1/5/12/17 of 20
t=8000  N=8009  holderDeg=51  probe(ttl4/6/8/12)=4/10/19/20 of 20
t=22400  N=22409  holderDeg=249  probe(ttl4/6/8/12)=2/17/20/20 of 20
t=7000  N=7009  holderDeg=15  probe(ttl4/6/8/12)=0/4/15/20 of 20
t=8200  N=8209  holderDeg=46  probe(ttl4/6/8/12)=5/12/18/20 of 20
t=8200  N=8209  holderDeg=53  probe(ttl4/6/8/12)=0/8/20/20 of 20
t=7000  N=7009  holderDeg=30  probe(ttl4/6/8/12)=3/11/19/20 of 20
t=7200  N=7209  holderDeg=17  probe(ttl4/6/8/12)=1/3/16/20 of 20
t=8400  N=8409  holderDeg=49  probe(ttl4/6/8/12)=3/10/19/20 of 20
t=14800  N=14809  holderDeg=108  probe(ttl4/6/8/12)=2/10/20/20 of 20
t=8400  N=8409  holderDeg=56  probe(ttl4/6/8/12)=3/11/19/20 of 20
t=7200  N=7209  holderDeg=34  probe(ttl4/6/8/12)=2/6/19/20 of 20
t=7400  N=7409  holderDeg=19  probe(ttl4/6/8/12)=0/6/13/20 of 20
t=7400  N=7409  holderDeg=36  probe(ttl4/6/8/12)=0/10/19/19 of 20
t=7600  N=7609  holderDeg=22  probe(ttl4/6/8/12)=2/6/16/19 of 20
t=8600  N=8609  holderDeg=64  probe(ttl4/6/8/12)=3/11/19/20 of 20
t=8600  N=8609  holderDeg=51  probe(ttl4/6/8/12)=2/10/20/20 of 20
t=7800  N=7809  holderDeg=25  probe(ttl4/6/8/12)=1/7/18/20 of 20
t=8800  N=8809  holderDeg=68  probe(ttl4/6/8/12)=6/12/20/20 of 20
t=7600  N=7609  holderDeg=40  probe(ttl4/6/8/12)=0/16/18/20 of 20
t=15000  N=15009  holderDeg=110  probe(ttl4/6/8/12)=3/11/20/20 of 20
t=22600  N=22609  holderDeg=254  probe(ttl4/6/8/12)=1/18/20/20 of 20
t=8000  N=8009  holderDeg=27  probe(ttl4/6/8/12)=2/5/17/20 of 20
t=7800  N=7809  holderDeg=43  probe(ttl4/6/8/12)=3/11/20/19 of 20
t=9000  N=9009  holderDeg=71  probe(ttl4/6/8/12)=0/13/20/20 of 20
t=8800  N=8809  holderDeg=55  probe(ttl4/6/8/12)=2/14/20/20 of 20
t=8000  N=8009  holderDeg=47  probe(ttl4/6/8/12)=3/4/18/20 of 20
t=8200  N=8209  holderDeg=31  probe(ttl4/6/8/12)=3/9/18/20 of 20
t=9000  N=9009  holderDeg=57  probe(ttl4/6/8/12)=2/9/19/20 of 20
t=9200  N=9209  holderDeg=76  probe(ttl4/6/8/12)=1/13/20/20 of 20
t=15200  N=15209  holderDeg=113  probe(ttl4/6/8/12)=2/9/20/20 of 20
t=9200  N=9209  holderDeg=62  probe(ttl4/6/8/12)=2/15/19/20 of 20
t=9400  N=9409  holderDeg=79  probe(ttl4/6/8/12)=2/9/20/20 of 20
t=8400  N=8409  holderDeg=33  probe(ttl4/6/8/12)=1/9/18/20 of 20
t=8200  N=8209  holderDeg=52  probe(ttl4/6/8/12)=3/10/18/20 of 20
t=22800  N=22809  holderDeg=258  probe(ttl4/6/8/12)=4/15/20/20 of 20
t=9600  N=9609  holderDeg=82  probe(ttl4/6/8/12)=3/10/20/20 of 20
t=8600  N=8609  holderDeg=36  probe(ttl4/6/8/12)=4/9/19/20 of 20
t=9400  N=9409  holderDeg=65  probe(ttl4/6/8/12)=2/13/20/20 of 20
t=8400  N=8409  holderDeg=54  probe(ttl4/6/8/12)=1/12/20/20 of 20
t=15400  N=15409  holderDeg=116  probe(ttl4/6/8/12)=3/14/20/20 of 20
t=8800  N=8809  holderDeg=40  probe(ttl4/6/8/12)=1/7/19/20 of 20
t=8600  N=8609  holderDeg=57  probe(ttl4/6/8/12)=1/10/20/20 of 20
t=9800  N=9809  holderDeg=86  probe(ttl4/6/8/12)=2/15/20/20 of 20
t=9600  N=9609  holderDeg=67  probe(ttl4/6/8/12)=4/11/19/20 of 20
t=9000  N=9009  holderDeg=43  probe(ttl4/6/8/12)=2/8/18/20 of 20
t=10000  N=10009  holderDeg=89  probe(ttl4/6/8/12)=3/14/20/20 of 20
t=8800  N=8809  holderDeg=60  probe(ttl4/6/8/12)=4/12/20/20 of 20
t=15600  N=15609  holderDeg=119  probe(ttl4/6/8/12)=3/15/20/20 of 20
t=9800  N=9809  holderDeg=70  probe(ttl4/6/8/12)=1/9/20/20 of 20
t=9200  N=9209  holderDeg=45  probe(ttl4/6/8/12)=1/9/20/20 of 20
t=9000  N=9009  holderDeg=63  probe(ttl4/6/8/12)=0/10/20/20 of 20
t=23000  N=23009  holderDeg=262  probe(ttl4/6/8/12)=1/18/20/20 of 20
t=10200  N=10209  holderDeg=91  probe(ttl4/6/8/12)=1/15/20/20 of 20
t=10000  N=10009  holderDeg=72  probe(ttl4/6/8/12)=3/11/19/20 of 20
t=9200  N=9209  holderDeg=65  probe(ttl4/6/8/12)=0/8/20/20 of 20
t=9400  N=9409  holderDeg=47  probe(ttl4/6/8/12)=1/8/19/20 of 20
t=10400  N=10409  holderDeg=94  probe(ttl4/6/8/12)=3/12/20/20 of 20
t=15800  N=15809  holderDeg=122  probe(ttl4/6/8/12)=2/15/18/20 of 20
t=10200  N=10209  holderDeg=75  probe(ttl4/6/8/12)=3/11/20/20 of 20
t=9600  N=9609  holderDeg=49  probe(ttl4/6/8/12)=2/7/20/20 of 20
t=10600  N=10609  holderDeg=97  probe(ttl4/6/8/12)=1/12/20/20 of 20
t=9400  N=9409  holderDeg=68  probe(ttl4/6/8/12)=0/13/19/20 of 20
t=10400  N=10409  holderDeg=79  probe(ttl4/6/8/12)=1/19/20/20 of 20
t=9800  N=9809  holderDeg=51  probe(ttl4/6/8/12)=1/11/17/20 of 20
t=16000  N=16009  holderDeg=124  probe(ttl4/6/8/12)=3/13/20/20 of 20
t=9600  N=9609  holderDeg=70  probe(ttl4/6/8/12)=1/8/20/20 of 20
t=10800  N=10809  holderDeg=99  probe(ttl4/6/8/12)=2/15/20/20 of 20
t=23200  N=23209  holderDeg=264  probe(ttl4/6/8/12)=4/14/20/20 of 20
t=10000  N=10009  holderDeg=54  probe(ttl4/6/8/12)=0/10/19/20 of 20
t=10600  N=10609  holderDeg=82  probe(ttl4/6/8/12)=5/15/20/20 of 20
t=9800  N=9809  holderDeg=73  probe(ttl4/6/8/12)=4/14/20/20 of 20
t=11000  N=11009  holderDeg=102  probe(ttl4/6/8/12)=3/10/20/20 of 20
t=10200  N=10209  holderDeg=57  probe(ttl4/6/8/12)=3/9/18/20 of 20
t=16200  N=16209  holderDeg=127  probe(ttl4/6/8/12)=5/7/20/20 of 20
t=10400  N=10409  holderDeg=59  probe(ttl4/6/8/12)=1/8/20/20 of 20
t=10000  N=10009  holderDeg=77  probe(ttl4/6/8/12)=4/12/20/20 of 20
t=11200  N=11209  holderDeg=105  probe(ttl4/6/8/12)=5/12/20/20 of 20
t=10800  N=10809  holderDeg=84  probe(ttl4/6/8/12)=2/12/20/20 of 20
t=10600  N=10609  holderDeg=61  probe(ttl4/6/8/12)=1/13/20/20 of 20
t=10200  N=10209  holderDeg=79  probe(ttl4/6/8/12)=5/13/20/20 of 20
t=23400  N=23409  holderDeg=266  probe(ttl4/6/8/12)=5/16/20/20 of 20
t=11400  N=11409  holderDeg=107  probe(ttl4/6/8/12)=6/13/20/20 of 20
t=11000  N=11009  holderDeg=86  probe(ttl4/6/8/12)=4/10/20/20 of 20
t=16400  N=16409  holderDeg=131  probe(ttl4/6/8/12)=3/5/20/20 of 20
t=10800  N=10809  holderDeg=63  probe(ttl4/6/8/12)=4/12/19/20 of 20
t=10400  N=10409  holderDeg=81  probe(ttl4/6/8/12)=3/13/20/20 of 20
t=11200  N=11209  holderDeg=88  probe(ttl4/6/8/12)=1/9/20/20 of 20
t=11600  N=11609  holderDeg=111  probe(ttl4/6/8/12)=3/11/20/20 of 20
t=10600  N=10609  holderDeg=86  probe(ttl4/6/8/12)=1/14/20/20 of 20
t=11400  N=11409  holderDeg=90  probe(ttl4/6/8/12)=1/14/19/20 of 20
t=16600  N=16609  holderDeg=133  probe(ttl4/6/8/12)=1/12/20/20 of 20
t=11000  N=11009  holderDeg=65  probe(ttl4/6/8/12)=2/9/19/20 of 20
t=11800  N=11809  holderDeg=115  probe(ttl4/6/8/12)=2/14/20/20 of 20
t=10800  N=10809  holderDeg=89  probe(ttl4/6/8/12)=3/16/20/20 of 20
t=11200  N=11209  holderDeg=67  probe(ttl4/6/8/12)=2/8/18/20 of 20
t=11600  N=11609  holderDeg=93  probe(ttl4/6/8/12)=3/13/20/20 of 20
t=12000  N=12009  holderDeg=118  probe(ttl4/6/8/12)=0/13/20/20 of 20
t=11000  N=11009  holderDeg=92  probe(ttl4/6/8/12)=2/18/20/20 of 20
t=16800  N=16809  holderDeg=135  probe(ttl4/6/8/12)=3/15/20/20 of 20
t=11400  N=11409  holderDeg=70  probe(ttl4/6/8/12)=1/8/20/20 of 20
t=11200  N=11209  holderDeg=95  probe(ttl4/6/8/12)=5/14/20/20 of 20
t=12200  N=12209  holderDeg=120  probe(ttl4/6/8/12)=4/15/20/20 of 20
t=11800  N=11809  holderDeg=95  probe(ttl4/6/8/12)=3/13/20/20 of 20
t=11600  N=11609  holderDeg=73  probe(ttl4/6/8/12)=2/14/20/20 of 20
t=11400  N=11409  holderDeg=97  probe(ttl4/6/8/12)=6/11/20/20 of 20
t=12400  N=12409  holderDeg=123  probe(ttl4/6/8/12)=2/15/20/20 of 20
t=17000  N=17009  holderDeg=138  probe(ttl4/6/8/12)=3/15/20/20 of 20
t=11800  N=11809  holderDeg=75  probe(ttl4/6/8/12)=3/12/19/20 of 20
t=12000  N=12009  holderDeg=99  probe(ttl4/6/8/12)=6/13/19/20 of 20
t=23600  N=23609  holderDeg=269  probe(ttl4/6/8/12)=2/17/20/20 of 20
t=11600  N=11609  holderDeg=99  probe(ttl4/6/8/12)=0/9/20/20 of 20
t=12600  N=12609  holderDeg=126  probe(ttl4/6/8/12)=5/15/20/20 of 20
t=12200  N=12209  holderDeg=101  probe(ttl4/6/8/12)=4/14/20/20 of 20
t=17200  N=17209  holderDeg=141  probe(ttl4/6/8/12)=1/12/20/20 of 20
t=11800  N=11809  holderDeg=101  probe(ttl4/6/8/12)=3/12/20/20 of 20
t=12000  N=12009  holderDeg=78  probe(ttl4/6/8/12)=1/12/20/20 of 20
t=12400  N=12409  holderDeg=106  probe(ttl4/6/8/12)=1/12/20/20 of 20
t=12000  N=12009  holderDeg=104  probe(ttl4/6/8/12)=1/13/20/20 of 20
t=23800  N=23809  holderDeg=272  probe(ttl4/6/8/12)=2/15/20/20 of 20
t=12200  N=12209  holderDeg=80  probe(ttl4/6/8/12)=5/11/20/20 of 20
t=17400  N=17409  holderDeg=145  probe(ttl4/6/8/12)=2/13/20/20 of 20
t=12800  N=12809  holderDeg=129  probe(ttl4/6/8/12)=3/12/19/20 of 20
t=12600  N=12609  holderDeg=109  probe(ttl4/6/8/12)=4/15/20/20 of 20
t=12200  N=12209  holderDeg=107  probe(ttl4/6/8/12)=2/13/20/20 of 20
t=12400  N=12409  holderDeg=82  probe(ttl4/6/8/12)=1/10/20/20 of 20
t=12800  N=12809  holderDeg=111  probe(ttl4/6/8/12)=7/18/20/20 of 20
t=12400  N=12409  holderDeg=110  probe(ttl4/6/8/12)=2/12/20/20 of 20
t=13000  N=13009  holderDeg=134  probe(ttl4/6/8/12)=6/13/20/20 of 20
t=12600  N=12609  holderDeg=86  probe(ttl4/6/8/12)=2/13/20/20 of 20
t=17600  N=17609  holderDeg=148  probe(ttl4/6/8/12)=5/14/19/20 of 20
t=24000  N=24009  holderDeg=278  probe(ttl4/6/8/12)=2/13/20/20 of 20
t=12600  N=12609  holderDeg=114  probe(ttl4/6/8/12)=2/17/20/20 of 20
t=13000  N=13009  holderDeg=116  probe(ttl4/6/8/12)=3/16/20/20 of 20
t=13200  N=13209  holderDeg=138  probe(ttl4/6/8/12)=1/14/19/20 of 20
t=12800  N=12809  holderDeg=118  probe(ttl4/6/8/12)=5/14/20/20 of 20
t=12800  N=12809  holderDeg=88  probe(ttl4/6/8/12)=3/14/20/20 of 20
t=13400  N=13409  holderDeg=141  probe(ttl4/6/8/12)=5/13/20/20 of 20
t=13000  N=13009  holderDeg=90  probe(ttl4/6/8/12)=2/6/20/20 of 20
t=13000  N=13009  holderDeg=121  probe(ttl4/6/8/12)=1/18/20/20 of 20
t=13200  N=13209  holderDeg=120  probe(ttl4/6/8/12)=3/13/20/20 of 20
t=13600  N=13609  holderDeg=144  probe(ttl4/6/8/12)=3/17/20/20 of 20
t=13200  N=13209  holderDeg=92  probe(ttl4/6/8/12)=3/13/19/20 of 20
t=17800  N=17809  holderDeg=150  probe(ttl4/6/8/12)=3/14/20/20 of 20
t=13200  N=13209  holderDeg=126  probe(ttl4/6/8/12)=2/12/20/20 of 20
t=13400  N=13409  holderDeg=123  probe(ttl4/6/8/12)=2/13/20/20 of 20
t=24200  N=24209  holderDeg=283  probe(ttl4/6/8/12)=3/19/20/20 of 20
t=13800  N=13809  holderDeg=148  probe(ttl4/6/8/12)=5/14/20/20 of 20
t=13400  N=13409  holderDeg=128  probe(ttl4/6/8/12)=4/15/20/20 of 20
t=13400  N=13409  holderDeg=94  probe(ttl4/6/8/12)=3/14/20/20 of 20
t=13600  N=13609  holderDeg=125  probe(ttl4/6/8/12)=6/13/20/20 of 20
t=14000  N=14009  holderDeg=151  probe(ttl4/6/8/12)=8/18/20/20 of 20
t=13600  N=13609  holderDeg=97  probe(ttl4/6/8/12)=4/13/20/20 of 20
t=13600  N=13609  holderDeg=131  probe(ttl4/6/8/12)=1/14/20/20 of 20
t=18000  N=18009  holderDeg=152  probe(ttl4/6/8/12)=1/14/20/20 of 20
t=13800  N=13809  holderDeg=128  probe(ttl4/6/8/12)=3/15/20/20 of 20
t=24400  N=24409  holderDeg=287  probe(ttl4/6/8/12)=3/16/20/20 of 20
t=13800  N=13809  holderDeg=99  probe(ttl4/6/8/12)=3/7/20/20 of 20
t=13800  N=13809  holderDeg=135  probe(ttl4/6/8/12)=3/14/20/20 of 20
t=14200  N=14209  holderDeg=153  probe(ttl4/6/8/12)=3/14/20/20 of 20

 Growing has been completed
*********************************************************************


================ fixed015c  seed=6  (Pp=100 Pd=0 Pt=25000 rewire=True k=5 c=2 eps=0,02 qmax=0,2 N=10000 theta=6 crash=0 shape=0 multi=1 randrw=0 oracle=False fixedthr=0,15 rules=1 cooper=False dmax=160 mu=1 noscale=False) ================
t=200  N=209  holderDeg=-1  probe(ttl4/6/8/12)=0/0/0/0 of 20
t=14000  N=14009  holderDeg=130  probe(ttl4/6/8/12)=0/14/20/20 of 20
t=400  N=409  holderDeg=-1  probe(ttl4/6/8/12)=0/0/0/0 of 20
t=600  N=609  holderDeg=-1  probe(ttl4/6/8/12)=0/0/0/0 of 20
t=18200  N=18209  holderDeg=154  probe(ttl4/6/8/12)=3/11/20/20 of 20
t=800  N=809  holderDeg=-1  probe(ttl4/6/8/12)=0/0/0/0 of 20
t=1000  N=1009  holderDeg=-1  probe(ttl4/6/8/12)=0/0/0/0 of 20
t=1200  N=1209  holderDeg=-1  probe(ttl4/6/8/12)=0/0/0/0 of 20
t=14000  N=14009  holderDeg=138  probe(ttl4/6/8/12)=5/14/20/20 of 20
t=1400  N=1409  holderDeg=-1  probe(ttl4/6/8/12)=0/0/0/0 of 20
t=1600  N=1609  holderDeg=-1  probe(ttl4/6/8/12)=0/0/0/0 of 20
t=14000  N=14009  holderDeg=102  probe(ttl4/6/8/12)=3/17/19/20 of 20
t=1800  N=1809  holderDeg=-1  probe(ttl4/6/8/12)=0/0/0/0 of 20
t=2000  N=2009  holderDeg=-1  probe(ttl4/6/8/12)=0/0/0/0 of 20
t=2200  N=2209  holderDeg=-1  probe(ttl4/6/8/12)=0/0/0/0 of 20
t=14200  N=14209  holderDeg=133  probe(ttl4/6/8/12)=4/15/20/20 of 20
t=2400  N=2409  holderDeg=-1  probe(ttl4/6/8/12)=0/0/0/0 of 20
t=2600  N=2609  holderDeg=-1  probe(ttl4/6/8/12)=0/0/0/0 of 20
t=14200  N=14209  holderDeg=143  probe(ttl4/6/8/12)=1/17/20/20 of 20

 Growing has been completed
*********************************************************************


 Growing has been completed
*********************************************************************

t=2800  N=2809  holderDeg=-1  probe(ttl4/6/8/12)=0/0/0/0 of 20
t=14200  N=14209  holderDeg=104  probe(ttl4/6/8/12)=2/11/20/20 of 20

================ randomrw4  seed=6  (Pp=100 Pd=0 Pt=0 rewire=False k=5 c=2 eps=0,02 qmax=0,2 N=10000 theta=6 crash=0 shape=0 multi=1 randrw=4 oracle=False fixedthr=0 rules=7 cooper=False dmax=160 mu=1 noscale=False) ================
t=200  N=209  holderDeg=-1  probe(ttl4/6/8/12)=0/0/0/0 of 20

================ nullwl  seed=6  (Pp=100 Pd=0 Pt=25000 rewire=True k=5 c=2 eps=0,02 qmax=0 N=10000 theta=6 crash=0 shape=0 multi=1 randrw=0 oracle=False fixedthr=0 rules=7 cooper=False dmax=160 mu=1 noscale=False) ================

 Growing has been completed
*********************************************************************

t=18400  N=18409  holderDeg=157  probe(ttl4/6/8/12)=6/14/20/20 of 20
t=400  N=409  holderDeg=-1  probe(ttl4/6/8/12)=0/0/0/0 of 20
t=200  N=209  holderDeg=-1  probe(ttl4/6/8/12)=0/0/0/0 of 20
t=3000  N=3009  holderDeg=3  probe(ttl4/6/8/12)=0/3/10/12 of 20
t=400  N=409  holderDeg=-1  probe(ttl4/6/8/12)=0/0/0/0 of 20
t=600  N=609  holderDeg=-1  probe(ttl4/6/8/12)=0/0/0/0 of 20
t=24600  N=24609  holderDeg=291  probe(ttl4/6/8/12)=1/17/20/20 of 20
t=600  N=609  holderDeg=-1  probe(ttl4/6/8/12)=0/0/0/0 of 20

================ trendfx-n20000  seed=6  (Pp=100 Pd=0 Pt=25000 rewire=True k=5 c=2 eps=0,02 qmax=0,2 N=20000 theta=6 crash=0 shape=0 multi=1 randrw=0 oracle=False fixedthr=0 rules=7 cooper=False dmax=160 mu=1 noscale=True) ================
t=800  N=809  holderDeg=-1  probe(ttl4/6/8/12)=0/0/0/0 of 20
t=200  N=209  holderDeg=-1  probe(ttl4/6/8/12)=0/0/0/0 of 20
t=800  N=809  holderDeg=-1  probe(ttl4/6/8/12)=0/0/0/0 of 20
t=400  N=409  holderDeg=-1  probe(ttl4/6/8/12)=0/0/0/0 of 20
t=1000  N=1009  holderDeg=-1  probe(ttl4/6/8/12)=0/0/0/0 of 20
t=3200  N=3209  holderDeg=3  probe(ttl4/6/8/12)=0/4/6/13 of 20
t=1000  N=1009  holderDeg=-1  probe(ttl4/6/8/12)=0/0/0/0 of 20
t=600  N=609  holderDeg=-1  probe(ttl4/6/8/12)=0/0/0/0 of 20
t=1200  N=1209  holderDeg=-1  probe(ttl4/6/8/12)=0/0/0/0 of 20
t=800  N=809  holderDeg=-1  probe(ttl4/6/8/12)=0/0/0/0 of 20
t=1200  N=1209  holderDeg=-1  probe(ttl4/6/8/12)=0/0/0/0 of 20
t=1000  N=1009  holderDeg=-1  probe(ttl4/6/8/12)=0/0/0/0 of 20
t=1400  N=1409  holderDeg=-1  probe(ttl4/6/8/12)=0/0/0/0 of 20
t=3400  N=3409  holderDeg=3  probe(ttl4/6/8/12)=0/4/4/15 of 20
t=1400  N=1409  holderDeg=-1  probe(ttl4/6/8/12)=0/0/0/0 of 20
t=1200  N=1209  holderDeg=-1  probe(ttl4/6/8/12)=0/0/0/0 of 20
t=1600  N=1609  holderDeg=-1  probe(ttl4/6/8/12)=0/0/0/0 of 20
t=1600  N=1609  holderDeg=-1  probe(ttl4/6/8/12)=0/0/0/0 of 20
t=3600  N=3609  holderDeg=3  probe(ttl4/6/8/12)=0/2/6/14 of 20
t=1400  N=1409  holderDeg=-1  probe(ttl4/6/8/12)=0/0/0/0 of 20
t=1800  N=1809  holderDeg=-1  probe(ttl4/6/8/12)=0/0/0/0 of 20
t=1600  N=1609  holderDeg=-1  probe(ttl4/6/8/12)=0/0/0/0 of 20
t=1800  N=1809  holderDeg=-1  probe(ttl4/6/8/12)=0/0/0/0 of 20
t=3800  N=3809  holderDeg=3  probe(ttl4/6/8/12)=0/1/5/12 of 20
t=1800  N=1809  holderDeg=-1  probe(ttl4/6/8/12)=0/0/0/0 of 20
t=2000  N=2009  holderDeg=-1  probe(ttl4/6/8/12)=0/0/0/0 of 20
t=2000  N=2009  holderDeg=-1  probe(ttl4/6/8/12)=0/0/0/0 of 20
t=2000  N=2009  holderDeg=-1  probe(ttl4/6/8/12)=0/0/0/0 of 20
t=2200  N=2209  holderDeg=-1  probe(ttl4/6/8/12)=0/0/0/0 of 20
t=4000  N=4009  holderDeg=3  probe(ttl4/6/8/12)=0/1/5/12 of 20
t=2200  N=2209  holderDeg=-1  probe(ttl4/6/8/12)=0/0/0/0 of 20
t=2400  N=2409  holderDeg=-1  probe(ttl4/6/8/12)=0/0/0/0 of 20
t=2200  N=2209  holderDeg=-1  probe(ttl4/6/8/12)=0/0/0/0 of 20
t=4200  N=4209  holderDeg=3  probe(ttl4/6/8/12)=0/2/4/14 of 20
t=2600  N=2609  holderDeg=-1  probe(ttl4/6/8/12)=0/0/0/0 of 20
t=2400  N=2409  holderDeg=-1  probe(ttl4/6/8/12)=0/0/0/0 of 20
t=2400  N=2409  holderDeg=-1  probe(ttl4/6/8/12)=0/0/0/0 of 20
t=18600  N=18609  holderDeg=159  probe(ttl4/6/8/12)=4/16/20/20 of 20
t=2600  N=2609  holderDeg=-1  probe(ttl4/6/8/12)=0/0/0/0 of 20
t=2800  N=2809  holderDeg=-1  probe(ttl4/6/8/12)=0/0/0/0 of 20
t=2600  N=2609  holderDeg=-1  probe(ttl4/6/8/12)=0/0/0/0 of 20
t=4400  N=4409  holderDeg=3  probe(ttl4/6/8/12)=1/3/1/10 of 20
t=2800  N=2809  holderDeg=-1  probe(ttl4/6/8/12)=0/0/0/0 of 20
t=3000  N=3009  holderDeg=3  probe(ttl4/6/8/12)=0/2/9/8 of 20
t=2800  N=2809  holderDeg=-1  probe(ttl4/6/8/12)=0/0/0/0 of 20
t=3000  N=3009  holderDeg=3  probe(ttl4/6/8/12)=0/0/5/5 of 20
t=4600  N=4609  holderDeg=3  probe(ttl4/6/8/12)=0/0/3/9 of 20
t=3200  N=3209  holderDeg=3  probe(ttl4/6/8/12)=0/4/3/10 of 20
t=3200  N=3209  holderDeg=3  probe(ttl4/6/8/12)=0/2/4/2 of 20
t=3000  N=3009  holderDeg=3  probe(ttl4/6/8/12)=0/0/5/5 of 20
t=4800  N=4809  holderDeg=3  probe(ttl4/6/8/12)=0/2/4/9 of 20
t=3200  N=3209  holderDeg=3  probe(ttl4/6/8/12)=0/2/4/2 of 20
t=3400  N=3409  holderDeg=3  probe(ttl4/6/8/12)=0/4/7/8 of 20
t=3400  N=3409  holderDeg=3  probe(ttl4/6/8/12)=0/0/1/3 of 20
t=5000  N=5009  holderDeg=3  probe(ttl4/6/8/12)=0/0/0/10 of 20
t=3400  N=3409  holderDeg=3  probe(ttl4/6/8/12)=0/0/1/3 of 20
t=3600  N=3609  holderDeg=3  probe(ttl4/6/8/12)=1/0/3/1 of 20
t=3600  N=3609  holderDeg=3  probe(ttl4/6/8/12)=0/1/8/9 of 20
t=3600  N=3609  holderDeg=3  probe(ttl4/6/8/12)=1/0/1/3 of 20
t=5200  N=5209  holderDeg=3  probe(ttl4/6/8/12)=1/1/5/6 of 20
t=3800  N=3809  holderDeg=3  probe(ttl4/6/8/12)=0/0/2/3 of 20
t=3800  N=3809  holderDeg=3  probe(ttl4/6/8/12)=1/2/6/6 of 20
t=3800  N=3809  holderDeg=3  probe(ttl4/6/8/12)=1/2/1/1 of 20
t=4000  N=4009  holderDeg=3  probe(ttl4/6/8/12)=0/1/0/3 of 20
t=5400  N=5409  holderDeg=3  probe(ttl4/6/8/12)=0/1/3/9 of 20
t=4000  N=4009  holderDeg=3  probe(ttl4/6/8/12)=0/3/6/8 of 20
t=24800  N=24809  holderDeg=294  probe(ttl4/6/8/12)=3/19/20/20 of 20
t=18800  N=18809  holderDeg=163  probe(ttl4/6/8/12)=1/12/20/20 of 20
t=4200  N=4209  holderDeg=3  probe(ttl4/6/8/12)=0/1/3/2 of 20
t=4000  N=4009  holderDeg=3  probe(ttl4/6/8/12)=0/2/1/1 of 20
t=5600  N=5609  holderDeg=3  probe(ttl4/6/8/12)=0/0/4/6 of 20
t=4400  N=4409  holderDeg=3  probe(ttl4/6/8/12)=0/1/1/3 of 20
t=4200  N=4209  holderDeg=3  probe(ttl4/6/8/12)=0/1/2/10 of 20
t=4200  N=4209  holderDeg=3  probe(ttl4/6/8/12)=1/2/5/2 of 20
t=4600  N=4609  holderDeg=3  probe(ttl4/6/8/12)=0/0/2/0 of 20
t=4400  N=4409  holderDeg=3  probe(ttl4/6/8/12)=0/2/4/10 of 20
t=5800  N=5809  holderDeg=3  probe(ttl4/6/8/12)=0/1/5/10 of 20
t=4800  N=4809  holderDeg=3  probe(ttl4/6/8/12)=0/0/0/1 of 20
t=4400  N=4409  holderDeg=3  probe(ttl4/6/8/12)=0/1/1/1 of 20
t=4600  N=4609  holderDeg=3  probe(ttl4/6/8/12)=0/4/4/7 of 20
t=4600  N=4609  holderDeg=3  probe(ttl4/6/8/12)=0/0/0/1 of 20
t=5000  N=5009  holderDeg=3  probe(ttl4/6/8/12)=0/0/2/2 of 20
t=4800  N=4809  holderDeg=3  probe(ttl4/6/8/12)=0/1/7/3 of 20
t=6000  N=6009  holderDeg=3  probe(ttl4/6/8/12)=0/1/4/6 of 20
t=4800  N=4809  holderDeg=3  probe(ttl4/6/8/12)=0/0/1/0 of 20
t=5200  N=5209  holderDeg=3  probe(ttl4/6/8/12)=0/0/0/1 of 20
t=5000  N=5009  holderDeg=3  probe(ttl4/6/8/12)=0/0/2/1 of 20
t=5000  N=5009  holderDeg=3  probe(ttl4/6/8/12)=0/1/0/2 of 20
t=6200  N=6209  holderDeg=3  probe(ttl4/6/8/12)=1/1/4/8 of 20
t=5200  N=5209  holderDeg=3  probe(ttl4/6/8/12)=1/0/5/6 of 20
t=5200  N=5209  holderDeg=3  probe(ttl4/6/8/12)=0/1/2/2 of 20
t=6400  N=6409  holderDeg=3  probe(ttl4/6/8/12)=0/1/5/8 of 20
t=19000  N=19009  holderDeg=166  probe(ttl4/6/8/12)=3/13/20/20 of 20
t=5400  N=5409  holderDeg=3  probe(ttl4/6/8/12)=1/0/0/2 of 20
t=5400  N=5409  holderDeg=3  probe(ttl4/6/8/12)=0/1/1/4 of 20
t=5400  N=5409  holderDeg=3  probe(ttl4/6/8/12)=0/0/0/1 of 20
t=25000  N=25009  holderDeg=301  probe(ttl4/6/8/12)=3/17/20/20 of 20
t=6600  N=6609  holderDeg=3  probe(ttl4/6/8/12)=0/1/1/9 of 20
t=5600  N=5609  holderDeg=3  probe(ttl4/6/8/12)=1/2/1/3 of 20
t=5600  N=5609  holderDeg=3  probe(ttl4/6/8/12)=0/1/1/4 of 20
t=5600  N=5609  holderDeg=3  probe(ttl4/6/8/12)=0/0/2/1 of 20
t=5800  N=5809  holderDeg=3  probe(ttl4/6/8/12)=0/1/3/2 of 20
t=5800  N=5809  holderDeg=3  probe(ttl4/6/8/12)=0/0/1/3 of 20
t=6800  N=6809  holderDeg=3  probe(ttl4/6/8/12)=0/1/5/5 of 20
t=5800  N=5809  holderDeg=3  probe(ttl4/6/8/12)=0/2/3/2 of 20
t=6000  N=6009  holderDeg=3  probe(ttl4/6/8/12)=0/2/0/3 of 20
t=7000  N=7009  holderDeg=3  probe(ttl4/6/8/12)=1/0/2/6 of 20
t=6000  N=6009  holderDeg=3  probe(ttl4/6/8/12)=0/2/2/1 of 20
t=6000  N=6009  holderDeg=3  probe(ttl4/6/8/12)=0/1/2/0 of 20
t=19200  N=19209  holderDeg=168  probe(ttl4/6/8/12)=3/13/20/20 of 20
t=6200  N=6209  holderDeg=3  probe(ttl4/6/8/12)=0/0/3/4 of 20
t=6200  N=6209  holderDeg=3  probe(ttl4/6/8/12)=0/1/0/4 of 20
t=7200  N=7209  holderDeg=3  probe(ttl4/6/8/12)=1/0/2/10 of 20
t=6400  N=6409  holderDeg=3  probe(ttl4/6/8/12)=1/0/1/1 of 20
t=6200  N=6209  holderDeg=5  probe(ttl4/6/8/12)=0/1/4/11 of 20
t=6400  N=6409  holderDeg=3  probe(ttl4/6/8/12)=0/2/5/5 of 20
t=7400  N=7409  holderDeg=3  probe(ttl4/6/8/12)=0/1/2/6 of 20
t=6600  N=6609  holderDeg=3  probe(ttl4/6/8/12)=0/1/3/1 of 20
t=6400  N=6409  holderDeg=7  probe(ttl4/6/8/12)=1/4/9/12 of 20
t=6600  N=6609  holderDeg=9  probe(ttl4/6/8/12)=0/4/11/18 of 20
t=7600  N=7609  holderDeg=5  probe(ttl4/6/8/12)=0/2/4/11 of 20
t=6600  N=6609  holderDeg=3  probe(ttl4/6/8/12)=0/1/3/1 of 20
t=6800  N=6809  holderDeg=3  probe(ttl4/6/8/12)=0/3/2/0 of 20
t=6800  N=6809  holderDeg=11  probe(ttl4/6/8/12)=1/6/15/16 of 20
t=25200  N=25209  holderDeg=303  probe(ttl4/6/8/12)=3/18/20/20 of 20
t=19400  N=19409  holderDeg=171  probe(ttl4/6/8/12)=3/15/20/20 of 20
t=7800  N=7809  holderDeg=7  probe(ttl4/6/8/12)=0/0/8/15 of 20
t=6800  N=6809  holderDeg=3  probe(ttl4/6/8/12)=0/3/3/4 of 20
t=7000  N=7009  holderDeg=3  probe(ttl4/6/8/12)=0/1/4/1 of 20
t=7000  N=7009  holderDeg=15  probe(ttl4/6/8/12)=1/3/15/20 of 20
t=7000  N=7009  holderDeg=3  probe(ttl4/6/8/12)=1/1/3/4 of 20
t=7200  N=7209  holderDeg=17  probe(ttl4/6/8/12)=1/5/13/20 of 20
t=7200  N=7209  holderDeg=3  probe(ttl4/6/8/12)=0/0/1/1 of 20
t=8000  N=8009  holderDeg=9  probe(ttl4/6/8/12)=0/2/11/17 of 20
t=7200  N=7209  holderDeg=3  probe(ttl4/6/8/12)=0/0/3/3 of 20
t=7400  N=7409  holderDeg=20  probe(ttl4/6/8/12)=1/2/11/20 of 20
t=7400  N=7409  holderDeg=3  probe(ttl4/6/8/12)=0/1/2/3 of 20
t=8200  N=8209  holderDeg=11  probe(ttl4/6/8/12)=0/4/8/19 of 20
t=7600  N=7609  holderDeg=22  probe(ttl4/6/8/12)=0/4/18/20 of 20
t=7400  N=7409  holderDeg=3  probe(ttl4/6/8/12)=0/1/0/1 of 20
t=7600  N=7609  holderDeg=3  probe(ttl4/6/8/12)=0/0/1/4 of 20
t=8400  N=8409  holderDeg=13  probe(ttl4/6/8/12)=2/4/9/19 of 20
t=19600  N=19609  holderDeg=174  probe(ttl4/6/8/12)=4/14/20/20 of 20
t=7600  N=7609  holderDeg=3  probe(ttl4/6/8/12)=0/1/0/3 of 20
t=7800  N=7809  holderDeg=24  probe(ttl4/6/8/12)=1/4/17/20 of 20
t=7800  N=7809  holderDeg=3  probe(ttl4/6/8/12)=0/1/2/2 of 20
t=7800  N=7809  holderDeg=3  probe(ttl4/6/8/12)=0/0/0/1 of 20
t=8000  N=8009  holderDeg=29  probe(ttl4/6/8/12)=1/9/17/20 of 20
t=8600  N=8609  holderDeg=15  probe(ttl4/6/8/12)=0/5/12/19 of 20
t=25400  N=25409  holderDeg=306  probe(ttl4/6/8/12)=4/18/20/20 of 20
t=8000  N=8009  holderDeg=3  probe(ttl4/6/8/12)=0/1/1/5 of 20
t=8000  N=8009  holderDeg=3  probe(ttl4/6/8/12)=0/0/0/0 of 20
t=8200  N=8209  holderDeg=31  probe(ttl4/6/8/12)=0/8/16/20 of 20
t=8800  N=8809  holderDeg=17  probe(ttl4/6/8/12)=1/1/16/20 of 20
t=8200  N=8209  holderDeg=3  probe(ttl4/6/8/12)=0/1/0/0 of 20
t=19800  N=19809  holderDeg=176  probe(ttl4/6/8/12)=1/14/20/20 of 20
t=8400  N=8409  holderDeg=33  probe(ttl4/6/8/12)=2/8/16/20 of 20
t=9000  N=9009  holderDeg=19  probe(ttl4/6/8/12)=0/6/10/17 of 20
t=8200  N=8209  holderDeg=3  probe(ttl4/6/8/12)=0/1/4/4 of 20
t=8400  N=8409  holderDeg=3  probe(ttl4/6/8/12)=1/2/1/0 of 20
t=8600  N=8609  holderDeg=35  probe(ttl4/6/8/12)=0/9/17/20 of 20
t=8400  N=8409  holderDeg=3  probe(ttl4/6/8/12)=0/0/2/3 of 20
t=9200  N=9209  holderDeg=21  probe(ttl4/6/8/12)=1/8/15/19 of 20
t=8800  N=8809  holderDeg=38  probe(ttl4/6/8/12)=1/6/18/20 of 20
t=8600  N=8609  holderDeg=3  probe(ttl4/6/8/12)=0/0/1/1 of 20
t=8600  N=8609  holderDeg=3  probe(ttl4/6/8/12)=0/2/1/6 of 20
t=9400  N=9409  holderDeg=23  probe(ttl4/6/8/12)=1/5/12/19 of 20
t=20000  N=20009  holderDeg=178  probe(ttl4/6/8/12)=5/14/20/20 of 20
t=25600  N=25609  holderDeg=309  probe(ttl4/6/8/12)=5/15/20/20 of 20
t=9000  N=9009  holderDeg=42  probe(ttl4/6/8/12)=0/7/17/20 of 20
t=8800  N=8809  holderDeg=3  probe(ttl4/6/8/12)=0/1/3/2 of 20
t=8800  N=8809  holderDeg=3  probe(ttl4/6/8/12)=0/4/0/3 of 20
t=9600  N=9609  holderDeg=26  probe(ttl4/6/8/12)=1/5/13/20 of 20
t=9200  N=9209  holderDeg=45  probe(ttl4/6/8/12)=1/9/18/20 of 20
t=9000  N=9009  holderDeg=3  probe(ttl4/6/8/12)=0/0/0/2 of 20
t=9000  N=9009  holderDeg=3  probe(ttl4/6/8/12)=0/0/1/3 of 20
t=9200  N=9209  holderDeg=3  probe(ttl4/6/8/12)=0/0/1/0 of 20
t=9400  N=9409  holderDeg=47  probe(ttl4/6/8/12)=1/9/19/20 of 20
t=9800  N=9809  holderDeg=29  probe(ttl4/6/8/12)=1/5/16/20 of 20
t=9200  N=9209  holderDeg=3  probe(ttl4/6/8/12)=0/0/2/3 of 20
t=20200  N=20209  holderDeg=181  probe(ttl4/6/8/12)=3/15/20/20 of 20
t=9400  N=9409  holderDeg=3  probe(ttl4/6/8/12)=0/1/1/1 of 20
t=10000  N=10009  holderDeg=31  probe(ttl4/6/8/12)=0/9/17/20 of 20
t=9400  N=9409  holderDeg=3  probe(ttl4/6/8/12)=0/0/5/4 of 20
t=9600  N=9609  holderDeg=49  probe(ttl4/6/8/12)=2/7/18/20 of 20
t=9600  N=9609  holderDeg=3  probe(ttl4/6/8/12)=0/0/2/0 of 20
t=25800  N=25809  holderDeg=313  probe(ttl4/6/8/12)=4/15/20/20 of 20
t=9800  N=9809  holderDeg=51  probe(ttl4/6/8/12)=1/16/19/20 of 20
t=10200  N=10209  holderDeg=33  probe(ttl4/6/8/12)=1/8/18/20 of 20
t=9800  N=9809  holderDeg=3  probe(ttl4/6/8/12)=0/0/0/0 of 20
t=10000  N=10009  holderDeg=54  probe(ttl4/6/8/12)=2/8/18/20 of 20
t=9600  N=9609  holderDeg=3  probe(ttl4/6/8/12)=0/0/6/1 of 20
t=20400  N=20409  holderDeg=184  probe(ttl4/6/8/12)=1/12/19/20 of 20
t=10400  N=10409  holderDeg=35  probe(ttl4/6/8/12)=1/10/16/20 of 20
t=10200  N=10209  holderDeg=56  probe(ttl4/6/8/12)=2/9/20/20 of 20
t=9800  N=9809  holderDeg=3  probe(ttl4/6/8/12)=0/1/1/3 of 20
t=10600  N=10609  holderDeg=38  probe(ttl4/6/8/12)=1/9/16/20 of 20
t=10000  N=10009  holderDeg=3  probe(ttl4/6/8/12)=0/0/0/2 of 20
t=10000  N=10009  holderDeg=3  probe(ttl4/6/8/12)=0/0/1/4 of 20
t=10400  N=10409  holderDeg=59  probe(ttl4/6/8/12)=3/9/20/20 of 20
t=10800  N=10809  holderDeg=40  probe(ttl4/6/8/12)=3/7/19/20 of 20
t=26000  N=26009  holderDeg=317  probe(ttl4/6/8/12)=2/17/20/20 of 20
t=10200  N=10209  holderDeg=3  probe(ttl4/6/8/12)=0/0/0/0 of 20
t=20600  N=20609  holderDeg=187  probe(ttl4/6/8/12)=5/9/20/20 of 20
t=10600  N=10609  holderDeg=62  probe(ttl4/6/8/12)=4/7/20/20 of 20
t=10200  N=10209  holderDeg=3  probe(ttl4/6/8/12)=0/0/0/3 of 20
t=11000  N=11009  holderDeg=42  probe(ttl4/6/8/12)=2/6/17/20 of 20
t=10400  N=10409  holderDeg=3  probe(ttl4/6/8/12)=0/1/0/5 of 20
t=10400  N=10409  holderDeg=3  probe(ttl4/6/8/12)=0/1/3/5 of 20
t=11200  N=11209  holderDeg=45  probe(ttl4/6/8/12)=2/9/19/20 of 20
t=10800  N=10809  holderDeg=64  probe(ttl4/6/8/12)=3/7/20/20 of 20
t=10600  N=10609  holderDeg=3  probe(ttl4/6/8/12)=0/3/2/2 of 20
t=10600  N=10609  holderDeg=3  probe(ttl4/6/8/12)=0/0/0/6 of 20
t=11400  N=11409  holderDeg=48  probe(ttl4/6/8/12)=2/11/17/20 of 20
t=11000  N=11009  holderDeg=66  probe(ttl4/6/8/12)=0/8/18/20 of 20
t=20800  N=20809  holderDeg=191  probe(ttl4/6/8/12)=5/16/20/20 of 20
t=10800  N=10809  holderDeg=3  probe(ttl4/6/8/12)=0/0/3/5 of 20
t=10800  N=10809  holderDeg=3  probe(ttl4/6/8/12)=0/0/2/1 of 20
t=11200  N=11209  holderDeg=70  probe(ttl4/6/8/12)=3/12/19/20 of 20
t=11600  N=11609  holderDeg=50  probe(ttl4/6/8/12)=1/11/19/20 of 20
t=11000  N=11009  holderDeg=3  probe(ttl4/6/8/12)=0/0/1/3 of 20
t=11400  N=11409  holderDeg=72  probe(ttl4/6/8/12)=5/8/19/20 of 20
t=26200  N=26209  holderDeg=319  probe(ttl4/6/8/12)=2/14/20/20 of 20
t=11800  N=11809  holderDeg=52  probe(ttl4/6/8/12)=1/10/18/20 of 20
t=11200  N=11209  holderDeg=3  probe(ttl4/6/8/12)=0/0/0/3 of 20
t=11000  N=11009  holderDeg=3  probe(ttl4/6/8/12)=0/0/4/11 of 20
t=21000  N=21009  holderDeg=194  probe(ttl4/6/8/12)=1/13/20/20 of 20
t=12000  N=12009  holderDeg=54  probe(ttl4/6/8/12)=1/9/17/20 of 20
t=11200  N=11209  holderDeg=3  probe(ttl4/6/8/12)=0/0/4/8 of 20
t=11400  N=11409  holderDeg=3  probe(ttl4/6/8/12)=1/0/0/3 of 20
t=11600  N=11609  holderDeg=76  probe(ttl4/6/8/12)=4/11/20/20 of 20
t=11400  N=11409  holderDeg=3  probe(ttl4/6/8/12)=0/0/4/11 of 20
t=11600  N=11609  holderDeg=3  probe(ttl4/6/8/12)=0/0/2/2 of 20
t=12200  N=12209  holderDeg=56  probe(ttl4/6/8/12)=3/10/20/20 of 20
t=26400  N=26409  holderDeg=323  probe(ttl4/6/8/12)=4/11/20/20 of 20
t=11800  N=11809  holderDeg=78  probe(ttl4/6/8/12)=0/11/20/20 of 20
t=11600  N=11609  holderDeg=3  probe(ttl4/6/8/12)=0/0/4/6 of 20
t=11800  N=11809  holderDeg=3  probe(ttl4/6/8/12)=0/0/2/2 of 20
t=21200  N=21209  holderDeg=197  probe(ttl4/6/8/12)=5/13/20/20 of 20
t=12000  N=12009  holderDeg=80  probe(ttl4/6/8/12)=1/11/20/20 of 20
t=12000  N=12009  holderDeg=3  probe(ttl4/6/8/12)=1/0/2/3 of 20
t=11800  N=11809  holderDeg=3  probe(ttl4/6/8/12)=0/0/3/7 of 20
t=12400  N=12409  holderDeg=58  probe(ttl4/6/8/12)=2/9/19/20 of 20
t=12200  N=12209  holderDeg=3  probe(ttl4/6/8/12)=0/0/3/3 of 20
t=12000  N=12009  holderDeg=3  probe(ttl4/6/8/12)=1/0/2/4 of 20
t=12200  N=12209  holderDeg=82  probe(ttl4/6/8/12)=1/8/20/20 of 20
t=12600  N=12609  holderDeg=60  probe(ttl4/6/8/12)=2/11/17/20 of 20
t=26600  N=26609  holderDeg=325  probe(ttl4/6/8/12)=4/18/20/20 of 20
t=12400  N=12409  holderDeg=3  probe(ttl4/6/8/12)=0/0/0/1 of 20
t=12200  N=12209  holderDeg=3  probe(ttl4/6/8/12)=1/2/3/5 of 20
t=21400  N=21409  holderDeg=201  probe(ttl4/6/8/12)=3/14/20/20 of 20
t=12800  N=12809  holderDeg=63  probe(ttl4/6/8/12)=1/8/19/20 of 20
t=12400  N=12409  holderDeg=3  probe(ttl4/6/8/12)=2/0/5/5 of 20
t=12400  N=12409  holderDeg=85  probe(ttl4/6/8/12)=1/12/20/20 of 20
t=12600  N=12609  holderDeg=3  probe(ttl4/6/8/12)=0/1/3/2 of 20
t=13000  N=13009  holderDeg=66  probe(ttl4/6/8/12)=0/13/20/20 of 20
t=12600  N=12609  holderDeg=3  probe(ttl4/6/8/12)=1/1/3/3 of 20
t=12800  N=12809  holderDeg=3  probe(ttl4/6/8/12)=0/0/3/2 of 20
t=12600  N=12609  holderDeg=87  probe(ttl4/6/8/12)=3/14/20/20 of 20
t=13200  N=13209  holderDeg=68  probe(ttl4/6/8/12)=1/11/19/20 of 20
t=21600  N=21609  holderDeg=204  probe(ttl4/6/8/12)=3/15/20/20 of 20
t=26800  N=26809  holderDeg=328  probe(ttl4/6/8/12)=9/16/20/20 of 20
t=12800  N=12809  holderDeg=3  probe(ttl4/6/8/12)=0/0/1/4 of 20
t=13000  N=13009  holderDeg=3  probe(ttl4/6/8/12)=0/1/3/3 of 20
t=12800  N=12809  holderDeg=91  probe(ttl4/6/8/12)=3/11/20/20 of 20
t=13400  N=13409  holderDeg=71  probe(ttl4/6/8/12)=2/12/19/20 of 20
t=13200  N=13209  holderDeg=3  probe(ttl4/6/8/12)=0/1/0/5 of 20
t=13000  N=13009  holderDeg=94  probe(ttl4/6/8/12)=4/13/20/20 of 20
t=13000  N=13009  holderDeg=3  probe(ttl4/6/8/12)=1/0/0/3 of 20
t=13600  N=13609  holderDeg=74  probe(ttl4/6/8/12)=2/13/20/20 of 20
t=13400  N=13409  holderDeg=3  probe(ttl4/6/8/12)=1/1/1/4 of 20
t=21800  N=21809  holderDeg=208  probe(ttl4/6/8/12)=3/16/20/20 of 20
t=13200  N=13209  holderDeg=3  probe(ttl4/6/8/12)=0/0/2/3 of 20
t=13800  N=13809  holderDeg=76  probe(ttl4/6/8/12)=0/13/19/20 of 20
t=27000  N=27009  holderDeg=331  probe(ttl4/6/8/12)=3/16/20/20 of 20
t=13200  N=13209  holderDeg=96  probe(ttl4/6/8/12)=3/7/19/20 of 20
t=14000  N=14009  holderDeg=79  probe(ttl4/6/8/12)=1/8/20/20 of 20
t=13600  N=13609  holderDeg=3  probe(ttl4/6/8/12)=0/1/4/3 of 20
t=22000  N=22009  holderDeg=213  probe(ttl4/6/8/12)=2/14/20/20 of 20
t=13400  N=13409  holderDeg=3  probe(ttl4/6/8/12)=0/0/0/4 of 20
t=13400  N=13409  holderDeg=98  probe(ttl4/6/8/12)=2/11/19/20 of 20
t=14200  N=14209  holderDeg=81  probe(ttl4/6/8/12)=1/12/20/20 of 20
t=13600  N=13609  holderDeg=3  probe(ttl4/6/8/12)=0/1/3/5 of 20

 Growing has been completed
*********************************************************************

t=27200  N=27209  holderDeg=334  probe(ttl4/6/8/12)=6/16/20/20 of 20

================ rulek  seed=7  (Pp=100 Pd=0 Pt=25000 rewire=True k=5 c=2 eps=0,02 qmax=0,2 N=10000 theta=6 crash=0 shape=0 multi=1 randrw=0 oracle=False fixedthr=0 rules=1 cooper=False dmax=160 mu=1 noscale=False) ================
t=200  N=209  holderDeg=-1  probe(ttl4/6/8/12)=0/0/0/0 of 20
t=13600  N=13609  holderDeg=101  probe(ttl4/6/8/12)=2/11/20/20 of 20
t=400  N=409  holderDeg=-1  probe(ttl4/6/8/12)=0/0/0/0 of 20
t=600  N=609  holderDeg=-1  probe(ttl4/6/8/12)=0/0/0/0 of 20
t=800  N=809  holderDeg=-1  probe(ttl4/6/8/12)=0/0/0/0 of 20
t=1000  N=1009  holderDeg=-1  probe(ttl4/6/8/12)=0/0/0/0 of 20
t=1200  N=1209  holderDeg=-1  probe(ttl4/6/8/12)=0/0/0/0 of 20
t=1400  N=1409  holderDeg=-1  probe(ttl4/6/8/12)=0/0/0/0 of 20
t=1600  N=1609  holderDeg=-1  probe(ttl4/6/8/12)=0/0/0/0 of 20
t=1800  N=1809  holderDeg=-1  probe(ttl4/6/8/12)=0/0/0/0 of 20
t=2000  N=2009  holderDeg=-1  probe(ttl4/6/8/12)=0/0/0/0 of 20
t=22200  N=22209  holderDeg=217  probe(ttl4/6/8/12)=1/17/20/20 of 20
t=2200  N=2209  holderDeg=-1  probe(ttl4/6/8/12)=0/0/0/0 of 20
t=13800  N=13809  holderDeg=3  probe(ttl4/6/8/12)=0/1/1/3 of 20
t=2400  N=2409  holderDeg=-1  probe(ttl4/6/8/12)=0/0/0/0 of 20
t=13800  N=13809  holderDeg=3  probe(ttl4/6/8/12)=0/0/2/2 of 20
t=2600  N=2609  holderDeg=-1  probe(ttl4/6/8/12)=0/0/0/0 of 20
t=2800  N=2809  holderDeg=3  probe(ttl4/6/8/12)=0/2/5/13 of 20
t=3000  N=3009  holderDeg=3  probe(ttl4/6/8/12)=0/4/12/12 of 20
t=13800  N=13809  holderDeg=105  probe(ttl4/6/8/12)=1/10/20/20 of 20
t=3200  N=3209  holderDeg=3  probe(ttl4/6/8/12)=0/0/8/14 of 20
t=3400  N=3409  holderDeg=3  probe(ttl4/6/8/12)=0/4/9/14 of 20
t=14000  N=14009  holderDeg=3  probe(ttl4/6/8/12)=1/2/3/1 of 20
t=3600  N=3609  holderDeg=3  probe(ttl4/6/8/12)=0/1/7/11 of 20
t=27400  N=27409  holderDeg=337  probe(ttl4/6/8/12)=3/19/20/20 of 20
t=3800  N=3809  holderDeg=3  probe(ttl4/6/8/12)=2/2/5/9 of 20
t=14000  N=14009  holderDeg=108  probe(ttl4/6/8/12)=1/12/20/20 of 20
t=14000  N=14009  holderDeg=3  probe(ttl4/6/8/12)=0/1/2/1 of 20
t=4000  N=4009  holderDeg=3  probe(ttl4/6/8/12)=1/1/3/12 of 20
t=4200  N=4209  holderDeg=3  probe(ttl4/6/8/12)=0/1/7/14 of 20
t=14200  N=14209  holderDeg=3  probe(ttl4/6/8/12)=0/0/1/4 of 20

 Growing has been completed
*********************************************************************


 Growing has been completed
*********************************************************************

t=22400  N=22409  holderDeg=220  probe(ttl4/6/8/12)=3/14/20/20 of 20
t=4400  N=4409  holderDeg=3  probe(ttl4/6/8/12)=0/0/5/13 of 20

================ rulec  seed=7  (Pp=100 Pd=0 Pt=25000 rewire=True k=5 c=2 eps=0,02 qmax=0,2 N=10000 theta=6 crash=0 shape=0 multi=1 randrw=0 oracle=False fixedthr=0 rules=2 cooper=False dmax=160 mu=1 noscale=False) ================
t=200  N=209  holderDeg=-1  probe(ttl4/6/8/12)=0/0/0/0 of 20

================ rulel  seed=7  (Pp=100 Pd=0 Pt=25000 rewire=True k=5 c=2 eps=0,02 qmax=0,2 N=10000 theta=6 crash=0 shape=0 multi=1 randrw=0 oracle=False fixedthr=0 rules=4 cooper=False dmax=160 mu=1 noscale=False) ================
t=400  N=409  holderDeg=-1  probe(ttl4/6/8/12)=0/0/0/0 of 20
t=14200  N=14209  holderDeg=110  probe(ttl4/6/8/12)=2/13/19/20 of 20
t=200  N=209  holderDeg=-1  probe(ttl4/6/8/12)=0/0/0/0 of 20
t=600  N=609  holderDeg=-1  probe(ttl4/6/8/12)=0/0/0/0 of 20
t=400  N=409  holderDeg=-1  probe(ttl4/6/8/12)=0/0/0/0 of 20
t=600  N=609  holderDeg=-1  probe(ttl4/6/8/12)=0/0/0/0 of 20
t=800  N=809  holderDeg=-1  probe(ttl4/6/8/12)=0/0/0/0 of 20
t=1000  N=1009  holderDeg=-1  probe(ttl4/6/8/12)=0/0/0/0 of 20
t=800  N=809  holderDeg=-1  probe(ttl4/6/8/12)=0/0/0/0 of 20
t=1000  N=1009  holderDeg=-1  probe(ttl4/6/8/12)=0/0/0/0 of 20
t=1200  N=1209  holderDeg=-1  probe(ttl4/6/8/12)=0/0/0/0 of 20
t=4600  N=4609  holderDeg=3  probe(ttl4/6/8/12)=0/4/10/8 of 20
t=1200  N=1209  holderDeg=-1  probe(ttl4/6/8/12)=0/0/0/0 of 20
t=1400  N=1409  holderDeg=-1  probe(ttl4/6/8/12)=0/0/0/0 of 20
t=1600  N=1609  holderDeg=-1  probe(ttl4/6/8/12)=0/0/0/0 of 20
t=4800  N=4809  holderDeg=3  probe(ttl4/6/8/12)=0/2/7/8 of 20
t=1800  N=1809  holderDeg=-1  probe(ttl4/6/8/12)=0/0/0/0 of 20
t=1400  N=1409  holderDeg=-1  probe(ttl4/6/8/12)=0/0/0/0 of 20
t=1600  N=1609  holderDeg=-1  probe(ttl4/6/8/12)=0/0/0/0 of 20
t=2000  N=2009  holderDeg=-1  probe(ttl4/6/8/12)=0/0/0/0 of 20
t=5000  N=5009  holderDeg=3  probe(ttl4/6/8/12)=0/0/7/14 of 20
t=1800  N=1809  holderDeg=-1  probe(ttl4/6/8/12)=0/0/0/0 of 20
t=2200  N=2209  holderDeg=-1  probe(ttl4/6/8/12)=0/0/0/0 of 20
t=14400  N=14409  holderDeg=112  probe(ttl4/6/8/12)=4/10/20/20 of 20
t=5200  N=5209  holderDeg=3  probe(ttl4/6/8/12)=1/4/6/10 of 20
t=2000  N=2009  holderDeg=-1  probe(ttl4/6/8/12)=0/0/0/0 of 20
t=2400  N=2409  holderDeg=-1  probe(ttl4/6/8/12)=0/0/0/0 of 20
t=2200  N=2209  holderDeg=-1  probe(ttl4/6/8/12)=0/0/0/0 of 20
t=2600  N=2609  holderDeg=-1  probe(ttl4/6/8/12)=0/0/0/0 of 20
t=27600  N=27609  holderDeg=341  probe(ttl4/6/8/12)=9/17/20/20 of 20
t=2400  N=2409  holderDeg=-1  probe(ttl4/6/8/12)=0/0/0/0 of 20
t=5400  N=5409  holderDeg=3  probe(ttl4/6/8/12)=0/1/6/10 of 20
t=2800  N=2809  holderDeg=-1  probe(ttl4/6/8/12)=0/0/0/0 of 20
t=22600  N=22609  holderDeg=222  probe(ttl4/6/8/12)=4/12/20/20 of 20
t=2600  N=2609  holderDeg=-1  probe(ttl4/6/8/12)=0/0/0/0 of 20
t=3000  N=3009  holderDeg=3  probe(ttl4/6/8/12)=0/2/8/14 of 20
t=5600  N=5609  holderDeg=3  probe(ttl4/6/8/12)=1/2/3/7 of 20
t=2800  N=2809  holderDeg=-1  probe(ttl4/6/8/12)=0/0/0/0 of 20
t=3200  N=3209  holderDeg=3  probe(ttl4/6/8/12)=0/3/8/15 of 20
t=3000  N=3009  holderDeg=3  probe(ttl4/6/8/12)=0/3/3/12 of 20
t=3400  N=3409  holderDeg=3  probe(ttl4/6/8/12)=0/0/4/13 of 20
t=3200  N=3209  holderDeg=3  probe(ttl4/6/8/12)=0/3/7/13 of 20
t=14600  N=14609  holderDeg=114  probe(ttl4/6/8/12)=5/12/20/20 of 20
t=5800  N=5809  holderDeg=3  probe(ttl4/6/8/12)=0/2/8/9 of 20
t=3400  N=3409  holderDeg=3  probe(ttl4/6/8/12)=0/1/10/8 of 20
t=3600  N=3609  holderDeg=3  probe(ttl4/6/8/12)=0/2/9/14 of 20
t=3600  N=3609  holderDeg=3  probe(ttl4/6/8/12)=0/2/6/8 of 20
t=6000  N=6009  holderDeg=3  probe(ttl4/6/8/12)=1/3/4/9 of 20
t=3800  N=3809  holderDeg=3  probe(ttl4/6/8/12)=0/2/3/6 of 20
t=3800  N=3809  holderDeg=3  probe(ttl4/6/8/12)=0/1/5/8 of 20
t=4000  N=4009  holderDeg=3  probe(ttl4/6/8/12)=0/5/6/9 of 20
t=6200  N=6209  holderDeg=3  probe(ttl4/6/8/12)=0/2/1/9 of 20
t=4000  N=4009  holderDeg=3  probe(ttl4/6/8/12)=0/2/3/8 of 20
t=4200  N=4209  holderDeg=3  probe(ttl4/6/8/12)=0/1/5/9 of 20
t=22800  N=22809  holderDeg=226  probe(ttl4/6/8/12)=3/13/20/20 of 20
t=4200  N=4209  holderDeg=3  probe(ttl4/6/8/12)=0/1/4/11 of 20
t=6400  N=6409  holderDeg=5  probe(ttl4/6/8/12)=0/0/8/18 of 20
t=4400  N=4409  holderDeg=3  probe(ttl4/6/8/12)=0/4/5/7 of 20
t=4400  N=4409  holderDeg=3  probe(ttl4/6/8/12)=0/1/8/14 of 20
t=4600  N=4609  holderDeg=3  probe(ttl4/6/8/12)=1/2/4/11 of 20
t=4600  N=4609  holderDeg=3  probe(ttl4/6/8/12)=0/1/4/11 of 20
t=6600  N=6609  holderDeg=8  probe(ttl4/6/8/12)=0/2/10/18 of 20
t=14800  N=14809  holderDeg=116  probe(ttl4/6/8/12)=3/14/19/20 of 20
t=27800  N=27809  holderDeg=345  probe(ttl4/6/8/12)=5/18/20/20 of 20
t=4800  N=4809  holderDeg=3  probe(ttl4/6/8/12)=0/1/2/6 of 20
t=4800  N=4809  holderDeg=3  probe(ttl4/6/8/12)=1/0/6/14 of 20
t=5000  N=5009  holderDeg=3  probe(ttl4/6/8/12)=0/5/5/13 of 20
t=5000  N=5009  holderDeg=3  probe(ttl4/6/8/12)=0/1/2/10 of 20
t=5200  N=5209  holderDeg=3  probe(ttl4/6/8/12)=0/1/4/13 of 20
t=6800  N=6809  holderDeg=10  probe(ttl4/6/8/12)=0/6/10/17 of 20
t=5200  N=5209  holderDeg=5  probe(ttl4/6/8/12)=0/1/5/11 of 20
t=15000  N=15009  holderDeg=118  probe(ttl4/6/8/12)=2/13/20/20 of 20
t=5400  N=5409  holderDeg=7  probe(ttl4/6/8/12)=0/4/9/9 of 20
t=7000  N=7009  holderDeg=12  probe(ttl4/6/8/12)=0/2/18/20 of 20
t=5400  N=5409  holderDeg=3  probe(ttl4/6/8/12)=0/2/2/12 of 20
t=5600  N=5609  holderDeg=9  probe(ttl4/6/8/12)=0/3/7/12 of 20
t=5600  N=5609  holderDeg=3  probe(ttl4/6/8/12)=0/2/3/11 of 20
t=23000  N=23009  holderDeg=229  probe(ttl4/6/8/12)=4/15/20/20 of 20
t=5800  N=5809  holderDeg=11  probe(ttl4/6/8/12)=0/4/11/16 of 20
t=7200  N=7209  holderDeg=14  probe(ttl4/6/8/12)=1/6/13/20 of 20
t=5800  N=5809  holderDeg=5  probe(ttl4/6/8/12)=3/2/13/15 of 20
t=6000  N=6009  holderDeg=13  probe(ttl4/6/8/12)=2/4/11/20 of 20
t=15200  N=15209  holderDeg=120  probe(ttl4/6/8/12)=4/13/20/20 of 20
t=7400  N=7409  holderDeg=17  probe(ttl4/6/8/12)=0/6/16/20 of 20
t=6000  N=6009  holderDeg=7  probe(ttl4/6/8/12)=0/1/8/15 of 20
t=7600  N=7609  holderDeg=19  probe(ttl4/6/8/12)=0/9/14/20 of 20
t=6200  N=6209  holderDeg=15  probe(ttl4/6/8/12)=2/4/11/18 of 20
t=28000  N=28009  holderDeg=349  probe(ttl4/6/8/12)=2/17/20/20 of 20
t=6200  N=6209  holderDeg=10  probe(ttl4/6/8/12)=1/6/8/18 of 20
t=6400  N=6409  holderDeg=17  probe(ttl4/6/8/12)=0/4/11/20 of 20
t=7800  N=7809  holderDeg=21  probe(ttl4/6/8/12)=1/6/14/19 of 20
t=15400  N=15409  holderDeg=123  probe(ttl4/6/8/12)=3/9/20/20 of 20
t=6400  N=6409  holderDeg=12  probe(ttl4/6/8/12)=2/5/15/18 of 20
t=6600  N=6609  holderDeg=21  probe(ttl4/6/8/12)=0/5/18/20 of 20
t=8000  N=8009  holderDeg=23  probe(ttl4/6/8/12)=1/5/13/20 of 20
t=6600  N=6609  holderDeg=14  probe(ttl4/6/8/12)=1/4/14/20 of 20
t=6800  N=6809  holderDeg=23  probe(ttl4/6/8/12)=0/7/12/17 of 20
t=8200  N=8209  holderDeg=27  probe(ttl4/6/8/12)=0/5/17/20 of 20
t=6800  N=6809  holderDeg=16  probe(ttl4/6/8/12)=0/7/14/20 of 20
t=15600  N=15609  holderDeg=127  probe(ttl4/6/8/12)=4/9/20/20 of 20
t=7000  N=7009  holderDeg=25  probe(ttl4/6/8/12)=1/10/16/20 of 20
t=23200  N=23209  holderDeg=232  probe(ttl4/6/8/12)=4/17/20/20 of 20
t=8400  N=8409  holderDeg=29  probe(ttl4/6/8/12)=0/7/17/19 of 20
t=7000  N=7009  holderDeg=19  probe(ttl4/6/8/12)=1/7/17/20 of 20
t=7200  N=7209  holderDeg=27  probe(ttl4/6/8/12)=2/10/18/20 of 20
t=7200  N=7209  holderDeg=22  probe(ttl4/6/8/12)=1/5/16/19 of 20
t=8600  N=8609  holderDeg=33  probe(ttl4/6/8/12)=2/8/19/20 of 20
t=28200  N=28209  holderDeg=351  probe(ttl4/6/8/12)=4/17/20/20 of 20
t=7400  N=7409  holderDeg=29  probe(ttl4/6/8/12)=2/2/16/20 of 20
t=15800  N=15809  holderDeg=130  probe(ttl4/6/8/12)=2/16/20/20 of 20
t=8800  N=8809  holderDeg=35  probe(ttl4/6/8/12)=1/4/18/20 of 20
t=7400  N=7409  holderDeg=25  probe(ttl4/6/8/12)=0/10/18/20 of 20
t=7600  N=7609  holderDeg=31  probe(ttl4/6/8/12)=4/9/15/20 of 20
t=7800  N=7809  holderDeg=34  probe(ttl4/6/8/12)=0/12/17/20 of 20
t=9000  N=9009  holderDeg=38  probe(ttl4/6/8/12)=1/9/18/20 of 20
t=7600  N=7609  holderDeg=29  probe(ttl4/6/8/12)=1/7/19/20 of 20
t=23400  N=23409  holderDeg=237  probe(ttl4/6/8/12)=2/13/20/20 of 20
t=7800  N=7809  holderDeg=31  probe(ttl4/6/8/12)=1/9/19/20 of 20
t=9200  N=9209  holderDeg=40  probe(ttl4/6/8/12)=2/6/18/20 of 20
t=8000  N=8009  holderDeg=37  probe(ttl4/6/8/12)=1/8/19/20 of 20
t=16000  N=16009  holderDeg=132  probe(ttl4/6/8/12)=2/11/20/20 of 20
t=8200  N=8209  holderDeg=40  probe(ttl4/6/8/12)=1/10/20/20 of 20
t=8000  N=8009  holderDeg=34  probe(ttl4/6/8/12)=2/8/19/20 of 20
t=9400  N=9409  holderDeg=42  probe(ttl4/6/8/12)=1/10/19/20 of 20
t=8400  N=8409  holderDeg=42  probe(ttl4/6/8/12)=4/7/18/20 of 20
t=28400  N=28409  holderDeg=353  probe(ttl4/6/8/12)=3/14/20/20 of 20
t=9600  N=9609  holderDeg=44  probe(ttl4/6/8/12)=6/5/17/20 of 20
t=8600  N=8609  holderDeg=45  probe(ttl4/6/8/12)=1/11/19/20 of 20
t=8200  N=8209  holderDeg=36  probe(ttl4/6/8/12)=1/11/19/20 of 20
t=23600  N=23609  holderDeg=241  probe(ttl4/6/8/12)=2/15/20/20 of 20
t=9800  N=9809  holderDeg=47  probe(ttl4/6/8/12)=2/11/19/20 of 20
t=8800  N=8809  holderDeg=48  probe(ttl4/6/8/12)=2/12/18/20 of 20
t=8400  N=8409  holderDeg=38  probe(ttl4/6/8/12)=1/9/20/20 of 20
t=9000  N=9009  holderDeg=50  probe(ttl4/6/8/12)=0/7/18/20 of 20
t=16200  N=16209  holderDeg=136  probe(ttl4/6/8/12)=5/13/20/20 of 20
t=8600  N=8609  holderDeg=40  probe(ttl4/6/8/12)=1/8/19/20 of 20
t=10000  N=10009  holderDeg=50  probe(ttl4/6/8/12)=2/7/19/20 of 20
t=9200  N=9209  holderDeg=54  probe(ttl4/6/8/12)=0/13/19/20 of 20
t=8800  N=8809  holderDeg=43  probe(ttl4/6/8/12)=0/7/15/20 of 20
t=10200  N=10209  holderDeg=53  probe(ttl4/6/8/12)=1/9/19/20 of 20
t=23800  N=23809  holderDeg=243  probe(ttl4/6/8/12)=3/12/20/20 of 20
t=16400  N=16409  holderDeg=139  probe(ttl4/6/8/12)=4/13/20/20 of 20
t=28600  N=28609  holderDeg=356  probe(ttl4/6/8/12)=3/16/20/20 of 20

 Growing has been completed
*********************************************************************


================ fixed005c  seed=7  (Pp=100 Pd=0 Pt=25000 rewire=True k=5 c=2 eps=0,02 qmax=0,2 N=10000 theta=6 crash=0 shape=0 multi=1 randrw=0 oracle=False fixedthr=0,05 rules=1 cooper=False dmax=160 mu=1 noscale=False) ================
t=200  N=209  holderDeg=-1  probe(ttl4/6/8/12)=0/0/0/0 of 20
t=9400  N=9409  holderDeg=56  probe(ttl4/6/8/12)=3/10/20/20 of 20
t=400  N=409  holderDeg=-1  probe(ttl4/6/8/12)=0/0/0/0 of 20
t=600  N=609  holderDeg=-1  probe(ttl4/6/8/12)=0/0/0/0 of 20
t=9000  N=9009  holderDeg=45  probe(ttl4/6/8/12)=1/11/18/20 of 20
t=800  N=809  holderDeg=-1  probe(ttl4/6/8/12)=0/0/0/0 of 20
t=1000  N=1009  holderDeg=-1  probe(ttl4/6/8/12)=0/0/0/0 of 20
t=1200  N=1209  holderDeg=-1  probe(ttl4/6/8/12)=0/0/0/0 of 20
t=1400  N=1409  holderDeg=-1  probe(ttl4/6/8/12)=0/0/0/0 of 20
t=10400  N=10409  holderDeg=56  probe(ttl4/6/8/12)=4/9/20/20 of 20
t=1600  N=1609  holderDeg=-1  probe(ttl4/6/8/12)=0/0/0/0 of 20
t=9600  N=9609  holderDeg=59  probe(ttl4/6/8/12)=2/12/20/20 of 20
t=9200  N=9209  holderDeg=47  probe(ttl4/6/8/12)=3/14/19/20 of 20
t=1800  N=1809  holderDeg=-1  probe(ttl4/6/8/12)=0/0/0/0 of 20
t=2000  N=2009  holderDeg=-1  probe(ttl4/6/8/12)=0/0/0/0 of 20
t=16600  N=16609  holderDeg=143  probe(ttl4/6/8/12)=3/12/20/20 of 20
t=2200  N=2209  holderDeg=-1  probe(ttl4/6/8/12)=0/0/0/0 of 20
t=9400  N=9409  holderDeg=49  probe(ttl4/6/8/12)=0/7/20/20 of 20
t=10600  N=10609  holderDeg=58  probe(ttl4/6/8/12)=5/14/19/20 of 20
t=2400  N=2409  holderDeg=-1  probe(ttl4/6/8/12)=0/0/0/0 of 20
t=2600  N=2609  holderDeg=-1  probe(ttl4/6/8/12)=0/0/0/0 of 20
t=2800  N=2809  holderDeg=-1  probe(ttl4/6/8/12)=0/0/0/0 of 20
t=9800  N=9809  holderDeg=62  probe(ttl4/6/8/12)=2/16/20/20 of 20
t=9600  N=9609  holderDeg=51  probe(ttl4/6/8/12)=2/12/17/20 of 20
t=24000  N=24009  holderDeg=246  probe(ttl4/6/8/12)=6/14/20/20 of 20
t=3000  N=3009  holderDeg=3  probe(ttl4/6/8/12)=0/2/8/14 of 20
t=3200  N=3209  holderDeg=3  probe(ttl4/6/8/12)=0/3/8/15 of 20
t=10800  N=10809  holderDeg=60  probe(ttl4/6/8/12)=1/9/20/20 of 20
t=3400  N=3409  holderDeg=3  probe(ttl4/6/8/12)=0/0/4/13 of 20
t=16800  N=16809  holderDeg=145  probe(ttl4/6/8/12)=4/15/20/20 of 20
t=9800  N=9809  holderDeg=53  probe(ttl4/6/8/12)=0/6/20/20 of 20
t=3600  N=3609  holderDeg=3  probe(ttl4/6/8/12)=0/2/9/14 of 20
t=10000  N=10009  holderDeg=66  probe(ttl4/6/8/12)=2/13/20/20 of 20
t=3800  N=3809  holderDeg=3  probe(ttl4/6/8/12)=0/2/3/6 of 20
t=11000  N=11009  holderDeg=62  probe(ttl4/6/8/12)=1/10/19/20 of 20
t=4000  N=4009  holderDeg=3  probe(ttl4/6/8/12)=0/5/6/9 of 20
t=10000  N=10009  holderDeg=55  probe(ttl4/6/8/12)=2/9/19/20 of 20
t=10200  N=10209  holderDeg=68  probe(ttl4/6/8/12)=2/14/20/20 of 20
t=4200  N=4209  holderDeg=3  probe(ttl4/6/8/12)=0/1/5/9 of 20
t=4400  N=4409  holderDeg=3  probe(ttl4/6/8/12)=0/4/5/7 of 20
t=17000  N=17009  holderDeg=148  probe(ttl4/6/8/12)=4/14/20/20 of 20
t=10200  N=10209  holderDeg=58  probe(ttl4/6/8/12)=1/7/20/20 of 20
t=4600  N=4609  holderDeg=3  probe(ttl4/6/8/12)=1/2/4/11 of 20
t=10400  N=10409  holderDeg=70  probe(ttl4/6/8/12)=3/11/20/20 of 20
t=24200  N=24209  holderDeg=249  probe(ttl4/6/8/12)=5/12/20/20 of 20
t=10400  N=10409  holderDeg=60  probe(ttl4/6/8/12)=1/13/19/20 of 20
t=4800  N=4809  holderDeg=3  probe(ttl4/6/8/12)=0/1/2/6 of 20
t=11200  N=11209  holderDeg=65  probe(ttl4/6/8/12)=2/13/19/20 of 20
t=5000  N=5009  holderDeg=3  probe(ttl4/6/8/12)=0/1/2/10 of 20
t=10600  N=10609  holderDeg=73  probe(ttl4/6/8/12)=2/12/19/20 of 20
t=17200  N=17209  holderDeg=153  probe(ttl4/6/8/12)=4/12/20/20 of 20
t=5200  N=5209  holderDeg=5  probe(ttl4/6/8/12)=0/1/5/11 of 20
t=5400  N=5409  holderDeg=7  probe(ttl4/6/8/12)=0/4/9/9 of 20
t=11400  N=11409  holderDeg=67  probe(ttl4/6/8/12)=2/11/19/20 of 20
t=10800  N=10809  holderDeg=75  probe(ttl4/6/8/12)=1/14/19/20 of 20
t=5600  N=5609  holderDeg=9  probe(ttl4/6/8/12)=0/3/7/12 of 20
t=10600  N=10609  holderDeg=63  probe(ttl4/6/8/12)=5/9/19/20 of 20
t=5800  N=5809  holderDeg=11  probe(ttl4/6/8/12)=0/4/11/16 of 20
t=11000  N=11009  holderDeg=78  probe(ttl4/6/8/12)=7/10/20/20 of 20
t=6000  N=6009  holderDeg=13  probe(ttl4/6/8/12)=0/9/14/18 of 20
t=17400  N=17409  holderDeg=155  probe(ttl4/6/8/12)=1/12/20/20 of 20
t=10800  N=10809  holderDeg=66  probe(ttl4/6/8/12)=2/15/19/20 of 20
t=11600  N=11609  holderDeg=70  probe(ttl4/6/8/12)=3/10/19/20 of 20
t=11200  N=11209  holderDeg=80  probe(ttl4/6/8/12)=1/10/20/20 of 20
t=6200  N=6209  holderDeg=15  probe(ttl4/6/8/12)=1/5/11/19 of 20
t=11000  N=11009  holderDeg=68  probe(ttl4/6/8/12)=2/12/20/20 of 20
t=6400  N=6409  holderDeg=17  probe(ttl4/6/8/12)=1/5/15/18 of 20
t=11400  N=11409  holderDeg=82  probe(ttl4/6/8/12)=3/12/20/20 of 20
t=24400  N=24409  holderDeg=252  probe(ttl4/6/8/12)=3/16/20/20 of 20
t=11800  N=11809  holderDeg=73  probe(ttl4/6/8/12)=2/11/20/20 of 20
t=6600  N=6609  holderDeg=19  probe(ttl4/6/8/12)=0/7/15/19 of 20
t=17600  N=17609  holderDeg=158  probe(ttl4/6/8/12)=3/18/20/20 of 20
t=11200  N=11209  holderDeg=70  probe(ttl4/6/8/12)=3/15/20/20 of 20
t=11600  N=11609  holderDeg=85  probe(ttl4/6/8/12)=6/9/20/20 of 20
t=6800  N=6809  holderDeg=21  probe(ttl4/6/8/12)=0/4/15/19 of 20
t=12000  N=12009  holderDeg=77  probe(ttl4/6/8/12)=0/13/20/20 of 20
t=11400  N=11409  holderDeg=72  probe(ttl4/6/8/12)=2/12/20/20 of 20
t=7000  N=7009  holderDeg=24  probe(ttl4/6/8/12)=3/8/16/20 of 20
t=11800  N=11809  holderDeg=88  probe(ttl4/6/8/12)=2/13/20/20 of 20
t=12200  N=12209  holderDeg=79  probe(ttl4/6/8/12)=3/12/20/20 of 20
t=7200  N=7209  holderDeg=26  probe(ttl4/6/8/12)=1/10/17/19 of 20
t=11600  N=11609  holderDeg=76  probe(ttl4/6/8/12)=0/9/19/20 of 20
t=17800  N=17809  holderDeg=161  probe(ttl4/6/8/12)=3/12/20/20 of 20
t=7400  N=7409  holderDeg=29  probe(ttl4/6/8/12)=2/7/17/20 of 20
t=12000  N=12009  holderDeg=91  probe(ttl4/6/8/12)=5/12/20/20 of 20
t=12400  N=12409  holderDeg=81  probe(ttl4/6/8/12)=2/13/20/20 of 20
t=11800  N=11809  holderDeg=78  probe(ttl4/6/8/12)=2/10/20/20 of 20
t=12200  N=12209  holderDeg=93  probe(ttl4/6/8/12)=3/12/20/20 of 20
t=7600  N=7609  holderDeg=31  probe(ttl4/6/8/12)=1/11/19/20 of 20
t=24600  N=24609  holderDeg=254  probe(ttl4/6/8/12)=6/18/20/20 of 20
t=12600  N=12609  holderDeg=86  probe(ttl4/6/8/12)=3/14/20/20 of 20
t=18000  N=18009  holderDeg=164  probe(ttl4/6/8/12)=4/14/20/20 of 20
t=12000  N=12009  holderDeg=81  probe(ttl4/6/8/12)=3/15/20/20 of 20
t=7800  N=7809  holderDeg=35  probe(ttl4/6/8/12)=1/8/19/20 of 20
t=12400  N=12409  holderDeg=97  probe(ttl4/6/8/12)=7/12/20/20 of 20
t=8000  N=8009  holderDeg=39  probe(ttl4/6/8/12)=2/11/19/20 of 20
t=12800  N=12809  holderDeg=89  probe(ttl4/6/8/12)=0/11/20/20 of 20
t=12200  N=12209  holderDeg=84  probe(ttl4/6/8/12)=1/9/20/20 of 20
t=12600  N=12609  holderDeg=101  probe(ttl4/6/8/12)=3/15/20/20 of 20
t=8200  N=8209  holderDeg=42  probe(ttl4/6/8/12)=1/9/20/20 of 20
t=13000  N=13009  holderDeg=91  probe(ttl4/6/8/12)=1/11/19/20 of 20
t=12400  N=12409  holderDeg=86  probe(ttl4/6/8/12)=1/11/20/20 of 20
t=8400  N=8409  holderDeg=45  probe(ttl4/6/8/12)=3/8/20/20 of 20
t=18200  N=18209  holderDeg=166  probe(ttl4/6/8/12)=6/16/20/20 of 20
t=12800  N=12809  holderDeg=105  probe(ttl4/6/8/12)=5/14/20/20 of 20
t=24800  N=24809  holderDeg=257  probe(ttl4/6/8/12)=5/14/20/20 of 20
t=8600  N=8609  holderDeg=48  probe(ttl4/6/8/12)=2/11/19/20 of 20
t=13200  N=13209  holderDeg=96  probe(ttl4/6/8/12)=4/14/18/20 of 20
t=12600  N=12609  holderDeg=90  probe(ttl4/6/8/12)=3/11/20/20 of 20
t=13000  N=13009  holderDeg=107  probe(ttl4/6/8/12)=7/12/20/20 of 20
t=8800  N=8809  holderDeg=50  probe(ttl4/6/8/12)=3/10/19/20 of 20
t=9000  N=9009  holderDeg=52  probe(ttl4/6/8/12)=2/12/18/20 of 20
t=13200  N=13209  holderDeg=111  probe(ttl4/6/8/12)=4/14/20/20 of 20
t=12800  N=12809  holderDeg=95  probe(ttl4/6/8/12)=5/11/20/20 of 20
t=18400  N=18409  holderDeg=168  probe(ttl4/6/8/12)=2/12/20/20 of 20
t=9200  N=9209  holderDeg=54  probe(ttl4/6/8/12)=4/6/20/20 of 20
t=13400  N=13409  holderDeg=99  probe(ttl4/6/8/12)=0/14/20/20 of 20
t=13400  N=13409  holderDeg=114  probe(ttl4/6/8/12)=1/11/20/20 of 20
t=9400  N=9409  holderDeg=56  probe(ttl4/6/8/12)=2/9/19/20 of 20
t=13000  N=13009  holderDeg=97  probe(ttl4/6/8/12)=3/10/20/20 of 20
t=25000  N=25009  holderDeg=259  probe(ttl4/6/8/12)=3/14/20/20 of 20
t=9600  N=9609  holderDeg=59  probe(ttl4/6/8/12)=5/8/20/20 of 20
t=18600  N=18609  holderDeg=170  probe(ttl4/6/8/12)=2/11/20/20 of 20
t=13600  N=13609  holderDeg=117  probe(ttl4/6/8/12)=5/12/20/20 of 20
t=13600  N=13609  holderDeg=103  probe(ttl4/6/8/12)=5/12/20/20 of 20
t=13200  N=13209  holderDeg=99  probe(ttl4/6/8/12)=2/9/20/20 of 20
t=9800  N=9809  holderDeg=63  probe(ttl4/6/8/12)=3/14/20/20 of 20
t=10000  N=10009  holderDeg=65  probe(ttl4/6/8/12)=2/9/20/20 of 20
t=13800  N=13809  holderDeg=105  probe(ttl4/6/8/12)=1/15/19/20 of 20
t=18800  N=18809  holderDeg=174  probe(ttl4/6/8/12)=3/9/20/20 of 20
t=13800  N=13809  holderDeg=121  probe(ttl4/6/8/12)=5/15/20/20 of 20
t=13400  N=13409  holderDeg=101  probe(ttl4/6/8/12)=4/11/20/20 of 20
t=10200  N=10209  holderDeg=67  probe(ttl4/6/8/12)=4/9/20/20 of 20
t=25200  N=25209  holderDeg=265  probe(ttl4/6/8/12)=7/15/20/20 of 20
t=10400  N=10409  holderDeg=69  probe(ttl4/6/8/12)=0/13/20/20 of 20
t=10600  N=10609  holderDeg=75  probe(ttl4/6/8/12)=3/12/20/20 of 20
t=19000  N=19009  holderDeg=177  probe(ttl4/6/8/12)=4/17/20/20 of 20
t=14000  N=14009  holderDeg=124  probe(ttl4/6/8/12)=4/13/20/20 of 20
t=13600  N=13609  holderDeg=104  probe(ttl4/6/8/12)=2/13/20/20 of 20
t=10800  N=10809  holderDeg=78  probe(ttl4/6/8/12)=2/12/20/20 of 20
t=13800  N=13809  holderDeg=107  probe(ttl4/6/8/12)=3/13/20/20 of 20
t=14000  N=14009  holderDeg=109  probe(ttl4/6/8/12)=8/11/20/20 of 20
t=11000  N=11009  holderDeg=83  probe(ttl4/6/8/12)=3/14/19/20 of 20
t=19200  N=19209  holderDeg=180  probe(ttl4/6/8/12)=4/14/20/20 of 20
t=14200  N=14209  holderDeg=126  probe(ttl4/6/8/12)=1/16/20/20 of 20

 Growing has been completed
*********************************************************************

t=25400  N=25409  holderDeg=272  probe(ttl4/6/8/12)=3/16/20/20 of 20

================ fixed015c  seed=7  (Pp=100 Pd=0 Pt=25000 rewire=True k=5 c=2 eps=0,02 qmax=0,2 N=10000 theta=6 crash=0 shape=0 multi=1 randrw=0 oracle=False fixedthr=0,15 rules=1 cooper=False dmax=160 mu=1 noscale=False) ================
t=200  N=209  holderDeg=-1  probe(ttl4/6/8/12)=0/0/0/0 of 20
t=400  N=409  holderDeg=-1  probe(ttl4/6/8/12)=0/0/0/0 of 20
t=600  N=609  holderDeg=-1  probe(ttl4/6/8/12)=0/0/0/0 of 20

 Growing has been completed
*********************************************************************

t=800  N=809  holderDeg=-1  probe(ttl4/6/8/12)=0/0/0/0 of 20
t=11200  N=11209  holderDeg=87  probe(ttl4/6/8/12)=3/16/20/20 of 20

================ randomrw4  seed=7  (Pp=100 Pd=0 Pt=0 rewire=False k=5 c=2 eps=0,02 qmax=0,2 N=10000 theta=6 crash=0 shape=0 multi=1 randrw=4 oracle=False fixedthr=0 rules=7 cooper=False dmax=160 mu=1 noscale=False) ================
t=1000  N=1009  holderDeg=-1  probe(ttl4/6/8/12)=0/0/0/0 of 20
t=200  N=209  holderDeg=-1  probe(ttl4/6/8/12)=0/0/0/0 of 20
t=400  N=409  holderDeg=-1  probe(ttl4/6/8/12)=0/0/0/0 of 20
t=14000  N=14009  holderDeg=110  probe(ttl4/6/8/12)=0/11/20/20 of 20
t=1200  N=1209  holderDeg=-1  probe(ttl4/6/8/12)=0/0/0/0 of 20
t=600  N=609  holderDeg=-1  probe(ttl4/6/8/12)=0/0/0/0 of 20
t=800  N=809  holderDeg=-1  probe(ttl4/6/8/12)=0/0/0/0 of 20
t=1400  N=1409  holderDeg=-1  probe(ttl4/6/8/12)=0/0/0/0 of 20
t=1000  N=1009  holderDeg=-1  probe(ttl4/6/8/12)=0/0/0/0 of 20
t=1600  N=1609  holderDeg=-1  probe(ttl4/6/8/12)=0/0/0/0 of 20
t=1200  N=1209  holderDeg=-1  probe(ttl4/6/8/12)=0/0/0/0 of 20
t=1400  N=1409  holderDeg=-1  probe(ttl4/6/8/12)=0/0/0/0 of 20
t=1800  N=1809  holderDeg=-1  probe(ttl4/6/8/12)=0/0/0/0 of 20
t=1600  N=1609  holderDeg=-1  probe(ttl4/6/8/12)=0/0/0/0 of 20
t=1800  N=1809  holderDeg=-1  probe(ttl4/6/8/12)=0/0/0/0 of 20
t=2000  N=2009  holderDeg=-1  probe(ttl4/6/8/12)=0/0/0/0 of 20
t=2000  N=2009  holderDeg=-1  probe(ttl4/6/8/12)=0/0/0/0 of 20
t=11400  N=11409  holderDeg=91  probe(ttl4/6/8/12)=3/17/20/20 of 20
t=2200  N=2209  holderDeg=-1  probe(ttl4/6/8/12)=0/0/0/0 of 20
t=2200  N=2209  holderDeg=-1  probe(ttl4/6/8/12)=0/0/0/0 of 20
t=14200  N=14209  holderDeg=112  probe(ttl4/6/8/12)=1/13/20/20 of 20
t=2400  N=2409  holderDeg=-1  probe(ttl4/6/8/12)=0/0/0/0 of 20
t=2400  N=2409  holderDeg=-1  probe(ttl4/6/8/12)=0/0/0/0 of 20
t=2600  N=2609  holderDeg=-1  probe(ttl4/6/8/12)=0/0/0/0 of 20
t=2600  N=2609  holderDeg=-1  probe(ttl4/6/8/12)=0/0/0/0 of 20
t=19400  N=19409  holderDeg=182  probe(ttl4/6/8/12)=1/14/20/20 of 20
t=2800  N=2809  holderDeg=-1  probe(ttl4/6/8/12)=0/0/0/0 of 20

 Growing has been completed
*********************************************************************

t=2800  N=2809  holderDeg=-1  probe(ttl4/6/8/12)=0/0/0/0 of 20
t=3000  N=3009  holderDeg=3  probe(ttl4/6/8/12)=0/2/8/14 of 20
t=3000  N=3009  holderDeg=3  probe(ttl4/6/8/12)=0/1/3/10 of 20

================ nullwl  seed=7  (Pp=100 Pd=0 Pt=25000 rewire=True k=5 c=2 eps=0,02 qmax=0 N=10000 theta=6 crash=0 shape=0 multi=1 randrw=0 oracle=False fixedthr=0 rules=7 cooper=False dmax=160 mu=1 noscale=False) ================
t=25600  N=25609  holderDeg=277  probe(ttl4/6/8/12)=5/15/20/20 of 20
t=200  N=209  holderDeg=-1  probe(ttl4/6/8/12)=0/0/0/0 of 20
t=3200  N=3209  holderDeg=3  probe(ttl4/6/8/12)=0/3/8/15 of 20
t=11600  N=11609  holderDeg=94  probe(ttl4/6/8/12)=3/12/20/20 of 20
t=400  N=409  holderDeg=-1  probe(ttl4/6/8/12)=0/0/0/0 of 20
t=600  N=609  holderDeg=-1  probe(ttl4/6/8/12)=0/0/0/0 of 20
t=3200  N=3209  holderDeg=3  probe(ttl4/6/8/12)=0/1/4/7 of 20
t=3400  N=3409  holderDeg=3  probe(ttl4/6/8/12)=0/0/4/13 of 20
t=800  N=809  holderDeg=-1  probe(ttl4/6/8/12)=0/0/0/0 of 20
t=3400  N=3409  holderDeg=3  probe(ttl4/6/8/12)=0/1/5/6 of 20
t=1000  N=1009  holderDeg=-1  probe(ttl4/6/8/12)=0/0/0/0 of 20
t=3600  N=3609  holderDeg=3  probe(ttl4/6/8/12)=0/2/9/14 of 20
t=1200  N=1209  holderDeg=-1  probe(ttl4/6/8/12)=0/0/0/0 of 20
t=3600  N=3609  holderDeg=3  probe(ttl4/6/8/12)=0/2/4/8 of 20
t=1400  N=1409  holderDeg=-1  probe(ttl4/6/8/12)=0/0/0/0 of 20
t=3800  N=3809  holderDeg=3  probe(ttl4/6/8/12)=0/2/3/6 of 20
t=1600  N=1609  holderDeg=-1  probe(ttl4/6/8/12)=0/0/0/0 of 20
t=3800  N=3809  holderDeg=3  probe(ttl4/6/8/12)=0/2/7/6 of 20
t=1800  N=1809  holderDeg=-1  probe(ttl4/6/8/12)=0/0/0/0 of 20
t=4000  N=4009  holderDeg=3  probe(ttl4/6/8/12)=0/5/6/9 of 20
t=2000  N=2009  holderDeg=-1  probe(ttl4/6/8/12)=0/0/0/0 of 20
t=4000  N=4009  holderDeg=3  probe(ttl4/6/8/12)=0/0/6/5 of 20
t=2200  N=2209  holderDeg=-1  probe(ttl4/6/8/12)=0/0/0/0 of 20
t=11800  N=11809  holderDeg=97  probe(ttl4/6/8/12)=3/16/20/20 of 20
t=4200  N=4209  holderDeg=3  probe(ttl4/6/8/12)=0/1/5/9 of 20
t=2400  N=2409  holderDeg=-1  probe(ttl4/6/8/12)=0/0/0/0 of 20
t=4200  N=4209  holderDeg=3  probe(ttl4/6/8/12)=0/2/5/8 of 20
t=2600  N=2609  holderDeg=-1  probe(ttl4/6/8/12)=0/0/0/0 of 20
t=4400  N=4409  holderDeg=3  probe(ttl4/6/8/12)=0/4/5/7 of 20
t=2800  N=2809  holderDeg=3  probe(ttl4/6/8/12)=0/1/6/6 of 20
t=4400  N=4409  holderDeg=3  probe(ttl4/6/8/12)=1/1/4/7 of 20
t=19600  N=19609  holderDeg=185  probe(ttl4/6/8/12)=0/16/20/20 of 20
t=4600  N=4609  holderDeg=3  probe(ttl4/6/8/12)=1/2/4/11 of 20
t=3000  N=3009  holderDeg=3  probe(ttl4/6/8/12)=0/2/5/9 of 20
t=12000  N=12009  holderDeg=100  probe(ttl4/6/8/12)=3/11/20/20 of 20
t=3200  N=3209  holderDeg=3  probe(ttl4/6/8/12)=1/3/6/7 of 20
t=4800  N=4809  holderDeg=3  probe(ttl4/6/8/12)=0/1/2/6 of 20
t=4600  N=4609  holderDeg=3  probe(ttl4/6/8/12)=0/1/4/8 of 20
t=3400  N=3409  holderDeg=3  probe(ttl4/6/8/12)=2/2/3/4 of 20
t=25800  N=25809  holderDeg=280  probe(ttl4/6/8/12)=3/13/20/20 of 20
t=4800  N=4809  holderDeg=3  probe(ttl4/6/8/12)=0/1/6/5 of 20
t=5000  N=5009  holderDeg=3  probe(ttl4/6/8/12)=0/1/2/10 of 20
t=3600  N=3609  holderDeg=3  probe(ttl4/6/8/12)=0/1/5/13 of 20
t=3800  N=3809  holderDeg=3  probe(ttl4/6/8/12)=0/1/3/8 of 20
t=5000  N=5009  holderDeg=3  probe(ttl4/6/8/12)=0/2/2/5 of 20
t=5200  N=5209  holderDeg=3  probe(ttl4/6/8/12)=0/0/4/11 of 20
t=12200  N=12209  holderDeg=102  probe(ttl4/6/8/12)=6/15/20/20 of 20
t=4000  N=4009  holderDeg=3  probe(ttl4/6/8/12)=0/3/7/8 of 20
t=5200  N=5209  holderDeg=3  probe(ttl4/6/8/12)=0/2/5/9 of 20
t=5400  N=5409  holderDeg=3  probe(ttl4/6/8/12)=0/1/5/9 of 20
t=4200  N=4209  holderDeg=3  probe(ttl4/6/8/12)=0/0/4/6 of 20
t=5400  N=5409  holderDeg=3  probe(ttl4/6/8/12)=1/3/4/6 of 20
t=5600  N=5609  holderDeg=3  probe(ttl4/6/8/12)=0/3/5/8 of 20
t=19800  N=19809  holderDeg=188  probe(ttl4/6/8/12)=4/15/20/20 of 20
t=4400  N=4409  holderDeg=3  probe(ttl4/6/8/12)=0/1/6/5 of 20
t=5800  N=5809  holderDeg=3  probe(ttl4/6/8/12)=0/0/6/4 of 20
t=12400  N=12409  holderDeg=107  probe(ttl4/6/8/12)=2/16/20/20 of 20
t=5600  N=5609  holderDeg=3  probe(ttl4/6/8/12)=0/0/5/2 of 20
t=4600  N=4609  holderDeg=3  probe(ttl4/6/8/12)=0/0/5/7 of 20
t=6000  N=6009  holderDeg=3  probe(ttl4/6/8/12)=0/1/2/5 of 20
t=5800  N=5809  holderDeg=3  probe(ttl4/6/8/12)=0/1/1/6 of 20
t=4800  N=4809  holderDeg=3  probe(ttl4/6/8/12)=0/1/3/5 of 20
t=6200  N=6209  holderDeg=3  probe(ttl4/6/8/12)=0/0/3/7 of 20
t=5000  N=5009  holderDeg=3  probe(ttl4/6/8/12)=1/1/2/5 of 20
t=12600  N=12609  holderDeg=110  probe(ttl4/6/8/12)=2/13/20/20 of 20
t=6400  N=6409  holderDeg=3  probe(ttl4/6/8/12)=0/2/0/5 of 20
t=6000  N=6009  holderDeg=3  probe(ttl4/6/8/12)=0/2/3/5 of 20
t=5200  N=5209  holderDeg=3  probe(ttl4/6/8/12)=0/0/2/3 of 20
t=6600  N=6609  holderDeg=3  probe(ttl4/6/8/12)=0/0/2/4 of 20
t=6200  N=6209  holderDeg=3  probe(ttl4/6/8/12)=0/0/4/5 of 20
t=26000  N=26009  holderDeg=283  probe(ttl4/6/8/12)=5/15/20/20 of 20
t=5400  N=5409  holderDeg=3  probe(ttl4/6/8/12)=0/1/2/5 of 20
t=20000  N=20009  holderDeg=191  probe(ttl4/6/8/12)=4/15/20/20 of 20
t=12800  N=12809  holderDeg=112  probe(ttl4/6/8/12)=2/13/20/20 of 20
t=6400  N=6409  holderDeg=3  probe(ttl4/6/8/12)=0/0/2/5 of 20
t=6800  N=6809  holderDeg=5  probe(ttl4/6/8/12)=0/1/7/13 of 20
t=5600  N=5609  holderDeg=3  probe(ttl4/6/8/12)=0/4/4/7 of 20
t=5800  N=5809  holderDeg=3  probe(ttl4/6/8/12)=0/1/7/8 of 20
t=7000  N=7009  holderDeg=7  probe(ttl4/6/8/12)=0/3/11/16 of 20
t=6600  N=6609  holderDeg=3  probe(ttl4/6/8/12)=0/2/3/4 of 20
t=6000  N=6009  holderDeg=3  probe(ttl4/6/8/12)=0/1/3/11 of 20
t=7200  N=7209  holderDeg=9  probe(ttl4/6/8/12)=0/2/13/20 of 20
t=6800  N=6809  holderDeg=3  probe(ttl4/6/8/12)=0/1/8/4 of 20
t=13000  N=13009  holderDeg=116  probe(ttl4/6/8/12)=6/15/20/20 of 20
t=20200  N=20209  holderDeg=199  probe(ttl4/6/8/12)=0/12/20/20 of 20
t=6200  N=6209  holderDeg=3  probe(ttl4/6/8/12)=1/2/3/8 of 20
t=7000  N=7009  holderDeg=3  probe(ttl4/6/8/12)=0/0/5/5 of 20
t=7400  N=7409  holderDeg=11  probe(ttl4/6/8/12)=0/1/12/18 of 20
t=6400  N=6409  holderDeg=3  probe(ttl4/6/8/12)=0/0/3/9 of 20
t=7200  N=7209  holderDeg=3  probe(ttl4/6/8/12)=0/1/2/6 of 20
t=13200  N=13209  holderDeg=119  probe(ttl4/6/8/12)=4/11/20/20 of 20
t=7600  N=7609  holderDeg=13  probe(ttl4/6/8/12)=1/4/11/19 of 20
t=6600  N=6609  holderDeg=3  probe(ttl4/6/8/12)=0/1/8/15 of 20
t=7400  N=7409  holderDeg=3  probe(ttl4/6/8/12)=0/1/2/5 of 20
t=7800  N=7809  holderDeg=15  probe(ttl4/6/8/12)=0/6/9/16 of 20
t=6800  N=6809  holderDeg=3  probe(ttl4/6/8/12)=1/1/3/8 of 20
t=7600  N=7609  holderDeg=3  probe(ttl4/6/8/12)=0/0/0/4 of 20
t=7800  N=7809  holderDeg=3  probe(ttl4/6/8/12)=0/1/4/8 of 20
t=7000  N=7009  holderDeg=3  probe(ttl4/6/8/12)=0/0/3/14 of 20
t=13400  N=13409  holderDeg=121  probe(ttl4/6/8/12)=4/13/20/20 of 20
t=8000  N=8009  holderDeg=17  probe(ttl4/6/8/12)=0/9/12/18 of 20
t=7200  N=7209  holderDeg=3  probe(ttl4/6/8/12)=0/2/2/14 of 20
t=8000  N=8009  holderDeg=3  probe(ttl4/6/8/12)=0/0/2/2 of 20
t=8200  N=8209  holderDeg=19  probe(ttl4/6/8/12)=3/8/14/19 of 20
t=26200  N=26209  holderDeg=287  probe(ttl4/6/8/12)=2/14/20/20 of 20
t=7400  N=7409  holderDeg=3  probe(ttl4/6/8/12)=0/0/4/13 of 20
t=8200  N=8209  holderDeg=3  probe(ttl4/6/8/12)=0/3/2/3 of 20
t=20400  N=20409  holderDeg=201  probe(ttl4/6/8/12)=0/17/20/20 of 20
t=13600  N=13609  holderDeg=125  probe(ttl4/6/8/12)=1/16/20/20 of 20
t=8400  N=8409  holderDeg=21  probe(ttl4/6/8/12)=0/8/17/20 of 20
t=7600  N=7609  holderDeg=3  probe(ttl4/6/8/12)=0/3/6/10 of 20
t=8400  N=8409  holderDeg=3  probe(ttl4/6/8/12)=0/1/2/3 of 20
t=8600  N=8609  holderDeg=24  probe(ttl4/6/8/12)=2/6/14/20 of 20
t=7800  N=7809  holderDeg=3  probe(ttl4/6/8/12)=0/1/3/10 of 20
t=13800  N=13809  holderDeg=127  probe(ttl4/6/8/12)=3/14/20/20 of 20
t=8800  N=8809  holderDeg=26  probe(ttl4/6/8/12)=1/5/15/20 of 20
t=8000  N=8009  holderDeg=3  probe(ttl4/6/8/12)=0/0/6/4 of 20
t=8600  N=8609  holderDeg=3  probe(ttl4/6/8/12)=0/2/5/3 of 20
t=9000  N=9009  holderDeg=28  probe(ttl4/6/8/12)=0/3/17/19 of 20
t=14000  N=14009  holderDeg=130  probe(ttl4/6/8/12)=2/16/20/20 of 20
t=20600  N=20609  holderDeg=203  probe(ttl4/6/8/12)=3/15/20/20 of 20
t=8200  N=8209  holderDeg=3  probe(ttl4/6/8/12)=0/2/5/10 of 20
t=8800  N=8809  holderDeg=3  probe(ttl4/6/8/12)=0/0/5/4 of 20
t=26400  N=26409  holderDeg=290  probe(ttl4/6/8/12)=4/11/20/20 of 20
t=9200  N=9209  holderDeg=31  probe(ttl4/6/8/12)=0/9/19/20 of 20
t=8400  N=8409  holderDeg=3  probe(ttl4/6/8/12)=0/1/4/5 of 20
t=9000  N=9009  holderDeg=3  probe(ttl4/6/8/12)=0/1/2/3 of 20
t=14200  N=14209  holderDeg=133  probe(ttl4/6/8/12)=1/18/20/20 of 20
t=9400  N=9409  holderDeg=33  probe(ttl4/6/8/12)=1/5/16/19 of 20
t=8600  N=8609  holderDeg=3  probe(ttl4/6/8/12)=0/0/2/8 of 20
t=9600  N=9609  holderDeg=35  probe(ttl4/6/8/12)=1/8/17/20 of 20
t=9200  N=9209  holderDeg=3  probe(ttl4/6/8/12)=0/0/2/3 of 20
t=20800  N=20809  holderDeg=205  probe(ttl4/6/8/12)=4/16/20/20 of 20

 Growing has been completed
*********************************************************************


================ trendfx-n20000  seed=7  (Pp=100 Pd=0 Pt=25000 rewire=True k=5 c=2 eps=0,02 qmax=0,2 N=20000 theta=6 crash=0 shape=0 multi=1 randrw=0 oracle=False fixedthr=0 rules=7 cooper=False dmax=160 mu=1 noscale=True) ================
t=200  N=209  holderDeg=-1  probe(ttl4/6/8/12)=0/0/0/0 of 20
t=400  N=409  holderDeg=-1  probe(ttl4/6/8/12)=0/0/0/0 of 20
t=600  N=609  holderDeg=-1  probe(ttl4/6/8/12)=0/0/0/0 of 20
t=9800  N=9809  holderDeg=37  probe(ttl4/6/8/12)=1/9/18/20 of 20
t=8800  N=8809  holderDeg=3  probe(ttl4/6/8/12)=0/2/2/10 of 20
t=800  N=809  holderDeg=-1  probe(ttl4/6/8/12)=0/0/0/0 of 20
t=9400  N=9409  holderDeg=3  probe(ttl4/6/8/12)=0/0/1/1 of 20
t=1000  N=1009  holderDeg=-1  probe(ttl4/6/8/12)=0/0/0/0 of 20
t=1200  N=1209  holderDeg=-1  probe(ttl4/6/8/12)=0/0/0/0 of 20
t=1400  N=1409  holderDeg=-1  probe(ttl4/6/8/12)=0/0/0/0 of 20
t=1600  N=1609  holderDeg=-1  probe(ttl4/6/8/12)=0/0/0/0 of 20
t=9000  N=9009  holderDeg=3  probe(ttl4/6/8/12)=0/2/0/8 of 20
t=10000  N=10009  holderDeg=39  probe(ttl4/6/8/12)=2/6/14/20 of 20
t=1800  N=1809  holderDeg=-1  probe(ttl4/6/8/12)=0/0/0/0 of 20
t=2000  N=2009  holderDeg=-1  probe(ttl4/6/8/12)=0/0/0/0 of 20
t=2200  N=2209  holderDeg=-1  probe(ttl4/6/8/12)=0/0/0/0 of 20
t=2400  N=2409  holderDeg=-1  probe(ttl4/6/8/12)=0/0/0/0 of 20
t=9600  N=9609  holderDeg=3  probe(ttl4/6/8/12)=1/0/1/2 of 20
t=2600  N=2609  holderDeg=-1  probe(ttl4/6/8/12)=0/0/0/0 of 20
t=10200  N=10209  holderDeg=41  probe(ttl4/6/8/12)=1/6/18/20 of 20
t=2800  N=2809  holderDeg=3  probe(ttl4/6/8/12)=0/2/4/9 of 20
t=9200  N=9209  holderDeg=3  probe(ttl4/6/8/12)=0/0/4/11 of 20
t=26600  N=26609  holderDeg=293  probe(ttl4/6/8/12)=4/17/20/20 of 20
t=21000  N=21009  holderDeg=208  probe(ttl4/6/8/12)=7/16/20/20 of 20
t=3000  N=3009  holderDeg=3  probe(ttl4/6/8/12)=1/5/4/6 of 20
t=9800  N=9809  holderDeg=3  probe(ttl4/6/8/12)=0/1/5/6 of 20
t=9400  N=9409  holderDeg=3  probe(ttl4/6/8/12)=0/1/3/9 of 20
t=3200  N=3209  holderDeg=3  probe(ttl4/6/8/12)=0/2/8/5 of 20
t=10400  N=10409  holderDeg=44  probe(ttl4/6/8/12)=1/9/18/20 of 20
t=3400  N=3409  holderDeg=3  probe(ttl4/6/8/12)=0/2/5/11 of 20
t=3600  N=3609  holderDeg=3  probe(ttl4/6/8/12)=0/2/9/9 of 20
t=10000  N=10009  holderDeg=3  probe(ttl4/6/8/12)=0/0/1/3 of 20
t=10600  N=10609  holderDeg=46  probe(ttl4/6/8/12)=2/8/16/20 of 20
t=3800  N=3809  holderDeg=3  probe(ttl4/6/8/12)=0/0/7/9 of 20
t=4000  N=4009  holderDeg=3  probe(ttl4/6/8/12)=0/0/3/6 of 20
t=9600  N=9609  holderDeg=3  probe(ttl4/6/8/12)=0/0/5/8 of 20
t=4200  N=4209  holderDeg=3  probe(ttl4/6/8/12)=0/2/5/5 of 20
t=10200  N=10209  holderDeg=3  probe(ttl4/6/8/12)=0/0/2/4 of 20
t=4400  N=4409  holderDeg=3  probe(ttl4/6/8/12)=0/1/4/4 of 20
t=4600  N=4609  holderDeg=3  probe(ttl4/6/8/12)=1/2/5/3 of 20
t=10400  N=10409  holderDeg=3  probe(ttl4/6/8/12)=0/0/3/7 of 20
t=4800  N=4809  holderDeg=3  probe(ttl4/6/8/12)=0/0/3/7 of 20
t=9800  N=9809  holderDeg=3  probe(ttl4/6/8/12)=0/3/2/14 of 20
t=26800  N=26809  holderDeg=296  probe(ttl4/6/8/12)=3/16/20/20 of 20
t=21200  N=21209  holderDeg=211  probe(ttl4/6/8/12)=2/18/20/20 of 20
t=10800  N=10809  holderDeg=49  probe(ttl4/6/8/12)=1/10/17/20 of 20
t=5000  N=5009  holderDeg=3  probe(ttl4/6/8/12)=0/1/2/9 of 20
t=11000  N=11009  holderDeg=51  probe(ttl4/6/8/12)=1/8/19/20 of 20
t=10600  N=10609  holderDeg=3  probe(ttl4/6/8/12)=0/1/1/5 of 20
t=10000  N=10009  holderDeg=3  probe(ttl4/6/8/12)=0/1/4/7 of 20
t=5200  N=5209  holderDeg=3  probe(ttl4/6/8/12)=0/1/1/4 of 20
t=5400  N=5409  holderDeg=3  probe(ttl4/6/8/12)=0/2/5/8 of 20
t=11200  N=11209  holderDeg=54  probe(ttl4/6/8/12)=5/4/18/20 of 20
t=10800  N=10809  holderDeg=3  probe(ttl4/6/8/12)=0/1/1/5 of 20
t=5600  N=5609  holderDeg=3  probe(ttl4/6/8/12)=0/1/5/7 of 20
t=10200  N=10209  holderDeg=3  probe(ttl4/6/8/12)=0/1/3/10 of 20
t=5800  N=5809  holderDeg=3  probe(ttl4/6/8/12)=0/1/2/2 of 20
t=11000  N=11009  holderDeg=3  probe(ttl4/6/8/12)=0/0/4/3 of 20
t=11400  N=11409  holderDeg=56  probe(ttl4/6/8/12)=2/8/16/20 of 20
t=21400  N=21409  holderDeg=214  probe(ttl4/6/8/12)=7/17/20/20 of 20
t=10400  N=10409  holderDeg=3  probe(ttl4/6/8/12)=0/0/2/8 of 20
t=6000  N=6009  holderDeg=3  probe(ttl4/6/8/12)=0/1/3/5 of 20
t=27000  N=27009  holderDeg=300  probe(ttl4/6/8/12)=7/12/20/20 of 20
t=10600  N=10609  holderDeg=3  probe(ttl4/6/8/12)=0/1/3/7 of 20
t=11200  N=11209  holderDeg=3  probe(ttl4/6/8/12)=0/0/2/5 of 20
t=6200  N=6209  holderDeg=3  probe(ttl4/6/8/12)=0/0/3/3 of 20
t=11600  N=11609  holderDeg=59  probe(ttl4/6/8/12)=2/13/19/20 of 20
t=6400  N=6409  holderDeg=3  probe(ttl4/6/8/12)=0/3/3/7 of 20
t=10800  N=10809  holderDeg=3  probe(ttl4/6/8/12)=0/1/1/11 of 20
t=11400  N=11409  holderDeg=3  probe(ttl4/6/8/12)=0/0/1/3 of 20
t=6600  N=6609  holderDeg=5  probe(ttl4/6/8/12)=0/3/4/6 of 20
t=11800  N=11809  holderDeg=62  probe(ttl4/6/8/12)=3/9/20/20 of 20
t=6800  N=6809  holderDeg=7  probe(ttl4/6/8/12)=0/3/9/10 of 20
t=11600  N=11609  holderDeg=3  probe(ttl4/6/8/12)=0/2/4/3 of 20
t=11000  N=11009  holderDeg=3  probe(ttl4/6/8/12)=0/0/4/12 of 20
t=21600  N=21609  holderDeg=216  probe(ttl4/6/8/12)=2/17/20/20 of 20
t=7000  N=7009  holderDeg=10  probe(ttl4/6/8/12)=1/6/8/15 of 20
t=11200  N=11209  holderDeg=3  probe(ttl4/6/8/12)=0/1/4/5 of 20
t=12000  N=12009  holderDeg=65  probe(ttl4/6/8/12)=1/11/20/20 of 20
t=7200  N=7209  holderDeg=12  probe(ttl4/6/8/12)=0/3/13/16 of 20
t=27200  N=27209  holderDeg=303  probe(ttl4/6/8/12)=3/17/20/20 of 20
t=11800  N=11809  holderDeg=3  probe(ttl4/6/8/12)=0/0/1/8 of 20
t=11400  N=11409  holderDeg=3  probe(ttl4/6/8/12)=1/0/4/5 of 20
t=7400  N=7409  holderDeg=14  probe(ttl4/6/8/12)=0/4/13/18 of 20
t=12200  N=12209  holderDeg=67  probe(ttl4/6/8/12)=5/9/20/20 of 20
t=21800  N=21809  holderDeg=219  probe(ttl4/6/8/12)=3/12/20/20 of 20
t=7600  N=7609  holderDeg=16  probe(ttl4/6/8/12)=3/2/14/17 of 20
t=12000  N=12009  holderDeg=3  probe(ttl4/6/8/12)=0/0/1/7 of 20
t=11600  N=11609  holderDeg=3  probe(ttl4/6/8/12)=0/1/1/5 of 20
t=12400  N=12409  holderDeg=71  probe(ttl4/6/8/12)=1/11/20/20 of 20
t=7800  N=7809  holderDeg=20  probe(ttl4/6/8/12)=2/5/16/20 of 20
t=12200  N=12209  holderDeg=3  probe(ttl4/6/8/12)=0/1/4/9 of 20
t=8000  N=8009  holderDeg=23  probe(ttl4/6/8/12)=1/4/15/19 of 20
t=11800  N=11809  holderDeg=3  probe(ttl4/6/8/12)=0/1/0/2 of 20
t=12600  N=12609  holderDeg=74  probe(ttl4/6/8/12)=0/6/20/20 of 20
t=8200  N=8209  holderDeg=25  probe(ttl4/6/8/12)=1/4/16/20 of 20
t=12400  N=12409  holderDeg=3  probe(ttl4/6/8/12)=0/3/2/9 of 20
t=12000  N=12009  holderDeg=3  probe(ttl4/6/8/12)=0/0/2/8 of 20
t=22000  N=22009  holderDeg=221  probe(ttl4/6/8/12)=5/16/20/20 of 20
t=27400  N=27409  holderDeg=307  probe(ttl4/6/8/12)=2/15/20/20 of 20
t=8400  N=8409  holderDeg=27  probe(ttl4/6/8/12)=2/8/17/20 of 20
t=12800  N=12809  holderDeg=79  probe(ttl4/6/8/12)=4/9/20/20 of 20
t=12600  N=12609  holderDeg=3  probe(ttl4/6/8/12)=0/0/2/9 of 20
t=8600  N=8609  holderDeg=31  probe(ttl4/6/8/12)=3/5/19/20 of 20
t=12200  N=12209  holderDeg=3  probe(ttl4/6/8/12)=0/1/2/8 of 20
t=13000  N=13009  holderDeg=82  probe(ttl4/6/8/12)=1/10/19/20 of 20
t=8800  N=8809  holderDeg=33  probe(ttl4/6/8/12)=2/7/18/20 of 20
t=12800  N=12809  holderDeg=3  probe(ttl4/6/8/12)=0/0/2/4 of 20
t=12400  N=12409  holderDeg=3  probe(ttl4/6/8/12)=0/1/2/2 of 20
t=9000  N=9009  holderDeg=35  probe(ttl4/6/8/12)=1/6/18/20 of 20
t=9200  N=9209  holderDeg=38  probe(ttl4/6/8/12)=1/7/16/20 of 20
t=13200  N=13209  holderDeg=84  probe(ttl4/6/8/12)=3/11/20/20 of 20
t=13000  N=13009  holderDeg=3  probe(ttl4/6/8/12)=0/0/2/5 of 20
t=12600  N=12609  holderDeg=3  probe(ttl4/6/8/12)=0/1/2/5 of 20
t=9400  N=9409  holderDeg=41  probe(ttl4/6/8/12)=0/9/17/20 of 20
t=22200  N=22209  holderDeg=224  probe(ttl4/6/8/12)=3/13/20/20 of 20
t=13400  N=13409  holderDeg=87  probe(ttl4/6/8/12)=1/10/20/20 of 20
t=9600  N=9609  holderDeg=43  probe(ttl4/6/8/12)=2/10/20/20 of 20
t=12800  N=12809  holderDeg=3  probe(ttl4/6/8/12)=0/1/5/7 of 20
t=13200  N=13209  holderDeg=3  probe(ttl4/6/8/12)=0/3/5/3 of 20
t=9800  N=9809  holderDeg=46  probe(ttl4/6/8/12)=1/9/16/20 of 20
t=13600  N=13609  holderDeg=90  probe(ttl4/6/8/12)=3/13/20/20 of 20
t=10000  N=10009  holderDeg=48  probe(ttl4/6/8/12)=1/10/17/20 of 20
t=13400  N=13409  holderDeg=3  probe(ttl4/6/8/12)=0/2/3/4 of 20
t=13000  N=13009  holderDeg=3  probe(ttl4/6/8/12)=0/0/2/3 of 20
t=10200  N=10209  holderDeg=50  probe(ttl4/6/8/12)=1/7/19/20 of 20
t=13800  N=13809  holderDeg=92  probe(ttl4/6/8/12)=1/14/20/20 of 20
t=22400  N=22409  holderDeg=227  probe(ttl4/6/8/12)=3/14/20/20 of 20
t=13200  N=13209  holderDeg=3  probe(ttl4/6/8/12)=0/0/3/3 of 20
t=13600  N=13609  holderDeg=3  probe(ttl4/6/8/12)=0/0/3/5 of 20
t=10400  N=10409  holderDeg=54  probe(ttl4/6/8/12)=5/12/19/20 of 20
t=14000  N=14009  holderDeg=94  probe(ttl4/6/8/12)=1/10/20/20 of 20
t=13800  N=13809  holderDeg=3  probe(ttl4/6/8/12)=0/0/4/5 of 20
t=10600  N=10609  holderDeg=57  probe(ttl4/6/8/12)=2/15/20/20 of 20
t=27600  N=27609  holderDeg=312  probe(ttl4/6/8/12)=3/12/20/20 of 20
t=13400  N=13409  holderDeg=3  probe(ttl4/6/8/12)=0/1/1/0 of 20
t=14200  N=14209  holderDeg=96  probe(ttl4/6/8/12)=2/14/20/20 of 20

 Growing has been completed
*********************************************************************

t=10800  N=10809  holderDeg=59  probe(ttl4/6/8/12)=3/9/20/20 of 20

================ rulek  seed=8  (Pp=100 Pd=0 Pt=25000 rewire=True k=5 c=2 eps=0,02 qmax=0,2 N=10000 theta=6 crash=0 shape=0 multi=1 randrw=0 oracle=False fixedthr=0 rules=1 cooper=False dmax=160 mu=1 noscale=False) ================
t=200  N=209  holderDeg=-1  probe(ttl4/6/8/12)=0/0/0/0 of 20
t=22600  N=22609  holderDeg=230  probe(ttl4/6/8/12)=4/12/20/20 of 20
t=400  N=409  holderDeg=-1  probe(ttl4/6/8/12)=0/0/0/0 of 20
t=14000  N=14009  holderDeg=3  probe(ttl4/6/8/12)=0/0/5/7 of 20
t=600  N=609  holderDeg=-1  probe(ttl4/6/8/12)=0/0/0/0 of 20
t=800  N=809  holderDeg=-1  probe(ttl4/6/8/12)=0/0/0/0 of 20
t=13600  N=13609  holderDeg=3  probe(ttl4/6/8/12)=0/1/0/2 of 20
t=1000  N=1009  holderDeg=-1  probe(ttl4/6/8/12)=0/0/0/0 of 20
t=1200  N=1209  holderDeg=-1  probe(ttl4/6/8/12)=0/0/0/0 of 20
t=1400  N=1409  holderDeg=-1  probe(ttl4/6/8/12)=0/0/0/0 of 20
t=11000  N=11009  holderDeg=65  probe(ttl4/6/8/12)=3/10/20/20 of 20
t=1600  N=1609  holderDeg=-1  probe(ttl4/6/8/12)=0/0/0/0 of 20
t=1800  N=1809  holderDeg=-1  probe(ttl4/6/8/12)=0/0/0/0 of 20
t=2000  N=2009  holderDeg=-1  probe(ttl4/6/8/12)=0/0/0/0 of 20
t=2200  N=2209  holderDeg=-1  probe(ttl4/6/8/12)=0/0/0/0 of 20
t=14200  N=14209  holderDeg=3  probe(ttl4/6/8/12)=0/1/2/9 of 20
t=2400  N=2409  holderDeg=-1  probe(ttl4/6/8/12)=0/0/0/0 of 20
t=11200  N=11209  holderDeg=67  probe(ttl4/6/8/12)=2/12/20/20 of 20
t=2600  N=2609  holderDeg=-1  probe(ttl4/6/8/12)=0/0/0/0 of 20
t=13800  N=13809  holderDeg=3  probe(ttl4/6/8/12)=0/2/0/4 of 20
t=2800  N=2809  holderDeg=-1  probe(ttl4/6/8/12)=0/0/0/0 of 20

 Growing has been completed
*********************************************************************

t=3000  N=3009  holderDeg=3  probe(ttl4/6/8/12)=1/1/8/8 of 20

================ rulec  seed=8  (Pp=100 Pd=0 Pt=25000 rewire=True k=5 c=2 eps=0,02 qmax=0,2 N=10000 theta=6 crash=0 shape=0 multi=1 randrw=0 oracle=False fixedthr=0 rules=2 cooper=False dmax=160 mu=1 noscale=False) ================
t=200  N=209  holderDeg=-1  probe(ttl4/6/8/12)=0/0/0/0 of 20
t=400  N=409  holderDeg=-1  probe(ttl4/6/8/12)=0/0/0/0 of 20
t=3200  N=3209  holderDeg=3  probe(ttl4/6/8/12)=0/1/7/8 of 20
t=600  N=609  holderDeg=-1  probe(ttl4/6/8/12)=0/0/0/0 of 20
t=800  N=809  holderDeg=-1  probe(ttl4/6/8/12)=0/0/0/0 of 20
t=3400  N=3409  holderDeg=3  probe(ttl4/6/8/12)=0/0/8/8 of 20
t=1000  N=1009  holderDeg=-1  probe(ttl4/6/8/12)=0/0/0/0 of 20
t=1200  N=1209  holderDeg=-1  probe(ttl4/6/8/12)=0/0/0/0 of 20
t=3600  N=3609  holderDeg=3  probe(ttl4/6/8/12)=0/4/7/7 of 20
t=1400  N=1409  holderDeg=-1  probe(ttl4/6/8/12)=0/0/0/0 of 20
t=14000  N=14009  holderDeg=3  probe(ttl4/6/8/12)=0/1/0/8 of 20
t=3800  N=3809  holderDeg=3  probe(ttl4/6/8/12)=0/1/7/8 of 20
t=1600  N=1609  holderDeg=-1  probe(ttl4/6/8/12)=0/0/0/0 of 20
t=22800  N=22809  holderDeg=233  probe(ttl4/6/8/12)=5/16/20/20 of 20
t=1800  N=1809  holderDeg=-1  probe(ttl4/6/8/12)=0/0/0/0 of 20
t=11400  N=11409  holderDeg=69  probe(ttl4/6/8/12)=0/11/20/20 of 20
t=2000  N=2009  holderDeg=-1  probe(ttl4/6/8/12)=0/0/0/0 of 20
t=4000  N=4009  holderDeg=3  probe(ttl4/6/8/12)=0/1/3/5 of 20
t=2200  N=2209  holderDeg=-1  probe(ttl4/6/8/12)=0/0/0/0 of 20
t=27800  N=27809  holderDeg=316  probe(ttl4/6/8/12)=5/16/20/20 of 20
t=2400  N=2409  holderDeg=-1  probe(ttl4/6/8/12)=0/0/0/0 of 20
t=4200  N=4209  holderDeg=3  probe(ttl4/6/8/12)=0/0/7/10 of 20
t=2600  N=2609  holderDeg=-1  probe(ttl4/6/8/12)=0/0/0/0 of 20

 Growing has been completed
*********************************************************************

t=4400  N=4409  holderDeg=3  probe(ttl4/6/8/12)=0/2/5/8 of 20

================ rulel  seed=8  (Pp=100 Pd=0 Pt=25000 rewire=True k=5 c=2 eps=0,02 qmax=0,2 N=10000 theta=6 crash=0 shape=0 multi=1 randrw=0 oracle=False fixedthr=0 rules=4 cooper=False dmax=160 mu=1 noscale=False) ================
t=2800  N=2809  holderDeg=-1  probe(ttl4/6/8/12)=0/0/0/0 of 20
t=200  N=209  holderDeg=-1  probe(ttl4/6/8/12)=0/0/0/0 of 20
t=400  N=409  holderDeg=-1  probe(ttl4/6/8/12)=0/0/0/0 of 20
t=600  N=609  holderDeg=-1  probe(ttl4/6/8/12)=0/0/0/0 of 20
t=4600  N=4609  holderDeg=3  probe(ttl4/6/8/12)=0/1/0/7 of 20
t=3000  N=3009  holderDeg=3  probe(ttl4/6/8/12)=0/5/3/15 of 20
t=11600  N=11609  holderDeg=72  probe(ttl4/6/8/12)=1/8/20/20 of 20
t=800  N=809  holderDeg=-1  probe(ttl4/6/8/12)=0/0/0/0 of 20
t=1000  N=1009  holderDeg=-1  probe(ttl4/6/8/12)=0/0/0/0 of 20
t=3200  N=3209  holderDeg=3  probe(ttl4/6/8/12)=1/2/9/16 of 20
t=4800  N=4809  holderDeg=3  probe(ttl4/6/8/12)=0/3/4/8 of 20
t=1200  N=1209  holderDeg=-1  probe(ttl4/6/8/12)=0/0/0/0 of 20
t=1400  N=1409  holderDeg=-1  probe(ttl4/6/8/12)=0/0/0/0 of 20
t=3400  N=3409  holderDeg=3  probe(ttl4/6/8/12)=1/1/6/14 of 20
t=1600  N=1609  holderDeg=-1  probe(ttl4/6/8/12)=0/0/0/0 of 20
t=1800  N=1809  holderDeg=-1  probe(ttl4/6/8/12)=0/0/0/0 of 20
t=5000  N=5009  holderDeg=3  probe(ttl4/6/8/12)=0/3/4/7 of 20
t=2000  N=2009  holderDeg=-1  probe(ttl4/6/8/12)=0/0/0/0 of 20
t=3600  N=3609  holderDeg=3  probe(ttl4/6/8/12)=0/3/7/19 of 20
t=2200  N=2209  holderDeg=-1  probe(ttl4/6/8/12)=0/0/0/0 of 20
t=5200  N=5209  holderDeg=3  probe(ttl4/6/8/12)=0/1/2/3 of 20
t=11800  N=11809  holderDeg=77  probe(ttl4/6/8/12)=1/11/20/20 of 20
t=3800  N=3809  holderDeg=3  probe(ttl4/6/8/12)=0/6/1/14 of 20
t=2400  N=2409  holderDeg=-1  probe(ttl4/6/8/12)=0/0/0/0 of 20
t=5400  N=5409  holderDeg=3  probe(ttl4/6/8/12)=0/1/8/6 of 20
t=2600  N=2609  holderDeg=-1  probe(ttl4/6/8/12)=0/0/0/0 of 20
t=4000  N=4009  holderDeg=3  probe(ttl4/6/8/12)=0/3/7/14 of 20
t=23000  N=23009  holderDeg=236  probe(ttl4/6/8/12)=2/16/20/20 of 20
t=2800  N=2809  holderDeg=-1  probe(ttl4/6/8/12)=0/0/0/0 of 20
t=4200  N=4209  holderDeg=3  probe(ttl4/6/8/12)=0/2/12/15 of 20
t=5600  N=5609  holderDeg=3  probe(ttl4/6/8/12)=0/3/4/6 of 20
t=3000  N=3009  holderDeg=3  probe(ttl4/6/8/12)=1/4/9/18 of 20
t=4400  N=4409  holderDeg=3  probe(ttl4/6/8/12)=0/2/6/13 of 20
t=3200  N=3209  holderDeg=3  probe(ttl4/6/8/12)=0/3/6/12 of 20
t=5800  N=5809  holderDeg=3  probe(ttl4/6/8/12)=0/1/2/7 of 20
t=3400  N=3409  holderDeg=3  probe(ttl4/6/8/12)=0/4/8/8 of 20
t=3600  N=3609  holderDeg=3  probe(ttl4/6/8/12)=0/2/5/8 of 20
t=4600  N=4609  holderDeg=3  probe(ttl4/6/8/12)=0/1/3/16 of 20
t=6000  N=6009  holderDeg=3  probe(ttl4/6/8/12)=0/0/4/7 of 20
t=28000  N=28009  holderDeg=320  probe(ttl4/6/8/12)=5/16/20/20 of 20
t=3800  N=3809  holderDeg=3  probe(ttl4/6/8/12)=0/5/7/7 of 20
t=4800  N=4809  holderDeg=3  probe(ttl4/6/8/12)=0/2/6/11 of 20
t=12000  N=12009  holderDeg=79  probe(ttl4/6/8/12)=4/11/19/20 of 20
t=4000  N=4009  holderDeg=3  probe(ttl4/6/8/12)=1/4/6/9 of 20
t=6200  N=6209  holderDeg=3  probe(ttl4/6/8/12)=0/0/4/8 of 20
t=5000  N=5009  holderDeg=3  probe(ttl4/6/8/12)=0/1/7/15 of 20
t=4200  N=4209  holderDeg=3  probe(ttl4/6/8/12)=0/4/5/8 of 20
t=6400  N=6409  holderDeg=5  probe(ttl4/6/8/12)=0/0/1/12 of 20
t=5200  N=5209  holderDeg=3  probe(ttl4/6/8/12)=0/1/8/14 of 20
t=4400  N=4409  holderDeg=3  probe(ttl4/6/8/12)=0/0/4/5 of 20
t=23200  N=23209  holderDeg=239  probe(ttl4/6/8/12)=5/17/20/20 of 20
t=5400  N=5409  holderDeg=3  probe(ttl4/6/8/12)=0/1/4/16 of 20
t=12200  N=12209  holderDeg=83  probe(ttl4/6/8/12)=4/13/20/20 of 20
t=4600  N=4609  holderDeg=3  probe(ttl4/6/8/12)=0/7/6/11 of 20
t=6600  N=6609  holderDeg=7  probe(ttl4/6/8/12)=0/5/11/13 of 20
t=5600  N=5609  holderDeg=3  probe(ttl4/6/8/12)=0/1/2/7 of 20
t=4800  N=4809  holderDeg=3  probe(ttl4/6/8/12)=0/1/5/8 of 20
t=5800  N=5809  holderDeg=3  probe(ttl4/6/8/12)=0/1/3/4 of 20
t=6800  N=6809  holderDeg=10  probe(ttl4/6/8/12)=0/3/15/17 of 20
t=5000  N=5009  holderDeg=3  probe(ttl4/6/8/12)=0/3/4/9 of 20
t=12400  N=12409  holderDeg=85  probe(ttl4/6/8/12)=3/14/20/20 of 20
t=6000  N=6009  holderDeg=3  probe(ttl4/6/8/12)=0/0/7/5 of 20
t=5200  N=5209  holderDeg=3  probe(ttl4/6/8/12)=0/0/5/8 of 20
t=7000  N=7009  holderDeg=12  probe(ttl4/6/8/12)=0/6/15/18 of 20
t=6200  N=6209  holderDeg=3  probe(ttl4/6/8/12)=1/0/3/10 of 20
t=5400  N=5409  holderDeg=3  probe(ttl4/6/8/12)=1/0/6/9 of 20
t=7200  N=7209  holderDeg=16  probe(ttl4/6/8/12)=1/6/17/20 of 20
t=12600  N=12609  holderDeg=88  probe(ttl4/6/8/12)=1/13/20/20 of 20
t=5600  N=5609  holderDeg=3  probe(ttl4/6/8/12)=1/1/9/5 of 20
t=6400  N=6409  holderDeg=3  probe(ttl4/6/8/12)=0/0/1/8 of 20
t=7400  N=7409  holderDeg=19  probe(ttl4/6/8/12)=1/7/15/20 of 20
t=28200  N=28209  holderDeg=322  probe(ttl4/6/8/12)=3/15/20/20 of 20
t=6600  N=6609  holderDeg=3  probe(ttl4/6/8/12)=0/1/1/8 of 20
t=5800  N=5809  holderDeg=3  probe(ttl4/6/8/12)=0/0/3/8 of 20
t=23400  N=23409  holderDeg=243  probe(ttl4/6/8/12)=4/20/20/20 of 20
t=6000  N=6009  holderDeg=3  probe(ttl4/6/8/12)=0/1/0/7 of 20
t=6800  N=6809  holderDeg=3  probe(ttl4/6/8/12)=0/1/3/6 of 20
t=7600  N=7609  holderDeg=21  probe(ttl4/6/8/12)=1/4/18/20 of 20
t=12800  N=12809  holderDeg=90  probe(ttl4/6/8/12)=2/10/20/20 of 20
t=7000  N=7009  holderDeg=3  probe(ttl4/6/8/12)=0/1/2/9 of 20
t=6200  N=6209  holderDeg=3  probe(ttl4/6/8/12)=0/0/5/6 of 20
t=7800  N=7809  holderDeg=23  probe(ttl4/6/8/12)=2/4/17/20 of 20
t=7200  N=7209  holderDeg=3  probe(ttl4/6/8/12)=0/1/6/6 of 20
t=6400  N=6409  holderDeg=3  probe(ttl4/6/8/12)=1/0/4/3 of 20
t=13000  N=13009  holderDeg=92  probe(ttl4/6/8/12)=5/12/20/20 of 20
t=7400  N=7409  holderDeg=3  probe(ttl4/6/8/12)=0/0/3/6 of 20
t=6600  N=6609  holderDeg=3  probe(ttl4/6/8/12)=0/1/2/10 of 20
t=8000  N=8009  holderDeg=25  probe(ttl4/6/8/12)=0/7/17/20 of 20
t=7600  N=7609  holderDeg=3  probe(ttl4/6/8/12)=1/2/1/11 of 20
t=6800  N=6809  holderDeg=5  probe(ttl4/6/8/12)=0/2/8/13 of 20
t=23600  N=23609  holderDeg=246  probe(ttl4/6/8/12)=4/14/20/20 of 20
t=8200  N=8209  holderDeg=27  probe(ttl4/6/8/12)=0/5/18/20 of 20
t=13200  N=13209  holderDeg=96  probe(ttl4/6/8/12)=3/14/20/20 of 20
t=7000  N=7009  holderDeg=7  probe(ttl4/6/8/12)=1/3/5/11 of 20
t=7800  N=7809  holderDeg=3  probe(ttl4/6/8/12)=0/0/4/11 of 20
t=8400  N=8409  holderDeg=30  probe(ttl4/6/8/12)=1/9/18/20 of 20
t=7200  N=7209  holderDeg=9  probe(ttl4/6/8/12)=0/2/13/17 of 20
t=28400  N=28409  holderDeg=326  probe(ttl4/6/8/12)=3/15/20/20 of 20
t=8600  N=8609  holderDeg=32  probe(ttl4/6/8/12)=1/8/18/20 of 20
t=8000  N=8009  holderDeg=3  probe(ttl4/6/8/12)=0/1/4/7 of 20
t=13400  N=13409  holderDeg=99  probe(ttl4/6/8/12)=5/11/20/20 of 20
t=8800  N=8809  holderDeg=34  probe(ttl4/6/8/12)=2/9/19/20 of 20
t=7400  N=7409  holderDeg=11  probe(ttl4/6/8/12)=0/2/9/18 of 20
t=8200  N=8209  holderDeg=3  probe(ttl4/6/8/12)=1/2/3/8 of 20
t=7600  N=7609  holderDeg=13  probe(ttl4/6/8/12)=0/1/16/16 of 20
t=13600  N=13609  holderDeg=103  probe(ttl4/6/8/12)=0/12/20/20 of 20
t=9000  N=9009  holderDeg=36  probe(ttl4/6/8/12)=1/9/18/20 of 20
t=23800  N=23809  holderDeg=249  probe(ttl4/6/8/12)=2/14/20/20 of 20
t=8400  N=8409  holderDeg=3  probe(ttl4/6/8/12)=0/0/5/11 of 20

 Growing has been completed
*********************************************************************

t=7800  N=7809  holderDeg=15  probe(ttl4/6/8/12)=0/2/14/19 of 20

================ fixed005c  seed=8  (Pp=100 Pd=0 Pt=25000 rewire=True k=5 c=2 eps=0,02 qmax=0,2 N=10000 theta=6 crash=0 shape=0 multi=1 randrw=0 oracle=False fixedthr=0,05 rules=1 cooper=False dmax=160 mu=1 noscale=False) ================
t=200  N=209  holderDeg=-1  probe(ttl4/6/8/12)=0/0/0/0 of 20
t=400  N=409  holderDeg=-1  probe(ttl4/6/8/12)=0/0/0/0 of 20
t=600  N=609  holderDeg=-1  probe(ttl4/6/8/12)=0/0/0/0 of 20
t=8600  N=8609  holderDeg=3  probe(ttl4/6/8/12)=0/1/1/5 of 20
t=800  N=809  holderDeg=-1  probe(ttl4/6/8/12)=0/0/0/0 of 20
t=9200  N=9209  holderDeg=39  probe(ttl4/6/8/12)=2/10/16/20 of 20
t=1000  N=1009  holderDeg=-1  probe(ttl4/6/8/12)=0/0/0/0 of 20
t=1200  N=1209  holderDeg=-1  probe(ttl4/6/8/12)=0/0/0/0 of 20
t=13800  N=13809  holderDeg=105  probe(ttl4/6/8/12)=3/13/20/20 of 20
t=1400  N=1409  holderDeg=-1  probe(ttl4/6/8/12)=0/0/0/0 of 20
t=8000  N=8009  holderDeg=17  probe(ttl4/6/8/12)=1/6/13/20 of 20
t=1600  N=1609  holderDeg=-1  probe(ttl4/6/8/12)=0/0/0/0 of 20
t=8800  N=8809  holderDeg=3  probe(ttl4/6/8/12)=0/2/2/7 of 20
t=1800  N=1809  holderDeg=-1  probe(ttl4/6/8/12)=0/0/0/0 of 20
t=2000  N=2009  holderDeg=-1  probe(ttl4/6/8/12)=0/0/0/0 of 20
t=2200  N=2209  holderDeg=-1  probe(ttl4/6/8/12)=0/0/0/0 of 20
t=2400  N=2409  holderDeg=-1  probe(ttl4/6/8/12)=0/0/0/0 of 20
t=8200  N=8209  holderDeg=19  probe(ttl4/6/8/12)=2/9/16/20 of 20
t=2600  N=2609  holderDeg=-1  probe(ttl4/6/8/12)=0/0/0/0 of 20
t=14000  N=14009  holderDeg=107  probe(ttl4/6/8/12)=4/16/20/20 of 20
t=2800  N=2809  holderDeg=-1  probe(ttl4/6/8/12)=0/0/0/0 of 20
t=9000  N=9009  holderDeg=3  probe(ttl4/6/8/12)=0/0/2/6 of 20
t=9400  N=9409  holderDeg=42  probe(ttl4/6/8/12)=0/9/19/20 of 20
t=3000  N=3009  holderDeg=3  probe(ttl4/6/8/12)=0/3/7/7 of 20
t=8400  N=8409  holderDeg=22  probe(ttl4/6/8/12)=0/4/17/19 of 20
t=24000  N=24009  holderDeg=251  probe(ttl4/6/8/12)=3/16/20/20 of 20
t=3200  N=3209  holderDeg=3  probe(ttl4/6/8/12)=1/2/4/10 of 20
t=3400  N=3409  holderDeg=3  probe(ttl4/6/8/12)=0/0/6/4 of 20
t=9200  N=9209  holderDeg=3  probe(ttl4/6/8/12)=0/1/3/6 of 20
t=3600  N=3609  holderDeg=3  probe(ttl4/6/8/12)=2/2/7/10 of 20
t=9600  N=9609  holderDeg=45  probe(ttl4/6/8/12)=4/12/19/20 of 20
t=8600  N=8609  holderDeg=26  probe(ttl4/6/8/12)=1/4/17/20 of 20
t=14200  N=14209  holderDeg=109  probe(ttl4/6/8/12)=2/17/20/20 of 20
t=3800  N=3809  holderDeg=3  probe(ttl4/6/8/12)=0/1/3/3 of 20
t=4000  N=4009  holderDeg=3  probe(ttl4/6/8/12)=1/2/5/6 of 20
t=9800  N=9809  holderDeg=47  probe(ttl4/6/8/12)=3/6/19/20 of 20
t=9400  N=9409  holderDeg=3  probe(ttl4/6/8/12)=0/0/3/9 of 20
t=4200  N=4209  holderDeg=3  probe(ttl4/6/8/12)=1/1/7/9 of 20
t=8800  N=8809  holderDeg=28  probe(ttl4/6/8/12)=0/8/16/20 of 20
t=4400  N=4409  holderDeg=3  probe(ttl4/6/8/12)=0/1/2/6 of 20
t=4600  N=4609  holderDeg=3  probe(ttl4/6/8/12)=0/2/6/7 of 20
t=10000  N=10009  holderDeg=50  probe(ttl4/6/8/12)=2/8/19/20 of 20
t=14400  N=14409  holderDeg=114  probe(ttl4/6/8/12)=1/10/20/20 of 20
t=9600  N=9609  holderDeg=4  probe(ttl4/6/8/12)=0/1/4/10 of 20
t=4800  N=4809  holderDeg=3  probe(ttl4/6/8/12)=0/1/2/5 of 20
t=24200  N=24209  holderDeg=256  probe(ttl4/6/8/12)=5/14/20/20 of 20
t=9000  N=9009  holderDeg=30  probe(ttl4/6/8/12)=2/6/17/20 of 20
t=10200  N=10209  holderDeg=52  probe(ttl4/6/8/12)=1/11/20/20 of 20
t=5000  N=5009  holderDeg=3  probe(ttl4/6/8/12)=0/0/4/4 of 20
t=5200  N=5209  holderDeg=3  probe(ttl4/6/8/12)=0/2/8/4 of 20
t=9800  N=9809  holderDeg=6  probe(ttl4/6/8/12)=0/4/6/14 of 20
t=9200  N=9209  holderDeg=32  probe(ttl4/6/8/12)=1/5/19/20 of 20
t=14600  N=14609  holderDeg=116  probe(ttl4/6/8/12)=0/15/20/20 of 20
t=5400  N=5409  holderDeg=3  probe(ttl4/6/8/12)=0/2/2/4 of 20
t=10400  N=10409  holderDeg=54  probe(ttl4/6/8/12)=1/7/19/20 of 20
t=5600  N=5609  holderDeg=3  probe(ttl4/6/8/12)=0/0/3/9 of 20
t=10000  N=10009  holderDeg=8  probe(ttl4/6/8/12)=1/4/10/18 of 20
t=9400  N=9409  holderDeg=34  probe(ttl4/6/8/12)=2/4/17/20 of 20
t=5800  N=5809  holderDeg=5  probe(ttl4/6/8/12)=0/1/8/9 of 20
t=10600  N=10609  holderDeg=59  probe(ttl4/6/8/12)=1/11/19/20 of 20
t=10200  N=10209  holderDeg=10  probe(ttl4/6/8/12)=0/3/5/20 of 20
t=9600  N=9609  holderDeg=36  probe(ttl4/6/8/12)=1/8/18/20 of 20
t=6000  N=6009  holderDeg=7  probe(ttl4/6/8/12)=0/4/9/12 of 20
t=14800  N=14809  holderDeg=119  probe(ttl4/6/8/12)=2/10/20/20 of 20
t=24400  N=24409  holderDeg=258  probe(ttl4/6/8/12)=5/14/20/20 of 20
t=6200  N=6209  holderDeg=10  probe(ttl4/6/8/12)=0/3/9/14 of 20
t=10800  N=10809  holderDeg=61  probe(ttl4/6/8/12)=1/8/19/20 of 20
t=6400  N=6409  holderDeg=13  probe(ttl4/6/8/12)=1/2/14/19 of 20
t=10400  N=10409  holderDeg=12  probe(ttl4/6/8/12)=2/4/8/17 of 20
t=15000  N=15009  holderDeg=121  probe(ttl4/6/8/12)=4/12/20/20 of 20
t=6600  N=6609  holderDeg=15  probe(ttl4/6/8/12)=1/3/10/19 of 20
t=6800  N=6809  holderDeg=17  probe(ttl4/6/8/12)=3/7/12/20 of 20
t=9800  N=9809  holderDeg=41  probe(ttl4/6/8/12)=0/7/20/20 of 20
t=10600  N=10609  holderDeg=14  probe(ttl4/6/8/12)=2/2/14/17 of 20
t=11000  N=11009  holderDeg=63  probe(ttl4/6/8/12)=0/11/20/20 of 20
t=7000  N=7009  holderDeg=20  probe(ttl4/6/8/12)=2/5/16/20 of 20
t=10800  N=10809  holderDeg=16  probe(ttl4/6/8/12)=0/2/12/18 of 20
t=10000  N=10009  holderDeg=44  probe(ttl4/6/8/12)=1/11/17/20 of 20
t=7200  N=7209  holderDeg=22  probe(ttl4/6/8/12)=3/3/17/20 of 20
t=11200  N=11209  holderDeg=66  probe(ttl4/6/8/12)=2/11/20/20 of 20
t=15200  N=15209  holderDeg=123  probe(ttl4/6/8/12)=4/17/20/20 of 20
t=24600  N=24609  holderDeg=261  probe(ttl4/6/8/12)=4/13/20/20 of 20
t=10200  N=10209  holderDeg=46  probe(ttl4/6/8/12)=2/12/19/20 of 20
t=7400  N=7409  holderDeg=24  probe(ttl4/6/8/12)=1/8/14/20 of 20
t=11000  N=11009  holderDeg=18  probe(ttl4/6/8/12)=1/1/14/19 of 20
t=7600  N=7609  holderDeg=26  probe(ttl4/6/8/12)=1/6/17/20 of 20
t=10400  N=10409  holderDeg=48  probe(ttl4/6/8/12)=3/10/20/20 of 20
t=11200  N=11209  holderDeg=20  probe(ttl4/6/8/12)=1/4/15/19 of 20
t=7800  N=7809  holderDeg=28  probe(ttl4/6/8/12)=3/4/18/20 of 20
t=15400  N=15409  holderDeg=127  probe(ttl4/6/8/12)=3/12/20/20 of 20
t=10600  N=10609  holderDeg=51  probe(ttl4/6/8/12)=1/12/19/20 of 20
t=11400  N=11409  holderDeg=22  probe(ttl4/6/8/12)=2/6/11/20 of 20
t=11400  N=11409  holderDeg=69  probe(ttl4/6/8/12)=2/9/19/20 of 20
t=8000  N=8009  holderDeg=32  probe(ttl4/6/8/12)=3/7/18/20 of 20
t=10800  N=10809  holderDeg=53  probe(ttl4/6/8/12)=4/9/19/20 of 20
t=11600  N=11609  holderDeg=24  probe(ttl4/6/8/12)=1/5/15/20 of 20
t=8200  N=8209  holderDeg=35  probe(ttl4/6/8/12)=1/13/19/20 of 20
t=15600  N=15609  holderDeg=132  probe(ttl4/6/8/12)=0/14/20/20 of 20
t=24800  N=24809  holderDeg=266  probe(ttl4/6/8/12)=4/14/20/20 of 20
t=8400  N=8409  holderDeg=37  probe(ttl4/6/8/12)=0/15/17/20 of 20
t=11000  N=11009  holderDeg=55  probe(ttl4/6/8/12)=3/9/19/20 of 20
t=11600  N=11609  holderDeg=71  probe(ttl4/6/8/12)=3/16/19/20 of 20
t=11800  N=11809  holderDeg=26  probe(ttl4/6/8/12)=1/5/12/20 of 20
t=8600  N=8609  holderDeg=40  probe(ttl4/6/8/12)=1/11/18/20 of 20
t=15800  N=15809  holderDeg=134  probe(ttl4/6/8/12)=2/15/20/20 of 20
t=11200  N=11209  holderDeg=57  probe(ttl4/6/8/12)=1/10/19/20 of 20
t=12000  N=12009  holderDeg=28  probe(ttl4/6/8/12)=0/4/20/20 of 20
t=11800  N=11809  holderDeg=73  probe(ttl4/6/8/12)=2/13/20/20 of 20
t=8800  N=8809  holderDeg=42  probe(ttl4/6/8/12)=1/11/18/20 of 20
t=11400  N=11409  holderDeg=60  probe(ttl4/6/8/12)=1/13/19/20 of 20
t=12200  N=12209  holderDeg=30  probe(ttl4/6/8/12)=0/5/15/20 of 20
t=9000  N=9009  holderDeg=44  probe(ttl4/6/8/12)=1/11/20/20 of 20
t=12000  N=12009  holderDeg=75  probe(ttl4/6/8/12)=3/9/20/20 of 20
t=25000  N=25009  holderDeg=268  probe(ttl4/6/8/12)=3/17/20/20 of 20
t=16000  N=16009  holderDeg=136  probe(ttl4/6/8/12)=3/14/20/20 of 20
t=11600  N=11609  holderDeg=63  probe(ttl4/6/8/12)=2/14/17/20 of 20
t=9200  N=9209  holderDeg=47  probe(ttl4/6/8/12)=0/7/20/20 of 20
t=12400  N=12409  holderDeg=32  probe(ttl4/6/8/12)=1/6/16/20 of 20
t=12200  N=12209  holderDeg=77  probe(ttl4/6/8/12)=3/13/18/20 of 20
t=9400  N=9409  holderDeg=51  probe(ttl4/6/8/12)=1/13/19/20 of 20
t=11800  N=11809  holderDeg=67  probe(ttl4/6/8/12)=1/13/19/20 of 20
t=12600  N=12609  holderDeg=34  probe(ttl4/6/8/12)=2/10/16/20 of 20
t=12400  N=12409  holderDeg=80  probe(ttl4/6/8/12)=3/15/20/20 of 20
t=9600  N=9609  holderDeg=53  probe(ttl4/6/8/12)=2/10/20/20 of 20
t=25200  N=25209  holderDeg=271  probe(ttl4/6/8/12)=4/12/20/20 of 20
t=12000  N=12009  holderDeg=71  probe(ttl4/6/8/12)=3/11/20/20 of 20
t=12600  N=12609  holderDeg=84  probe(ttl4/6/8/12)=1/13/20/20 of 20
t=12800  N=12809  holderDeg=37  probe(ttl4/6/8/12)=2/5/17/20 of 20
t=9800  N=9809  holderDeg=55  probe(ttl4/6/8/12)=2/11/20/20 of 20
t=12200  N=12209  holderDeg=73  probe(ttl4/6/8/12)=1/13/19/20 of 20
t=10000  N=10009  holderDeg=58  probe(ttl4/6/8/12)=1/9/20/20 of 20
t=13000  N=13009  holderDeg=39  probe(ttl4/6/8/12)=0/5/18/20 of 20
t=12800  N=12809  holderDeg=87  probe(ttl4/6/8/12)=4/6/20/20 of 20
t=16200  N=16209  holderDeg=140  probe(ttl4/6/8/12)=3/18/20/20 of 20
t=12400  N=12409  holderDeg=76  probe(ttl4/6/8/12)=1/7/20/20 of 20
t=25400  N=25409  holderDeg=274  probe(ttl4/6/8/12)=3/17/20/20 of 20
t=13200  N=13209  holderDeg=41  probe(ttl4/6/8/12)=1/8/14/20 of 20
t=13000  N=13009  holderDeg=91  probe(ttl4/6/8/12)=1/11/20/20 of 20
t=10200  N=10209  holderDeg=62  probe(ttl4/6/8/12)=2/13/20/20 of 20
t=16400  N=16409  holderDeg=143  probe(ttl4/6/8/12)=1/16/20/20 of 20
t=13400  N=13409  holderDeg=43  probe(ttl4/6/8/12)=2/6/19/20 of 20
t=12600  N=12609  holderDeg=78  probe(ttl4/6/8/12)=1/10/20/20 of 20
t=10400  N=10409  holderDeg=66  probe(ttl4/6/8/12)=1/12/20/20 of 20
t=13200  N=13209  holderDeg=94  probe(ttl4/6/8/12)=2/12/20/20 of 20
t=12800  N=12809  holderDeg=81  probe(ttl4/6/8/12)=2/9/20/20 of 20
t=13600  N=13609  holderDeg=46  probe(ttl4/6/8/12)=1/6/19/20 of 20
t=10600  N=10609  holderDeg=71  probe(ttl4/6/8/12)=3/12/20/20 of 20
t=13400  N=13409  holderDeg=96  probe(ttl4/6/8/12)=0/13/20/20 of 20
t=25600  N=25609  holderDeg=276  probe(ttl4/6/8/12)=6/13/20/20 of 20
t=16600  N=16609  holderDeg=145  probe(ttl4/6/8/12)=5/17/20/20 of 20
t=13800  N=13809  holderDeg=48  probe(ttl4/6/8/12)=1/8/18/20 of 20
t=13600  N=13609  holderDeg=98  probe(ttl4/6/8/12)=0/15/20/20 of 20
t=13000  N=13009  holderDeg=86  probe(ttl4/6/8/12)=3/12/20/20 of 20
t=10800  N=10809  holderDeg=73  probe(ttl4/6/8/12)=6/10/20/20 of 20
t=11000  N=11009  holderDeg=75  probe(ttl4/6/8/12)=1/13/20/20 of 20
t=13200  N=13209  holderDeg=88  probe(ttl4/6/8/12)=2/10/19/20 of 20
t=16800  N=16809  holderDeg=149  probe(ttl4/6/8/12)=3/15/19/20 of 20
t=13800  N=13809  holderDeg=100  probe(ttl4/6/8/12)=1/15/20/20 of 20
t=14000  N=14009  holderDeg=50  probe(ttl4/6/8/12)=0/8/19/20 of 20
t=11200  N=11209  holderDeg=78  probe(ttl4/6/8/12)=3/14/20/20 of 20
t=13400  N=13409  holderDeg=90  probe(ttl4/6/8/12)=3/13/20/20 of 20
t=25800  N=25809  holderDeg=278  probe(ttl4/6/8/12)=5/13/20/20 of 20

 Growing has been completed
*********************************************************************


================ fixed015c  seed=8  (Pp=100 Pd=0 Pt=25000 rewire=True k=5 c=2 eps=0,02 qmax=0,2 N=10000 theta=6 crash=0 shape=0 multi=1 randrw=0 oracle=False fixedthr=0,15 rules=1 cooper=False dmax=160 mu=1 noscale=False) ================
t=200  N=209  holderDeg=-1  probe(ttl4/6/8/12)=0/0/0/0 of 20
t=400  N=409  holderDeg=-1  probe(ttl4/6/8/12)=0/0/0/0 of 20
t=600  N=609  holderDeg=-1  probe(ttl4/6/8/12)=0/0/0/0 of 20
t=800  N=809  holderDeg=-1  probe(ttl4/6/8/12)=0/0/0/0 of 20
t=11400  N=11409  holderDeg=80  probe(ttl4/6/8/12)=4/11/20/20 of 20
t=17000  N=17009  holderDeg=153  probe(ttl4/6/8/12)=4/14/20/20 of 20
t=1000  N=1009  holderDeg=-1  probe(ttl4/6/8/12)=0/0/0/0 of 20
t=1200  N=1209  holderDeg=-1  probe(ttl4/6/8/12)=0/0/0/0 of 20
t=1400  N=1409  holderDeg=-1  probe(ttl4/6/8/12)=0/0/0/0 of 20
t=13600  N=13609  holderDeg=92  probe(ttl4/6/8/12)=4/10/20/20 of 20
t=1600  N=1609  holderDeg=-1  probe(ttl4/6/8/12)=0/0/0/0 of 20
t=1800  N=1809  holderDeg=-1  probe(ttl4/6/8/12)=0/0/0/0 of 20
t=14000  N=14009  holderDeg=103  probe(ttl4/6/8/12)=3/13/20/20 of 20
t=2000  N=2009  holderDeg=-1  probe(ttl4/6/8/12)=0/0/0/0 of 20
t=2200  N=2209  holderDeg=-1  probe(ttl4/6/8/12)=0/0/0/0 of 20
t=11600  N=11609  holderDeg=84  probe(ttl4/6/8/12)=1/10/19/20 of 20
t=2400  N=2409  holderDeg=-1  probe(ttl4/6/8/12)=0/0/0/0 of 20
t=2600  N=2609  holderDeg=-1  probe(ttl4/6/8/12)=0/0/0/0 of 20
t=2800  N=2809  holderDeg=-1  probe(ttl4/6/8/12)=0/0/0/0 of 20
t=3000  N=3009  holderDeg=3  probe(ttl4/6/8/12)=0/5/3/15 of 20
t=3200  N=3209  holderDeg=3  probe(ttl4/6/8/12)=1/2/9/16 of 20
t=14200  N=14209  holderDeg=110  probe(ttl4/6/8/12)=3/13/20/20 of 20

 Growing has been completed
*********************************************************************

t=11800  N=11809  holderDeg=87  probe(ttl4/6/8/12)=2/10/20/20 of 20
t=3400  N=3409  holderDeg=3  probe(ttl4/6/8/12)=1/1/6/14 of 20

================ randomrw4  seed=8  (Pp=100 Pd=0 Pt=0 rewire=False k=5 c=2 eps=0,02 qmax=0,2 N=10000 theta=6 crash=0 shape=0 multi=1 randrw=4 oracle=False fixedthr=0 rules=7 cooper=False dmax=160 mu=1 noscale=False) ================
t=200  N=209  holderDeg=-1  probe(ttl4/6/8/12)=0/0/0/0 of 20
t=400  N=409  holderDeg=-1  probe(ttl4/6/8/12)=0/0/0/0 of 20
t=600  N=609  holderDeg=-1  probe(ttl4/6/8/12)=0/0/0/0 of 20
t=17200  N=17209  holderDeg=156  probe(ttl4/6/8/12)=1/12/20/20 of 20
t=13800  N=13809  holderDeg=95  probe(ttl4/6/8/12)=4/10/20/20 of 20
t=3600  N=3609  holderDeg=3  probe(ttl4/6/8/12)=0/3/7/19 of 20
t=800  N=809  holderDeg=-1  probe(ttl4/6/8/12)=0/0/0/0 of 20
t=1000  N=1009  holderDeg=-1  probe(ttl4/6/8/12)=0/0/0/0 of 20
t=3800  N=3809  holderDeg=3  probe(ttl4/6/8/12)=0/6/1/14 of 20
t=1200  N=1209  holderDeg=-1  probe(ttl4/6/8/12)=0/0/0/0 of 20
t=1400  N=1409  holderDeg=-1  probe(ttl4/6/8/12)=0/0/0/0 of 20
t=1600  N=1609  holderDeg=-1  probe(ttl4/6/8/12)=0/0/0/0 of 20
t=4000  N=4009  holderDeg=3  probe(ttl4/6/8/12)=0/3/7/14 of 20
t=1800  N=1809  holderDeg=-1  probe(ttl4/6/8/12)=0/0/0/0 of 20
t=4200  N=4209  holderDeg=3  probe(ttl4/6/8/12)=0/2/12/15 of 20
t=12000  N=12009  holderDeg=89  probe(ttl4/6/8/12)=1/12/20/20 of 20
t=2000  N=2009  holderDeg=-1  probe(ttl4/6/8/12)=0/0/0/0 of 20
t=2200  N=2209  holderDeg=-1  probe(ttl4/6/8/12)=0/0/0/0 of 20
t=4400  N=4409  holderDeg=3  probe(ttl4/6/8/12)=0/2/6/13 of 20
t=26000  N=26009  holderDeg=280  probe(ttl4/6/8/12)=4/12/20/20 of 20
t=2400  N=2409  holderDeg=-1  probe(ttl4/6/8/12)=0/0/0/0 of 20
t=14000  N=14009  holderDeg=98  probe(ttl4/6/8/12)=3/8/20/20 of 20
t=2600  N=2609  holderDeg=-1  probe(ttl4/6/8/12)=0/0/0/0 of 20
t=2800  N=2809  holderDeg=-1  probe(ttl4/6/8/12)=0/0/0/0 of 20
t=17400  N=17409  holderDeg=158  probe(ttl4/6/8/12)=4/12/20/20 of 20
t=4600  N=4609  holderDeg=3  probe(ttl4/6/8/12)=0/1/3/16 of 20

 Growing has been completed
*********************************************************************

t=12200  N=12209  holderDeg=94  probe(ttl4/6/8/12)=3/15/18/20 of 20
t=3000  N=3009  holderDeg=3  probe(ttl4/6/8/12)=0/4/9/16 of 20

================ nullwl  seed=8  (Pp=100 Pd=0 Pt=25000 rewire=True k=5 c=2 eps=0,02 qmax=0 N=10000 theta=6 crash=0 shape=0 multi=1 randrw=0 oracle=False fixedthr=0 rules=7 cooper=False dmax=160 mu=1 noscale=False) ================
t=200  N=209  holderDeg=-1  probe(ttl4/6/8/12)=0/0/0/0 of 20
t=4800  N=4809  holderDeg=3  probe(ttl4/6/8/12)=0/2/6/11 of 20
t=400  N=409  holderDeg=-1  probe(ttl4/6/8/12)=0/0/0/0 of 20
t=3200  N=3209  holderDeg=3  probe(ttl4/6/8/12)=0/2/10/14 of 20
t=600  N=609  holderDeg=-1  probe(ttl4/6/8/12)=0/0/0/0 of 20
t=800  N=809  holderDeg=-1  probe(ttl4/6/8/12)=0/0/0/0 of 20
t=3400  N=3409  holderDeg=3  probe(ttl4/6/8/12)=0/3/10/14 of 20
t=5000  N=5009  holderDeg=3  probe(ttl4/6/8/12)=0/1/7/15 of 20
t=1000  N=1009  holderDeg=-1  probe(ttl4/6/8/12)=0/0/0/0 of 20
t=1200  N=1209  holderDeg=-1  probe(ttl4/6/8/12)=0/0/0/0 of 20
t=1400  N=1409  holderDeg=-1  probe(ttl4/6/8/12)=0/0/0/0 of 20
t=3600  N=3609  holderDeg=3  probe(ttl4/6/8/12)=0/4/10/18 of 20
t=1600  N=1609  holderDeg=-1  probe(ttl4/6/8/12)=0/0/0/0 of 20
t=5200  N=5209  holderDeg=3  probe(ttl4/6/8/12)=0/1/8/14 of 20
t=1800  N=1809  holderDeg=-1  probe(ttl4/6/8/12)=0/0/0/0 of 20
t=12400  N=12409  holderDeg=96  probe(ttl4/6/8/12)=2/15/20/20 of 20
t=2000  N=2009  holderDeg=-1  probe(ttl4/6/8/12)=0/0/0/0 of 20
t=3800  N=3809  holderDeg=3  probe(ttl4/6/8/12)=1/3/7/15 of 20
t=2200  N=2209  holderDeg=-1  probe(ttl4/6/8/12)=0/0/0/0 of 20
t=5400  N=5409  holderDeg=3  probe(ttl4/6/8/12)=0/1/4/16 of 20
t=4000  N=4009  holderDeg=3  probe(ttl4/6/8/12)=1/2/8/12 of 20
t=17600  N=17609  holderDeg=162  probe(ttl4/6/8/12)=4/17/20/20 of 20
t=2400  N=2409  holderDeg=-1  probe(ttl4/6/8/12)=0/0/0/0 of 20
t=4200  N=4209  holderDeg=3  probe(ttl4/6/8/12)=0/2/11/17 of 20
t=2600  N=2609  holderDeg=-1  probe(ttl4/6/8/12)=0/0/0/0 of 20
t=5600  N=5609  holderDeg=3  probe(ttl4/6/8/12)=0/1/2/7 of 20
t=4400  N=4409  holderDeg=3  probe(ttl4/6/8/12)=0/1/5/15 of 20
t=2800  N=2809  holderDeg=-1  probe(ttl4/6/8/12)=0/0/0/0 of 20
t=12600  N=12609  holderDeg=100  probe(ttl4/6/8/12)=3/11/20/20 of 20
t=5800  N=5809  holderDeg=3  probe(ttl4/6/8/12)=0/1/3/4 of 20
t=3000  N=3009  holderDeg=3  probe(ttl4/6/8/12)=0/3/15/20 of 20
t=4600  N=4609  holderDeg=3  probe(ttl4/6/8/12)=0/1/9/8 of 20
t=3200  N=3209  holderDeg=3  probe(ttl4/6/8/12)=0/2/13/17 of 20
t=6000  N=6009  holderDeg=3  probe(ttl4/6/8/12)=0/0/7/5 of 20
t=4800  N=4809  holderDeg=3  probe(ttl4/6/8/12)=0/0/10/13 of 20
t=3400  N=3409  holderDeg=3  probe(ttl4/6/8/12)=1/4/8/14 of 20
t=6200  N=6209  holderDeg=3  probe(ttl4/6/8/12)=1/0/3/10 of 20
t=26200  N=26209  holderDeg=282  probe(ttl4/6/8/12)=2/17/20/20 of 20
t=5000  N=5009  holderDeg=3  probe(ttl4/6/8/12)=0/2/7/10 of 20
t=3600  N=3609  holderDeg=3  probe(ttl4/6/8/12)=0/1/11/11 of 20
t=17800  N=17809  holderDeg=165  probe(ttl4/6/8/12)=4/13/20/20 of 20
t=12800  N=12809  holderDeg=102  probe(ttl4/6/8/12)=5/12/20/20 of 20
t=3800  N=3809  holderDeg=3  probe(ttl4/6/8/12)=0/1/12/16 of 20
t=5200  N=5209  holderDeg=3  probe(ttl4/6/8/12)=2/4/5/13 of 20
t=6400  N=6409  holderDeg=3  probe(ttl4/6/8/12)=0/0/1/8 of 20
t=4000  N=4009  holderDeg=3  probe(ttl4/6/8/12)=0/1/9/15 of 20
t=5400  N=5409  holderDeg=3  probe(ttl4/6/8/12)=0/3/5/11 of 20
t=4200  N=4209  holderDeg=3  probe(ttl4/6/8/12)=0/0/10/16 of 20
t=6600  N=6609  holderDeg=3  probe(ttl4/6/8/12)=0/1/1/8 of 20
t=4400  N=4409  holderDeg=3  probe(ttl4/6/8/12)=0/3/7/18 of 20
t=6800  N=6809  holderDeg=3  probe(ttl4/6/8/12)=0/1/3/6 of 20
t=13000  N=13009  holderDeg=106  probe(ttl4/6/8/12)=1/12/20/20 of 20
t=4600  N=4609  holderDeg=3  probe(ttl4/6/8/12)=0/3/5/15 of 20
t=5600  N=5609  holderDeg=3  probe(ttl4/6/8/12)=0/0/6/12 of 20
t=4800  N=4809  holderDeg=3  probe(ttl4/6/8/12)=0/3/6/15 of 20
t=7000  N=7009  holderDeg=3  probe(ttl4/6/8/12)=0/1/2/9 of 20
t=5800  N=5809  holderDeg=3  probe(ttl4/6/8/12)=0/1/5/8 of 20
t=5000  N=5009  holderDeg=3  probe(ttl4/6/8/12)=0/2/3/14 of 20
t=7200  N=7209  holderDeg=3  probe(ttl4/6/8/12)=0/1/6/6 of 20
t=6000  N=6009  holderDeg=3  probe(ttl4/6/8/12)=0/4/6/14 of 20
t=18000  N=18009  holderDeg=168  probe(ttl4/6/8/12)=4/11/20/20 of 20
t=5200  N=5209  holderDeg=3  probe(ttl4/6/8/12)=0/0/10/17 of 20
t=7400  N=7409  holderDeg=3  probe(ttl4/6/8/12)=0/0/3/6 of 20
t=6200  N=6209  holderDeg=3  probe(ttl4/6/8/12)=0/4/6/11 of 20
t=5400  N=5409  holderDeg=3  probe(ttl4/6/8/12)=0/1/6/17 of 20
t=26400  N=26409  holderDeg=285  probe(ttl4/6/8/12)=3/14/20/20 of 20
t=13200  N=13209  holderDeg=109  probe(ttl4/6/8/12)=3/13/20/20 of 20
t=6400  N=6409  holderDeg=3  probe(ttl4/6/8/12)=0/1/6/11 of 20
t=7600  N=7609  holderDeg=3  probe(ttl4/6/8/12)=1/2/1/11 of 20
t=5600  N=5609  holderDeg=3  probe(ttl4/6/8/12)=0/2/7/15 of 20
t=6600  N=6609  holderDeg=3  probe(ttl4/6/8/12)=0/0/4/6 of 20
t=5800  N=5809  holderDeg=3  probe(ttl4/6/8/12)=0/1/7/18 of 20
t=18200  N=18209  holderDeg=170  probe(ttl4/6/8/12)=1/13/20/20 of 20
t=7800  N=7809  holderDeg=3  probe(ttl4/6/8/12)=0/0/4/11 of 20
t=13400  N=13409  holderDeg=113  probe(ttl4/6/8/12)=4/10/20/20 of 20
t=6000  N=6009  holderDeg=3  probe(ttl4/6/8/12)=0/3/8/14 of 20
t=6800  N=6809  holderDeg=3  probe(ttl4/6/8/12)=1/0/7/9 of 20
t=6200  N=6209  holderDeg=3  probe(ttl4/6/8/12)=0/5/9/16 of 20
t=8000  N=8009  holderDeg=3  probe(ttl4/6/8/12)=0/1/4/7 of 20
t=7000  N=7009  holderDeg=3  probe(ttl4/6/8/12)=0/2/7/12 of 20
t=13600  N=13609  holderDeg=115  probe(ttl4/6/8/12)=3/14/20/20 of 20
t=6400  N=6409  holderDeg=3  probe(ttl4/6/8/12)=0/2/3/14 of 20
t=7200  N=7209  holderDeg=3  probe(ttl4/6/8/12)=0/2/3/12 of 20
t=6600  N=6609  holderDeg=3  probe(ttl4/6/8/12)=0/1/3/14 of 20
t=8200  N=8209  holderDeg=3  probe(ttl4/6/8/12)=1/2/3/8 of 20
t=26600  N=26609  holderDeg=288  probe(ttl4/6/8/12)=3/15/20/20 of 20
t=7400  N=7409  holderDeg=3  probe(ttl4/6/8/12)=1/1/4/17 of 20
t=13800  N=13809  holderDeg=117  probe(ttl4/6/8/12)=5/15/20/20 of 20
t=6800  N=6809  holderDeg=3  probe(ttl4/6/8/12)=0/3/5/14 of 20
t=8400  N=8409  holderDeg=3  probe(ttl4/6/8/12)=0/0/5/11 of 20
t=7600  N=7609  holderDeg=3  probe(ttl4/6/8/12)=0/0/3/10 of 20
t=18400  N=18409  holderDeg=177  probe(ttl4/6/8/12)=4/17/20/20 of 20
t=8600  N=8609  holderDeg=3  probe(ttl4/6/8/12)=0/1/1/5 of 20
t=7000  N=7009  holderDeg=3  probe(ttl4/6/8/12)=1/1/6/11 of 20
t=7800  N=7809  holderDeg=3  probe(ttl4/6/8/12)=0/0/4/11 of 20
t=14000  N=14009  holderDeg=119  probe(ttl4/6/8/12)=3/13/20/20 of 20
t=8800  N=8809  holderDeg=3  probe(ttl4/6/8/12)=0/2/2/7 of 20
t=7200  N=7209  holderDeg=3  probe(ttl4/6/8/12)=1/1/2/16 of 20
t=8000  N=8009  holderDeg=3  probe(ttl4/6/8/12)=0/0/4/8 of 20
t=7400  N=7409  holderDeg=3  probe(ttl4/6/8/12)=1/0/4/11 of 20
t=9000  N=9009  holderDeg=3  probe(ttl4/6/8/12)=0/0/2/6 of 20
t=8200  N=8209  holderDeg=3  probe(ttl4/6/8/12)=0/0/6/5 of 20
t=18600  N=18609  holderDeg=181  probe(ttl4/6/8/12)=4/13/20/20 of 20
t=14200  N=14209  holderDeg=124  probe(ttl4/6/8/12)=3/16/19/20 of 20

 Growing has been completed
*********************************************************************


================ trendfx-n20000  seed=8  (Pp=100 Pd=0 Pt=25000 rewire=True k=5 c=2 eps=0,02 qmax=0,2 N=20000 theta=6 crash=0 shape=0 multi=1 randrw=0 oracle=False fixedthr=0 rules=7 cooper=False dmax=160 mu=1 noscale=True) ================
t=200  N=209  holderDeg=-1  probe(ttl4/6/8/12)=0/0/0/0 of 20
t=9200  N=9209  holderDeg=3  probe(ttl4/6/8/12)=0/1/3/6 of 20
t=400  N=409  holderDeg=-1  probe(ttl4/6/8/12)=0/0/0/0 of 20
t=8400  N=8409  holderDeg=3  probe(ttl4/6/8/12)=0/2/4/13 of 20
t=600  N=609  holderDeg=-1  probe(ttl4/6/8/12)=0/0/0/0 of 20
t=7600  N=7609  holderDeg=3  probe(ttl4/6/8/12)=0/0/6/14 of 20
t=800  N=809  holderDeg=-1  probe(ttl4/6/8/12)=0/0/0/0 of 20
t=26800  N=26809  holderDeg=292  probe(ttl4/6/8/12)=5/17/20/20 of 20
t=1000  N=1009  holderDeg=-1  probe(ttl4/6/8/12)=0/0/0/0 of 20
t=1200  N=1209  holderDeg=-1  probe(ttl4/6/8/12)=0/0/0/0 of 20
t=1400  N=1409  holderDeg=-1  probe(ttl4/6/8/12)=0/0/0/0 of 20
t=1600  N=1609  holderDeg=-1  probe(ttl4/6/8/12)=0/0/0/0 of 20
t=8600  N=8609  holderDeg=3  probe(ttl4/6/8/12)=1/2/3/7 of 20
t=1800  N=1809  holderDeg=-1  probe(ttl4/6/8/12)=0/0/0/0 of 20
t=9400  N=9409  holderDeg=3  probe(ttl4/6/8/12)=0/0/3/9 of 20
t=2000  N=2009  holderDeg=-1  probe(ttl4/6/8/12)=0/0/0/0 of 20
t=7800  N=7809  holderDeg=3  probe(ttl4/6/8/12)=0/1/7/14 of 20
t=2200  N=2209  holderDeg=-1  probe(ttl4/6/8/12)=0/0/0/0 of 20
t=2400  N=2409  holderDeg=-1  probe(ttl4/6/8/12)=0/0/0/0 of 20
t=18800  N=18809  holderDeg=184  probe(ttl4/6/8/12)=3/15/20/20 of 20
t=2600  N=2609  holderDeg=-1  probe(ttl4/6/8/12)=0/0/0/0 of 20
t=8000  N=8009  holderDeg=3  probe(ttl4/6/8/12)=1/1/3/12 of 20
t=9600  N=9609  holderDeg=4  probe(ttl4/6/8/12)=0/1/4/10 of 20
t=2800  N=2809  holderDeg=-1  probe(ttl4/6/8/12)=0/0/0/0 of 20
t=8800  N=8809  holderDeg=3  probe(ttl4/6/8/12)=0/1/2/11 of 20
t=3000  N=3009  holderDeg=3  probe(ttl4/6/8/12)=0/3/15/20 of 20
t=3200  N=3209  holderDeg=3  probe(ttl4/6/8/12)=0/4/8/18 of 20
t=9000  N=9009  holderDeg=3  probe(ttl4/6/8/12)=0/1/6/9 of 20
t=8200  N=8209  holderDeg=3  probe(ttl4/6/8/12)=0/0/6/10 of 20
t=3400  N=3409  holderDeg=3  probe(ttl4/6/8/12)=0/3/9/15 of 20
t=3600  N=3609  holderDeg=3  probe(ttl4/6/8/12)=0/2/8/17 of 20
t=9800  N=9809  holderDeg=4  probe(ttl4/6/8/12)=1/0/3/8 of 20
t=3800  N=3809  holderDeg=3  probe(ttl4/6/8/12)=0/1/8/11 of 20
t=8400  N=8409  holderDeg=3  probe(ttl4/6/8/12)=0/2/2/14 of 20
t=19000  N=19009  holderDeg=188  probe(ttl4/6/8/12)=5/15/20/20 of 20
t=9200  N=9209  holderDeg=3  probe(ttl4/6/8/12)=0/1/5/12 of 20
t=4000  N=4009  holderDeg=3  probe(ttl4/6/8/12)=0/1/6/16 of 20
t=4200  N=4209  holderDeg=3  probe(ttl4/6/8/12)=0/0/3/15 of 20
t=10000  N=10009  holderDeg=4  probe(ttl4/6/8/12)=0/2/1/12 of 20
t=27000  N=27009  holderDeg=295  probe(ttl4/6/8/12)=3/17/20/20 of 20
t=8600  N=8609  holderDeg=3  probe(ttl4/6/8/12)=1/0/5/11 of 20
t=4400  N=4409  holderDeg=3  probe(ttl4/6/8/12)=0/1/6/14 of 20
t=9400  N=9409  holderDeg=3  probe(ttl4/6/8/12)=0/1/3/12 of 20
t=4600  N=4609  holderDeg=3  probe(ttl4/6/8/12)=0/0/6/16 of 20
t=4800  N=4809  holderDeg=5  probe(ttl4/6/8/12)=1/2/9/19 of 20
t=19200  N=19209  holderDeg=190  probe(ttl4/6/8/12)=4/14/20/20 of 20
t=10200  N=10209  holderDeg=4  probe(ttl4/6/8/12)=0/0/2/6 of 20
t=9600  N=9609  holderDeg=3  probe(ttl4/6/8/12)=1/0/4/11 of 20
t=8800  N=8809  holderDeg=3  probe(ttl4/6/8/12)=0/0/5/12 of 20
t=5000  N=5009  holderDeg=7  probe(ttl4/6/8/12)=1/4/11/18 of 20
t=5200  N=5209  holderDeg=9  probe(ttl4/6/8/12)=0/2/11/19 of 20
t=9000  N=9009  holderDeg=3  probe(ttl4/6/8/12)=0/0/8/7 of 20
t=9800  N=9809  holderDeg=3  probe(ttl4/6/8/12)=0/3/1/7 of 20
t=5400  N=5409  holderDeg=11  probe(ttl4/6/8/12)=1/7/8/19 of 20
t=10400  N=10409  holderDeg=4  probe(ttl4/6/8/12)=0/1/6/9 of 20
t=5600  N=5609  holderDeg=13  probe(ttl4/6/8/12)=0/2/14/20 of 20
t=9200  N=9209  holderDeg=3  probe(ttl4/6/8/12)=0/0/3/6 of 20
t=10000  N=10009  holderDeg=3  probe(ttl4/6/8/12)=0/0/2/9 of 20
t=19400  N=19409  holderDeg=192  probe(ttl4/6/8/12)=4/18/20/20 of 20
t=5800  N=5809  holderDeg=15  probe(ttl4/6/8/12)=0/4/14/20 of 20
t=10600  N=10609  holderDeg=4  probe(ttl4/6/8/12)=0/2/1/5 of 20
t=9400  N=9409  holderDeg=3  probe(ttl4/6/8/12)=0/0/3/6 of 20
t=27200  N=27209  holderDeg=297  probe(ttl4/6/8/12)=4/12/20/20 of 20
t=6000  N=6009  holderDeg=17  probe(ttl4/6/8/12)=0/5/13/20 of 20
t=10200  N=10209  holderDeg=3  probe(ttl4/6/8/12)=0/0/4/10 of 20
t=6200  N=6209  holderDeg=19  probe(ttl4/6/8/12)=1/15/17/19 of 20
t=9600  N=9609  holderDeg=3  probe(ttl4/6/8/12)=0/1/2/9 of 20
t=10800  N=10809  holderDeg=4  probe(ttl4/6/8/12)=0/3/4/8 of 20
t=6400  N=6409  holderDeg=21  probe(ttl4/6/8/12)=2/3/16/20 of 20
t=9800  N=9809  holderDeg=3  probe(ttl4/6/8/12)=0/1/3/6 of 20
t=10400  N=10409  holderDeg=3  probe(ttl4/6/8/12)=1/2/2/11 of 20
t=19600  N=19609  holderDeg=197  probe(ttl4/6/8/12)=3/14/20/20 of 20
t=6600  N=6609  holderDeg=24  probe(ttl4/6/8/12)=2/6/17/20 of 20
t=11000  N=11009  holderDeg=4  probe(ttl4/6/8/12)=0/0/6/10 of 20
t=6800  N=6809  holderDeg=27  probe(ttl4/6/8/12)=2/7/18/20 of 20
t=10000  N=10009  holderDeg=3  probe(ttl4/6/8/12)=0/0/2/7 of 20
t=10600  N=10609  holderDeg=3  probe(ttl4/6/8/12)=0/0/4/7 of 20
t=11200  N=11209  holderDeg=4  probe(ttl4/6/8/12)=0/0/4/10 of 20
t=7000  N=7009  holderDeg=30  probe(ttl4/6/8/12)=3/9/19/20 of 20
t=10200  N=10209  holderDeg=3  probe(ttl4/6/8/12)=0/0/2/5 of 20
t=10800  N=10809  holderDeg=3  probe(ttl4/6/8/12)=1/1/1/11 of 20
t=7200  N=7209  holderDeg=32  probe(ttl4/6/8/12)=1/5/18/20 of 20
t=11400  N=11409  holderDeg=4  probe(ttl4/6/8/12)=0/1/4/10 of 20
t=19800  N=19809  holderDeg=201  probe(ttl4/6/8/12)=1/17/20/20 of 20
t=10400  N=10409  holderDeg=3  probe(ttl4/6/8/12)=0/1/1/7 of 20
t=7400  N=7409  holderDeg=36  probe(ttl4/6/8/12)=1/10/18/20 of 20
t=11000  N=11009  holderDeg=3  probe(ttl4/6/8/12)=0/0/5/15 of 20
t=11600  N=11609  holderDeg=4  probe(ttl4/6/8/12)=0/1/5/11 of 20
t=7600  N=7609  holderDeg=40  probe(ttl4/6/8/12)=2/5/18/20 of 20
t=10600  N=10609  holderDeg=3  probe(ttl4/6/8/12)=0/0/3/5 of 20
t=11200  N=11209  holderDeg=3  probe(ttl4/6/8/12)=0/2/2/7 of 20
t=11800  N=11809  holderDeg=4  probe(ttl4/6/8/12)=0/0/2/12 of 20
t=7800  N=7809  holderDeg=44  probe(ttl4/6/8/12)=2/13/20/20 of 20
t=20000  N=20009  holderDeg=204  probe(ttl4/6/8/12)=0/14/20/20 of 20
t=8000  N=8009  holderDeg=48  probe(ttl4/6/8/12)=4/12/20/20 of 20
t=11400  N=11409  holderDeg=3  probe(ttl4/6/8/12)=0/2/3/12 of 20
t=12000  N=12009  holderDeg=4  probe(ttl4/6/8/12)=0/2/3/10 of 20
t=10800  N=10809  holderDeg=3  probe(ttl4/6/8/12)=0/0/1/7 of 20
t=8200  N=8209  holderDeg=50  probe(ttl4/6/8/12)=2/11/20/20 of 20
t=8400  N=8409  holderDeg=52  probe(ttl4/6/8/12)=1/8/20/20 of 20
t=12200  N=12209  holderDeg=4  probe(ttl4/6/8/12)=0/0/1/8 of 20
t=11000  N=11009  holderDeg=3  probe(ttl4/6/8/12)=0/0/3/5 of 20
t=27400  N=27409  holderDeg=299  probe(ttl4/6/8/12)=3/15/20/20 of 20
t=11600  N=11609  holderDeg=3  probe(ttl4/6/8/12)=1/0/2/8 of 20
t=8600  N=8609  holderDeg=56  probe(ttl4/6/8/12)=1/12/19/20 of 20
t=12400  N=12409  holderDeg=4  probe(ttl4/6/8/12)=0/1/3/10 of 20
t=8800  N=8809  holderDeg=60  probe(ttl4/6/8/12)=4/13/20/20 of 20
t=20200  N=20209  holderDeg=208  probe(ttl4/6/8/12)=6/15/20/20 of 20
t=11800  N=11809  holderDeg=3  probe(ttl4/6/8/12)=0/1/1/10 of 20
t=11200  N=11209  holderDeg=3  probe(ttl4/6/8/12)=0/0/2/4 of 20
t=12600  N=12609  holderDeg=4  probe(ttl4/6/8/12)=0/1/4/9 of 20
t=9000  N=9009  holderDeg=63  probe(ttl4/6/8/12)=1/13/18/20 of 20
t=12000  N=12009  holderDeg=3  probe(ttl4/6/8/12)=0/1/1/5 of 20
t=11400  N=11409  holderDeg=3  probe(ttl4/6/8/12)=0/2/3/8 of 20
t=9200  N=9209  holderDeg=66  probe(ttl4/6/8/12)=4/12/20/20 of 20
t=12800  N=12809  holderDeg=4  probe(ttl4/6/8/12)=0/2/1/8 of 20
t=20400  N=20409  holderDeg=210  probe(ttl4/6/8/12)=4/14/20/20 of 20
t=9400  N=9409  holderDeg=70  probe(ttl4/6/8/12)=2/16/20/20 of 20
t=11600  N=11609  holderDeg=3  probe(ttl4/6/8/12)=1/0/1/6 of 20
t=9600  N=9609  holderDeg=73  probe(ttl4/6/8/12)=4/12/20/20 of 20
t=13000  N=13009  holderDeg=4  probe(ttl4/6/8/12)=0/3/3/7 of 20
t=11800  N=11809  holderDeg=3  probe(ttl4/6/8/12)=0/1/1/6 of 20
t=12200  N=12209  holderDeg=3  probe(ttl4/6/8/12)=1/0/8/12 of 20
t=9800  N=9809  holderDeg=75  probe(ttl4/6/8/12)=2/13/19/20 of 20
t=20600  N=20609  holderDeg=213  probe(ttl4/6/8/12)=1/15/20/20 of 20
t=27600  N=27609  holderDeg=301  probe(ttl4/6/8/12)=3/14/20/20 of 20
t=10000  N=10009  holderDeg=77  probe(ttl4/6/8/12)=3/8/20/20 of 20
t=12400  N=12409  holderDeg=3  probe(ttl4/6/8/12)=0/1/0/8 of 20
t=12000  N=12009  holderDeg=3  probe(ttl4/6/8/12)=0/2/3/5 of 20
t=13200  N=13209  holderDeg=4  probe(ttl4/6/8/12)=0/0/2/7 of 20
t=10200  N=10209  holderDeg=79  probe(ttl4/6/8/12)=6/12/20/20 of 20
t=12200  N=12209  holderDeg=3  probe(ttl4/6/8/12)=0/1/2/3 of 20
t=12600  N=12609  holderDeg=3  probe(ttl4/6/8/12)=0/0/3/8 of 20
t=13400  N=13409  holderDeg=4  probe(ttl4/6/8/12)=0/1/6/10 of 20
t=20800  N=20809  holderDeg=217  probe(ttl4/6/8/12)=2/15/20/20 of 20
t=10400  N=10409  holderDeg=83  probe(ttl4/6/8/12)=2/10/20/20 of 20
t=12400  N=12409  holderDeg=3  probe(ttl4/6/8/12)=0/0/3/4 of 20
t=13600  N=13609  holderDeg=4  probe(ttl4/6/8/12)=0/0/1/10 of 20
t=10600  N=10609  holderDeg=85  probe(ttl4/6/8/12)=7/13/19/20 of 20
t=12600  N=12609  holderDeg=3  probe(ttl4/6/8/12)=0/0/2/5 of 20
t=27800  N=27809  holderDeg=304  probe(ttl4/6/8/12)=5/16/20/20 of 20
t=12800  N=12809  holderDeg=3  probe(ttl4/6/8/12)=0/1/2/10 of 20
t=21000  N=21009  holderDeg=220  probe(ttl4/6/8/12)=6/11/20/20 of 20
t=10800  N=10809  holderDeg=88  probe(ttl4/6/8/12)=3/12/20/20 of 20
t=13800  N=13809  holderDeg=4  probe(ttl4/6/8/12)=1/1/4/9 of 20
t=12800  N=12809  holderDeg=3  probe(ttl4/6/8/12)=1/0/1/8 of 20
t=13000  N=13009  holderDeg=3  probe(ttl4/6/8/12)=0/0/0/11 of 20
t=11000  N=11009  holderDeg=91  probe(ttl4/6/8/12)=5/15/20/20 of 20
t=13000  N=13009  holderDeg=3  probe(ttl4/6/8/12)=0/0/5/3 of 20
t=14000  N=14009  holderDeg=4  probe(ttl4/6/8/12)=0/0/4/8 of 20
t=13200  N=13209  holderDeg=3  probe(ttl4/6/8/12)=0/1/2/9 of 20
t=21200  N=21209  holderDeg=224  probe(ttl4/6/8/12)=3/19/20/20 of 20
t=11200  N=11209  holderDeg=93  probe(ttl4/6/8/12)=3/16/20/20 of 20
t=13200  N=13209  holderDeg=3  probe(ttl4/6/8/12)=0/1/2/3 of 20
t=11400  N=11409  holderDeg=96  probe(ttl4/6/8/12)=3/15/20/20 of 20
t=13400  N=13409  holderDeg=3  probe(ttl4/6/8/12)=0/0/1/12 of 20
t=14200  N=14209  holderDeg=4  probe(ttl4/6/8/12)=0/1/4/8 of 20

 Growing has been completed
*********************************************************************


================ rulek  seed=9  (Pp=100 Pd=0 Pt=25000 rewire=True k=5 c=2 eps=0,02 qmax=0,2 N=10000 theta=6 crash=0 shape=0 multi=1 randrw=0 oracle=False fixedthr=0 rules=1 cooper=False dmax=160 mu=1 noscale=False) ================
t=200  N=209  holderDeg=-1  probe(ttl4/6/8/12)=0/0/0/0 of 20
t=13400  N=13409  holderDeg=3  probe(ttl4/6/8/12)=0/2/3/3 of 20
t=400  N=409  holderDeg=-1  probe(ttl4/6/8/12)=0/0/0/0 of 20
t=11600  N=11609  holderDeg=98  probe(ttl4/6/8/12)=6/12/19/20 of 20
t=600  N=609  holderDeg=-1  probe(ttl4/6/8/12)=0/0/0/0 of 20
t=800  N=809  holderDeg=-1  probe(ttl4/6/8/12)=0/0/0/0 of 20
t=1000  N=1009  holderDeg=-1  probe(ttl4/6/8/12)=0/0/0/0 of 20
t=1200  N=1209  holderDeg=-1  probe(ttl4/6/8/12)=0/0/0/0 of 20
t=21400  N=21409  holderDeg=226  probe(ttl4/6/8/12)=4/15/20/20 of 20
t=28000  N=28009  holderDeg=307  probe(ttl4/6/8/12)=8/16/20/20 of 20
t=1400  N=1409  holderDeg=-1  probe(ttl4/6/8/12)=0/0/0/0 of 20
t=1600  N=1609  holderDeg=-1  probe(ttl4/6/8/12)=0/0/0/0 of 20
t=13600  N=13609  holderDeg=3  probe(ttl4/6/8/12)=0/1/3/9 of 20
t=1800  N=1809  holderDeg=-1  probe(ttl4/6/8/12)=0/0/0/0 of 20
t=13600  N=13609  holderDeg=3  probe(ttl4/6/8/12)=1/1/1/7 of 20
t=2000  N=2009  holderDeg=-1  probe(ttl4/6/8/12)=0/0/0/0 of 20
t=2200  N=2209  holderDeg=-1  probe(ttl4/6/8/12)=0/0/0/0 of 20
t=2400  N=2409  holderDeg=-1  probe(ttl4/6/8/12)=0/0/0/0 of 20
t=2600  N=2609  holderDeg=-1  probe(ttl4/6/8/12)=0/0/0/0 of 20
t=2800  N=2809  holderDeg=-1  probe(ttl4/6/8/12)=0/0/0/0 of 20
t=3000  N=3009  holderDeg=3  probe(ttl4/6/8/12)=2/0/5/10 of 20
t=3200  N=3209  holderDeg=3  probe(ttl4/6/8/12)=0/1/5/8 of 20
t=13800  N=13809  holderDeg=3  probe(ttl4/6/8/12)=0/1/3/8 of 20
t=13800  N=13809  holderDeg=3  probe(ttl4/6/8/12)=0/1/3/3 of 20
t=3400  N=3409  holderDeg=3  probe(ttl4/6/8/12)=0/3/2/9 of 20
t=3600  N=3609  holderDeg=3  probe(ttl4/6/8/12)=1/2/7/9 of 20
t=11800  N=11809  holderDeg=101  probe(ttl4/6/8/12)=5/13/20/20 of 20
t=3800  N=3809  holderDeg=3  probe(ttl4/6/8/12)=0/2/4/8 of 20
t=21600  N=21609  holderDeg=229  probe(ttl4/6/8/12)=4/15/20/20 of 20
t=4000  N=4009  holderDeg=3  probe(ttl4/6/8/12)=0/3/4/5 of 20
t=12000  N=12009  holderDeg=106  probe(ttl4/6/8/12)=1/12/19/20 of 20
t=4200  N=4209  holderDeg=3  probe(ttl4/6/8/12)=0/3/2/5 of 20
t=28200  N=28209  holderDeg=310  probe(ttl4/6/8/12)=4/14/20/20 of 20
t=4400  N=4409  holderDeg=3  probe(ttl4/6/8/12)=0/1/6/3 of 20
t=14000  N=14009  holderDeg=3  probe(ttl4/6/8/12)=0/1/2/8 of 20
t=4600  N=4609  holderDeg=3  probe(ttl4/6/8/12)=0/2/4/7 of 20
t=14000  N=14009  holderDeg=3  probe(ttl4/6/8/12)=0/0/4/10 of 20

 Growing has been completed
*********************************************************************

t=12200  N=12209  holderDeg=109  probe(ttl4/6/8/12)=5/13/20/20 of 20

================ rulec  seed=9  (Pp=100 Pd=0 Pt=25000 rewire=True k=5 c=2 eps=0,02 qmax=0,2 N=10000 theta=6 crash=0 shape=0 multi=1 randrw=0 oracle=False fixedthr=0 rules=2 cooper=False dmax=160 mu=1 noscale=False) ================
t=200  N=209  holderDeg=-1  probe(ttl4/6/8/12)=0/0/0/0 of 20
t=4800  N=4809  holderDeg=3  probe(ttl4/6/8/12)=0/0/1/6 of 20
t=400  N=409  holderDeg=-1  probe(ttl4/6/8/12)=0/0/0/0 of 20
t=600  N=609  holderDeg=-1  probe(ttl4/6/8/12)=0/0/0/0 of 20
t=21800  N=21809  holderDeg=232  probe(ttl4/6/8/12)=3/14/20/20 of 20
t=800  N=809  holderDeg=-1  probe(ttl4/6/8/12)=0/0/0/0 of 20
t=5000  N=5009  holderDeg=5  probe(ttl4/6/8/12)=0/2/7/9 of 20
t=1000  N=1009  holderDeg=-1  probe(ttl4/6/8/12)=0/0/0/0 of 20
t=1200  N=1209  holderDeg=-1  probe(ttl4/6/8/12)=0/0/0/0 of 20
t=5200  N=5209  holderDeg=7  probe(ttl4/6/8/12)=1/2/6/15 of 20
t=1400  N=1409  holderDeg=-1  probe(ttl4/6/8/12)=0/0/0/0 of 20
t=1600  N=1609  holderDeg=-1  probe(ttl4/6/8/12)=0/0/0/0 of 20
t=5400  N=5409  holderDeg=8  probe(ttl4/6/8/12)=1/4/7/16 of 20
t=1800  N=1809  holderDeg=-1  probe(ttl4/6/8/12)=0/0/0/0 of 20
t=2000  N=2009  holderDeg=-1  probe(ttl4/6/8/12)=0/0/0/0 of 20
t=2200  N=2209  holderDeg=-1  probe(ttl4/6/8/12)=0/0/0/0 of 20
t=12400  N=12409  holderDeg=115  probe(ttl4/6/8/12)=2/13/20/20 of 20
t=5600  N=5609  holderDeg=10  probe(ttl4/6/8/12)=0/5/11/19 of 20
t=2400  N=2409  holderDeg=-1  probe(ttl4/6/8/12)=0/0/0/0 of 20
t=14200  N=14209  holderDeg=3  probe(ttl4/6/8/12)=1/1/3/5 of 20
t=2600  N=2609  holderDeg=-1  probe(ttl4/6/8/12)=0/0/0/0 of 20

 Growing has been completed
*********************************************************************

t=2800  N=2809  holderDeg=-1  probe(ttl4/6/8/12)=0/0/0/0 of 20

================ rulel  seed=9  (Pp=100 Pd=0 Pt=25000 rewire=True k=5 c=2 eps=0,02 qmax=0,2 N=10000 theta=6 crash=0 shape=0 multi=1 randrw=0 oracle=False fixedthr=0 rules=4 cooper=False dmax=160 mu=1 noscale=False) ================
t=200  N=209  holderDeg=-1  probe(ttl4/6/8/12)=0/0/0/0 of 20
t=400  N=409  holderDeg=-1  probe(ttl4/6/8/12)=0/0/0/0 of 20
t=3000  N=3009  holderDeg=3  probe(ttl4/6/8/12)=0/2/5/4 of 20
t=600  N=609  holderDeg=-1  probe(ttl4/6/8/12)=0/0/0/0 of 20
t=5800  N=5809  holderDeg=12  probe(ttl4/6/8/12)=0/4/12/18 of 20
t=28400  N=28409  holderDeg=314  probe(ttl4/6/8/12)=3/16/20/20 of 20
t=800  N=809  holderDeg=-1  probe(ttl4/6/8/12)=0/0/0/0 of 20
t=3200  N=3209  holderDeg=3  probe(ttl4/6/8/12)=0/1/3/1 of 20
t=12600  N=12609  holderDeg=118  probe(ttl4/6/8/12)=1/16/20/20 of 20
t=1000  N=1009  holderDeg=-1  probe(ttl4/6/8/12)=0/0/0/0 of 20
t=3400  N=3409  holderDeg=3  probe(ttl4/6/8/12)=0/2/3/4 of 20
t=22000  N=22009  holderDeg=234  probe(ttl4/6/8/12)=3/14/20/20 of 20
t=1200  N=1209  holderDeg=-1  probe(ttl4/6/8/12)=0/0/0/0 of 20
t=6000  N=6009  holderDeg=14  probe(ttl4/6/8/12)=0/5/16/20 of 20
t=1400  N=1409  holderDeg=-1  probe(ttl4/6/8/12)=0/0/0/0 of 20
t=3600  N=3609  holderDeg=3  probe(ttl4/6/8/12)=2/0/1/3 of 20

 Growing has been completed
*********************************************************************

t=1600  N=1609  holderDeg=-1  probe(ttl4/6/8/12)=0/0/0/0 of 20

================ fixed005c  seed=9  (Pp=100 Pd=0 Pt=25000 rewire=True k=5 c=2 eps=0,02 qmax=0,2 N=10000 theta=6 crash=0 shape=0 multi=1 randrw=0 oracle=False fixedthr=0,05 rules=1 cooper=False dmax=160 mu=1 noscale=False) ================
t=200  N=209  holderDeg=-1  probe(ttl4/6/8/12)=0/0/0/0 of 20
t=1800  N=1809  holderDeg=-1  probe(ttl4/6/8/12)=0/0/0/0 of 20
t=400  N=409  holderDeg=-1  probe(ttl4/6/8/12)=0/0/0/0 of 20
t=6200  N=6209  holderDeg=16  probe(ttl4/6/8/12)=1/4/15/20 of 20
t=600  N=609  holderDeg=-1  probe(ttl4/6/8/12)=0/0/0/0 of 20
t=2000  N=2009  holderDeg=-1  probe(ttl4/6/8/12)=0/0/0/0 of 20
t=3800  N=3809  holderDeg=3  probe(ttl4/6/8/12)=0/0/5/0 of 20
t=800  N=809  holderDeg=-1  probe(ttl4/6/8/12)=0/0/0/0 of 20
t=2200  N=2209  holderDeg=-1  probe(ttl4/6/8/12)=0/0/0/0 of 20
t=1000  N=1009  holderDeg=-1  probe(ttl4/6/8/12)=0/0/0/0 of 20
t=4000  N=4009  holderDeg=3  probe(ttl4/6/8/12)=0/3/3/2 of 20
t=2400  N=2409  holderDeg=-1  probe(ttl4/6/8/12)=0/0/0/0 of 20
t=1200  N=1209  holderDeg=-1  probe(ttl4/6/8/12)=0/0/0/0 of 20
t=1400  N=1409  holderDeg=-1  probe(ttl4/6/8/12)=0/0/0/0 of 20
t=4200  N=4209  holderDeg=3  probe(ttl4/6/8/12)=0/0/2/1 of 20
t=2600  N=2609  holderDeg=-1  probe(ttl4/6/8/12)=0/0/0/0 of 20
t=6400  N=6409  holderDeg=18  probe(ttl4/6/8/12)=0/5/17/20 of 20
t=1600  N=1609  holderDeg=-1  probe(ttl4/6/8/12)=0/0/0/0 of 20
t=1800  N=1809  holderDeg=-1  probe(ttl4/6/8/12)=0/0/0/0 of 20
t=2800  N=2809  holderDeg=-1  probe(ttl4/6/8/12)=0/0/0/0 of 20
t=4400  N=4409  holderDeg=3  probe(ttl4/6/8/12)=0/1/4/2 of 20
t=2000  N=2009  holderDeg=-1  probe(ttl4/6/8/12)=0/0/0/0 of 20
t=3000  N=3009  holderDeg=3  probe(ttl4/6/8/12)=0/1/5/4 of 20
t=6600  N=6609  holderDeg=20  probe(ttl4/6/8/12)=0/8/17/20 of 20
t=2200  N=2209  holderDeg=-1  probe(ttl4/6/8/12)=0/0/0/0 of 20
t=4600  N=4609  holderDeg=3  probe(ttl4/6/8/12)=1/2/2/3 of 20
t=12800  N=12809  holderDeg=123  probe(ttl4/6/8/12)=5/12/20/20 of 20
t=3200  N=3209  holderDeg=3  probe(ttl4/6/8/12)=0/3/3/4 of 20
t=2400  N=2409  holderDeg=-1  probe(ttl4/6/8/12)=0/0/0/0 of 20
t=6800  N=6809  holderDeg=22  probe(ttl4/6/8/12)=1/8/18/20 of 20
t=3400  N=3409  holderDeg=3  probe(ttl4/6/8/12)=1/4/1/3 of 20
t=2600  N=2609  holderDeg=-1  probe(ttl4/6/8/12)=0/0/0/0 of 20
t=4800  N=4809  holderDeg=3  probe(ttl4/6/8/12)=0/2/1/2 of 20
t=2800  N=2809  holderDeg=-1  probe(ttl4/6/8/12)=0/0/0/0 of 20
t=3600  N=3609  holderDeg=3  probe(ttl4/6/8/12)=0/2/4/3 of 20
t=7000  N=7009  holderDeg=24  probe(ttl4/6/8/12)=3/5/15/20 of 20
t=3000  N=3009  holderDeg=3  probe(ttl4/6/8/12)=0/2/5/4 of 20
t=5000  N=5009  holderDeg=3  probe(ttl4/6/8/12)=0/1/3/4 of 20
t=22200  N=22209  holderDeg=238  probe(ttl4/6/8/12)=5/16/20/20 of 20
t=3200  N=3209  holderDeg=3  probe(ttl4/6/8/12)=0/1/3/1 of 20
t=3800  N=3809  holderDeg=3  probe(ttl4/6/8/12)=0/3/2/4 of 20
t=5200  N=5209  holderDeg=3  probe(ttl4/6/8/12)=0/0/3/1 of 20
t=3400  N=3409  holderDeg=3  probe(ttl4/6/8/12)=0/2/3/4 of 20
t=4000  N=4009  holderDeg=3  probe(ttl4/6/8/12)=1/0/3/3 of 20
t=7200  N=7209  holderDeg=27  probe(ttl4/6/8/12)=0/8/18/20 of 20
t=3600  N=3609  holderDeg=3  probe(ttl4/6/8/12)=2/0/1/3 of 20
t=13000  N=13009  holderDeg=125  probe(ttl4/6/8/12)=2/14/20/20 of 20
t=4200  N=4209  holderDeg=3  probe(ttl4/6/8/12)=1/1/1/4 of 20
t=5400  N=5409  holderDeg=3  probe(ttl4/6/8/12)=0/1/4/1 of 20
t=3800  N=3809  holderDeg=3  probe(ttl4/6/8/12)=0/0/5/0 of 20
t=4400  N=4409  holderDeg=3  probe(ttl4/6/8/12)=1/0/3/2 of 20
t=7400  N=7409  holderDeg=29  probe(ttl4/6/8/12)=1/6/19/20 of 20
t=5600  N=5609  holderDeg=3  probe(ttl4/6/8/12)=0/1/2/3 of 20
t=4000  N=4009  holderDeg=3  probe(ttl4/6/8/12)=0/3/3/2 of 20
t=4600  N=4609  holderDeg=3  probe(ttl4/6/8/12)=1/0/3/1 of 20
t=13200  N=13209  holderDeg=127  probe(ttl4/6/8/12)=5/15/20/20 of 20
t=4200  N=4209  holderDeg=3  probe(ttl4/6/8/12)=0/0/2/1 of 20
t=5800  N=5809  holderDeg=3  probe(ttl4/6/8/12)=1/1/0/1 of 20
t=4400  N=4409  holderDeg=3  probe(ttl4/6/8/12)=0/1/4/2 of 20
t=7600  N=7609  holderDeg=31  probe(ttl4/6/8/12)=2/8/14/20 of 20
t=4800  N=4809  holderDeg=3  probe(ttl4/6/8/12)=1/2/3/0 of 20
t=22400  N=22409  holderDeg=241  probe(ttl4/6/8/12)=2/17/20/20 of 20
t=4600  N=4609  holderDeg=5  probe(ttl4/6/8/12)=0/2/8/13 of 20
t=5000  N=5009  holderDeg=3  probe(ttl4/6/8/12)=1/1/2/3 of 20
t=6000  N=6009  holderDeg=3  probe(ttl4/6/8/12)=0/0/3/4 of 20
t=5200  N=5209  holderDeg=3  probe(ttl4/6/8/12)=0/4/1/4 of 20
t=4800  N=4809  holderDeg=7  probe(ttl4/6/8/12)=0/2/8/10 of 20
t=7800  N=7809  holderDeg=33  probe(ttl4/6/8/12)=1/8/18/20 of 20
t=5400  N=5409  holderDeg=3  probe(ttl4/6/8/12)=2/1/0/2 of 20
t=6200  N=6209  holderDeg=3  probe(ttl4/6/8/12)=0/0/1/2 of 20
t=5000  N=5009  holderDeg=9  probe(ttl4/6/8/12)=1/3/10/17 of 20
t=13400  N=13409  holderDeg=129  probe(ttl4/6/8/12)=2/14/20/20 of 20
t=8000  N=8009  holderDeg=35  probe(ttl4/6/8/12)=2/14/18/20 of 20
t=5600  N=5609  holderDeg=3  probe(ttl4/6/8/12)=0/0/0/4 of 20
t=5200  N=5209  holderDeg=11  probe(ttl4/6/8/12)=0/4/13/19 of 20
t=6400  N=6409  holderDeg=3  probe(ttl4/6/8/12)=0/1/3/3 of 20
t=5800  N=5809  holderDeg=3  probe(ttl4/6/8/12)=1/2/3/4 of 20
t=8200  N=8209  holderDeg=37  probe(ttl4/6/8/12)=2/6/20/20 of 20
t=5400  N=5409  holderDeg=14  probe(ttl4/6/8/12)=1/7/14/19 of 20
t=6600  N=6609  holderDeg=3  probe(ttl4/6/8/12)=0/0/3/2 of 20
t=6000  N=6009  holderDeg=3  probe(ttl4/6/8/12)=0/0/0/2 of 20
t=13600  N=13609  holderDeg=133  probe(ttl4/6/8/12)=2/12/20/20 of 20
t=6800  N=6809  holderDeg=3  probe(ttl4/6/8/12)=0/0/2/0 of 20
t=8400  N=8409  holderDeg=39  probe(ttl4/6/8/12)=2/6/19/20 of 20
t=6200  N=6209  holderDeg=3  probe(ttl4/6/8/12)=0/0/2/3 of 20
t=5600  N=5609  holderDeg=16  probe(ttl4/6/8/12)=0/4/18/20 of 20
t=7000  N=7009  holderDeg=5  probe(ttl4/6/8/12)=0/1/6/13 of 20
t=5800  N=5809  holderDeg=20  probe(ttl4/6/8/12)=3/10/16/20 of 20
t=8600  N=8609  holderDeg=43  probe(ttl4/6/8/12)=1/10/18/20 of 20
t=6400  N=6409  holderDeg=3  probe(ttl4/6/8/12)=2/1/3/3 of 20
t=22600  N=22609  holderDeg=244  probe(ttl4/6/8/12)=3/15/20/20 of 20
t=13800  N=13809  holderDeg=136  probe(ttl4/6/8/12)=2/15/20/20 of 20
t=7200  N=7209  holderDeg=7  probe(ttl4/6/8/12)=0/2/12/17 of 20
t=6600  N=6609  holderDeg=3  probe(ttl4/6/8/12)=1/1/0/2 of 20
t=8800  N=8809  holderDeg=47  probe(ttl4/6/8/12)=3/10/20/20 of 20
t=6000  N=6009  holderDeg=22  probe(ttl4/6/8/12)=1/11/19/20 of 20
t=7400  N=7409  holderDeg=9  probe(ttl4/6/8/12)=0/8/14/16 of 20
t=6800  N=6809  holderDeg=3  probe(ttl4/6/8/12)=0/0/1/2 of 20
t=6200  N=6209  holderDeg=24  probe(ttl4/6/8/12)=1/9/16/20 of 20
t=9000  N=9009  holderDeg=50  probe(ttl4/6/8/12)=1/9/18/20 of 20
t=7600  N=7609  holderDeg=11  probe(ttl4/6/8/12)=0/3/9/17 of 20
t=7000  N=7009  holderDeg=3  probe(ttl4/6/8/12)=0/0/2/1 of 20
t=6400  N=6409  holderDeg=26  probe(ttl4/6/8/12)=0/7/14/20 of 20
t=14000  N=14009  holderDeg=139  probe(ttl4/6/8/12)=3/15/20/20 of 20
t=9200  N=9209  holderDeg=53  probe(ttl4/6/8/12)=1/12/20/20 of 20
t=7200  N=7209  holderDeg=3  probe(ttl4/6/8/12)=0/0/3/1 of 20
t=6600  N=6609  holderDeg=28  probe(ttl4/6/8/12)=0/7/16/20 of 20
t=7800  N=7809  holderDeg=14  probe(ttl4/6/8/12)=0/3/14/19 of 20
t=22800  N=22809  holderDeg=246  probe(ttl4/6/8/12)=4/14/20/20 of 20
t=6800  N=6809  holderDeg=30  probe(ttl4/6/8/12)=6/10/16/20 of 20
t=9400  N=9409  holderDeg=55  probe(ttl4/6/8/12)=3/6/19/20 of 20
t=7400  N=7409  holderDeg=5  probe(ttl4/6/8/12)=1/1/4/4 of 20
t=14200  N=14209  holderDeg=141  probe(ttl4/6/8/12)=2/13/20/20 of 20
t=8000  N=8009  holderDeg=17  probe(ttl4/6/8/12)=0/5/12/19 of 20
t=7000  N=7009  holderDeg=33  probe(ttl4/6/8/12)=2/10/17/20 of 20
t=9600  N=9609  holderDeg=57  probe(ttl4/6/8/12)=2/9/20/20 of 20
t=7600  N=7609  holderDeg=7  probe(ttl4/6/8/12)=0/3/5/15 of 20
t=8200  N=8209  holderDeg=19  probe(ttl4/6/8/12)=1/5/15/20 of 20
t=7200  N=7209  holderDeg=35  probe(ttl4/6/8/12)=3/15/19/20 of 20
t=9800  N=9809  holderDeg=60  probe(ttl4/6/8/12)=4/14/20/20 of 20
t=7800  N=7809  holderDeg=9  probe(ttl4/6/8/12)=0/6/7/18 of 20
t=14400  N=14409  holderDeg=143  probe(ttl4/6/8/12)=4/13/20/20 of 20
t=8400  N=8409  holderDeg=21  probe(ttl4/6/8/12)=3/5/15/19 of 20
t=8000  N=8009  holderDeg=11  probe(ttl4/6/8/12)=1/2/13/17 of 20
t=23000  N=23009  holderDeg=251  probe(ttl4/6/8/12)=2/17/20/20 of 20
t=7400  N=7409  holderDeg=37  probe(ttl4/6/8/12)=1/9/18/20 of 20
t=8600  N=8609  holderDeg=23  probe(ttl4/6/8/12)=1/2/15/20 of 20
t=7600  N=7609  holderDeg=40  probe(ttl4/6/8/12)=0/6/20/20 of 20
t=10000  N=10009  holderDeg=62  probe(ttl4/6/8/12)=3/11/19/20 of 20
t=8800  N=8809  holderDeg=25  probe(ttl4/6/8/12)=1/6/14/20 of 20
t=8200  N=8209  holderDeg=14  probe(ttl4/6/8/12)=1/3/7/19 of 20
t=14600  N=14609  holderDeg=145  probe(ttl4/6/8/12)=4/15/20/20 of 20
t=9000  N=9009  holderDeg=27  probe(ttl4/6/8/12)=1/7/17/19 of 20
t=10200  N=10209  holderDeg=64  probe(ttl4/6/8/12)=4/11/20/20 of 20
t=7800  N=7809  holderDeg=44  probe(ttl4/6/8/12)=2/7/20/20 of 20
t=8400  N=8409  holderDeg=16  probe(ttl4/6/8/12)=0/7/11/20 of 20
t=23200  N=23209  holderDeg=253  probe(ttl4/6/8/12)=4/18/20/20 of 20
t=9200  N=9209  holderDeg=29  probe(ttl4/6/8/12)=1/3/16/20 of 20
t=8600  N=8609  holderDeg=19  probe(ttl4/6/8/12)=2/3/13/19 of 20
t=8000  N=8009  holderDeg=47  probe(ttl4/6/8/12)=4/11/19/20 of 20
t=14800  N=14809  holderDeg=148  probe(ttl4/6/8/12)=3/17/20/20 of 20
t=9400  N=9409  holderDeg=32  probe(ttl4/6/8/12)=2/11/16/20 of 20
t=10400  N=10409  holderDeg=68  probe(ttl4/6/8/12)=2/10/20/20 of 20
t=8800  N=8809  holderDeg=22  probe(ttl4/6/8/12)=2/4/17/20 of 20
t=8200  N=8209  holderDeg=51  probe(ttl4/6/8/12)=2/14/19/20 of 20
t=8400  N=8409  holderDeg=55  probe(ttl4/6/8/12)=1/11/20/20 of 20
t=10600  N=10609  holderDeg=70  probe(ttl4/6/8/12)=4/14/20/20 of 20
t=9000  N=9009  holderDeg=24  probe(ttl4/6/8/12)=0/6/16/19 of 20
t=15000  N=15009  holderDeg=153  probe(ttl4/6/8/12)=4/12/20/20 of 20
t=9600  N=9609  holderDeg=34  probe(ttl4/6/8/12)=2/9/19/20 of 20
t=8600  N=8609  holderDeg=57  probe(ttl4/6/8/12)=3/10/20/20 of 20
t=9200  N=9209  holderDeg=26  probe(ttl4/6/8/12)=0/6/15/20 of 20
t=10800  N=10809  holderDeg=73  probe(ttl4/6/8/12)=4/15/20/20 of 20
t=8800  N=8809  holderDeg=59  probe(ttl4/6/8/12)=1/10/20/20 of 20
t=23400  N=23409  holderDeg=256  probe(ttl4/6/8/12)=4/15/20/20 of 20
t=9400  N=9409  holderDeg=28  probe(ttl4/6/8/12)=1/7/17/20 of 20
t=9800  N=9809  holderDeg=36  probe(ttl4/6/8/12)=4/7/18/20 of 20
t=11000  N=11009  holderDeg=75  probe(ttl4/6/8/12)=2/11/20/20 of 20
t=9000  N=9009  holderDeg=62  probe(ttl4/6/8/12)=4/13/20/20 of 20
t=9600  N=9609  holderDeg=30  probe(ttl4/6/8/12)=0/4/16/20 of 20
t=9200  N=9209  holderDeg=64  probe(ttl4/6/8/12)=1/9/19/20 of 20
t=11200  N=11209  holderDeg=79  probe(ttl4/6/8/12)=2/15/20/20 of 20
t=10000  N=10009  holderDeg=40  probe(ttl4/6/8/12)=4/8/20/20 of 20
t=9800  N=9809  holderDeg=32  probe(ttl4/6/8/12)=0/5/15/19 of 20
t=9400  N=9409  holderDeg=66  probe(ttl4/6/8/12)=2/10/20/20 of 20
t=15200  N=15209  holderDeg=159  probe(ttl4/6/8/12)=2/18/20/20 of 20
t=11400  N=11409  holderDeg=81  probe(ttl4/6/8/12)=2/12/20/20 of 20
t=10000  N=10009  holderDeg=35  probe(ttl4/6/8/12)=3/8/17/20 of 20
t=9600  N=9609  holderDeg=68  probe(ttl4/6/8/12)=0/11/20/20 of 20
t=10200  N=10209  holderDeg=44  probe(ttl4/6/8/12)=1/6/18/20 of 20
t=23600  N=23609  holderDeg=261  probe(ttl4/6/8/12)=4/16/20/20 of 20
t=10200  N=10209  holderDeg=37  probe(ttl4/6/8/12)=2/6/18/20 of 20
t=9800  N=9809  holderDeg=73  probe(ttl4/6/8/12)=1/12/20/20 of 20
t=10400  N=10409  holderDeg=46  probe(ttl4/6/8/12)=1/11/16/20 of 20
t=11600  N=11609  holderDeg=83  probe(ttl4/6/8/12)=3/15/20/20 of 20
t=15400  N=15409  holderDeg=161  probe(ttl4/6/8/12)=4/14/20/20 of 20
t=10000  N=10009  holderDeg=78  probe(ttl4/6/8/12)=4/11/20/20 of 20
t=10400  N=10409  holderDeg=40  probe(ttl4/6/8/12)=0/4/17/20 of 20
t=11800  N=11809  holderDeg=87  probe(ttl4/6/8/12)=3/8/20/20 of 20
t=10200  N=10209  holderDeg=80  probe(ttl4/6/8/12)=4/13/19/20 of 20
t=15600  N=15609  holderDeg=165  probe(ttl4/6/8/12)=5/14/20/20 of 20
t=10600  N=10609  holderDeg=42  probe(ttl4/6/8/12)=0/6/18/20 of 20
t=10600  N=10609  holderDeg=48  probe(ttl4/6/8/12)=0/12/20/20 of 20
t=10400  N=10409  holderDeg=83  probe(ttl4/6/8/12)=3/13/20/20 of 20
t=12000  N=12009  holderDeg=92  probe(ttl4/6/8/12)=3/12/20/20 of 20
t=23800  N=23809  holderDeg=265  probe(ttl4/6/8/12)=2/13/20/20 of 20
t=10800  N=10809  holderDeg=44  probe(ttl4/6/8/12)=2/8/18/20 of 20
t=10800  N=10809  holderDeg=51  probe(ttl4/6/8/12)=2/10/20/20 of 20
t=15800  N=15809  holderDeg=169  probe(ttl4/6/8/12)=5/16/20/20 of 20
t=10600  N=10609  holderDeg=86  probe(ttl4/6/8/12)=3/10/20/20 of 20
t=12200  N=12209  holderDeg=95  probe(ttl4/6/8/12)=5/14/20/20 of 20
t=11000  N=11009  holderDeg=49  probe(ttl4/6/8/12)=1/7/19/20 of 20
t=11000  N=11009  holderDeg=53  probe(ttl4/6/8/12)=0/8/18/20 of 20
t=10800  N=10809  holderDeg=88  probe(ttl4/6/8/12)=5/14/20/20 of 20
t=12400  N=12409  holderDeg=98  probe(ttl4/6/8/12)=3/18/20/20 of 20
t=16000  N=16009  holderDeg=172  probe(ttl4/6/8/12)=3/15/20/20 of 20
t=11200  N=11209  holderDeg=56  probe(ttl4/6/8/12)=5/11/19/20 of 20
t=11400  N=11409  holderDeg=58  probe(ttl4/6/8/12)=2/7/18/20 of 20
t=11200  N=11209  holderDeg=51  probe(ttl4/6/8/12)=2/10/18/20 of 20
t=16200  N=16209  holderDeg=175  probe(ttl4/6/8/12)=4/16/20/20 of 20
t=12600  N=12609  holderDeg=104  probe(ttl4/6/8/12)=1/10/20/20 of 20
t=11000  N=11009  holderDeg=91  probe(ttl4/6/8/12)=3/13/20/20 of 20
t=11600  N=11609  holderDeg=60  probe(ttl4/6/8/12)=3/8/19/20 of 20
t=11400  N=11409  holderDeg=54  probe(ttl4/6/8/12)=2/13/19/20 of 20
t=11200  N=11209  holderDeg=94  probe(ttl4/6/8/12)=4/14/20/20 of 20
t=12800  N=12809  holderDeg=106  probe(ttl4/6/8/12)=6/11/20/20 of 20
t=11800  N=11809  holderDeg=63  probe(ttl4/6/8/12)=1/8/19/20 of 20
t=16400  N=16409  holderDeg=179  probe(ttl4/6/8/12)=5/17/20/20 of 20
t=13000  N=13009  holderDeg=108  probe(ttl4/6/8/12)=6/15/20/20 of 20
t=11600  N=11609  holderDeg=57  probe(ttl4/6/8/12)=1/12/20/20 of 20
t=16600  N=16609  holderDeg=182  probe(ttl4/6/8/12)=3/14/20/20 of 20
t=12000  N=12009  holderDeg=65  probe(ttl4/6/8/12)=2/10/18/20 of 20
t=24000  N=24009  holderDeg=269  probe(ttl4/6/8/12)=3/14/20/20 of 20
t=13200  N=13209  holderDeg=111  probe(ttl4/6/8/12)=1/11/20/20 of 20
t=11800  N=11809  holderDeg=60  probe(ttl4/6/8/12)=0/12/18/20 of 20
t=11400  N=11409  holderDeg=96  probe(ttl4/6/8/12)=0/13/20/20 of 20
t=12200  N=12209  holderDeg=68  probe(ttl4/6/8/12)=4/10/20/20 of 20
t=12000  N=12009  holderDeg=62  probe(ttl4/6/8/12)=1/9/19/20 of 20
t=11600  N=11609  holderDeg=98  probe(ttl4/6/8/12)=1/12/20/20 of 20
t=13400  N=13409  holderDeg=113  probe(ttl4/6/8/12)=3/15/19/20 of 20
t=12400  N=12409  holderDeg=71  probe(ttl4/6/8/12)=0/9/19/20 of 20
t=16800  N=16809  holderDeg=184  probe(ttl4/6/8/12)=4/15/20/20 of 20
t=12200  N=12209  holderDeg=64  probe(ttl4/6/8/12)=1/11/20/20 of 20
t=12600  N=12609  holderDeg=73  probe(ttl4/6/8/12)=1/12/19/20 of 20
t=13600  N=13609  holderDeg=116  probe(ttl4/6/8/12)=5/15/20/20 of 20
t=24200  N=24209  holderDeg=273  probe(ttl4/6/8/12)=2/17/20/20 of 20
t=11800  N=11809  holderDeg=101  probe(ttl4/6/8/12)=2/13/20/20 of 20
t=13800  N=13809  holderDeg=119  probe(ttl4/6/8/12)=3/14/20/20 of 20
t=17000  N=17009  holderDeg=187  probe(ttl4/6/8/12)=7/16/20/20 of 20
t=12400  N=12409  holderDeg=66  probe(ttl4/6/8/12)=3/9/18/20 of 20
t=12000  N=12009  holderDeg=103  probe(ttl4/6/8/12)=1/15/20/20 of 20
t=12800  N=12809  holderDeg=77  probe(ttl4/6/8/12)=5/8/19/20 of 20
t=14000  N=14009  holderDeg=123  probe(ttl4/6/8/12)=2/11/19/20 of 20
t=12600  N=12609  holderDeg=68  probe(ttl4/6/8/12)=2/10/20/20 of 20
t=12200  N=12209  holderDeg=107  probe(ttl4/6/8/12)=5/14/20/20 of 20
t=24400  N=24409  holderDeg=277  probe(ttl4/6/8/12)=2/15/20/20 of 20
t=17200  N=17209  holderDeg=192  probe(ttl4/6/8/12)=5/16/20/20 of 20
t=12800  N=12809  holderDeg=72  probe(ttl4/6/8/12)=0/15/19/20 of 20
t=12400  N=12409  holderDeg=109  probe(ttl4/6/8/12)=1/13/20/20 of 20
t=13000  N=13009  holderDeg=80  probe(ttl4/6/8/12)=2/12/19/20 of 20
t=14200  N=14209  holderDeg=125  probe(ttl4/6/8/12)=5/16/20/20 of 20

 Growing has been completed
*********************************************************************

t=17400  N=17409  holderDeg=194  probe(ttl4/6/8/12)=2/17/20/20 of 20

================ fixed015c  seed=9  (Pp=100 Pd=0 Pt=25000 rewire=True k=5 c=2 eps=0,02 qmax=0,2 N=10000 theta=6 crash=0 shape=0 multi=1 randrw=0 oracle=False fixedthr=0,15 rules=1 cooper=False dmax=160 mu=1 noscale=False) ================
t=12600  N=12609  holderDeg=112  probe(ttl4/6/8/12)=2/15/20/20 of 20
t=13000  N=13009  holderDeg=74  probe(ttl4/6/8/12)=2/15/19/20 of 20
t=200  N=209  holderDeg=-1  probe(ttl4/6/8/12)=0/0/0/0 of 20
t=400  N=409  holderDeg=-1  probe(ttl4/6/8/12)=0/0/0/0 of 20
t=600  N=609  holderDeg=-1  probe(ttl4/6/8/12)=0/0/0/0 of 20
t=800  N=809  holderDeg=-1  probe(ttl4/6/8/12)=0/0/0/0 of 20
t=1000  N=1009  holderDeg=-1  probe(ttl4/6/8/12)=0/0/0/0 of 20
t=1200  N=1209  holderDeg=-1  probe(ttl4/6/8/12)=0/0/0/0 of 20
t=1400  N=1409  holderDeg=-1  probe(ttl4/6/8/12)=0/0/0/0 of 20
t=1600  N=1609  holderDeg=-1  probe(ttl4/6/8/12)=0/0/0/0 of 20
t=1800  N=1809  holderDeg=-1  probe(ttl4/6/8/12)=0/0/0/0 of 20
t=24600  N=24609  holderDeg=280  probe(ttl4/6/8/12)=4/13/20/20 of 20
t=2000  N=2009  holderDeg=-1  probe(ttl4/6/8/12)=0/0/0/0 of 20
t=13200  N=13209  holderDeg=76  probe(ttl4/6/8/12)=1/12/19/20 of 20
t=2200  N=2209  holderDeg=-1  probe(ttl4/6/8/12)=0/0/0/0 of 20
t=12800  N=12809  holderDeg=116  probe(ttl4/6/8/12)=3/16/20/20 of 20
t=13200  N=13209  holderDeg=83  probe(ttl4/6/8/12)=1/10/18/20 of 20
t=2400  N=2409  holderDeg=-1  probe(ttl4/6/8/12)=0/0/0/0 of 20
t=2600  N=2609  holderDeg=-1  probe(ttl4/6/8/12)=0/0/0/0 of 20
t=2800  N=2809  holderDeg=-1  probe(ttl4/6/8/12)=0/0/0/0 of 20
t=17600  N=17609  holderDeg=197  probe(ttl4/6/8/12)=5/16/20/20 of 20
t=3000  N=3009  holderDeg=3  probe(ttl4/6/8/12)=0/2/5/4 of 20
t=13400  N=13409  holderDeg=78  probe(ttl4/6/8/12)=5/10/20/20 of 20
t=3200  N=3209  holderDeg=3  probe(ttl4/6/8/12)=0/1/3/1 of 20
t=13000  N=13009  holderDeg=119  probe(ttl4/6/8/12)=3/14/20/20 of 20
t=3400  N=3409  holderDeg=3  probe(ttl4/6/8/12)=0/2/3/4 of 20
t=13400  N=13409  holderDeg=87  probe(ttl4/6/8/12)=2/12/19/20 of 20
t=3600  N=3609  holderDeg=3  probe(ttl4/6/8/12)=2/0/1/3 of 20
t=3800  N=3809  holderDeg=3  probe(ttl4/6/8/12)=0/0/5/0 of 20
t=13600  N=13609  holderDeg=80  probe(ttl4/6/8/12)=0/11/20/20 of 20
t=4000  N=4009  holderDeg=3  probe(ttl4/6/8/12)=0/3/3/2 of 20
t=24800  N=24809  holderDeg=285  probe(ttl4/6/8/12)=5/13/20/20 of 20
t=4200  N=4209  holderDeg=3  probe(ttl4/6/8/12)=0/0/2/1 of 20
t=4400  N=4409  holderDeg=3  probe(ttl4/6/8/12)=0/1/4/2 of 20
t=13600  N=13609  holderDeg=89  probe(ttl4/6/8/12)=5/10/19/20 of 20
t=13200  N=13209  holderDeg=120  probe(ttl4/6/8/12)=7/15/19/20 of 20
t=4600  N=4609  holderDeg=3  probe(ttl4/6/8/12)=1/2/2/3 of 20
t=13800  N=13809  holderDeg=84  probe(ttl4/6/8/12)=1/7/20/20 of 20
t=4800  N=4809  holderDeg=3  probe(ttl4/6/8/12)=0/2/1/2 of 20
t=5000  N=5009  holderDeg=3  probe(ttl4/6/8/12)=0/1/3/4 of 20
t=13800  N=13809  holderDeg=91  probe(ttl4/6/8/12)=2/12/20/20 of 20
t=17800  N=17809  holderDeg=200  probe(ttl4/6/8/12)=3/15/20/20 of 20
t=5200  N=5209  holderDeg=3  probe(ttl4/6/8/12)=0/0/3/1 of 20
t=5400  N=5409  holderDeg=3  probe(ttl4/6/8/12)=0/1/4/1 of 20
t=13400  N=13409  holderDeg=123  probe(ttl4/6/8/12)=3/14/20/20 of 20
t=25000  N=25009  holderDeg=288  probe(ttl4/6/8/12)=4/14/20/20 of 20
t=14000  N=14009  holderDeg=86  probe(ttl4/6/8/12)=1/11/20/20 of 20
t=5600  N=5609  holderDeg=3  probe(ttl4/6/8/12)=0/1/2/3 of 20
t=14000  N=14009  holderDeg=95  probe(ttl4/6/8/12)=1/13/20/20 of 20
t=5800  N=5809  holderDeg=5  probe(ttl4/6/8/12)=2/2/3/4 of 20
t=18000  N=18009  holderDeg=204  probe(ttl4/6/8/12)=4/13/20/20 of 20
t=6000  N=6009  holderDeg=7  probe(ttl4/6/8/12)=0/2/6/14 of 20
t=14200  N=14209  holderDeg=90  probe(ttl4/6/8/12)=2/13/20/20 of 20
t=14200  N=14209  holderDeg=98  probe(ttl4/6/8/12)=4/15/19/20 of 20
t=13600  N=13609  holderDeg=126  probe(ttl4/6/8/12)=4/14/20/20 of 20
t=6200  N=6209  holderDeg=9  probe(ttl4/6/8/12)=0/4/8/17 of 20

 Growing has been completed
*********************************************************************


 Growing has been completed
*********************************************************************


================ randomrw4  seed=9  (Pp=100 Pd=0 Pt=0 rewire=False k=5 c=2 eps=0,02 qmax=0,2 N=10000 theta=6 crash=0 shape=0 multi=1 randrw=4 oracle=False fixedthr=0 rules=7 cooper=False dmax=160 mu=1 noscale=False) ================
t=200  N=209  holderDeg=-1  probe(ttl4/6/8/12)=0/0/0/0 of 20

================ nullwl  seed=9  (Pp=100 Pd=0 Pt=25000 rewire=True k=5 c=2 eps=0,02 qmax=0 N=10000 theta=6 crash=0 shape=0 multi=1 randrw=0 oracle=False fixedthr=0 rules=7 cooper=False dmax=160 mu=1 noscale=False) ================
t=200  N=209  holderDeg=-1  probe(ttl4/6/8/12)=0/0/0/0 of 20
t=6400  N=6409  holderDeg=11  probe(ttl4/6/8/12)=1/8/11/19 of 20
t=400  N=409  holderDeg=-1  probe(ttl4/6/8/12)=0/0/0/0 of 20
t=400  N=409  holderDeg=-1  probe(ttl4/6/8/12)=0/0/0/0 of 20
t=600  N=609  holderDeg=-1  probe(ttl4/6/8/12)=0/0/0/0 of 20
t=600  N=609  holderDeg=-1  probe(ttl4/6/8/12)=0/0/0/0 of 20
t=800  N=809  holderDeg=-1  probe(ttl4/6/8/12)=0/0/0/0 of 20
t=800  N=809  holderDeg=-1  probe(ttl4/6/8/12)=0/0/0/0 of 20
t=1000  N=1009  holderDeg=-1  probe(ttl4/6/8/12)=0/0/0/0 of 20
t=1000  N=1009  holderDeg=-1  probe(ttl4/6/8/12)=0/0/0/0 of 20
t=18200  N=18209  holderDeg=209  probe(ttl4/6/8/12)=3/18/20/20 of 20
t=1200  N=1209  holderDeg=-1  probe(ttl4/6/8/12)=0/0/0/0 of 20
t=1200  N=1209  holderDeg=-1  probe(ttl4/6/8/12)=0/0/0/0 of 20
t=1400  N=1409  holderDeg=-1  probe(ttl4/6/8/12)=0/0/0/0 of 20
t=6600  N=6609  holderDeg=13  probe(ttl4/6/8/12)=0/4/10/20 of 20
t=25200  N=25209  holderDeg=292  probe(ttl4/6/8/12)=9/17/20/20 of 20
t=1400  N=1409  holderDeg=-1  probe(ttl4/6/8/12)=0/0/0/0 of 20
t=1600  N=1609  holderDeg=-1  probe(ttl4/6/8/12)=0/0/0/0 of 20
t=1800  N=1809  holderDeg=-1  probe(ttl4/6/8/12)=0/0/0/0 of 20
t=1600  N=1609  holderDeg=-1  probe(ttl4/6/8/12)=0/0/0/0 of 20
t=13800  N=13809  holderDeg=128  probe(ttl4/6/8/12)=4/10/20/20 of 20
t=1800  N=1809  holderDeg=-1  probe(ttl4/6/8/12)=0/0/0/0 of 20
t=2000  N=2009  holderDeg=-1  probe(ttl4/6/8/12)=0/0/0/0 of 20
t=6800  N=6809  holderDeg=15  probe(ttl4/6/8/12)=0/4/12/19 of 20
t=2200  N=2209  holderDeg=-1  probe(ttl4/6/8/12)=0/0/0/0 of 20
t=2000  N=2009  holderDeg=-1  probe(ttl4/6/8/12)=0/0/0/0 of 20
t=2400  N=2409  holderDeg=-1  probe(ttl4/6/8/12)=0/0/0/0 of 20
t=2200  N=2209  holderDeg=-1  probe(ttl4/6/8/12)=0/0/0/0 of 20
t=2400  N=2409  holderDeg=-1  probe(ttl4/6/8/12)=0/0/0/0 of 20
t=2600  N=2609  holderDeg=-1  probe(ttl4/6/8/12)=0/0/0/0 of 20
t=7000  N=7009  holderDeg=17  probe(ttl4/6/8/12)=0/5/14/20 of 20
t=2800  N=2809  holderDeg=-1  probe(ttl4/6/8/12)=0/0/0/0 of 20
t=2600  N=2609  holderDeg=-1  probe(ttl4/6/8/12)=0/0/0/0 of 20
t=3000  N=3009  holderDeg=3  probe(ttl4/6/8/12)=0/1/8/8 of 20
t=2800  N=2809  holderDeg=-1  probe(ttl4/6/8/12)=0/0/0/0 of 20
t=3000  N=3009  holderDeg=3  probe(ttl4/6/8/12)=1/5/5/13 of 20
t=3200  N=3209  holderDeg=3  probe(ttl4/6/8/12)=0/1/5/4 of 20
t=18400  N=18409  holderDeg=213  probe(ttl4/6/8/12)=4/15/20/20 of 20
t=3200  N=3209  holderDeg=3  probe(ttl4/6/8/12)=0/2/5/16 of 20
t=7200  N=7209  holderDeg=19  probe(ttl4/6/8/12)=0/7/16/20 of 20
t=3400  N=3409  holderDeg=3  probe(ttl4/6/8/12)=1/2/4/9 of 20
t=3400  N=3409  holderDeg=3  probe(ttl4/6/8/12)=0/1/6/13 of 20
t=14000  N=14009  holderDeg=131  probe(ttl4/6/8/12)=4/14/20/20 of 20
t=3600  N=3609  holderDeg=3  probe(ttl4/6/8/12)=0/1/4/10 of 20
t=3600  N=3609  holderDeg=3  probe(ttl4/6/8/12)=0/1/5/13 of 20
t=3800  N=3809  holderDeg=3  probe(ttl4/6/8/12)=0/3/3/8 of 20
t=3800  N=3809  holderDeg=3  probe(ttl4/6/8/12)=0/2/6/9 of 20
t=7400  N=7409  holderDeg=21  probe(ttl4/6/8/12)=0/4/15/20 of 20
t=25400  N=25409  holderDeg=297  probe(ttl4/6/8/12)=3/15/20/20 of 20
t=4000  N=4009  holderDeg=3  probe(ttl4/6/8/12)=0/2/2/9 of 20
t=4000  N=4009  holderDeg=3  probe(ttl4/6/8/12)=0/1/2/14 of 20
t=14200  N=14209  holderDeg=133  probe(ttl4/6/8/12)=3/12/20/20 of 20
t=4200  N=4209  holderDeg=3  probe(ttl4/6/8/12)=1/1/6/10 of 20
t=7600  N=7609  holderDeg=23  probe(ttl4/6/8/12)=1/8/17/19 of 20
t=4200  N=4209  holderDeg=3  probe(ttl4/6/8/12)=0/0/8/12 of 20
t=18600  N=18609  holderDeg=219  probe(ttl4/6/8/12)=1/17/20/20 of 20
t=4400  N=4409  holderDeg=3  probe(ttl4/6/8/12)=1/1/8/7 of 20

 Growing has been completed
*********************************************************************

t=4400  N=4409  holderDeg=3  probe(ttl4/6/8/12)=1/1/2/7 of 20

================ trendfx-n20000  seed=9  (Pp=100 Pd=0 Pt=25000 rewire=True k=5 c=2 eps=0,02 qmax=0,2 N=20000 theta=6 crash=0 shape=0 multi=1 randrw=0 oracle=False fixedthr=0 rules=7 cooper=False dmax=160 mu=1 noscale=True) ================
t=200  N=209  holderDeg=-1  probe(ttl4/6/8/12)=0/0/0/0 of 20
t=400  N=409  holderDeg=-1  probe(ttl4/6/8/12)=0/0/0/0 of 20
t=4600  N=4609  holderDeg=3  probe(ttl4/6/8/12)=0/2/5/10 of 20
t=600  N=609  holderDeg=-1  probe(ttl4/6/8/12)=0/0/0/0 of 20
t=7800  N=7809  holderDeg=25  probe(ttl4/6/8/12)=1/9/15/20 of 20
t=4600  N=4609  holderDeg=3  probe(ttl4/6/8/12)=0/3/3/9 of 20
t=800  N=809  holderDeg=-1  probe(ttl4/6/8/12)=0/0/0/0 of 20
t=4800  N=4809  holderDeg=3  probe(ttl4/6/8/12)=0/0/4/11 of 20
t=1000  N=1009  holderDeg=-1  probe(ttl4/6/8/12)=0/0/0/0 of 20
t=4800  N=4809  holderDeg=3  probe(ttl4/6/8/12)=0/0/5/6 of 20
t=1200  N=1209  holderDeg=-1  probe(ttl4/6/8/12)=0/0/0/0 of 20
t=1400  N=1409  holderDeg=-1  probe(ttl4/6/8/12)=0/0/0/0 of 20
t=5000  N=5009  holderDeg=3  probe(ttl4/6/8/12)=0/2/2/9 of 20
t=8000  N=8009  holderDeg=27  probe(ttl4/6/8/12)=2/3/17/20 of 20
t=1600  N=1609  holderDeg=-1  probe(ttl4/6/8/12)=0/0/0/0 of 20
t=1800  N=1809  holderDeg=-1  probe(ttl4/6/8/12)=0/0/0/0 of 20
t=5200  N=5209  holderDeg=3  probe(ttl4/6/8/12)=1/1/4/6 of 20
t=5000  N=5009  holderDeg=3  probe(ttl4/6/8/12)=1/1/5/8 of 20
t=2000  N=2009  holderDeg=-1  probe(ttl4/6/8/12)=0/0/0/0 of 20
t=2200  N=2209  holderDeg=-1  probe(ttl4/6/8/12)=0/0/0/0 of 20
t=8200  N=8209  holderDeg=30  probe(ttl4/6/8/12)=1/5/16/20 of 20
t=5200  N=5209  holderDeg=3  probe(ttl4/6/8/12)=0/0/1/12 of 20
t=5400  N=5409  holderDeg=3  probe(ttl4/6/8/12)=0/3/5/10 of 20
t=2400  N=2409  holderDeg=-1  probe(ttl4/6/8/12)=0/0/0/0 of 20
t=18800  N=18809  holderDeg=225  probe(ttl4/6/8/12)=3/15/20/20 of 20
t=25600  N=25609  holderDeg=300  probe(ttl4/6/8/12)=1/16/20/20 of 20
t=2600  N=2609  holderDeg=-1  probe(ttl4/6/8/12)=0/0/0/0 of 20
t=5600  N=5609  holderDeg=3  probe(ttl4/6/8/12)=0/1/6/4 of 20
t=2800  N=2809  holderDeg=-1  probe(ttl4/6/8/12)=0/0/0/0 of 20
t=8400  N=8409  holderDeg=32  probe(ttl4/6/8/12)=1/8/18/20 of 20
t=3000  N=3009  holderDeg=3  probe(ttl4/6/8/12)=0/1/8/8 of 20
t=5800  N=5809  holderDeg=3  probe(ttl4/6/8/12)=0/0/2/4 of 20
t=5400  N=5409  holderDeg=3  probe(ttl4/6/8/12)=0/0/5/12 of 20
t=3200  N=3209  holderDeg=3  probe(ttl4/6/8/12)=0/1/5/4 of 20
t=5600  N=5609  holderDeg=3  probe(ttl4/6/8/12)=1/1/4/13 of 20
t=6000  N=6009  holderDeg=3  probe(ttl4/6/8/12)=0/0/0/5 of 20
t=8600  N=8609  holderDeg=35  probe(ttl4/6/8/12)=1/8/16/20 of 20
t=3400  N=3409  holderDeg=3  probe(ttl4/6/8/12)=1/0/4/10 of 20
t=6200  N=6209  holderDeg=3  probe(ttl4/6/8/12)=1/2/3/6 of 20
t=5800  N=5809  holderDeg=3  probe(ttl4/6/8/12)=0/1/3/8 of 20
t=3600  N=3609  holderDeg=3  probe(ttl4/6/8/12)=0/1/4/9 of 20
t=19000  N=19009  holderDeg=229  probe(ttl4/6/8/12)=3/16/20/20 of 20
t=8800  N=8809  holderDeg=38  probe(ttl4/6/8/12)=2/7/17/20 of 20
t=3800  N=3809  holderDeg=3  probe(ttl4/6/8/12)=1/0/6/11 of 20
t=6400  N=6409  holderDeg=3  probe(ttl4/6/8/12)=0/4/1/7 of 20
t=6000  N=6009  holderDeg=3  probe(ttl4/6/8/12)=1/2/2/7 of 20
t=4000  N=4009  holderDeg=3  probe(ttl4/6/8/12)=0/2/7/6 of 20
t=25800  N=25809  holderDeg=302  probe(ttl4/6/8/12)=2/17/20/20 of 20
t=6200  N=6209  holderDeg=3  probe(ttl4/6/8/12)=1/1/4/7 of 20
t=4200  N=4209  holderDeg=3  probe(ttl4/6/8/12)=0/3/5/8 of 20
t=9000  N=9009  holderDeg=41  probe(ttl4/6/8/12)=3/8/19/20 of 20
t=6600  N=6609  holderDeg=3  probe(ttl4/6/8/12)=0/1/5/7 of 20
t=6400  N=6409  holderDeg=3  probe(ttl4/6/8/12)=0/2/6/5 of 20
t=4400  N=4409  holderDeg=3  probe(ttl4/6/8/12)=0/2/8/7 of 20
t=6800  N=6809  holderDeg=3  probe(ttl4/6/8/12)=1/1/4/6 of 20
t=9200  N=9209  holderDeg=43  probe(ttl4/6/8/12)=2/9/19/20 of 20
t=6600  N=6609  holderDeg=3  probe(ttl4/6/8/12)=1/1/3/6 of 20
t=19200  N=19209  holderDeg=235  probe(ttl4/6/8/12)=2/16/20/20 of 20
t=4600  N=4609  holderDeg=3  probe(ttl4/6/8/12)=0/0/5/10 of 20
t=4800  N=4809  holderDeg=5  probe(ttl4/6/8/12)=0/7/10/17 of 20
t=7000  N=7009  holderDeg=3  probe(ttl4/6/8/12)=0/1/2/8 of 20
t=5000  N=5009  holderDeg=7  probe(ttl4/6/8/12)=0/6/15/18 of 20
t=9400  N=9409  holderDeg=45  probe(ttl4/6/8/12)=0/7/16/20 of 20
t=6800  N=6809  holderDeg=3  probe(ttl4/6/8/12)=0/1/2/9 of 20
t=7200  N=7209  holderDeg=3  probe(ttl4/6/8/12)=0/1/1/7 of 20
t=5200  N=5209  holderDeg=9  probe(ttl4/6/8/12)=1/2/9/19 of 20
t=7000  N=7009  holderDeg=3  probe(ttl4/6/8/12)=0/1/4/7 of 20
t=5400  N=5409  holderDeg=11  probe(ttl4/6/8/12)=2/6/12/18 of 20
t=9600  N=9609  holderDeg=47  probe(ttl4/6/8/12)=2/9/19/20 of 20
t=26000  N=26009  holderDeg=305  probe(ttl4/6/8/12)=5/15/20/20 of 20
t=7400  N=7409  holderDeg=3  probe(ttl4/6/8/12)=0/0/2/4 of 20
t=19400  N=19409  holderDeg=240  probe(ttl4/6/8/12)=4/15/20/20 of 20
t=7200  N=7209  holderDeg=3  probe(ttl4/6/8/12)=0/0/2/5 of 20
t=5600  N=5609  holderDeg=13  probe(ttl4/6/8/12)=0/5/16/20 of 20
t=7600  N=7609  holderDeg=3  probe(ttl4/6/8/12)=0/0/3/2 of 20
t=7400  N=7409  holderDeg=3  probe(ttl4/6/8/12)=0/0/2/6 of 20
t=9800  N=9809  holderDeg=49  probe(ttl4/6/8/12)=0/7/19/20 of 20
t=5800  N=5809  holderDeg=15  probe(ttl4/6/8/12)=0/3/14/19 of 20
t=7600  N=7609  holderDeg=3  probe(ttl4/6/8/12)=0/1/0/4 of 20
t=7800  N=7809  holderDeg=3  probe(ttl4/6/8/12)=0/0/1/6 of 20
t=6000  N=6009  holderDeg=18  probe(ttl4/6/8/12)=1/4/18/20 of 20
t=10000  N=10009  holderDeg=51  probe(ttl4/6/8/12)=2/11/20/20 of 20
t=7800  N=7809  holderDeg=3  probe(ttl4/6/8/12)=0/1/7/6 of 20
t=8000  N=8009  holderDeg=3  probe(ttl4/6/8/12)=0/1/4/5 of 20
t=6200  N=6209  holderDeg=21  probe(ttl4/6/8/12)=2/9/15/20 of 20
t=19600  N=19609  holderDeg=245  probe(ttl4/6/8/12)=2/16/20/20 of 20
t=8200  N=8209  holderDeg=3  probe(ttl4/6/8/12)=1/1/3/6 of 20
t=8000  N=8009  holderDeg=3  probe(ttl4/6/8/12)=0/0/3/8 of 20
t=6400  N=6409  holderDeg=23  probe(ttl4/6/8/12)=2/10/16/20 of 20
t=26200  N=26209  holderDeg=308  probe(ttl4/6/8/12)=8/17/20/20 of 20
t=8400  N=8409  holderDeg=3  probe(ttl4/6/8/12)=0/0/6/4 of 20
t=8200  N=8209  holderDeg=3  probe(ttl4/6/8/12)=0/0/1/4 of 20
t=6600  N=6609  holderDeg=27  probe(ttl4/6/8/12)=0/7/18/20 of 20
t=10200  N=10209  holderDeg=54  probe(ttl4/6/8/12)=2/10/17/20 of 20
t=8400  N=8409  holderDeg=3  probe(ttl4/6/8/12)=0/3/4/9 of 20
t=6800  N=6809  holderDeg=31  probe(ttl4/6/8/12)=4/7/20/20 of 20
t=8600  N=8609  holderDeg=3  probe(ttl4/6/8/12)=0/0/4/8 of 20
t=19800  N=19809  holderDeg=248  probe(ttl4/6/8/12)=3/14/20/20 of 20
t=10400  N=10409  holderDeg=56  probe(ttl4/6/8/12)=2/10/20/20 of 20
t=7000  N=7009  holderDeg=34  probe(ttl4/6/8/12)=3/8/19/20 of 20
t=8600  N=8609  holderDeg=3  probe(ttl4/6/8/12)=0/0/6/7 of 20
t=8800  N=8809  holderDeg=3  probe(ttl4/6/8/12)=0/0/5/11 of 20
t=7200  N=7209  holderDeg=36  probe(ttl4/6/8/12)=2/10/17/20 of 20
t=10600  N=10609  holderDeg=58  probe(ttl4/6/8/12)=1/14/20/20 of 20
t=9000  N=9009  holderDeg=3  probe(ttl4/6/8/12)=0/2/2/11 of 20
t=8800  N=8809  holderDeg=3  probe(ttl4/6/8/12)=0/0/1/4 of 20
t=7400  N=7409  holderDeg=38  probe(ttl4/6/8/12)=3/9/19/20 of 20
t=26400  N=26409  holderDeg=312  probe(ttl4/6/8/12)=2/15/20/20 of 20
t=10800  N=10809  holderDeg=60  probe(ttl4/6/8/12)=1/6/20/20 of 20
t=9200  N=9209  holderDeg=3  probe(ttl4/6/8/12)=0/1/5/13 of 20
t=7600  N=7609  holderDeg=41  probe(ttl4/6/8/12)=2/12/19/20 of 20
t=20000  N=20009  holderDeg=250  probe(ttl4/6/8/12)=4/13/20/20 of 20
t=9400  N=9409  holderDeg=3  probe(ttl4/6/8/12)=1/2/0/11 of 20
t=11000  N=11009  holderDeg=63  probe(ttl4/6/8/12)=4/11/19/20 of 20
t=9000  N=9009  holderDeg=3  probe(ttl4/6/8/12)=0/0/2/7 of 20
t=9600  N=9609  holderDeg=3  probe(ttl4/6/8/12)=1/1/5/9 of 20
t=7800  N=7809  holderDeg=43  probe(ttl4/6/8/12)=0/11/20/20 of 20
t=11200  N=11209  holderDeg=65  probe(ttl4/6/8/12)=2/9/18/20 of 20
t=8000  N=8009  holderDeg=48  probe(ttl4/6/8/12)=1/16/19/20 of 20
t=9200  N=9209  holderDeg=3  probe(ttl4/6/8/12)=0/1/4/7 of 20
t=9800  N=9809  holderDeg=3  probe(ttl4/6/8/12)=0/1/3/8 of 20
t=20200  N=20209  holderDeg=253  probe(ttl4/6/8/12)=3/15/20/20 of 20
t=8200  N=8209  holderDeg=51  probe(ttl4/6/8/12)=1/15/20/20 of 20
t=11400  N=11409  holderDeg=68  probe(ttl4/6/8/12)=2/13/19/20 of 20
t=10000  N=10009  holderDeg=3  probe(ttl4/6/8/12)=0/0/5/9 of 20
t=8400  N=8409  holderDeg=55  probe(ttl4/6/8/12)=4/13/19/20 of 20
t=9400  N=9409  holderDeg=3  probe(ttl4/6/8/12)=0/0/5/5 of 20
t=10200  N=10209  holderDeg=3  probe(ttl4/6/8/12)=0/0/6/6 of 20
t=11600  N=11609  holderDeg=70  probe(ttl4/6/8/12)=2/9/20/20 of 20
t=26600  N=26609  holderDeg=316  probe(ttl4/6/8/12)=5/15/20/20 of 20
t=8600  N=8609  holderDeg=59  probe(ttl4/6/8/12)=1/6/20/20 of 20
t=9600  N=9609  holderDeg=3  probe(ttl4/6/8/12)=0/0/2/8 of 20
t=20400  N=20409  holderDeg=258  probe(ttl4/6/8/12)=4/18/20/20 of 20
t=10400  N=10409  holderDeg=3  probe(ttl4/6/8/12)=0/0/3/6 of 20
t=11800  N=11809  holderDeg=72  probe(ttl4/6/8/12)=0/11/20/20 of 20
t=8800  N=8809  holderDeg=62  probe(ttl4/6/8/12)=3/17/20/20 of 20
t=9800  N=9809  holderDeg=3  probe(ttl4/6/8/12)=0/2/0/4 of 20
t=9000  N=9009  holderDeg=64  probe(ttl4/6/8/12)=2/11/19/20 of 20
t=12000  N=12009  holderDeg=74  probe(ttl4/6/8/12)=1/13/20/20 of 20
t=10600  N=10609  holderDeg=3  probe(ttl4/6/8/12)=0/0/4/11 of 20
t=10000  N=10009  holderDeg=3  probe(ttl4/6/8/12)=0/1/2/6 of 20
t=9200  N=9209  holderDeg=66  probe(ttl4/6/8/12)=2/15/20/20 of 20
t=20600  N=20609  holderDeg=263  probe(ttl4/6/8/12)=3/18/20/20 of 20
t=10200  N=10209  holderDeg=3  probe(ttl4/6/8/12)=0/1/1/3 of 20
t=12200  N=12209  holderDeg=77  probe(ttl4/6/8/12)=2/11/20/20 of 20
t=26800  N=26809  holderDeg=318  probe(ttl4/6/8/12)=4/17/20/20 of 20
t=10800  N=10809  holderDeg=3  probe(ttl4/6/8/12)=1/0/2/8 of 20
t=9400  N=9409  holderDeg=69  probe(ttl4/6/8/12)=4/13/20/20 of 20
t=10400  N=10409  holderDeg=3  probe(ttl4/6/8/12)=0/0/0/4 of 20
t=12400  N=12409  holderDeg=79  probe(ttl4/6/8/12)=5/8/20/20 of 20
t=11000  N=11009  holderDeg=3  probe(ttl4/6/8/12)=0/0/4/10 of 20
t=9600  N=9609  holderDeg=73  probe(ttl4/6/8/12)=3/9/20/20 of 20
t=10600  N=10609  holderDeg=3  probe(ttl4/6/8/12)=0/0/4/3 of 20
t=20800  N=20809  holderDeg=266  probe(ttl4/6/8/12)=4/16/20/20 of 20
t=12600  N=12609  holderDeg=85  probe(ttl4/6/8/12)=0/12/20/20 of 20
t=11200  N=11209  holderDeg=3  probe(ttl4/6/8/12)=0/0/0/7 of 20
t=9800  N=9809  holderDeg=77  probe(ttl4/6/8/12)=4/11/20/20 of 20
t=10800  N=10809  holderDeg=3  probe(ttl4/6/8/12)=0/0/3/6 of 20
t=11400  N=11409  holderDeg=3  probe(ttl4/6/8/12)=0/0/4/11 of 20
t=12800  N=12809  holderDeg=87  probe(ttl4/6/8/12)=2/14/20/20 of 20
t=11000  N=11009  holderDeg=3  probe(ttl4/6/8/12)=0/0/2/5 of 20
t=27000  N=27009  holderDeg=320  probe(ttl4/6/8/12)=3/16/20/20 of 20
t=10000  N=10009  holderDeg=79  probe(ttl4/6/8/12)=3/11/20/20 of 20
t=11600  N=11609  holderDeg=3  probe(ttl4/6/8/12)=0/1/4/10 of 20
t=10200  N=10209  holderDeg=83  probe(ttl4/6/8/12)=0/13/19/20 of 20
t=11200  N=11209  holderDeg=3  probe(ttl4/6/8/12)=0/1/2/3 of 20
t=13000  N=13009  holderDeg=89  probe(ttl4/6/8/12)=1/9/20/20 of 20
t=21000  N=21009  holderDeg=271  probe(ttl4/6/8/12)=4/16/20/20 of 20
t=11400  N=11409  holderDeg=3  probe(ttl4/6/8/12)=0/0/0/6 of 20
t=10400  N=10409  holderDeg=86  probe(ttl4/6/8/12)=1/17/20/20 of 20
t=11800  N=11809  holderDeg=3  probe(ttl4/6/8/12)=0/2/4/12 of 20
t=10600  N=10609  holderDeg=89  probe(ttl4/6/8/12)=3/10/20/20 of 20
t=13200  N=13209  holderDeg=91  probe(ttl4/6/8/12)=0/11/20/20 of 20
t=11600  N=11609  holderDeg=3  probe(ttl4/6/8/12)=0/0/2/5 of 20
t=12000  N=12009  holderDeg=3  probe(ttl4/6/8/12)=0/2/2/6 of 20
t=21200  N=21209  holderDeg=275  probe(ttl4/6/8/12)=2/17/20/20 of 20
t=10800  N=10809  holderDeg=91  probe(ttl4/6/8/12)=5/11/20/20 of 20
t=27200  N=27209  holderDeg=322  probe(ttl4/6/8/12)=3/17/20/20 of 20
t=13400  N=13409  holderDeg=93  probe(ttl4/6/8/12)=1/11/20/20 of 20
t=11800  N=11809  holderDeg=3  probe(ttl4/6/8/12)=0/0/1/5 of 20
t=12200  N=12209  holderDeg=3  probe(ttl4/6/8/12)=0/1/4/9 of 20
t=11000  N=11009  holderDeg=94  probe(ttl4/6/8/12)=4/14/20/20 of 20
t=12000  N=12009  holderDeg=3  probe(ttl4/6/8/12)=0/0/3/6 of 20
t=21400  N=21409  holderDeg=279  probe(ttl4/6/8/12)=3/15/20/20 of 20
t=12400  N=12409  holderDeg=3  probe(ttl4/6/8/12)=0/1/2/10 of 20
t=13600  N=13609  holderDeg=97  probe(ttl4/6/8/12)=0/16/19/20 of 20
t=11200  N=11209  holderDeg=96  probe(ttl4/6/8/12)=5/13/20/20 of 20
t=12200  N=12209  holderDeg=3  probe(ttl4/6/8/12)=0/2/2/5 of 20
t=11400  N=11409  holderDeg=98  probe(ttl4/6/8/12)=5/16/20/20 of 20
t=12600  N=12609  holderDeg=3  probe(ttl4/6/8/12)=0/0/3/8 of 20
t=12400  N=12409  holderDeg=3  probe(ttl4/6/8/12)=0/2/2/5 of 20
t=27400  N=27409  holderDeg=325  probe(ttl4/6/8/12)=1/13/20/20 of 20
t=11600  N=11609  holderDeg=100  probe(ttl4/6/8/12)=1/12/20/20 of 20
t=13800  N=13809  holderDeg=99  probe(ttl4/6/8/12)=2/12/20/20 of 20
t=12800  N=12809  holderDeg=3  probe(ttl4/6/8/12)=0/1/6/7 of 20
t=21600  N=21609  holderDeg=283  probe(ttl4/6/8/12)=2/15/20/20 of 20
t=11800  N=11809  holderDeg=103  probe(ttl4/6/8/12)=5/13/20/20 of 20
t=14000  N=14009  holderDeg=103  probe(ttl4/6/8/12)=0/14/20/20 of 20
t=12600  N=12609  holderDeg=3  probe(ttl4/6/8/12)=0/0/3/8 of 20
t=12000  N=12009  holderDeg=106  probe(ttl4/6/8/12)=1/14/20/20 of 20
t=27600  N=27609  holderDeg=330  probe(ttl4/6/8/12)=5/17/20/20 of 20
t=12800  N=12809  holderDeg=3  probe(ttl4/6/8/12)=0/0/1/9 of 20
t=13000  N=13009  holderDeg=3  probe(ttl4/6/8/12)=0/2/2/5 of 20
t=12200  N=12209  holderDeg=108  probe(ttl4/6/8/12)=3/14/20/20 of 20
t=21800  N=21809  holderDeg=286  probe(ttl4/6/8/12)=2/16/20/20 of 20
t=14200  N=14209  holderDeg=106  probe(ttl4/6/8/12)=4/12/20/20 of 20
t=13000  N=13009  holderDeg=3  probe(ttl4/6/8/12)=0/0/2/5 of 20
t=12400  N=12409  holderDeg=110  probe(ttl4/6/8/12)=3/16/20/20 of 20

 Growing has been completed
*********************************************************************


================ rulek  seed=10  (Pp=100 Pd=0 Pt=25000 rewire=True k=5 c=2 eps=0,02 qmax=0,2 N=10000 theta=6 crash=0 shape=0 multi=1 randrw=0 oracle=False fixedthr=0 rules=1 cooper=False dmax=160 mu=1 noscale=False) ================
t=200  N=209  holderDeg=-1  probe(ttl4/6/8/12)=0/0/0/0 of 20
t=400  N=409  holderDeg=-1  probe(ttl4/6/8/12)=0/0/0/0 of 20
t=600  N=609  holderDeg=-1  probe(ttl4/6/8/12)=0/0/0/0 of 20
t=13200  N=13209  holderDeg=3  probe(ttl4/6/8/12)=0/0/1/7 of 20
t=800  N=809  holderDeg=-1  probe(ttl4/6/8/12)=0/0/0/0 of 20
t=1000  N=1009  holderDeg=-1  probe(ttl4/6/8/12)=0/0/0/0 of 20
t=22000  N=22009  holderDeg=292  probe(ttl4/6/8/12)=3/13/20/20 of 20
t=13200  N=13209  holderDeg=3  probe(ttl4/6/8/12)=0/1/2/10 of 20
t=1200  N=1209  holderDeg=-1  probe(ttl4/6/8/12)=0/0/0/0 of 20
t=12600  N=12609  holderDeg=112  probe(ttl4/6/8/12)=3/16/20/20 of 20
t=1400  N=1409  holderDeg=-1  probe(ttl4/6/8/12)=0/0/0/0 of 20
t=1600  N=1609  holderDeg=-1  probe(ttl4/6/8/12)=0/0/0/0 of 20
t=1800  N=1809  holderDeg=-1  probe(ttl4/6/8/12)=0/0/0/0 of 20
t=2000  N=2009  holderDeg=-1  probe(ttl4/6/8/12)=0/0/0/0 of 20
t=27800  N=27809  holderDeg=334  probe(ttl4/6/8/12)=5/15/20/20 of 20
t=2200  N=2209  holderDeg=-1  probe(ttl4/6/8/12)=0/0/0/0 of 20
t=13400  N=13409  holderDeg=3  probe(ttl4/6/8/12)=0/1/2/8 of 20
t=2400  N=2409  holderDeg=-1  probe(ttl4/6/8/12)=0/0/0/0 of 20
t=12800  N=12809  holderDeg=116  probe(ttl4/6/8/12)=0/12/20/20 of 20
t=13400  N=13409  holderDeg=3  probe(ttl4/6/8/12)=0/0/2/10 of 20
t=2600  N=2609  holderDeg=-1  probe(ttl4/6/8/12)=0/0/0/0 of 20
t=2800  N=2809  holderDeg=-1  probe(ttl4/6/8/12)=0/0/0/0 of 20
t=3000  N=3009  holderDeg=3  probe(ttl4/6/8/12)=1/1/5/5 of 20
t=3200  N=3209  holderDeg=3  probe(ttl4/6/8/12)=1/1/5/9 of 20
t=13600  N=13609  holderDeg=3  probe(ttl4/6/8/12)=0/1/1/4 of 20
t=3400  N=3409  holderDeg=3  probe(ttl4/6/8/12)=2/2/3/11 of 20
t=13600  N=13609  holderDeg=3  probe(ttl4/6/8/12)=0/2/1/12 of 20
t=22200  N=22209  holderDeg=294  probe(ttl4/6/8/12)=4/17/20/20 of 20
t=3600  N=3609  holderDeg=3  probe(ttl4/6/8/12)=1/1/4/3 of 20
t=13000  N=13009  holderDeg=119  probe(ttl4/6/8/12)=4/16/20/20 of 20
t=3800  N=3809  holderDeg=3  probe(ttl4/6/8/12)=0/1/5/6 of 20
t=4000  N=4009  holderDeg=3  probe(ttl4/6/8/12)=0/1/5/10 of 20
t=13800  N=13809  holderDeg=3  probe(ttl4/6/8/12)=0/2/2/9 of 20
t=4200  N=4209  holderDeg=3  probe(ttl4/6/8/12)=0/2/3/6 of 20
t=13200  N=13209  holderDeg=123  probe(ttl4/6/8/12)=3/14/20/20 of 20
t=13800  N=13809  holderDeg=3  probe(ttl4/6/8/12)=0/1/3/11 of 20
t=4400  N=4409  holderDeg=3  probe(ttl4/6/8/12)=0/0/1/6 of 20
t=4600  N=4609  holderDeg=3  probe(ttl4/6/8/12)=0/1/7/5 of 20
t=22400  N=22409  holderDeg=297  probe(ttl4/6/8/12)=3/19/20/20 of 20
t=28000  N=28009  holderDeg=339  probe(ttl4/6/8/12)=3/15/20/20 of 20
t=4800  N=4809  holderDeg=3  probe(ttl4/6/8/12)=0/3/5/6 of 20
t=13400  N=13409  holderDeg=126  probe(ttl4/6/8/12)=4/13/20/20 of 20
t=5000  N=5009  holderDeg=3  probe(ttl4/6/8/12)=0/1/2/8 of 20
t=14000  N=14009  holderDeg=3  probe(ttl4/6/8/12)=0/0/4/7 of 20
t=14000  N=14009  holderDeg=3  probe(ttl4/6/8/12)=0/0/0/7 of 20
t=5200  N=5209  holderDeg=3  probe(ttl4/6/8/12)=0/0/5/4 of 20
t=5400  N=5409  holderDeg=3  probe(ttl4/6/8/12)=1/2/4/7 of 20
t=13600  N=13609  holderDeg=129  probe(ttl4/6/8/12)=2/12/20/20 of 20
t=5600  N=5609  holderDeg=3  probe(ttl4/6/8/12)=0/1/1/6 of 20
t=5800  N=5809  holderDeg=3  probe(ttl4/6/8/12)=1/1/5/5 of 20
t=14200  N=14209  holderDeg=3  probe(ttl4/6/8/12)=0/0/3/7 of 20
t=22600  N=22609  holderDeg=301  probe(ttl4/6/8/12)=3/17/20/20 of 20
t=6000  N=6009  holderDeg=3  probe(ttl4/6/8/12)=0/1/4/5 of 20

 Growing has been completed
*********************************************************************

t=28200  N=28209  holderDeg=341  probe(ttl4/6/8/12)=4/10/20/20 of 20

================ rulec  seed=10  (Pp=100 Pd=0 Pt=25000 rewire=True k=5 c=2 eps=0,02 qmax=0,2 N=10000 theta=6 crash=0 shape=0 multi=1 randrw=0 oracle=False fixedthr=0 rules=2 cooper=False dmax=160 mu=1 noscale=False) ================
t=200  N=209  holderDeg=-1  probe(ttl4/6/8/12)=0/0/0/0 of 20
t=13800  N=13809  holderDeg=131  probe(ttl4/6/8/12)=3/15/20/20 of 20
t=6200  N=6209  holderDeg=3  probe(ttl4/6/8/12)=1/2/2/5 of 20
t=400  N=409  holderDeg=-1  probe(ttl4/6/8/12)=0/0/0/0 of 20
t=600  N=609  holderDeg=-1  probe(ttl4/6/8/12)=0/0/0/0 of 20
t=800  N=809  holderDeg=-1  probe(ttl4/6/8/12)=0/0/0/0 of 20
t=6400  N=6409  holderDeg=3  probe(ttl4/6/8/12)=1/0/4/2 of 20
t=14200  N=14209  holderDeg=3  probe(ttl4/6/8/12)=0/0/6/12 of 20
t=1000  N=1009  holderDeg=-1  probe(ttl4/6/8/12)=0/0/0/0 of 20
t=1200  N=1209  holderDeg=-1  probe(ttl4/6/8/12)=0/0/0/0 of 20
t=1400  N=1409  holderDeg=-1  probe(ttl4/6/8/12)=0/0/0/0 of 20
t=1600  N=1609  holderDeg=-1  probe(ttl4/6/8/12)=0/0/0/0 of 20
t=6600  N=6609  holderDeg=3  probe(ttl4/6/8/12)=0/1/3/0 of 20
t=1800  N=1809  holderDeg=-1  probe(ttl4/6/8/12)=0/0/0/0 of 20
t=2000  N=2009  holderDeg=-1  probe(ttl4/6/8/12)=0/0/0/0 of 20
t=2200  N=2209  holderDeg=-1  probe(ttl4/6/8/12)=0/0/0/0 of 20
t=14000  N=14009  holderDeg=133  probe(ttl4/6/8/12)=1/15/20/20 of 20
t=6800  N=6809  holderDeg=3  probe(ttl4/6/8/12)=1/1/2/3 of 20
t=2400  N=2409  holderDeg=-1  probe(ttl4/6/8/12)=0/0/0/0 of 20
t=22800  N=22809  holderDeg=304  probe(ttl4/6/8/12)=5/17/20/20 of 20
t=2600  N=2609  holderDeg=-1  probe(ttl4/6/8/12)=0/0/0/0 of 20
t=7000  N=7009  holderDeg=3  probe(ttl4/6/8/12)=0/2/1/6 of 20
t=2800  N=2809  holderDeg=-1  probe(ttl4/6/8/12)=0/0/0/0 of 20

 Growing has been completed
*********************************************************************

t=3000  N=3009  holderDeg=3  probe(ttl4/6/8/12)=0/1/5/10 of 20

================ rulel  seed=10  (Pp=100 Pd=0 Pt=25000 rewire=True k=5 c=2 eps=0,02 qmax=0,2 N=10000 theta=6 crash=0 shape=0 multi=1 randrw=0 oracle=False fixedthr=0 rules=4 cooper=False dmax=160 mu=1 noscale=False) ================
t=200  N=209  holderDeg=-1  probe(ttl4/6/8/12)=0/0/0/0 of 20
t=400  N=409  holderDeg=-1  probe(ttl4/6/8/12)=0/0/0/0 of 20
t=3200  N=3209  holderDeg=3  probe(ttl4/6/8/12)=0/1/6/12 of 20
t=600  N=609  holderDeg=-1  probe(ttl4/6/8/12)=0/0/0/0 of 20
t=7200  N=7209  holderDeg=3  probe(ttl4/6/8/12)=0/0/3/3 of 20
t=800  N=809  holderDeg=-1  probe(ttl4/6/8/12)=0/0/0/0 of 20
t=14200  N=14209  holderDeg=136  probe(ttl4/6/8/12)=2/11/20/20 of 20
t=3400  N=3409  holderDeg=3  probe(ttl4/6/8/12)=1/3/4/8 of 20
t=1000  N=1009  holderDeg=-1  probe(ttl4/6/8/12)=0/0/0/0 of 20
t=1200  N=1209  holderDeg=-1  probe(ttl4/6/8/12)=0/0/0/0 of 20
t=1400  N=1409  holderDeg=-1  probe(ttl4/6/8/12)=0/0/0/0 of 20
t=7400  N=7409  holderDeg=3  probe(ttl4/6/8/12)=0/2/2/3 of 20
t=3600  N=3609  holderDeg=3  probe(ttl4/6/8/12)=1/4/2/7 of 20
t=1600  N=1609  holderDeg=-1  probe(ttl4/6/8/12)=0/0/0/0 of 20
t=28400  N=28409  holderDeg=347  probe(ttl4/6/8/12)=6/20/20/20 of 20
t=1800  N=1809  holderDeg=-1  probe(ttl4/6/8/12)=0/0/0/0 of 20
t=3800  N=3809  holderDeg=3  probe(ttl4/6/8/12)=0/0/8/8 of 20
t=2000  N=2009  holderDeg=-1  probe(ttl4/6/8/12)=0/0/0/0 of 20
t=4000  N=4009  holderDeg=3  probe(ttl4/6/8/12)=0/1/5/11 of 20
t=2200  N=2209  holderDeg=-1  probe(ttl4/6/8/12)=0/0/0/0 of 20
t=7600  N=7609  holderDeg=3  probe(ttl4/6/8/12)=1/2/5/0 of 20
t=2400  N=2409  holderDeg=-1  probe(ttl4/6/8/12)=0/0/0/0 of 20
t=4200  N=4209  holderDeg=3  probe(ttl4/6/8/12)=0/1/5/6 of 20
t=2600  N=2609  holderDeg=-1  probe(ttl4/6/8/12)=0/0/0/0 of 20
t=14400  N=14409  holderDeg=141  probe(ttl4/6/8/12)=3/17/20/20 of 20
t=23000  N=23009  holderDeg=310  probe(ttl4/6/8/12)=3/18/20/20 of 20
t=2800  N=2809  holderDeg=-1  probe(ttl4/6/8/12)=0/0/0/0 of 20
t=4400  N=4409  holderDeg=3  probe(ttl4/6/8/12)=0/1/5/5 of 20
t=3000  N=3009  holderDeg=3  probe(ttl4/6/8/12)=0/0/2/2 of 20
t=7800  N=7809  holderDeg=3  probe(ttl4/6/8/12)=0/1/1/4 of 20
t=3200  N=3209  holderDeg=3  probe(ttl4/6/8/12)=2/2/3/6 of 20
t=4600  N=4609  holderDeg=3  probe(ttl4/6/8/12)=0/3/3/4 of 20

 Growing has been completed
*********************************************************************

t=3400  N=3409  holderDeg=3  probe(ttl4/6/8/12)=0/0/3/5 of 20
t=8000  N=8009  holderDeg=3  probe(ttl4/6/8/12)=0/2/4/4 of 20

================ fixed005c  seed=10  (Pp=100 Pd=0 Pt=25000 rewire=True k=5 c=2 eps=0,02 qmax=0,2 N=10000 theta=6 crash=0 shape=0 multi=1 randrw=0 oracle=False fixedthr=0,05 rules=1 cooper=False dmax=160 mu=1 noscale=False) ================
t=200  N=209  holderDeg=-1  probe(ttl4/6/8/12)=0/0/0/0 of 20
t=400  N=409  holderDeg=-1  probe(ttl4/6/8/12)=0/0/0/0 of 20
t=4800  N=4809  holderDeg=3  probe(ttl4/6/8/12)=0/1/6/10 of 20
t=3600  N=3609  holderDeg=3  probe(ttl4/6/8/12)=0/1/1/4 of 20
t=600  N=609  holderDeg=-1  probe(ttl4/6/8/12)=0/0/0/0 of 20
t=800  N=809  holderDeg=-1  probe(ttl4/6/8/12)=0/0/0/0 of 20
t=5000  N=5009  holderDeg=3  probe(ttl4/6/8/12)=0/0/2/6 of 20
t=1000  N=1009  holderDeg=-1  probe(ttl4/6/8/12)=0/0/0/0 of 20
t=3800  N=3809  holderDeg=3  probe(ttl4/6/8/12)=0/2/2/3 of 20
t=14600  N=14609  holderDeg=143  probe(ttl4/6/8/12)=4/14/20/20 of 20
t=1200  N=1209  holderDeg=-1  probe(ttl4/6/8/12)=0/0/0/0 of 20
t=8200  N=8209  holderDeg=3  probe(ttl4/6/8/12)=0/0/0/2 of 20
t=1400  N=1409  holderDeg=-1  probe(ttl4/6/8/12)=0/0/0/0 of 20
t=4000  N=4009  holderDeg=3  probe(ttl4/6/8/12)=1/2/4/0 of 20
t=5200  N=5209  holderDeg=3  probe(ttl4/6/8/12)=1/2/2/5 of 20
t=1600  N=1609  holderDeg=-1  probe(ttl4/6/8/12)=0/0/0/0 of 20
t=1800  N=1809  holderDeg=-1  probe(ttl4/6/8/12)=0/0/0/0 of 20
t=5400  N=5409  holderDeg=3  probe(ttl4/6/8/12)=0/3/3/10 of 20
t=2000  N=2009  holderDeg=-1  probe(ttl4/6/8/12)=0/0/0/0 of 20
t=4200  N=4209  holderDeg=3  probe(ttl4/6/8/12)=0/1/1/2 of 20
t=8400  N=8409  holderDeg=3  probe(ttl4/6/8/12)=0/2/1/4 of 20
t=2200  N=2209  holderDeg=-1  probe(ttl4/6/8/12)=0/0/0/0 of 20
t=5600  N=5609  holderDeg=3  probe(ttl4/6/8/12)=0/2/1/6 of 20
t=2400  N=2409  holderDeg=-1  probe(ttl4/6/8/12)=0/0/0/0 of 20
t=14800  N=14809  holderDeg=147  probe(ttl4/6/8/12)=3/14/20/20 of 20
t=2600  N=2609  holderDeg=-1  probe(ttl4/6/8/12)=0/0/0/0 of 20
t=4400  N=4409  holderDeg=3  probe(ttl4/6/8/12)=0/1/4/2 of 20
t=5800  N=5809  holderDeg=3  probe(ttl4/6/8/12)=0/0/0/5 of 20
t=8600  N=8609  holderDeg=3  probe(ttl4/6/8/12)=0/0/1/4 of 20
t=2800  N=2809  holderDeg=-1  probe(ttl4/6/8/12)=0/0/0/0 of 20
t=4600  N=4609  holderDeg=3  probe(ttl4/6/8/12)=0/2/1/2 of 20
t=3000  N=3009  holderDeg=3  probe(ttl4/6/8/12)=0/1/5/10 of 20
t=4800  N=4809  holderDeg=3  probe(ttl4/6/8/12)=0/0/2/3 of 20
t=6000  N=6009  holderDeg=3  probe(ttl4/6/8/12)=0/1/3/6 of 20
t=3200  N=3209  holderDeg=3  probe(ttl4/6/8/12)=0/1/6/12 of 20
t=8800  N=8809  holderDeg=3  probe(ttl4/6/8/12)=0/1/2/2 of 20
t=3400  N=3409  holderDeg=3  probe(ttl4/6/8/12)=1/3/4/8 of 20
t=5000  N=5009  holderDeg=3  probe(ttl4/6/8/12)=0/0/1/4 of 20
t=15000  N=15009  holderDeg=150  probe(ttl4/6/8/12)=2/9/19/20 of 20
t=6200  N=6209  holderDeg=3  probe(ttl4/6/8/12)=0/2/2/6 of 20
t=3600  N=3609  holderDeg=3  probe(ttl4/6/8/12)=1/4/2/7 of 20
t=5200  N=5209  holderDeg=3  probe(ttl4/6/8/12)=0/2/0/0 of 20
t=6400  N=6409  holderDeg=3  probe(ttl4/6/8/12)=1/2/4/9 of 20
t=9000  N=9009  holderDeg=3  probe(ttl4/6/8/12)=0/1/2/2 of 20
t=3800  N=3809  holderDeg=3  probe(ttl4/6/8/12)=0/0/8/8 of 20
t=4000  N=4009  holderDeg=3  probe(ttl4/6/8/12)=0/1/5/11 of 20
t=5400  N=5409  holderDeg=3  probe(ttl4/6/8/12)=1/1/2/2 of 20
t=6600  N=6609  holderDeg=3  probe(ttl4/6/8/12)=0/1/5/12 of 20
t=4200  N=4209  holderDeg=3  probe(ttl4/6/8/12)=0/2/7/10 of 20
t=23200  N=23209  holderDeg=315  probe(ttl4/6/8/12)=8/16/20/20 of 20
t=9200  N=9209  holderDeg=3  probe(ttl4/6/8/12)=1/1/1/3 of 20
t=5600  N=5609  holderDeg=3  probe(ttl4/6/8/12)=1/1/0/5 of 20
t=4400  N=4409  holderDeg=3  probe(ttl4/6/8/12)=1/3/9/7 of 20
t=6800  N=6809  holderDeg=3  probe(ttl4/6/8/12)=0/0/1/4 of 20
t=5800  N=5809  holderDeg=3  probe(ttl4/6/8/12)=0/2/1/1 of 20
t=4600  N=4609  holderDeg=3  probe(ttl4/6/8/12)=0/2/4/9 of 20
t=9400  N=9409  holderDeg=3  probe(ttl4/6/8/12)=0/0/1/0 of 20
t=4800  N=4809  holderDeg=3  probe(ttl4/6/8/12)=0/3/5/6 of 20
t=6000  N=6009  holderDeg=3  probe(ttl4/6/8/12)=0/1/2/1 of 20
t=7000  N=7009  holderDeg=3  probe(ttl4/6/8/12)=0/1/4/6 of 20
t=5000  N=5009  holderDeg=3  probe(ttl4/6/8/12)=0/1/4/6 of 20
t=6200  N=6209  holderDeg=5  probe(ttl4/6/8/12)=0/0/5/4 of 20
t=7200  N=7209  holderDeg=3  probe(ttl4/6/8/12)=0/1/3/6 of 20
t=5200  N=5209  holderDeg=3  probe(ttl4/6/8/12)=1/1/4/6 of 20
t=9600  N=9609  holderDeg=3  probe(ttl4/6/8/12)=0/0/5/2 of 20
t=5400  N=5409  holderDeg=3  probe(ttl4/6/8/12)=0/0/6/7 of 20
t=7400  N=7409  holderDeg=3  probe(ttl4/6/8/12)=0/0/2/5 of 20
t=6400  N=6409  holderDeg=7  probe(ttl4/6/8/12)=1/4/7/11 of 20
t=15200  N=15209  holderDeg=153  probe(ttl4/6/8/12)=4/16/20/20 of 20
t=5600  N=5609  holderDeg=3  probe(ttl4/6/8/12)=0/2/1/8 of 20
t=23400  N=23409  holderDeg=319  probe(ttl4/6/8/12)=4/20/20/20 of 20
t=7600  N=7609  holderDeg=3  probe(ttl4/6/8/12)=0/2/3/6 of 20
t=6600  N=6609  holderDeg=10  probe(ttl4/6/8/12)=1/5/8/18 of 20
t=9800  N=9809  holderDeg=3  probe(ttl4/6/8/12)=0/0/2/1 of 20
t=5800  N=5809  holderDeg=3  probe(ttl4/6/8/12)=0/0/5/10 of 20
t=7800  N=7809  holderDeg=3  probe(ttl4/6/8/12)=0/1/1/4 of 20
t=6800  N=6809  holderDeg=13  probe(ttl4/6/8/12)=1/4/14/20 of 20
t=6000  N=6009  holderDeg=3  probe(ttl4/6/8/12)=0/2/4/1 of 20
t=8000  N=8009  holderDeg=3  probe(ttl4/6/8/12)=0/0/2/4 of 20
t=10000  N=10009  holderDeg=3  probe(ttl4/6/8/12)=0/0/1/3 of 20
t=6200  N=6209  holderDeg=3  probe(ttl4/6/8/12)=0/1/4/9 of 20
t=7000  N=7009  holderDeg=15  probe(ttl4/6/8/12)=0/7/14/20 of 20
t=6400  N=6409  holderDeg=3  probe(ttl4/6/8/12)=0/2/3/5 of 20
t=8200  N=8209  holderDeg=3  probe(ttl4/6/8/12)=0/0/2/4 of 20
t=10200  N=10209  holderDeg=3  probe(ttl4/6/8/12)=0/2/2/4 of 20
t=7200  N=7209  holderDeg=17  probe(ttl4/6/8/12)=0/2/11/20 of 20
t=6600  N=6609  holderDeg=3  probe(ttl4/6/8/12)=0/4/3/4 of 20
t=8400  N=8409  holderDeg=3  probe(ttl4/6/8/12)=0/0/0/4 of 20
t=23600  N=23609  holderDeg=323  probe(ttl4/6/8/12)=3/15/20/20 of 20
t=6800  N=6809  holderDeg=3  probe(ttl4/6/8/12)=0/1/2/5 of 20
t=7400  N=7409  holderDeg=20  probe(ttl4/6/8/12)=2/11/13/20 of 20
t=10400  N=10409  holderDeg=3  probe(ttl4/6/8/12)=0/0/1/2 of 20
t=7000  N=7009  holderDeg=3  probe(ttl4/6/8/12)=0/0/3/7 of 20
t=7600  N=7609  holderDeg=22  probe(ttl4/6/8/12)=3/6/19/20 of 20
t=8600  N=8609  holderDeg=3  probe(ttl4/6/8/12)=0/0/2/3 of 20
t=7200  N=7209  holderDeg=3  probe(ttl4/6/8/12)=1/1/2/2 of 20
t=10600  N=10609  holderDeg=3  probe(ttl4/6/8/12)=0/2/1/2 of 20
t=7400  N=7409  holderDeg=3  probe(ttl4/6/8/12)=0/2/0/4 of 20
t=7800  N=7809  holderDeg=25  probe(ttl4/6/8/12)=1/8/17/20 of 20
t=8800  N=8809  holderDeg=3  probe(ttl4/6/8/12)=0/1/0/3 of 20
t=10800  N=10809  holderDeg=3  probe(ttl4/6/8/12)=0/0/1/0 of 20
t=7600  N=7609  holderDeg=3  probe(ttl4/6/8/12)=0/1/2/5 of 20
t=23800  N=23809  holderDeg=326  probe(ttl4/6/8/12)=5/17/20/20 of 20
t=15400  N=15409  holderDeg=158  probe(ttl4/6/8/12)=1/16/20/20 of 20
t=7800  N=7809  holderDeg=3  probe(ttl4/6/8/12)=1/0/1/4 of 20
t=9000  N=9009  holderDeg=3  probe(ttl4/6/8/12)=0/0/2/4 of 20
t=8000  N=8009  holderDeg=27  probe(ttl4/6/8/12)=1/11/18/20 of 20
t=11000  N=11009  holderDeg=3  probe(ttl4/6/8/12)=0/1/0/4 of 20
t=8200  N=8209  holderDeg=29  probe(ttl4/6/8/12)=1/8/17/20 of 20
t=8000  N=8009  holderDeg=3  probe(ttl4/6/8/12)=0/0/3/3 of 20
t=9200  N=9209  holderDeg=3  probe(ttl4/6/8/12)=0/1/0/3 of 20
t=15600  N=15609  holderDeg=161  probe(ttl4/6/8/12)=2/18/20/20 of 20
t=8200  N=8209  holderDeg=3  probe(ttl4/6/8/12)=0/1/1/5 of 20
t=11200  N=11209  holderDeg=3  probe(ttl4/6/8/12)=0/0/2/0 of 20
t=9400  N=9409  holderDeg=3  probe(ttl4/6/8/12)=0/0/3/8 of 20
t=8400  N=8409  holderDeg=34  probe(ttl4/6/8/12)=1/8/18/20 of 20
t=8400  N=8409  holderDeg=3  probe(ttl4/6/8/12)=0/1/4/6 of 20
t=9600  N=9609  holderDeg=3  probe(ttl4/6/8/12)=0/1/3/4 of 20
t=8600  N=8609  holderDeg=37  probe(ttl4/6/8/12)=1/4/17/20 of 20
t=8600  N=8609  holderDeg=3  probe(ttl4/6/8/12)=0/2/3/2 of 20
t=15800  N=15809  holderDeg=169  probe(ttl4/6/8/12)=3/16/20/20 of 20
t=11400  N=11409  holderDeg=3  probe(ttl4/6/8/12)=0/0/0/1 of 20
t=9800  N=9809  holderDeg=3  probe(ttl4/6/8/12)=0/1/1/2 of 20
t=8800  N=8809  holderDeg=40  probe(ttl4/6/8/12)=2/9/18/20 of 20
t=24000  N=24009  holderDeg=329  probe(ttl4/6/8/12)=2/17/20/20 of 20
t=8800  N=8809  holderDeg=3  probe(ttl4/6/8/12)=0/1/1/7 of 20
t=9000  N=9009  holderDeg=42  probe(ttl4/6/8/12)=4/7/18/20 of 20
t=11600  N=11609  holderDeg=3  probe(ttl4/6/8/12)=0/0/2/2 of 20
t=10000  N=10009  holderDeg=3  probe(ttl4/6/8/12)=0/2/3/8 of 20
t=9000  N=9009  holderDeg=3  probe(ttl4/6/8/12)=0/1/3/4 of 20
t=9200  N=9209  holderDeg=44  probe(ttl4/6/8/12)=5/9/20/20 of 20
t=10200  N=10209  holderDeg=3  probe(ttl4/6/8/12)=0/1/2/5 of 20
t=16000  N=16009  holderDeg=173  probe(ttl4/6/8/12)=4/14/20/20 of 20
t=9200  N=9209  holderDeg=3  probe(ttl4/6/8/12)=0/1/2/8 of 20
t=11800  N=11809  holderDeg=3  probe(ttl4/6/8/12)=0/0/1/3 of 20
t=9400  N=9409  holderDeg=3  probe(ttl4/6/8/12)=0/1/7/4 of 20
t=9400  N=9409  holderDeg=46  probe(ttl4/6/8/12)=2/10/17/20 of 20
t=24200  N=24209  holderDeg=332  probe(ttl4/6/8/12)=4/16/20/20 of 20
t=10400  N=10409  holderDeg=3  probe(ttl4/6/8/12)=1/1/1/5 of 20
t=12000  N=12009  holderDeg=3  probe(ttl4/6/8/12)=1/3/0/1 of 20
t=16200  N=16209  holderDeg=177  probe(ttl4/6/8/12)=3/15/20/20 of 20
t=9600  N=9609  holderDeg=3  probe(ttl4/6/8/12)=0/1/3/6 of 20
t=9600  N=9609  holderDeg=48  probe(ttl4/6/8/12)=0/11/20/20 of 20
t=10600  N=10609  holderDeg=3  probe(ttl4/6/8/12)=0/0/3/5 of 20
t=12200  N=12209  holderDeg=3  probe(ttl4/6/8/12)=0/0/2/2 of 20
t=9800  N=9809  holderDeg=50  probe(ttl4/6/8/12)=1/6/18/20 of 20
t=10800  N=10809  holderDeg=3  probe(ttl4/6/8/12)=0/0/0/1 of 20
t=9800  N=9809  holderDeg=3  probe(ttl4/6/8/12)=0/0/3/2 of 20
t=12400  N=12409  holderDeg=3  probe(ttl4/6/8/12)=0/1/1/0 of 20
t=10000  N=10009  holderDeg=3  probe(ttl4/6/8/12)=0/1/2/1 of 20
t=10000  N=10009  holderDeg=53  probe(ttl4/6/8/12)=4/11/19/20 of 20
t=16400  N=16409  holderDeg=179  probe(ttl4/6/8/12)=5/15/20/20 of 20
t=11000  N=11009  holderDeg=3  probe(ttl4/6/8/12)=1/1/4/4 of 20
t=24400  N=24409  holderDeg=336  probe(ttl4/6/8/12)=4/18/20/20 of 20
t=10200  N=10209  holderDeg=55  probe(ttl4/6/8/12)=3/10/20/20 of 20
t=12600  N=12609  holderDeg=3  probe(ttl4/6/8/12)=0/1/2/3 of 20
t=10200  N=10209  holderDeg=3  probe(ttl4/6/8/12)=0/0/4/1 of 20
t=11200  N=11209  holderDeg=3  probe(ttl4/6/8/12)=0/1/1/3 of 20
t=10400  N=10409  holderDeg=57  probe(ttl4/6/8/12)=3/10/17/20 of 20
t=16600  N=16609  holderDeg=181  probe(ttl4/6/8/12)=2/15/20/20 of 20
t=12800  N=12809  holderDeg=3  probe(ttl4/6/8/12)=0/0/0/0 of 20
t=10400  N=10409  holderDeg=3  probe(ttl4/6/8/12)=0/0/4/2 of 20
t=10600  N=10609  holderDeg=59  probe(ttl4/6/8/12)=1/11/20/20 of 20
t=11400  N=11409  holderDeg=3  probe(ttl4/6/8/12)=1/0/3/6 of 20
t=10600  N=10609  holderDeg=3  probe(ttl4/6/8/12)=0/0/5/2 of 20
t=16800  N=16809  holderDeg=187  probe(ttl4/6/8/12)=2/17/20/20 of 20
t=11600  N=11609  holderDeg=3  probe(ttl4/6/8/12)=0/0/1/3 of 20
t=10800  N=10809  holderDeg=61  probe(ttl4/6/8/12)=1/12/19/20 of 20
t=10800  N=10809  holderDeg=3  probe(ttl4/6/8/12)=0/0/0/5 of 20
t=13000  N=13009  holderDeg=3  probe(ttl4/6/8/12)=0/0/2/1 of 20
t=11000  N=11009  holderDeg=63  probe(ttl4/6/8/12)=2/12/19/20 of 20
t=11800  N=11809  holderDeg=3  probe(ttl4/6/8/12)=0/1/1/4 of 20
t=17000  N=17009  holderDeg=192  probe(ttl4/6/8/12)=3/14/20/20 of 20
t=24600  N=24609  holderDeg=339  probe(ttl4/6/8/12)=8/20/20/20 of 20
t=13200  N=13209  holderDeg=4  probe(ttl4/6/8/12)=0/2/1/5 of 20
t=11200  N=11209  holderDeg=67  probe(ttl4/6/8/12)=0/11/20/20 of 20
t=12000  N=12009  holderDeg=3  probe(ttl4/6/8/12)=0/0/1/2 of 20
t=11000  N=11009  holderDeg=3  probe(ttl4/6/8/12)=0/0/3/7 of 20
t=13400  N=13409  holderDeg=4  probe(ttl4/6/8/12)=1/1/2/7 of 20
t=11400  N=11409  holderDeg=70  probe(ttl4/6/8/12)=5/10/18/20 of 20
t=17200  N=17209  holderDeg=195  probe(ttl4/6/8/12)=3/15/20/20 of 20
t=12200  N=12209  holderDeg=3  probe(ttl4/6/8/12)=0/0/1/6 of 20
t=11200  N=11209  holderDeg=3  probe(ttl4/6/8/12)=0/0/3/11 of 20
t=13600  N=13609  holderDeg=4  probe(ttl4/6/8/12)=0/1/3/6 of 20
t=12400  N=12409  holderDeg=3  probe(ttl4/6/8/12)=0/1/2/5 of 20
t=11600  N=11609  holderDeg=73  probe(ttl4/6/8/12)=1/11/20/20 of 20
t=17400  N=17409  holderDeg=198  probe(ttl4/6/8/12)=3/15/20/20 of 20
t=11400  N=11409  holderDeg=3  probe(ttl4/6/8/12)=0/0/2/10 of 20
t=12600  N=12609  holderDeg=3  probe(ttl4/6/8/12)=0/0/3/5 of 20
t=13800  N=13809  holderDeg=4  probe(ttl4/6/8/12)=1/0/2/6 of 20
t=11800  N=11809  holderDeg=76  probe(ttl4/6/8/12)=1/16/20/20 of 20
t=24800  N=24809  holderDeg=342  probe(ttl4/6/8/12)=7/17/20/20 of 20
t=17600  N=17609  holderDeg=201  probe(ttl4/6/8/12)=4/14/20/20 of 20
t=14000  N=14009  holderDeg=4  probe(ttl4/6/8/12)=0/0/3/3 of 20
t=11600  N=11609  holderDeg=3  probe(ttl4/6/8/12)=0/0/7/9 of 20
t=12000  N=12009  holderDeg=78  probe(ttl4/6/8/12)=2/10/20/20 of 20
t=12800  N=12809  holderDeg=3  probe(ttl4/6/8/12)=0/0/3/2 of 20
t=14200  N=14209  holderDeg=4  probe(ttl4/6/8/12)=0/0/1/3 of 20
t=12200  N=12209  holderDeg=81  probe(ttl4/6/8/12)=4/13/20/20 of 20
t=17800  N=17809  holderDeg=203  probe(ttl4/6/8/12)=7/15/20/20 of 20
t=11800  N=11809  holderDeg=3  probe(ttl4/6/8/12)=0/0/1/8 of 20
t=25000  N=25009  holderDeg=345  probe(ttl4/6/8/12)=7/19/20/20 of 20

 Growing has been completed
*********************************************************************


================ fixed015c  seed=10  (Pp=100 Pd=0 Pt=25000 rewire=True k=5 c=2 eps=0,02 qmax=0,2 N=10000 theta=6 crash=0 shape=0 multi=1 randrw=0 oracle=False fixedthr=0,15 rules=1 cooper=False dmax=160 mu=1 noscale=False) ================
t=200  N=209  holderDeg=-1  probe(ttl4/6/8/12)=0/0/0/0 of 20
t=13000  N=13009  holderDeg=3  probe(ttl4/6/8/12)=0/2/2/2 of 20
t=12400  N=12409  holderDeg=83  probe(ttl4/6/8/12)=2/11/20/20 of 20
t=400  N=409  holderDeg=-1  probe(ttl4/6/8/12)=0/0/0/0 of 20
t=600  N=609  holderDeg=-1  probe(ttl4/6/8/12)=0/0/0/0 of 20
t=12000  N=12009  holderDeg=3  probe(ttl4/6/8/12)=0/2/3/9 of 20
t=800  N=809  holderDeg=-1  probe(ttl4/6/8/12)=0/0/0/0 of 20
t=1000  N=1009  holderDeg=-1  probe(ttl4/6/8/12)=0/0/0/0 of 20
t=1200  N=1209  holderDeg=-1  probe(ttl4/6/8/12)=0/0/0/0 of 20
t=1400  N=1409  holderDeg=-1  probe(ttl4/6/8/12)=0/0/0/0 of 20
t=1600  N=1609  holderDeg=-1  probe(ttl4/6/8/12)=0/0/0/0 of 20
t=18000  N=18009  holderDeg=206  probe(ttl4/6/8/12)=7/15/20/20 of 20
t=1800  N=1809  holderDeg=-1  probe(ttl4/6/8/12)=0/0/0/0 of 20
t=12600  N=12609  holderDeg=85  probe(ttl4/6/8/12)=1/16/20/20 of 20
t=2000  N=2009  holderDeg=-1  probe(ttl4/6/8/12)=0/0/0/0 of 20
t=2200  N=2209  holderDeg=-1  probe(ttl4/6/8/12)=0/0/0/0 of 20
t=13200  N=13209  holderDeg=3  probe(ttl4/6/8/12)=0/1/1/3 of 20
t=12200  N=12209  holderDeg=3  probe(ttl4/6/8/12)=0/2/3/6 of 20
t=2400  N=2409  holderDeg=-1  probe(ttl4/6/8/12)=0/0/0/0 of 20
t=2600  N=2609  holderDeg=-1  probe(ttl4/6/8/12)=0/0/0/0 of 20
t=2800  N=2809  holderDeg=-1  probe(ttl4/6/8/12)=0/0/0/0 of 20
t=25200  N=25209  holderDeg=349  probe(ttl4/6/8/12)=4/13/20/20 of 20
t=12800  N=12809  holderDeg=88  probe(ttl4/6/8/12)=3/11/20/20 of 20
t=3000  N=3009  holderDeg=3  probe(ttl4/6/8/12)=0/1/5/10 of 20
t=13400  N=13409  holderDeg=3  probe(ttl4/6/8/12)=1/0/1/3 of 20
t=3200  N=3209  holderDeg=3  probe(ttl4/6/8/12)=0/1/6/12 of 20
t=3400  N=3409  holderDeg=3  probe(ttl4/6/8/12)=1/3/4/8 of 20
t=18200  N=18209  holderDeg=209  probe(ttl4/6/8/12)=3/17/20/20 of 20
t=3600  N=3609  holderDeg=3  probe(ttl4/6/8/12)=1/4/2/7 of 20
t=3800  N=3809  holderDeg=3  probe(ttl4/6/8/12)=0/0/8/8 of 20
t=13600  N=13609  holderDeg=3  probe(ttl4/6/8/12)=0/0/2/1 of 20
t=13000  N=13009  holderDeg=93  probe(ttl4/6/8/12)=1/13/20/20 of 20
t=4000  N=4009  holderDeg=3  probe(ttl4/6/8/12)=0/1/5/11 of 20
t=4200  N=4209  holderDeg=3  probe(ttl4/6/8/12)=0/1/5/6 of 20
t=12400  N=12409  holderDeg=3  probe(ttl4/6/8/12)=0/0/3/5 of 20
t=4400  N=4409  holderDeg=3  probe(ttl4/6/8/12)=0/1/5/5 of 20
t=13800  N=13809  holderDeg=3  probe(ttl4/6/8/12)=0/0/1/6 of 20
t=4600  N=4609  holderDeg=3  probe(ttl4/6/8/12)=0/3/3/4 of 20
t=13200  N=13209  holderDeg=96  probe(ttl4/6/8/12)=1/14/20/20 of 20
t=25400  N=25409  holderDeg=352  probe(ttl4/6/8/12)=6/18/20/20 of 20
t=4800  N=4809  holderDeg=3  probe(ttl4/6/8/12)=0/1/6/10 of 20
t=18400  N=18409  holderDeg=211  probe(ttl4/6/8/12)=6/13/20/20 of 20
t=5000  N=5009  holderDeg=3  probe(ttl4/6/8/12)=0/0/2/6 of 20
t=12600  N=12609  holderDeg=3  probe(ttl4/6/8/12)=0/1/4/6 of 20
t=5200  N=5209  holderDeg=3  probe(ttl4/6/8/12)=1/2/2/5 of 20
t=14000  N=14009  holderDeg=3  probe(ttl4/6/8/12)=0/2/2/2 of 20
t=13400  N=13409  holderDeg=99  probe(ttl4/6/8/12)=1/12/20/20 of 20
t=5400  N=5409  holderDeg=3  probe(ttl4/6/8/12)=0/3/3/10 of 20
t=5600  N=5609  holderDeg=3  probe(ttl4/6/8/12)=0/2/1/6 of 20
t=12800  N=12809  holderDeg=3  probe(ttl4/6/8/12)=0/0/3/7 of 20
t=5800  N=5809  holderDeg=3  probe(ttl4/6/8/12)=0/0/0/5 of 20
t=13600  N=13609  holderDeg=101  probe(ttl4/6/8/12)=4/14/19/20 of 20
t=14200  N=14209  holderDeg=3  probe(ttl4/6/8/12)=0/0/5/2 of 20
t=6000  N=6009  holderDeg=3  probe(ttl4/6/8/12)=0/1/3/6 of 20

 Growing has been completed
*********************************************************************

t=18600  N=18609  holderDeg=214  probe(ttl4/6/8/12)=2/16/20/20 of 20
t=25600  N=25609  holderDeg=356  probe(ttl4/6/8/12)=5/15/20/20 of 20

================ randomrw4  seed=10  (Pp=100 Pd=0 Pt=0 rewire=False k=5 c=2 eps=0,02 qmax=0,2 N=10000 theta=6 crash=0 shape=0 multi=1 randrw=4 oracle=False fixedthr=0 rules=7 cooper=False dmax=160 mu=1 noscale=False) ================
t=200  N=209  holderDeg=-1  probe(ttl4/6/8/12)=0/0/0/0 of 20
t=400  N=409  holderDeg=-1  probe(ttl4/6/8/12)=0/0/0/0 of 20
t=600  N=609  holderDeg=-1  probe(ttl4/6/8/12)=0/0/0/0 of 20
t=6200  N=6209  holderDeg=3  probe(ttl4/6/8/12)=0/2/2/6 of 20
t=800  N=809  holderDeg=-1  probe(ttl4/6/8/12)=0/0/0/0 of 20
t=13000  N=13009  holderDeg=5  probe(ttl4/6/8/12)=0/2/5/11 of 20
t=1000  N=1009  holderDeg=-1  probe(ttl4/6/8/12)=0/0/0/0 of 20
t=6400  N=6409  holderDeg=3  probe(ttl4/6/8/12)=1/2/4/9 of 20
t=1200  N=1209  holderDeg=-1  probe(ttl4/6/8/12)=0/0/0/0 of 20
t=1400  N=1409  holderDeg=-1  probe(ttl4/6/8/12)=0/0/0/0 of 20
t=1600  N=1609  holderDeg=-1  probe(ttl4/6/8/12)=0/0/0/0 of 20
t=1800  N=1809  holderDeg=-1  probe(ttl4/6/8/12)=0/0/0/0 of 20
t=6600  N=6609  holderDeg=3  probe(ttl4/6/8/12)=0/1/5/12 of 20
t=2000  N=2009  holderDeg=-1  probe(ttl4/6/8/12)=0/0/0/0 of 20
t=2200  N=2209  holderDeg=-1  probe(ttl4/6/8/12)=0/0/0/0 of 20
t=6800  N=6809  holderDeg=3  probe(ttl4/6/8/12)=0/0/1/4 of 20
t=13200  N=13209  holderDeg=7  probe(ttl4/6/8/12)=0/1/5/13 of 20
t=18800  N=18809  holderDeg=217  probe(ttl4/6/8/12)=2/14/20/20 of 20
t=2400  N=2409  holderDeg=-1  probe(ttl4/6/8/12)=0/0/0/0 of 20
t=13800  N=13809  holderDeg=103  probe(ttl4/6/8/12)=2/9/20/20 of 20
t=2600  N=2609  holderDeg=-1  probe(ttl4/6/8/12)=0/0/0/0 of 20
t=2800  N=2809  holderDeg=-1  probe(ttl4/6/8/12)=0/0/0/0 of 20
t=3000  N=3009  holderDeg=3  probe(ttl4/6/8/12)=0/2/1/0 of 20
t=7000  N=7009  holderDeg=3  probe(ttl4/6/8/12)=0/1/4/6 of 20
t=25800  N=25809  holderDeg=358  probe(ttl4/6/8/12)=7/18/20/20 of 20
t=3200  N=3209  holderDeg=3  probe(ttl4/6/8/12)=1/1/4/3 of 20
t=3400  N=3409  holderDeg=3  probe(ttl4/6/8/12)=0/2/2/2 of 20
t=7200  N=7209  holderDeg=3  probe(ttl4/6/8/12)=0/1/3/6 of 20
t=13400  N=13409  holderDeg=9  probe(ttl4/6/8/12)=0/0/6/13 of 20
t=3600  N=3609  holderDeg=3  probe(ttl4/6/8/12)=0/3/1/5 of 20
t=14000  N=14009  holderDeg=107  probe(ttl4/6/8/12)=4/13/19/20 of 20
t=3800  N=3809  holderDeg=3  probe(ttl4/6/8/12)=1/3/2/2 of 20
t=7400  N=7409  holderDeg=3  probe(ttl4/6/8/12)=0/0/2/5 of 20
t=4000  N=4009  holderDeg=3  probe(ttl4/6/8/12)=0/3/6/13 of 20
t=7600  N=7609  holderDeg=3  probe(ttl4/6/8/12)=0/2/3/6 of 20
t=4200  N=4209  holderDeg=3  probe(ttl4/6/8/12)=0/3/8/8 of 20
t=13600  N=13609  holderDeg=9  probe(ttl4/6/8/12)=0/0/7/12 of 20
t=4400  N=4409  holderDeg=3  probe(ttl4/6/8/12)=1/1/5/11 of 20
t=14200  N=14209  holderDeg=110  probe(ttl4/6/8/12)=4/14/20/20 of 20
t=7800  N=7809  holderDeg=3  probe(ttl4/6/8/12)=0/1/1/4 of 20
t=4600  N=4609  holderDeg=3  probe(ttl4/6/8/12)=1/1/3/13 of 20
t=19000  N=19009  holderDeg=220  probe(ttl4/6/8/12)=3/16/20/20 of 20

 Growing has been completed
*********************************************************************

t=4800  N=4809  holderDeg=3  probe(ttl4/6/8/12)=0/1/6/10 of 20
t=8000  N=8009  holderDeg=3  probe(ttl4/6/8/12)=0/0/2/4 of 20

================ nullwl  seed=10  (Pp=100 Pd=0 Pt=25000 rewire=True k=5 c=2 eps=0,02 qmax=0 N=10000 theta=6 crash=0 shape=0 multi=1 randrw=0 oracle=False fixedthr=0 rules=7 cooper=False dmax=160 mu=1 noscale=False) ================
t=200  N=209  holderDeg=-1  probe(ttl4/6/8/12)=0/0/0/0 of 20
t=26000  N=26009  holderDeg=363  probe(ttl4/6/8/12)=3/18/20/20 of 20
t=400  N=409  holderDeg=-1  probe(ttl4/6/8/12)=0/0/0/0 of 20
t=600  N=609  holderDeg=-1  probe(ttl4/6/8/12)=0/0/0/0 of 20
t=800  N=809  holderDeg=-1  probe(ttl4/6/8/12)=0/0/0/0 of 20
t=13800  N=13809  holderDeg=9  probe(ttl4/6/8/12)=0/0/3/11 of 20
t=5000  N=5009  holderDeg=3  probe(ttl4/6/8/12)=0/0/4/12 of 20
t=1000  N=1009  holderDeg=-1  probe(ttl4/6/8/12)=0/0/0/0 of 20
t=1200  N=1209  holderDeg=-1  probe(ttl4/6/8/12)=0/0/0/0 of 20
t=8200  N=8209  holderDeg=3  probe(ttl4/6/8/12)=0/0/2/4 of 20
t=1400  N=1409  holderDeg=-1  probe(ttl4/6/8/12)=0/0/0/0 of 20
t=5200  N=5209  holderDeg=3  probe(ttl4/6/8/12)=0/2/7/10 of 20
t=1600  N=1609  holderDeg=-1  probe(ttl4/6/8/12)=0/0/0/0 of 20
t=1800  N=1809  holderDeg=-1  probe(ttl4/6/8/12)=0/0/0/0 of 20
t=5400  N=5409  holderDeg=3  probe(ttl4/6/8/12)=3/1/5/10 of 20
t=2000  N=2009  holderDeg=-1  probe(ttl4/6/8/12)=0/0/0/0 of 20
t=8400  N=8409  holderDeg=3  probe(ttl4/6/8/12)=0/0/0/4 of 20
t=2200  N=2209  holderDeg=-1  probe(ttl4/6/8/12)=0/0/0/0 of 20
t=19200  N=19209  holderDeg=223  probe(ttl4/6/8/12)=6/16/20/20 of 20
t=5600  N=5609  holderDeg=3  probe(ttl4/6/8/12)=0/3/6/17 of 20
t=2400  N=2409  holderDeg=-1  probe(ttl4/6/8/12)=0/0/0/0 of 20
t=14000  N=14009  holderDeg=9  probe(ttl4/6/8/12)=0/2/8/10 of 20
t=2600  N=2609  holderDeg=-1  probe(ttl4/6/8/12)=0/0/0/0 of 20
t=2800  N=2809  holderDeg=-1  probe(ttl4/6/8/12)=0/0/0/0 of 20
t=5800  N=5809  holderDeg=3  probe(ttl4/6/8/12)=0/2/1/14 of 20
t=3000  N=3009  holderDeg=3  probe(ttl4/6/8/12)=0/1/7/9 of 20
t=8600  N=8609  holderDeg=3  probe(ttl4/6/8/12)=0/0/2/3 of 20
t=3200  N=3209  holderDeg=3  probe(ttl4/6/8/12)=0/4/5/10 of 20
t=6000  N=6009  holderDeg=3  probe(ttl4/6/8/12)=0/1/3/15 of 20
t=3400  N=3409  holderDeg=3  probe(ttl4/6/8/12)=1/2/8/7 of 20
t=6200  N=6209  holderDeg=3  probe(ttl4/6/8/12)=0/0/8/17 of 20
t=3600  N=3609  holderDeg=3  probe(ttl4/6/8/12)=1/4/5/16 of 20
t=14200  N=14209  holderDeg=9  probe(ttl4/6/8/12)=0/1/9/15 of 20
t=8800  N=8809  holderDeg=3  probe(ttl4/6/8/12)=0/1/0/3 of 20
t=19400  N=19409  holderDeg=226  probe(ttl4/6/8/12)=3/14/20/20 of 20
t=3800  N=3809  holderDeg=3  probe(ttl4/6/8/12)=0/4/6/10 of 20
t=6400  N=6409  holderDeg=3  probe(ttl4/6/8/12)=0/1/4/17 of 20
t=4000  N=4009  holderDeg=3  probe(ttl4/6/8/12)=0/1/7/10 of 20

 Growing has been completed
*********************************************************************

t=6600  N=6609  holderDeg=3  probe(ttl4/6/8/12)=0/1/5/13 of 20
t=9000  N=9009  holderDeg=3  probe(ttl4/6/8/12)=0/0/2/4 of 20

================ trendfx-n20000  seed=10  (Pp=100 Pd=0 Pt=25000 rewire=True k=5 c=2 eps=0,02 qmax=0,2 N=20000 theta=6 crash=0 shape=0 multi=1 randrw=0 oracle=False fixedthr=0 rules=7 cooper=False dmax=160 mu=1 noscale=True) ================
t=200  N=209  holderDeg=-1  probe(ttl4/6/8/12)=0/0/0/0 of 20
t=4200  N=4209  holderDeg=3  probe(ttl4/6/8/12)=0/1/2/8 of 20
t=400  N=409  holderDeg=-1  probe(ttl4/6/8/12)=0/0/0/0 of 20
t=6800  N=6809  holderDeg=3  probe(ttl4/6/8/12)=0/1/4/15 of 20
t=600  N=609  holderDeg=-1  probe(ttl4/6/8/12)=0/0/0/0 of 20
t=4400  N=4409  holderDeg=3  probe(ttl4/6/8/12)=0/2/8/14 of 20
t=800  N=809  holderDeg=-1  probe(ttl4/6/8/12)=0/0/0/0 of 20
t=26200  N=26209  holderDeg=368  probe(ttl4/6/8/12)=6/17/20/20 of 20
t=9200  N=9209  holderDeg=3  probe(ttl4/6/8/12)=0/1/0/3 of 20
t=1000  N=1009  holderDeg=-1  probe(ttl4/6/8/12)=0/0/0/0 of 20
t=1200  N=1209  holderDeg=-1  probe(ttl4/6/8/12)=0/0/0/0 of 20
t=4600  N=4609  holderDeg=3  probe(ttl4/6/8/12)=0/2/2/7 of 20
t=1400  N=1409  holderDeg=-1  probe(ttl4/6/8/12)=0/0/0/0 of 20
t=1600  N=1609  holderDeg=-1  probe(ttl4/6/8/12)=0/0/0/0 of 20
t=1800  N=1809  holderDeg=-1  probe(ttl4/6/8/12)=0/0/0/0 of 20
t=7000  N=7009  holderDeg=3  probe(ttl4/6/8/12)=0/3/4/13 of 20
t=4800  N=4809  holderDeg=3  probe(ttl4/6/8/12)=0/2/7/12 of 20
t=9400  N=9409  holderDeg=3  probe(ttl4/6/8/12)=0/0/3/8 of 20
t=2000  N=2009  holderDeg=-1  probe(ttl4/6/8/12)=0/0/0/0 of 20
t=2200  N=2209  holderDeg=-1  probe(ttl4/6/8/12)=0/0/0/0 of 20
t=7200  N=7209  holderDeg=3  probe(ttl4/6/8/12)=0/3/2/14 of 20
t=5000  N=5009  holderDeg=3  probe(ttl4/6/8/12)=1/2/6/12 of 20
t=2400  N=2409  holderDeg=-1  probe(ttl4/6/8/12)=0/0/0/0 of 20
t=2600  N=2609  holderDeg=-1  probe(ttl4/6/8/12)=0/0/0/0 of 20
t=9600  N=9609  holderDeg=3  probe(ttl4/6/8/12)=0/1/3/4 of 20
t=2800  N=2809  holderDeg=-1  probe(ttl4/6/8/12)=0/0/0/0 of 20
t=19600  N=19609  holderDeg=231  probe(ttl4/6/8/12)=4/16/20/20 of 20
t=5200  N=5209  holderDeg=3  probe(ttl4/6/8/12)=0/1/2/9 of 20
t=7400  N=7409  holderDeg=3  probe(ttl4/6/8/12)=1/2/2/13 of 20
t=3000  N=3009  holderDeg=3  probe(ttl4/6/8/12)=0/1/7/9 of 20
t=3200  N=3209  holderDeg=3  probe(ttl4/6/8/12)=0/1/5/9 of 20
t=5400  N=5409  holderDeg=3  probe(ttl4/6/8/12)=0/2/1/11 of 20
t=3400  N=3409  holderDeg=3  probe(ttl4/6/8/12)=0/2/5/7 of 20
t=7600  N=7609  holderDeg=4  probe(ttl4/6/8/12)=0/1/6/16 of 20
t=9800  N=9809  holderDeg=3  probe(ttl4/6/8/12)=0/1/1/2 of 20
t=5600  N=5609  holderDeg=3  probe(ttl4/6/8/12)=0/2/2/6 of 20
t=3600  N=3609  holderDeg=3  probe(ttl4/6/8/12)=1/3/5/7 of 20
t=3800  N=3809  holderDeg=3  probe(ttl4/6/8/12)=1/2/7/10 of 20
t=5800  N=5809  holderDeg=3  probe(ttl4/6/8/12)=0/1/6/8 of 20
t=10000  N=10009  holderDeg=3  probe(ttl4/6/8/12)=0/2/3/8 of 20
t=4000  N=4009  holderDeg=3  probe(ttl4/6/8/12)=0/2/4/7 of 20
t=7800  N=7809  holderDeg=4  probe(ttl4/6/8/12)=0/1/5/14 of 20
t=6000  N=6009  holderDeg=3  probe(ttl4/6/8/12)=0/0/3/8 of 20
t=4200  N=4209  holderDeg=3  probe(ttl4/6/8/12)=0/0/5/7 of 20
t=19800  N=19809  holderDeg=234  probe(ttl4/6/8/12)=4/11/20/20 of 20
t=6200  N=6209  holderDeg=3  probe(ttl4/6/8/12)=0/1/7/10 of 20
t=10200  N=10209  holderDeg=3  probe(ttl4/6/8/12)=0/1/2/5 of 20
t=8000  N=8009  holderDeg=4  probe(ttl4/6/8/12)=1/1/9/12 of 20
t=4400  N=4409  holderDeg=3  probe(ttl4/6/8/12)=1/2/0/12 of 20
t=4600  N=4609  holderDeg=3  probe(ttl4/6/8/12)=0/2/6/7 of 20
t=26400  N=26409  holderDeg=371  probe(ttl4/6/8/12)=2/19/20/20 of 20
t=4800  N=4809  holderDeg=5  probe(ttl4/6/8/12)=0/1/6/13 of 20
t=6400  N=6409  holderDeg=3  probe(ttl4/6/8/12)=0/0/3/10 of 20
t=5000  N=5009  holderDeg=7  probe(ttl4/6/8/12)=2/2/9/15 of 20
t=8200  N=8209  holderDeg=4  probe(ttl4/6/8/12)=0/1/6/15 of 20
t=10400  N=10409  holderDeg=3  probe(ttl4/6/8/12)=1/1/1/5 of 20
t=6600  N=6609  holderDeg=3  probe(ttl4/6/8/12)=1/0/4/10 of 20
t=5200  N=5209  holderDeg=9  probe(ttl4/6/8/12)=1/3/12/17 of 20
t=20000  N=20009  holderDeg=236  probe(ttl4/6/8/12)=3/15/20/20 of 20
t=6800  N=6809  holderDeg=3  probe(ttl4/6/8/12)=0/1/7/11 of 20
t=5400  N=5409  holderDeg=11  probe(ttl4/6/8/12)=1/3/11/18 of 20
t=10600  N=10609  holderDeg=3  probe(ttl4/6/8/12)=0/0/3/5 of 20
t=5600  N=5609  holderDeg=13  probe(ttl4/6/8/12)=3/4/12/18 of 20
t=7000  N=7009  holderDeg=3  probe(ttl4/6/8/12)=1/0/3/9 of 20
t=8400  N=8409  holderDeg=4  probe(ttl4/6/8/12)=0/0/3/18 of 20
t=5800  N=5809  holderDeg=15  probe(ttl4/6/8/12)=2/7/17/20 of 20
t=10800  N=10809  holderDeg=3  probe(ttl4/6/8/12)=0/0/0/1 of 20
t=7200  N=7209  holderDeg=3  probe(ttl4/6/8/12)=0/0/4/11 of 20
t=6000  N=6009  holderDeg=17  probe(ttl4/6/8/12)=2/9/14/19 of 20
t=8600  N=8609  holderDeg=4  probe(ttl4/6/8/12)=0/1/5/16 of 20
t=7400  N=7409  holderDeg=3  probe(ttl4/6/8/12)=0/0/5/4 of 20
t=6200  N=6209  holderDeg=19  probe(ttl4/6/8/12)=0/6/15/20 of 20
t=26600  N=26609  holderDeg=373  probe(ttl4/6/8/12)=5/17/20/20 of 20
t=8800  N=8809  holderDeg=4  probe(ttl4/6/8/12)=0/1/6/14 of 20
t=20200  N=20209  holderDeg=241  probe(ttl4/6/8/12)=2/18/20/20 of 20
t=7600  N=7609  holderDeg=3  probe(ttl4/6/8/12)=0/0/5/8 of 20
t=6400  N=6409  holderDeg=21  probe(ttl4/6/8/12)=1/9/17/19 of 20
t=9000  N=9009  holderDeg=4  probe(ttl4/6/8/12)=0/2/10/10 of 20
t=11000  N=11009  holderDeg=3  probe(ttl4/6/8/12)=1/1/4/4 of 20
t=6600  N=6609  holderDeg=24  probe(ttl4/6/8/12)=1/5/16/19 of 20
t=7800  N=7809  holderDeg=3  probe(ttl4/6/8/12)=0/0/2/7 of 20
t=9200  N=9209  holderDeg=4  probe(ttl4/6/8/12)=0/1/4/16 of 20
t=6800  N=6809  holderDeg=26  probe(ttl4/6/8/12)=0/9/19/20 of 20
t=11200  N=11209  holderDeg=3  probe(ttl4/6/8/12)=0/1/1/3 of 20
t=8000  N=8009  holderDeg=3  probe(ttl4/6/8/12)=0/0/2/5 of 20
t=7000  N=7009  holderDeg=28  probe(ttl4/6/8/12)=4/7/17/20 of 20
t=20400  N=20409  holderDeg=245  probe(ttl4/6/8/12)=1/17/20/20 of 20
t=9400  N=9409  holderDeg=4  probe(ttl4/6/8/12)=1/2/4/11 of 20
t=7200  N=7209  holderDeg=31  probe(ttl4/6/8/12)=1/11/19/20 of 20
t=11400  N=11409  holderDeg=3  probe(ttl4/6/8/12)=1/0/3/6 of 20
t=8200  N=8209  holderDeg=4  probe(ttl4/6/8/12)=0/0/5/14 of 20
t=9600  N=9609  holderDeg=4  probe(ttl4/6/8/12)=1/2/5/15 of 20
t=7400  N=7409  holderDeg=33  probe(ttl4/6/8/12)=6/12/18/20 of 20
t=26800  N=26809  holderDeg=376  probe(ttl4/6/8/12)=5/18/20/20 of 20
t=8400  N=8409  holderDeg=4  probe(ttl4/6/8/12)=0/0/4/9 of 20
t=7600  N=7609  holderDeg=35  probe(ttl4/6/8/12)=4/8/19/20 of 20
t=11600  N=11609  holderDeg=3  probe(ttl4/6/8/12)=0/0/1/3 of 20
t=8600  N=8609  holderDeg=4  probe(ttl4/6/8/12)=0/0/4/9 of 20
t=9800  N=9809  holderDeg=4  probe(ttl4/6/8/12)=0/1/2/12 of 20
t=7800  N=7809  holderDeg=37  probe(ttl4/6/8/12)=0/6/19/20 of 20
t=11800  N=11809  holderDeg=3  probe(ttl4/6/8/12)=0/1/1/4 of 20
t=8000  N=8009  holderDeg=39  probe(ttl4/6/8/12)=2/12/19/20 of 20
t=8800  N=8809  holderDeg=4  probe(ttl4/6/8/12)=0/1/2/11 of 20
t=10000  N=10009  holderDeg=4  probe(ttl4/6/8/12)=0/1/3/12 of 20
t=8200  N=8209  holderDeg=41  probe(ttl4/6/8/12)=0/14/17/20 of 20
t=10200  N=10209  holderDeg=4  probe(ttl4/6/8/12)=0/2/6/14 of 20
t=12000  N=12009  holderDeg=3  probe(ttl4/6/8/12)=0/0/1/2 of 20
t=20600  N=20609  holderDeg=250  probe(ttl4/6/8/12)=5/13/20/20 of 20
t=8400  N=8409  holderDeg=43  probe(ttl4/6/8/12)=3/10/18/20 of 20
t=10400  N=10409  holderDeg=4  probe(ttl4/6/8/12)=0/0/2/14 of 20
t=27000  N=27009  holderDeg=380  probe(ttl4/6/8/12)=5/20/20/20 of 20
t=8600  N=8609  holderDeg=45  probe(ttl4/6/8/12)=3/10/16/20 of 20
t=9000  N=9009  holderDeg=4  probe(ttl4/6/8/12)=0/2/3/13 of 20
t=12200  N=12209  holderDeg=3  probe(ttl4/6/8/12)=0/0/1/6 of 20
t=10600  N=10609  holderDeg=4  probe(ttl4/6/8/12)=0/1/2/15 of 20
t=8800  N=8809  holderDeg=48  probe(ttl4/6/8/12)=0/10/19/20 of 20
t=9200  N=9209  holderDeg=4  probe(ttl4/6/8/12)=0/2/1/13 of 20
t=10800  N=10809  holderDeg=4  probe(ttl4/6/8/12)=1/0/3/15 of 20
t=12400  N=12409  holderDeg=3  probe(ttl4/6/8/12)=0/1/2/5 of 20
t=20800  N=20809  holderDeg=253  probe(ttl4/6/8/12)=3/17/20/20 of 20
t=9000  N=9009  holderDeg=50  probe(ttl4/6/8/12)=3/9/19/20 of 20
t=9400  N=9409  holderDeg=4  probe(ttl4/6/8/12)=1/1/2/7 of 20
t=11000  N=11009  holderDeg=4  probe(ttl4/6/8/12)=0/1/2/17 of 20
t=12600  N=12609  holderDeg=3  probe(ttl4/6/8/12)=0/0/3/5 of 20
t=9600  N=9609  holderDeg=4  probe(ttl4/6/8/12)=0/1/4/13 of 20
t=9200  N=9209  holderDeg=52  probe(ttl4/6/8/12)=1/13/20/20 of 20
t=11200  N=11209  holderDeg=4  probe(ttl4/6/8/12)=0/1/6/15 of 20
t=27200  N=27209  holderDeg=383  probe(ttl4/6/8/12)=8/16/20/20 of 20
t=9800  N=9809  holderDeg=4  probe(ttl4/6/8/12)=0/1/3/10 of 20
t=11400  N=11409  holderDeg=4  probe(ttl4/6/8/12)=0/4/4/13 of 20
t=21000  N=21009  holderDeg=255  probe(ttl4/6/8/12)=4/16/20/20 of 20
t=10000  N=10009  holderDeg=4  probe(ttl4/6/8/12)=0/2/2/7 of 20
t=9400  N=9409  holderDeg=54  probe(ttl4/6/8/12)=3/12/18/20 of 20
t=11600  N=11609  holderDeg=4  probe(ttl4/6/8/12)=1/1/0/14 of 20
t=10200  N=10209  holderDeg=4  probe(ttl4/6/8/12)=0/0/5/15 of 20
t=12800  N=12809  holderDeg=3  probe(ttl4/6/8/12)=0/0/3/2 of 20
t=9600  N=9609  holderDeg=56  probe(ttl4/6/8/12)=2/11/20/20 of 20
t=11800  N=11809  holderDeg=4  probe(ttl4/6/8/12)=0/0/4/13 of 20
t=9800  N=9809  holderDeg=60  probe(ttl4/6/8/12)=4/12/20/20 of 20
t=10400  N=10409  holderDeg=4  probe(ttl4/6/8/12)=0/1/1/9 of 20
t=13000  N=13009  holderDeg=3  probe(ttl4/6/8/12)=0/2/2/2 of 20
t=27400  N=27409  holderDeg=387  probe(ttl4/6/8/12)=3/16/20/20 of 20
t=12000  N=12009  holderDeg=4  probe(ttl4/6/8/12)=0/3/5/14 of 20
t=10000  N=10009  holderDeg=62  probe(ttl4/6/8/12)=1/9/20/20 of 20
t=10600  N=10609  holderDeg=4  probe(ttl4/6/8/12)=0/0/2/7 of 20
t=13200  N=13209  holderDeg=3  probe(ttl4/6/8/12)=0/1/1/3 of 20
t=10200  N=10209  holderDeg=64  probe(ttl4/6/8/12)=2/15/20/20 of 20
t=10800  N=10809  holderDeg=4  probe(ttl4/6/8/12)=0/3/2/9 of 20
t=12200  N=12209  holderDeg=4  probe(ttl4/6/8/12)=0/1/6/10 of 20
t=13400  N=13409  holderDeg=3  probe(ttl4/6/8/12)=1/0/1/3 of 20
t=21200  N=21209  holderDeg=261  probe(ttl4/6/8/12)=4/17/20/20 of 20
t=10400  N=10409  holderDeg=67  probe(ttl4/6/8/12)=2/12/20/20 of 20
t=27600  N=27609  holderDeg=389  probe(ttl4/6/8/12)=4/17/20/20 of 20
t=11000  N=11009  holderDeg=4  probe(ttl4/6/8/12)=0/1/3/13 of 20
t=10600  N=10609  holderDeg=69  probe(ttl4/6/8/12)=2/8/20/20 of 20
t=13600  N=13609  holderDeg=3  probe(ttl4/6/8/12)=0/0/2/1 of 20
t=12400  N=12409  holderDeg=4  probe(ttl4/6/8/12)=0/1/3/14 of 20
t=11200  N=11209  holderDeg=4  probe(ttl4/6/8/12)=1/1/3/4 of 20
t=10800  N=10809  holderDeg=71  probe(ttl4/6/8/12)=1/13/20/20 of 20
t=13800  N=13809  holderDeg=3  probe(ttl4/6/8/12)=0/0/1/6 of 20
t=21400  N=21409  holderDeg=263  probe(ttl4/6/8/12)=5/15/20/20 of 20
t=11400  N=11409  holderDeg=4  probe(ttl4/6/8/12)=0/1/1/6 of 20
t=12600  N=12609  holderDeg=4  probe(ttl4/6/8/12)=0/2/3/15 of 20
t=14000  N=14009  holderDeg=3  probe(ttl4/6/8/12)=0/2/2/2 of 20
t=11600  N=11609  holderDeg=4  probe(ttl4/6/8/12)=0/2/5/6 of 20
t=11000  N=11009  holderDeg=74  probe(ttl4/6/8/12)=3/12/19/20 of 20
t=12800  N=12809  holderDeg=4  probe(ttl4/6/8/12)=0/1/6/12 of 20
t=11800  N=11809  holderDeg=4  probe(ttl4/6/8/12)=0/1/2/9 of 20
t=14200  N=14209  holderDeg=3  probe(ttl4/6/8/12)=0/0/5/2 of 20
t=21600  N=21609  holderDeg=267  probe(ttl4/6/8/12)=3/18/20/20 of 20
t=11200  N=11209  holderDeg=76  probe(ttl4/6/8/12)=3/12/20/20 of 20

 Growing has been completed
*********************************************************************

t=12000  N=12009  holderDeg=4  probe(ttl4/6/8/12)=0/0/2/8 of 20
t=13000  N=13009  holderDeg=4  probe(ttl4/6/8/12)=0/0/3/9 of 20
t=11400  N=11409  holderDeg=78  probe(ttl4/6/8/12)=3/13/20/20 of 20
t=12200  N=12209  holderDeg=4  probe(ttl4/6/8/12)=0/2/2/6 of 20
t=27800  N=27809  holderDeg=395  probe(ttl4/6/8/12)=2/11/20/20 of 20
t=11600  N=11609  holderDeg=80  probe(ttl4/6/8/12)=0/13/19/20 of 20
t=21800  N=21809  holderDeg=271  probe(ttl4/6/8/12)=2/15/20/20 of 20
t=12400  N=12409  holderDeg=4  probe(ttl4/6/8/12)=1/1/4/10 of 20
t=13200  N=13209  holderDeg=4  probe(ttl4/6/8/12)=0/0/4/11 of 20
t=11800  N=11809  holderDeg=83  probe(ttl4/6/8/12)=3/13/20/20 of 20
t=12600  N=12609  holderDeg=4  probe(ttl4/6/8/12)=0/1/2/4 of 20
t=22000  N=22009  holderDeg=274  probe(ttl4/6/8/12)=5/19/20/20 of 20
t=12000  N=12009  holderDeg=85  probe(ttl4/6/8/12)=0/11/20/20 of 20
t=28000  N=28009  holderDeg=398  probe(ttl4/6/8/12)=3/18/20/20 of 20
t=13400  N=13409  holderDeg=4  probe(ttl4/6/8/12)=0/0/5/11 of 20
t=12200  N=12209  holderDeg=87  probe(ttl4/6/8/12)=2/11/20/20 of 20
t=12800  N=12809  holderDeg=4  probe(ttl4/6/8/12)=0/0/3/8 of 20
t=13600  N=13609  holderDeg=4  probe(ttl4/6/8/12)=0/2/1/13 of 20
t=22200  N=22209  holderDeg=276  probe(ttl4/6/8/12)=3/17/20/20 of 20
t=12400  N=12409  holderDeg=91  probe(ttl4/6/8/12)=0/10/19/20 of 20
t=13000  N=13009  holderDeg=4  probe(ttl4/6/8/12)=0/1/3/9 of 20
t=13800  N=13809  holderDeg=4  probe(ttl4/6/8/12)=0/0/5/13 of 20
t=12600  N=12609  holderDeg=94  probe(ttl4/6/8/12)=3/13/20/20 of 20
t=28200  N=28209  holderDeg=401  probe(ttl4/6/8/12)=3/15/20/20 of 20
t=13200  N=13209  holderDeg=4  probe(ttl4/6/8/12)=0/0/4/6 of 20
t=22400  N=22409  holderDeg=280  probe(ttl4/6/8/12)=2/15/20/20 of 20
t=14000  N=14009  holderDeg=4  probe(ttl4/6/8/12)=0/2/6/14 of 20
t=12800  N=12809  holderDeg=96  probe(ttl4/6/8/12)=5/17/20/20 of 20
t=13400  N=13409  holderDeg=4  probe(ttl4/6/8/12)=0/0/0/3 of 20
t=14200  N=14209  holderDeg=4  probe(ttl4/6/8/12)=0/1/2/12 of 20
t=13000  N=13009  holderDeg=98  probe(ttl4/6/8/12)=1/13/20/20 of 20

 Growing has been completed
*********************************************************************

t=22600  N=22609  holderDeg=284  probe(ttl4/6/8/12)=6/17/20/20 of 20
t=13200  N=13209  holderDeg=101  probe(ttl4/6/8/12)=2/15/20/20 of 20
t=13600  N=13609  holderDeg=4  probe(ttl4/6/8/12)=1/0/4/6 of 20
t=28400  N=28409  holderDeg=404  probe(ttl4/6/8/12)=4/18/20/20 of 20
t=13400  N=13409  holderDeg=104  probe(ttl4/6/8/12)=5/16/19/20 of 20
t=22800  N=22809  holderDeg=288  probe(ttl4/6/8/12)=3/16/20/20 of 20
t=13800  N=13809  holderDeg=4  probe(ttl4/6/8/12)=0/1/4/6 of 20

 Growing has been completed
*********************************************************************

t=13600  N=13609  holderDeg=107  probe(ttl4/6/8/12)=4/14/19/20 of 20
t=14000  N=14009  holderDeg=4  probe(ttl4/6/8/12)=1/0/1/5 of 20
t=23000  N=23009  holderDeg=292  probe(ttl4/6/8/12)=4/18/20/20 of 20
t=13800  N=13809  holderDeg=109  probe(ttl4/6/8/12)=4/12/20/20 of 20
t=14200  N=14209  holderDeg=4  probe(ttl4/6/8/12)=0/0/2/5 of 20

 Growing has been completed
*********************************************************************

t=14000  N=14009  holderDeg=113  probe(ttl4/6/8/12)=2/15/20/20 of 20
t=23200  N=23209  holderDeg=295  probe(ttl4/6/8/12)=3/18/20/20 of 20
t=14200  N=14209  holderDeg=116  probe(ttl4/6/8/12)=2/16/20/20 of 20
t=14400  N=14409  holderDeg=118  probe(ttl4/6/8/12)=2/14/20/20 of 20
t=23400  N=23409  holderDeg=299  probe(ttl4/6/8/12)=4/20/20/20 of 20
t=14600  N=14609  holderDeg=119  probe(ttl4/6/8/12)=6/14/20/20 of 20
t=14800  N=14809  holderDeg=121  probe(ttl4/6/8/12)=4/14/20/20 of 20
t=23600  N=23609  holderDeg=304  probe(ttl4/6/8/12)=6/18/20/20 of 20
t=15000  N=15009  holderDeg=123  probe(ttl4/6/8/12)=2/11/19/20 of 20
t=15200  N=15209  holderDeg=125  probe(ttl4/6/8/12)=9/13/20/20 of 20
t=23800  N=23809  holderDeg=308  probe(ttl4/6/8/12)=3/16/20/20 of 20
t=15400  N=15409  holderDeg=127  probe(ttl4/6/8/12)=4/15/20/20 of 20
t=15600  N=15609  holderDeg=129  probe(ttl4/6/8/12)=2/16/20/20 of 20
t=24000  N=24009  holderDeg=312  probe(ttl4/6/8/12)=2/18/20/20 of 20
t=15800  N=15809  holderDeg=131  probe(ttl4/6/8/12)=3/12/20/20 of 20
t=24200  N=24209  holderDeg=316  probe(ttl4/6/8/12)=4/15/20/20 of 20
t=16000  N=16009  holderDeg=134  probe(ttl4/6/8/12)=1/12/19/20 of 20
t=16200  N=16209  holderDeg=137  probe(ttl4/6/8/12)=1/18/20/20 of 20
t=24400  N=24409  holderDeg=319  probe(ttl4/6/8/12)=3/18/20/20 of 20
t=16400  N=16409  holderDeg=140  probe(ttl4/6/8/12)=1/16/20/20 of 20
t=24600  N=24609  holderDeg=325  probe(ttl4/6/8/12)=2/19/20/20 of 20
t=16600  N=16609  holderDeg=144  probe(ttl4/6/8/12)=1/13/20/20 of 20
t=16800  N=16809  holderDeg=146  probe(ttl4/6/8/12)=2/19/20/20 of 20
t=24800  N=24809  holderDeg=330  probe(ttl4/6/8/12)=3/15/20/20 of 20
t=17000  N=17009  holderDeg=149  probe(ttl4/6/8/12)=1/14/20/20 of 20
t=17200  N=17209  holderDeg=153  probe(ttl4/6/8/12)=7/13/20/20 of 20
t=25000  N=25009  holderDeg=333  probe(ttl4/6/8/12)=3/17/20/20 of 20
t=17400  N=17409  holderDeg=156  probe(ttl4/6/8/12)=2/15/19/20 of 20
t=25200  N=25209  holderDeg=337  probe(ttl4/6/8/12)=2/18/20/20 of 20
t=17600  N=17609  holderDeg=160  probe(ttl4/6/8/12)=0/17/20/20 of 20
t=17800  N=17809  holderDeg=162  probe(ttl4/6/8/12)=3/11/20/20 of 20
t=25400  N=25409  holderDeg=339  probe(ttl4/6/8/12)=3/13/20/20 of 20
t=18000  N=18009  holderDeg=163  probe(ttl4/6/8/12)=4/16/20/20 of 20
t=25600  N=25609  holderDeg=341  probe(ttl4/6/8/12)=5/16/20/20 of 20
t=18200  N=18209  holderDeg=166  probe(ttl4/6/8/12)=6/14/20/20 of 20
t=18400  N=18409  holderDeg=168  probe(ttl4/6/8/12)=1/13/20/20 of 20
t=25800  N=25809  holderDeg=344  probe(ttl4/6/8/12)=3/15/20/20 of 20
t=18600  N=18609  holderDeg=170  probe(ttl4/6/8/12)=2/16/20/20 of 20
t=18800  N=18809  holderDeg=173  probe(ttl4/6/8/12)=3/14/20/20 of 20
t=26000  N=26009  holderDeg=348  probe(ttl4/6/8/12)=2/17/20/20 of 20
t=19000  N=19009  holderDeg=176  probe(ttl4/6/8/12)=1/15/20/20 of 20
t=26200  N=26209  holderDeg=350  probe(ttl4/6/8/12)=8/16/20/20 of 20
t=19200  N=19209  holderDeg=179  probe(ttl4/6/8/12)=2/12/20/20 of 20
t=19400  N=19409  holderDeg=181  probe(ttl4/6/8/12)=4/15/20/20 of 20
t=26400  N=26409  holderDeg=354  probe(ttl4/6/8/12)=4/14/20/20 of 20
t=19600  N=19609  holderDeg=183  probe(ttl4/6/8/12)=3/16/20/20 of 20
t=19800  N=19809  holderDeg=186  probe(ttl4/6/8/12)=3/10/19/20 of 20
t=26600  N=26609  holderDeg=360  probe(ttl4/6/8/12)=7/17/20/20 of 20
t=20000  N=20009  holderDeg=190  probe(ttl4/6/8/12)=2/13/20/20 of 20
t=26800  N=26809  holderDeg=363  probe(ttl4/6/8/12)=2/16/20/20 of 20
t=20200  N=20209  holderDeg=192  probe(ttl4/6/8/12)=5/17/20/20 of 20
t=20400  N=20409  holderDeg=195  probe(ttl4/6/8/12)=2/12/20/20 of 20
t=27000  N=27009  holderDeg=369  probe(ttl4/6/8/12)=5/18/20/20 of 20
t=20600  N=20609  holderDeg=199  probe(ttl4/6/8/12)=2/15/20/20 of 20
t=20800  N=20809  holderDeg=201  probe(ttl4/6/8/12)=4/16/20/20 of 20
t=27200  N=27209  holderDeg=374  probe(ttl4/6/8/12)=3/18/20/20 of 20
t=21000  N=21009  holderDeg=205  probe(ttl4/6/8/12)=3/15/20/20 of 20
t=27400  N=27409  holderDeg=378  probe(ttl4/6/8/12)=4/15/20/20 of 20
t=27600  N=27609  holderDeg=381  probe(ttl4/6/8/12)=4/15/20/20 of 20
t=21200  N=21209  holderDeg=207  probe(ttl4/6/8/12)=4/12/20/20 of 20
t=27800  N=27809  holderDeg=383  probe(ttl4/6/8/12)=2/20/20/20 of 20
t=21400  N=21409  holderDeg=209  probe(ttl4/6/8/12)=4/10/20/20 of 20
t=28000  N=28009  holderDeg=386  probe(ttl4/6/8/12)=3/18/20/20 of 20
t=21600  N=21609  holderDeg=212  probe(ttl4/6/8/12)=3/14/20/20 of 20
t=21800  N=21809  holderDeg=214  probe(ttl4/6/8/12)=3/16/19/20 of 20
t=28200  N=28209  holderDeg=388  probe(ttl4/6/8/12)=0/16/20/20 of 20
t=22000  N=22009  holderDeg=216  probe(ttl4/6/8/12)=4/11/20/20 of 20
t=28400  N=28409  holderDeg=392  probe(ttl4/6/8/12)=5/17/20/20 of 20
t=22200  N=22209  holderDeg=220  probe(ttl4/6/8/12)=6/18/20/20 of 20

 Growing has been completed
*********************************************************************

t=22400  N=22409  holderDeg=222  probe(ttl4/6/8/12)=5/17/20/20 of 20
t=22600  N=22609  holderDeg=225  probe(ttl4/6/8/12)=5/15/20/20 of 20
t=22800  N=22809  holderDeg=227  probe(ttl4/6/8/12)=5/10/20/20 of 20
t=23000  N=23009  holderDeg=230  probe(ttl4/6/8/12)=2/10/20/20 of 20
t=23200  N=23209  holderDeg=232  probe(ttl4/6/8/12)=6/15/20/20 of 20
t=23400  N=23409  holderDeg=236  probe(ttl4/6/8/12)=1/19/20/20 of 20
t=23600  N=23609  holderDeg=238  probe(ttl4/6/8/12)=4/14/20/20 of 20
t=23800  N=23809  holderDeg=241  probe(ttl4/6/8/12)=2/16/20/20 of 20
t=24000  N=24009  holderDeg=243  probe(ttl4/6/8/12)=3/15/20/20 of 20
t=24200  N=24209  holderDeg=247  probe(ttl4/6/8/12)=2/13/20/20 of 20
t=24400  N=24409  holderDeg=251  probe(ttl4/6/8/12)=7/11/20/20 of 20
t=24600  N=24609  holderDeg=254  probe(ttl4/6/8/12)=5/9/20/20 of 20
t=24800  N=24809  holderDeg=256  probe(ttl4/6/8/12)=4/14/20/20 of 20
t=25000  N=25009  holderDeg=258  probe(ttl4/6/8/12)=5/14/20/20 of 20
t=25200  N=25209  holderDeg=260  probe(ttl4/6/8/12)=5/16/20/20 of 20
t=25400  N=25409  holderDeg=263  probe(ttl4/6/8/12)=3/14/20/20 of 20
t=25600  N=25609  holderDeg=268  probe(ttl4/6/8/12)=2/13/20/20 of 20
t=25800  N=25809  holderDeg=270  probe(ttl4/6/8/12)=3/14/20/20 of 20
t=26000  N=26009  holderDeg=273  probe(ttl4/6/8/12)=4/14/20/20 of 20
t=26200  N=26209  holderDeg=276  probe(ttl4/6/8/12)=3/13/20/20 of 20
t=26400  N=26409  holderDeg=280  probe(ttl4/6/8/12)=1/15/20/20 of 20
t=26600  N=26609  holderDeg=282  probe(ttl4/6/8/12)=4/14/20/20 of 20
t=26800  N=26809  holderDeg=284  probe(ttl4/6/8/12)=2/12/20/20 of 20
t=27000  N=27009  holderDeg=287  probe(ttl4/6/8/12)=4/16/20/20 of 20
t=27200  N=27209  holderDeg=292  probe(ttl4/6/8/12)=3/15/20/20 of 20
t=27400  N=27409  holderDeg=296  probe(ttl4/6/8/12)=3/14/20/20 of 20
t=27600  N=27609  holderDeg=298  probe(ttl4/6/8/12)=5/16/20/20 of 20
t=27800  N=27809  holderDeg=303  probe(ttl4/6/8/12)=3/16/20/20 of 20
t=28000  N=28009  holderDeg=307  probe(ttl4/6/8/12)=3/19/20/20 of 20
t=28200  N=28209  holderDeg=309  probe(ttl4/6/8/12)=3/16/20/20 of 20
t=28400  N=28409  holderDeg=311  probe(ttl4/6/8/12)=1/17/20/20 of 20
t=28600  N=28609  holderDeg=316  probe(ttl4/6/8/12)=3/16/20/20 of 20

 Growing has been completed
*********************************************************************

BATCH_REV_DONE
