
================ popplat  seed=3  (Pp=100 Pd=0 Pt=0 rewire=False k=5 c=2 eps=0,02 qmax=0,2 N=10000 theta=6 crash=0 shape=3 multi=5 randrw=0 oracle=False fixedthr=0 rules=7 cooper=False dmax=160 mu=1 noscale=False plateau=18000) ================

================ trendplat  seed=1  (Pp=100 Pd=0 Pt=25000 rewire=True k=5 c=2 eps=0,02 qmax=0,2 N=10000 theta=6 crash=0 shape=3 multi=5 randrw=0 oracle=False fixedthr=0 rules=7 cooper=False dmax=160 mu=1 noscale=False plateau=18000) ================

================ popplat  seed=1  (Pp=100 Pd=0 Pt=0 rewire=False k=5 c=2 eps=0,02 qmax=0,2 N=10000 theta=6 crash=0 shape=3 multi=5 randrw=0 oracle=False fixedthr=0 rules=7 cooper=False dmax=160 mu=1 noscale=False plateau=18000) ================

================ trendplat  seed=2  (Pp=100 Pd=0 Pt=25000 rewire=True k=5 c=2 eps=0,02 qmax=0,2 N=10000 theta=6 crash=0 shape=3 multi=5 randrw=0 oracle=False fixedthr=0 rules=7 cooper=False dmax=160 mu=1 noscale=False plateau=18000) ================

================ popplat  seed=2  (Pp=100 Pd=0 Pt=0 rewire=False k=5 c=2 eps=0,02 qmax=0,2 N=10000 theta=6 crash=0 shape=3 multi=5 randrw=0 oracle=False fixedthr=0 rules=7 cooper=False dmax=160 mu=1 noscale=False plateau=18000) ================

================ trendplat  seed=3  (Pp=100 Pd=0 Pt=25000 rewire=True k=5 c=2 eps=0,02 qmax=0,2 N=10000 theta=6 crash=0 shape=3 multi=5 randrw=0 oracle=False fixedthr=0 rules=7 cooper=False dmax=160 mu=1 noscale=False plateau=18000) ================
t=200  N=209  holderDeg=-1  probe(ttl4/6/8/12)=0/0/0/0 of 20
t=200  N=209  holderDeg=-1  probe(ttl4/6/8/12)=0/0/0/0 of 20
t=200  N=209  holderDeg=-1  probe(ttl4/6/8/12)=0/0/0/0 of 20
t=200  N=209  holderDeg=-1  probe(ttl4/6/8/12)=0/0/0/0 of 20
t=200  N=209  holderDeg=-1  probe(ttl4/6/8/12)=0/0/0/0 of 20
t=200  N=209  holderDeg=-1  probe(ttl4/6/8/12)=0/0/0/0 of 20
t=400  N=409  holderDeg=-1  probe(ttl4/6/8/12)=0/0/0/0 of 20
t=400  N=409  holderDeg=-1  probe(ttl4/6/8/12)=0/0/0/0 of 20
t=400  N=409  holderDeg=-1  probe(ttl4/6/8/12)=0/0/0/0 of 20
t=400  N=409  holderDeg=-1  probe(ttl4/6/8/12)=0/0/0/0 of 20
t=400  N=409  holderDeg=-1  probe(ttl4/6/8/12)=0/0/0/0 of 20
t=400  N=409  holderDeg=-1  probe(ttl4/6/8/12)=0/0/0/0 of 20
t=600  N=609  holderDeg=-1  probe(ttl4/6/8/12)=0/0/0/0 of 20
t=600  N=609  holderDeg=-1  probe(ttl4/6/8/12)=0/0/0/0 of 20
t=600  N=609  holderDeg=-1  probe(ttl4/6/8/12)=0/0/0/0 of 20
t=600  N=609  holderDeg=-1  probe(ttl4/6/8/12)=0/0/0/0 of 20
t=600  N=609  holderDeg=-1  probe(ttl4/6/8/12)=0/0/0/0 of 20
t=600  N=609  holderDeg=-1  probe(ttl4/6/8/12)=0/0/0/0 of 20
t=800  N=809  holderDeg=-1  probe(ttl4/6/8/12)=0/0/0/0 of 20
t=800  N=809  holderDeg=-1  probe(ttl4/6/8/12)=0/0/0/0 of 20
t=800  N=809  holderDeg=-1  probe(ttl4/6/8/12)=0/0/0/0 of 20
t=800  N=809  holderDeg=-1  probe(ttl4/6/8/12)=0/0/0/0 of 20
t=800  N=809  holderDeg=-1  probe(ttl4/6/8/12)=0/0/0/0 of 20
t=800  N=809  holderDeg=-1  probe(ttl4/6/8/12)=0/0/0/0 of 20
t=1000  N=1009  holderDeg=-1  probe(ttl4/6/8/12)=0/0/0/0 of 20
t=1000  N=1009  holderDeg=-1  probe(ttl4/6/8/12)=0/0/0/0 of 20
t=1000  N=1009  holderDeg=-1  probe(ttl4/6/8/12)=0/0/0/0 of 20
t=1000  N=1009  holderDeg=-1  probe(ttl4/6/8/12)=0/0/0/0 of 20
t=1000  N=1009  holderDeg=-1  probe(ttl4/6/8/12)=0/0/0/0 of 20
t=1000  N=1009  holderDeg=-1  probe(ttl4/6/8/12)=0/0/0/0 of 20
t=1200  N=1209  holderDeg=-1  probe(ttl4/6/8/12)=0/0/0/0 of 20
t=1200  N=1209  holderDeg=-1  probe(ttl4/6/8/12)=0/0/0/0 of 20
t=1200  N=1209  holderDeg=-1  probe(ttl4/6/8/12)=0/0/0/0 of 20
t=1200  N=1209  holderDeg=-1  probe(ttl4/6/8/12)=0/0/0/0 of 20
t=1200  N=1209  holderDeg=-1  probe(ttl4/6/8/12)=0/0/0/0 of 20
t=1200  N=1209  holderDeg=-1  probe(ttl4/6/8/12)=0/0/0/0 of 20
t=1400  N=1409  holderDeg=-1  probe(ttl4/6/8/12)=0/0/0/0 of 20
t=1400  N=1409  holderDeg=-1  probe(ttl4/6/8/12)=0/0/0/0 of 20
t=1400  N=1409  holderDeg=-1  probe(ttl4/6/8/12)=0/0/0/0 of 20
t=1400  N=1409  holderDeg=-1  probe(ttl4/6/8/12)=0/0/0/0 of 20
t=1600  N=1609  holderDeg=-1  probe(ttl4/6/8/12)=0/0/0/0 of 20
t=1400  N=1409  holderDeg=-1  probe(ttl4/6/8/12)=0/0/0/0 of 20
t=1400  N=1409  holderDeg=-1  probe(ttl4/6/8/12)=0/0/0/0 of 20
t=1600  N=1609  holderDeg=-1  probe(ttl4/6/8/12)=0/0/0/0 of 20
t=1600  N=1609  holderDeg=-1  probe(ttl4/6/8/12)=0/0/0/0 of 20
t=1800  N=1809  holderDeg=-1  probe(ttl4/6/8/12)=0/0/0/0 of 20
t=1800  N=1809  holderDeg=-1  probe(ttl4/6/8/12)=0/0/0/0 of 20
t=1600  N=1609  holderDeg=-1  probe(ttl4/6/8/12)=0/0/0/0 of 20
t=1600  N=1609  holderDeg=-1  probe(ttl4/6/8/12)=0/0/0/0 of 20
t=1600  N=1609  holderDeg=-1  probe(ttl4/6/8/12)=0/0/0/0 of 20
t=1800  N=1809  holderDeg=-1  probe(ttl4/6/8/12)=0/0/0/0 of 20
t=2000  N=2009  holderDeg=-1  probe(ttl4/6/8/12)=0/0/0/0 of 20
t=1800  N=1809  holderDeg=-1  probe(ttl4/6/8/12)=0/0/0/0 of 20
t=1800  N=1809  holderDeg=-1  probe(ttl4/6/8/12)=0/0/0/0 of 20
t=2000  N=2009  holderDeg=-1  probe(ttl4/6/8/12)=0/0/0/0 of 20
t=1800  N=1809  holderDeg=-1  probe(ttl4/6/8/12)=0/0/0/0 of 20
t=2000  N=2009  holderDeg=-1  probe(ttl4/6/8/12)=0/0/0/0 of 20
t=2200  N=2209  holderDeg=-1  probe(ttl4/6/8/12)=0/0/0/0 of 20
t=2000  N=2009  holderDeg=-1  probe(ttl4/6/8/12)=0/0/0/0 of 20
t=2000  N=2009  holderDeg=-1  probe(ttl4/6/8/12)=0/0/0/0 of 20
t=2000  N=2009  holderDeg=-1  probe(ttl4/6/8/12)=0/0/0/0 of 20
t=2200  N=2209  holderDeg=-1  probe(ttl4/6/8/12)=0/0/0/0 of 20
t=2400  N=2409  holderDeg=-1  probe(ttl4/6/8/12)=0/0/0/0 of 20
t=2200  N=2209  holderDeg=-1  probe(ttl4/6/8/12)=0/0/0/0 of 20
t=2200  N=2209  holderDeg=-1  probe(ttl4/6/8/12)=0/0/0/0 of 20
t=2200  N=2209  holderDeg=-1  probe(ttl4/6/8/12)=0/0/0/0 of 20
t=2200  N=2209  holderDeg=-1  probe(ttl4/6/8/12)=0/0/0/0 of 20
t=2400  N=2409  holderDeg=-1  probe(ttl4/6/8/12)=0/0/0/0 of 20
t=2600  N=2609  holderDeg=-1  probe(ttl4/6/8/12)=0/0/0/0 of 20
t=2400  N=2409  holderDeg=-1  probe(ttl4/6/8/12)=0/0/0/0 of 20
t=2600  N=2609  holderDeg=-1  probe(ttl4/6/8/12)=0/0/0/0 of 20
t=2400  N=2409  holderDeg=-1  probe(ttl4/6/8/12)=0/0/0/0 of 20
t=2400  N=2409  holderDeg=-1  probe(ttl4/6/8/12)=0/0/0/0 of 20
t=2400  N=2409  holderDeg=-1  probe(ttl4/6/8/12)=0/0/0/0 of 20
t=2800  N=2809  holderDeg=-1  probe(ttl4/6/8/12)=0/0/0/0 of 20
t=2600  N=2609  holderDeg=-1  probe(ttl4/6/8/12)=0/0/0/0 of 20
t=2800  N=2809  holderDeg=-1  probe(ttl4/6/8/12)=0/0/0/0 of 20
t=2600  N=2609  holderDeg=-1  probe(ttl4/6/8/12)=0/0/0/0 of 20
t=2600  N=2609  holderDeg=-1  probe(ttl4/6/8/12)=0/0/0/0 of 20
t=2600  N=2609  holderDeg=-1  probe(ttl4/6/8/12)=0/0/0/0 of 20
t=2800  N=2809  holderDeg=-1  probe(ttl4/6/8/12)=0/0/0/0 of 20
t=3000  N=3009  holderDeg=-1  probe(ttl4/6/8/12)=0/0/0/0 of 20
t=3000  N=3009  holderDeg=-1  probe(ttl4/6/8/12)=0/0/0/0 of 20
t=2800  N=2809  holderDeg=-1  probe(ttl4/6/8/12)=0/0/0/0 of 20
t=2800  N=2809  holderDeg=-1  probe(ttl4/6/8/12)=0/0/0/0 of 20
t=2800  N=2809  holderDeg=-1  probe(ttl4/6/8/12)=0/0/0/0 of 20
t=3000  N=3009  holderDeg=-1  probe(ttl4/6/8/12)=0/0/0/0 of 20
t=3200  N=3209  holderDeg=-1  probe(ttl4/6/8/12)=0/0/0/0 of 20
t=3200  N=3209  holderDeg=-1  probe(ttl4/6/8/12)=0/0/0/0 of 20
t=3000  N=3009  holderDeg=-1  probe(ttl4/6/8/12)=0/0/0/0 of 20
t=3000  N=3009  holderDeg=-1  probe(ttl4/6/8/12)=0/0/0/0 of 20
t=3200  N=3209  holderDeg=-1  probe(ttl4/6/8/12)=0/0/0/0 of 20
t=3000  N=3009  holderDeg=-1  probe(ttl4/6/8/12)=0/0/0/0 of 20
t=3400  N=3409  holderDeg=-1  probe(ttl4/6/8/12)=0/0/0/0 of 20
t=3400  N=3409  holderDeg=-1  probe(ttl4/6/8/12)=0/0/0/0 of 20
t=3200  N=3209  holderDeg=-1  probe(ttl4/6/8/12)=0/0/0/0 of 20
t=3200  N=3209  holderDeg=-1  probe(ttl4/6/8/12)=0/0/0/0 of 20
t=3400  N=3409  holderDeg=-1  probe(ttl4/6/8/12)=0/0/0/0 of 20
t=3200  N=3209  holderDeg=-1  probe(ttl4/6/8/12)=0/0/0/0 of 20
t=3600  N=3609  holderDeg=-1  probe(ttl4/6/8/12)=0/0/0/0 of 20
t=3600  N=3609  holderDeg=-1  probe(ttl4/6/8/12)=0/0/0/0 of 20
t=3400  N=3409  holderDeg=-1  probe(ttl4/6/8/12)=0/0/0/0 of 20
t=3600  N=3609  holderDeg=-1  probe(ttl4/6/8/12)=0/0/0/0 of 20
t=3400  N=3409  holderDeg=-1  probe(ttl4/6/8/12)=0/0/0/0 of 20
t=3400  N=3409  holderDeg=-1  probe(ttl4/6/8/12)=0/0/0/0 of 20
t=3600  N=3609  holderDeg=-1  probe(ttl4/6/8/12)=0/0/0/0 of 20
t=3800  N=3809  holderDeg=-1  probe(ttl4/6/8/12)=0/0/0/0 of 20
t=3800  N=3809  holderDeg=-1  probe(ttl4/6/8/12)=0/0/0/0 of 20
t=3600  N=3609  holderDeg=-1  probe(ttl4/6/8/12)=0/0/0/0 of 20
t=3600  N=3609  holderDeg=-1  probe(ttl4/6/8/12)=0/0/0/0 of 20
t=3800  N=3809  holderDeg=-1  probe(ttl4/6/8/12)=0/0/0/0 of 20
t=3800  N=3809  holderDeg=-1  probe(ttl4/6/8/12)=0/0/0/0 of 20
t=3800  N=3809  holderDeg=-1  probe(ttl4/6/8/12)=0/0/0/0 of 20
t=4000  N=4009  holderDeg=-1  probe(ttl4/6/8/12)=0/0/0/0 of 20
t=3800  N=3809  holderDeg=-1  probe(ttl4/6/8/12)=0/0/0/0 of 20
t=4000  N=4009  holderDeg=-1  probe(ttl4/6/8/12)=0/0/0/0 of 20
t=4000  N=4009  holderDeg=-1  probe(ttl4/6/8/12)=0/0/0/0 of 20
t=4000  N=4009  holderDeg=-1  probe(ttl4/6/8/12)=0/0/0/0 of 20
t=4200  N=4209  holderDeg=-1  probe(ttl4/6/8/12)=0/0/0/0 of 20
t=4000  N=4009  holderDeg=-1  probe(ttl4/6/8/12)=0/0/0/0 of 20
t=4000  N=4009  holderDeg=-1  probe(ttl4/6/8/12)=0/0/0/0 of 20
t=4200  N=4209  holderDeg=-1  probe(ttl4/6/8/12)=0/0/0/0 of 20
t=4200  N=4209  holderDeg=-1  probe(ttl4/6/8/12)=0/0/0/0 of 20
t=4200  N=4209  holderDeg=-1  probe(ttl4/6/8/12)=0/0/0/0 of 20
t=4400  N=4409  holderDeg=-1  probe(ttl4/6/8/12)=0/0/0/0 of 20
t=4200  N=4209  holderDeg=-1  probe(ttl4/6/8/12)=0/0/0/0 of 20
t=4200  N=4209  holderDeg=-1  probe(ttl4/6/8/12)=0/0/0/0 of 20
t=4400  N=4409  holderDeg=-1  probe(ttl4/6/8/12)=0/0/0/0 of 20
t=4400  N=4409  holderDeg=-1  probe(ttl4/6/8/12)=0/0/0/0 of 20
t=4600  N=4609  holderDeg=-1  probe(ttl4/6/8/12)=0/0/0/0 of 20
t=4400  N=4409  holderDeg=-1  probe(ttl4/6/8/12)=0/0/0/0 of 20
t=4400  N=4409  holderDeg=-1  probe(ttl4/6/8/12)=0/0/0/0 of 20
t=4400  N=4409  holderDeg=-1  probe(ttl4/6/8/12)=0/0/0/0 of 20
t=4600  N=4609  holderDeg=-1  probe(ttl4/6/8/12)=0/0/0/0 of 20
t=4600  N=4609  holderDeg=-1  probe(ttl4/6/8/12)=0/0/0/0 of 20
t=4800  N=4809  holderDeg=-1  probe(ttl4/6/8/12)=0/0/0/0 of 20
t=4600  N=4609  holderDeg=-1  probe(ttl4/6/8/12)=0/0/0/0 of 20
t=4800  N=4809  holderDeg=-1  probe(ttl4/6/8/12)=0/0/0/0 of 20
t=4600  N=4609  holderDeg=-1  probe(ttl4/6/8/12)=0/0/0/0 of 20
t=4600  N=4609  holderDeg=-1  probe(ttl4/6/8/12)=0/0/0/0 of 20
t=4800  N=4809  holderDeg=-1  probe(ttl4/6/8/12)=0/0/0/0 of 20
t=5000  N=5009  holderDeg=-1  probe(ttl4/6/8/12)=0/0/0/0 of 20
t=4800  N=4809  holderDeg=-1  probe(ttl4/6/8/12)=0/0/0/0 of 20
t=4800  N=4809  holderDeg=-1  probe(ttl4/6/8/12)=0/0/0/0 of 20
t=5000  N=5009  holderDeg=-1  probe(ttl4/6/8/12)=0/0/0/0 of 20
t=4800  N=4809  holderDeg=-1  probe(ttl4/6/8/12)=0/0/0/0 of 20
t=5000  N=5009  holderDeg=-1  probe(ttl4/6/8/12)=0/0/0/0 of 20
t=5200  N=5209  holderDeg=-1  probe(ttl4/6/8/12)=0/0/0/0 of 20
t=5000  N=5009  holderDeg=-1  probe(ttl4/6/8/12)=0/0/0/0 of 20
t=5000  N=5009  holderDeg=-1  probe(ttl4/6/8/12)=0/0/0/0 of 20
t=5200  N=5209  holderDeg=-1  probe(ttl4/6/8/12)=0/0/0/0 of 20
t=5000  N=5009  holderDeg=-1  probe(ttl4/6/8/12)=0/0/0/0 of 20
t=5200  N=5209  holderDeg=-1  probe(ttl4/6/8/12)=0/0/0/0 of 20
t=5200  N=5209  holderDeg=-1  probe(ttl4/6/8/12)=0/0/0/0 of 20
t=5400  N=5409  holderDeg=-1  probe(ttl4/6/8/12)=0/0/0/0 of 20
t=5400  N=5409  holderDeg=-1  probe(ttl4/6/8/12)=0/0/0/0 of 20
t=5200  N=5209  holderDeg=-1  probe(ttl4/6/8/12)=0/0/0/0 of 20
t=5200  N=5209  holderDeg=-1  probe(ttl4/6/8/12)=0/0/0/0 of 20
t=5400  N=5409  holderDeg=-1  probe(ttl4/6/8/12)=0/0/0/0 of 20
t=5400  N=5409  holderDeg=-1  probe(ttl4/6/8/12)=0/0/0/0 of 20
t=5600  N=5609  holderDeg=-1  probe(ttl4/6/8/12)=0/0/0/0 of 20
t=5400  N=5409  holderDeg=-1  probe(ttl4/6/8/12)=0/0/0/0 of 20
t=5600  N=5609  holderDeg=-1  probe(ttl4/6/8/12)=0/0/0/0 of 20
t=5600  N=5609  holderDeg=-1  probe(ttl4/6/8/12)=0/0/0/0 of 20
t=5400  N=5409  holderDeg=-1  probe(ttl4/6/8/12)=0/0/0/0 of 20
t=5600  N=5609  holderDeg=-1  probe(ttl4/6/8/12)=0/0/0/0 of 20
t=5800  N=5809  holderDeg=-1  probe(ttl4/6/8/12)=0/0/0/0 of 20
t=5800  N=5809  holderDeg=-1  probe(ttl4/6/8/12)=0/0/0/0 of 20
t=5600  N=5609  holderDeg=-1  probe(ttl4/6/8/12)=0/0/0/0 of 20
t=5800  N=5809  holderDeg=-1  probe(ttl4/6/8/12)=0/0/0/0 of 20
t=6000  N=6009  holderDeg=-1  probe(ttl4/6/8/12)=0/0/0/0 of 20
t=5600  N=5609  holderDeg=-1  probe(ttl4/6/8/12)=0/0/0/0 of 20
t=5800  N=5809  holderDeg=-1  probe(ttl4/6/8/12)=0/0/0/0 of 20
t=6000  N=6009  holderDeg=-1  probe(ttl4/6/8/12)=0/0/0/0 of 20
t=5800  N=5809  holderDeg=-1  probe(ttl4/6/8/12)=0/0/0/0 of 20
t=6000  N=6009  holderDeg=-1  probe(ttl4/6/8/12)=0/0/0/0 of 20
t=5800  N=5809  holderDeg=-1  probe(ttl4/6/8/12)=0/0/0/0 of 20
t=6000  N=6009  holderDeg=-1  probe(ttl4/6/8/12)=0/0/0/0 of 20
t=6200  N=6209  holderDeg=-1  probe(ttl4/6/8/12)=0/0/0/0 of 20
t=6200  N=6209  holderDeg=-1  probe(ttl4/6/8/12)=0/0/0/0 of 20
t=6000  N=6009  holderDeg=-1  probe(ttl4/6/8/12)=0/0/0/0 of 20
t=6000  N=6009  holderDeg=-1  probe(ttl4/6/8/12)=0/0/0/0 of 20
t=6200  N=6209  holderDeg=-1  probe(ttl4/6/8/12)=0/0/0/0 of 20
t=6400  N=6409  holderDeg=-1  probe(ttl4/6/8/12)=0/0/0/0 of 20
t=6200  N=6209  holderDeg=-1  probe(ttl4/6/8/12)=0/0/0/0 of 20
t=6200  N=6209  holderDeg=-1  probe(ttl4/6/8/12)=0/0/0/0 of 20
t=6400  N=6409  holderDeg=-1  probe(ttl4/6/8/12)=0/0/0/0 of 20
t=6200  N=6209  holderDeg=-1  probe(ttl4/6/8/12)=0/0/0/0 of 20
t=6400  N=6409  holderDeg=-1  probe(ttl4/6/8/12)=0/0/0/0 of 20
t=6400  N=6409  holderDeg=-1  probe(ttl4/6/8/12)=0/0/0/0 of 20
t=6400  N=6409  holderDeg=-1  probe(ttl4/6/8/12)=0/0/0/0 of 20
t=6600  N=6609  holderDeg=-1  probe(ttl4/6/8/12)=0/0/0/0 of 20
t=6400  N=6409  holderDeg=-1  probe(ttl4/6/8/12)=0/0/0/0 of 20
t=6600  N=6609  holderDeg=-1  probe(ttl4/6/8/12)=0/0/0/0 of 20
t=6600  N=6609  holderDeg=-1  probe(ttl4/6/8/12)=0/0/0/0 of 20
t=6600  N=6609  holderDeg=-1  probe(ttl4/6/8/12)=0/0/0/0 of 20
t=6600  N=6609  holderDeg=-1  probe(ttl4/6/8/12)=0/0/0/0 of 20
t=6800  N=6809  holderDeg=-1  probe(ttl4/6/8/12)=0/0/0/0 of 20
t=6800  N=6809  holderDeg=-1  probe(ttl4/6/8/12)=0/0/0/0 of 20
t=6600  N=6609  holderDeg=-1  probe(ttl4/6/8/12)=0/0/0/0 of 20
t=6800  N=6809  holderDeg=-1  probe(ttl4/6/8/12)=0/0/0/0 of 20
t=6800  N=6809  holderDeg=-1  probe(ttl4/6/8/12)=0/0/0/0 of 20
t=6800  N=6809  holderDeg=-1  probe(ttl4/6/8/12)=0/0/0/0 of 20
t=6800  N=6809  holderDeg=-1  probe(ttl4/6/8/12)=0/0/0/0 of 20
t=7000  N=7009  holderDeg=-1  probe(ttl4/6/8/12)=0/0/0/0 of 20
t=7000  N=7009  holderDeg=-1  probe(ttl4/6/8/12)=0/0/0/0 of 20
t=7000  N=7009  holderDeg=-1  probe(ttl4/6/8/12)=0/0/0/0 of 20
t=7000  N=7009  holderDeg=-1  probe(ttl4/6/8/12)=0/0/0/0 of 20
t=7000  N=7009  holderDeg=-1  probe(ttl4/6/8/12)=0/0/0/0 of 20
t=7200  N=7209  holderDeg=-1  probe(ttl4/6/8/12)=0/0/0/0 of 20
t=7000  N=7009  holderDeg=-1  probe(ttl4/6/8/12)=0/0/0/0 of 20
t=7200  N=7209  holderDeg=-1  probe(ttl4/6/8/12)=0/0/0/0 of 20
t=7200  N=7209  holderDeg=-1  probe(ttl4/6/8/12)=0/0/0/0 of 20
t=7200  N=7209  holderDeg=-1  probe(ttl4/6/8/12)=0/0/0/0 of 20
t=7200  N=7209  holderDeg=-1  probe(ttl4/6/8/12)=0/0/0/0 of 20
t=7400  N=7409  holderDeg=-1  probe(ttl4/6/8/12)=0/0/0/0 of 20
t=7200  N=7209  holderDeg=-1  probe(ttl4/6/8/12)=0/0/0/0 of 20
t=7400  N=7409  holderDeg=-1  probe(ttl4/6/8/12)=0/0/0/0 of 20
t=7400  N=7409  holderDeg=-1  probe(ttl4/6/8/12)=0/0/0/0 of 20
t=7400  N=7409  holderDeg=-1  probe(ttl4/6/8/12)=0/0/0/0 of 20
t=7400  N=7409  holderDeg=-1  probe(ttl4/6/8/12)=0/0/0/0 of 20
t=7400  N=7409  holderDeg=-1  probe(ttl4/6/8/12)=0/0/0/0 of 20
t=7600  N=7609  holderDeg=-1  probe(ttl4/6/8/12)=0/0/0/0 of 20
t=7600  N=7609  holderDeg=-1  probe(ttl4/6/8/12)=0/0/0/0 of 20
t=7600  N=7609  holderDeg=-1  probe(ttl4/6/8/12)=0/0/0/0 of 20
t=7600  N=7609  holderDeg=-1  probe(ttl4/6/8/12)=0/0/0/0 of 20
t=7600  N=7609  holderDeg=-1  probe(ttl4/6/8/12)=0/0/0/0 of 20
t=7600  N=7609  holderDeg=-1  probe(ttl4/6/8/12)=0/0/0/0 of 20
t=7800  N=7809  holderDeg=-1  probe(ttl4/6/8/12)=0/0/0/0 of 20
t=7800  N=7809  holderDeg=-1  probe(ttl4/6/8/12)=0/0/0/0 of 20
t=7800  N=7809  holderDeg=-1  probe(ttl4/6/8/12)=0/0/0/0 of 20
t=7800  N=7809  holderDeg=-1  probe(ttl4/6/8/12)=0/0/0/0 of 20
t=7800  N=7809  holderDeg=-1  probe(ttl4/6/8/12)=0/0/0/0 of 20
t=7800  N=7809  holderDeg=-1  probe(ttl4/6/8/12)=0/0/0/0 of 20
t=8000  N=8009  holderDeg=-1  probe(ttl4/6/8/12)=0/0/0/0 of 20
t=8000  N=8009  holderDeg=-1  probe(ttl4/6/8/12)=0/0/0/0 of 20
t=8000  N=8009  holderDeg=-1  probe(ttl4/6/8/12)=0/0/0/0 of 20
t=8000  N=8009  holderDeg=-1  probe(ttl4/6/8/12)=0/0/0/0 of 20
t=8000  N=8009  holderDeg=-1  probe(ttl4/6/8/12)=0/0/0/0 of 20
t=8000  N=8009  holderDeg=-1  probe(ttl4/6/8/12)=0/0/0/0 of 20
t=8200  N=8209  holderDeg=-1  probe(ttl4/6/8/12)=0/0/0/0 of 20
t=8200  N=8209  holderDeg=-1  probe(ttl4/6/8/12)=0/0/0/0 of 20
t=8200  N=8209  holderDeg=-1  probe(ttl4/6/8/12)=0/0/0/0 of 20
t=8200  N=8209  holderDeg=-1  probe(ttl4/6/8/12)=0/0/0/0 of 20
t=8200  N=8209  holderDeg=-1  probe(ttl4/6/8/12)=0/0/0/0 of 20
t=8200  N=8209  holderDeg=-1  probe(ttl4/6/8/12)=0/0/0/0 of 20
t=8400  N=8409  holderDeg=-1  probe(ttl4/6/8/12)=0/0/0/0 of 20
t=8400  N=8409  holderDeg=-1  probe(ttl4/6/8/12)=0/0/0/0 of 20
t=8400  N=8409  holderDeg=-1  probe(ttl4/6/8/12)=0/0/0/0 of 20
t=8400  N=8409  holderDeg=-1  probe(ttl4/6/8/12)=0/0/0/0 of 20
t=8400  N=8409  holderDeg=-1  probe(ttl4/6/8/12)=0/0/0/0 of 20
t=8600  N=8609  holderDeg=-1  probe(ttl4/6/8/12)=0/0/0/0 of 20
t=8400  N=8409  holderDeg=-1  probe(ttl4/6/8/12)=0/0/0/0 of 20
t=8600  N=8609  holderDeg=-1  probe(ttl4/6/8/12)=0/0/0/0 of 20
t=8600  N=8609  holderDeg=-1  probe(ttl4/6/8/12)=0/0/0/0 of 20
t=8600  N=8609  holderDeg=-1  probe(ttl4/6/8/12)=0/0/0/0 of 20
t=8600  N=8609  holderDeg=-1  probe(ttl4/6/8/12)=0/0/0/0 of 20
t=8600  N=8609  holderDeg=-1  probe(ttl4/6/8/12)=0/0/0/0 of 20
t=8800  N=8809  holderDeg=-1  probe(ttl4/6/8/12)=0/0/0/0 of 20
t=8800  N=8809  holderDeg=-1  probe(ttl4/6/8/12)=0/0/0/0 of 20
t=8800  N=8809  holderDeg=-1  probe(ttl4/6/8/12)=0/0/0/0 of 20
t=8800  N=8809  holderDeg=-1  probe(ttl4/6/8/12)=0/0/0/0 of 20
t=9000  N=9009  holderDeg=-1  probe(ttl4/6/8/12)=0/0/0/0 of 20
t=8800  N=8809  holderDeg=-1  probe(ttl4/6/8/12)=0/0/0/0 of 20
t=8800  N=8809  holderDeg=-1  probe(ttl4/6/8/12)=0/0/0/0 of 20
t=9000  N=9009  holderDeg=-1  probe(ttl4/6/8/12)=0/0/0/0 of 20
t=9000  N=9009  holderDeg=-1  probe(ttl4/6/8/12)=0/0/0/0 of 20
t=9000  N=9009  holderDeg=-1  probe(ttl4/6/8/12)=0/0/0/0 of 20
t=9000  N=9009  holderDeg=-1  probe(ttl4/6/8/12)=0/0/0/0 of 20
t=9200  N=9209  holderDeg=-1  probe(ttl4/6/8/12)=0/0/0/0 of 20
t=9200  N=9209  holderDeg=-1  probe(ttl4/6/8/12)=0/0/0/0 of 20
t=9000  N=9009  holderDeg=-1  probe(ttl4/6/8/12)=0/0/0/0 of 20
t=9200  N=9209  holderDeg=-1  probe(ttl4/6/8/12)=0/0/0/0 of 20
t=9200  N=9209  holderDeg=-1  probe(ttl4/6/8/12)=0/0/0/0 of 20
t=9200  N=9209  holderDeg=-1  probe(ttl4/6/8/12)=0/0/0/0 of 20
t=9400  N=9409  holderDeg=-1  probe(ttl4/6/8/12)=0/0/0/0 of 20
t=9400  N=9409  holderDeg=-1  probe(ttl4/6/8/12)=0/0/0/0 of 20
t=9200  N=9209  holderDeg=-1  probe(ttl4/6/8/12)=0/0/0/0 of 20
t=9400  N=9409  holderDeg=-1  probe(ttl4/6/8/12)=0/0/0/0 of 20
t=9400  N=9409  holderDeg=-1  probe(ttl4/6/8/12)=0/0/0/0 of 20
t=9600  N=9609  holderDeg=-1  probe(ttl4/6/8/12)=0/0/0/0 of 20
t=9600  N=9609  holderDeg=-1  probe(ttl4/6/8/12)=0/0/0/0 of 20
t=9400  N=9409  holderDeg=-1  probe(ttl4/6/8/12)=0/0/0/0 of 20
t=9400  N=9409  holderDeg=-1  probe(ttl4/6/8/12)=0/0/0/0 of 20
t=9600  N=9609  holderDeg=-1  probe(ttl4/6/8/12)=0/0/0/0 of 20
t=9600  N=9609  holderDeg=-1  probe(ttl4/6/8/12)=0/0/0/0 of 20
t=9800  N=9809  holderDeg=-1  probe(ttl4/6/8/12)=0/0/0/0 of 20
t=9600  N=9609  holderDeg=-1  probe(ttl4/6/8/12)=0/0/0/0 of 20
t=9600  N=9609  holderDeg=-1  probe(ttl4/6/8/12)=0/0/0/0 of 20
t=9800  N=9809  holderDeg=-1  probe(ttl4/6/8/12)=0/0/0/0 of 20
t=9800  N=9809  holderDeg=-1  probe(ttl4/6/8/12)=0/0/0/0 of 20
t=9800  N=9809  holderDeg=-1  probe(ttl4/6/8/12)=0/0/0/0 of 20
t=9800  N=9809  holderDeg=-1  probe(ttl4/6/8/12)=0/0/0/0 of 20
t=10000  N=10009  holderDeg=-1  probe(ttl4/6/8/12)=0/0/0/0 of 20
t=9800  N=9809  holderDeg=-1  probe(ttl4/6/8/12)=0/0/0/0 of 20
t=10000  N=10009  holderDeg=-1  probe(ttl4/6/8/12)=0/0/0/0 of 20
t=10000  N=10009  holderDeg=-1  probe(ttl4/6/8/12)=0/0/0/0 of 20
t=10000  N=10009  holderDeg=-1  probe(ttl4/6/8/12)=0/0/0/0 of 20
t=10200  N=10209  holderDeg=-1  probe(ttl4/6/8/12)=0/0/0/0 of 20
t=10000  N=10009  holderDeg=-1  probe(ttl4/6/8/12)=0/0/0/0 of 20
t=10000  N=10009  holderDeg=-1  probe(ttl4/6/8/12)=0/0/0/0 of 20
t=10200  N=10209  holderDeg=-1  probe(ttl4/6/8/12)=0/0/0/0 of 20
t=10200  N=10209  holderDeg=-1  probe(ttl4/6/8/12)=0/0/0/0 of 20
t=10200  N=10209  holderDeg=-1  probe(ttl4/6/8/12)=0/0/0/0 of 20
t=10400  N=10409  holderDeg=-1  probe(ttl4/6/8/12)=0/0/0/0 of 20
t=10200  N=10209  holderDeg=-1  probe(ttl4/6/8/12)=0/0/0/0 of 20
t=10200  N=10209  holderDeg=-1  probe(ttl4/6/8/12)=0/0/0/0 of 20
t=10400  N=10409  holderDeg=-1  probe(ttl4/6/8/12)=0/0/0/0 of 20
t=10400  N=10409  holderDeg=-1  probe(ttl4/6/8/12)=0/0/0/0 of 20
t=10600  N=10609  holderDeg=-1  probe(ttl4/6/8/12)=0/0/0/0 of 20
t=10400  N=10409  holderDeg=-1  probe(ttl4/6/8/12)=0/0/0/0 of 20
t=10400  N=10409  holderDeg=-1  probe(ttl4/6/8/12)=0/0/0/0 of 20
t=10600  N=10609  holderDeg=-1  probe(ttl4/6/8/12)=0/0/0/0 of 20
t=10400  N=10409  holderDeg=-1  probe(ttl4/6/8/12)=0/0/0/0 of 20
t=10600  N=10609  holderDeg=-1  probe(ttl4/6/8/12)=0/0/0/0 of 20
t=10600  N=10609  holderDeg=-1  probe(ttl4/6/8/12)=0/0/0/0 of 20
t=10600  N=10609  holderDeg=-1  probe(ttl4/6/8/12)=0/0/0/0 of 20
t=10800  N=10809  holderDeg=-1  probe(ttl4/6/8/12)=0/0/0/0 of 20
t=10800  N=10809  holderDeg=-1  probe(ttl4/6/8/12)=0/0/0/0 of 20
t=10600  N=10609  holderDeg=-1  probe(ttl4/6/8/12)=0/0/0/0 of 20
t=10800  N=10809  holderDeg=-1  probe(ttl4/6/8/12)=0/0/0/0 of 20
t=10800  N=10809  holderDeg=-1  probe(ttl4/6/8/12)=0/0/0/0 of 20
t=10800  N=10809  holderDeg=-1  probe(ttl4/6/8/12)=0/0/0/0 of 20
t=11000  N=11009  holderDeg=-1  probe(ttl4/6/8/12)=0/0/0/0 of 20
t=11000  N=11009  holderDeg=-1  probe(ttl4/6/8/12)=0/0/0/0 of 20
t=10800  N=10809  holderDeg=-1  probe(ttl4/6/8/12)=0/0/0/0 of 20
t=11000  N=11009  holderDeg=-1  probe(ttl4/6/8/12)=0/0/0/0 of 20
t=11000  N=11009  holderDeg=-1  probe(ttl4/6/8/12)=0/0/0/0 of 20
t=11000  N=11009  holderDeg=-1  probe(ttl4/6/8/12)=0/0/0/0 of 20
t=11200  N=11209  holderDeg=-1  probe(ttl4/6/8/12)=0/0/0/0 of 20
t=11200  N=11209  holderDeg=-1  probe(ttl4/6/8/12)=0/0/0/0 of 20
t=11000  N=11009  holderDeg=-1  probe(ttl4/6/8/12)=0/0/0/0 of 20
t=11200  N=11209  holderDeg=-1  probe(ttl4/6/8/12)=0/0/0/0 of 20
t=11200  N=11209  holderDeg=-1  probe(ttl4/6/8/12)=0/0/0/0 of 20
t=11200  N=11209  holderDeg=-1  probe(ttl4/6/8/12)=0/0/0/0 of 20
t=11200  N=11209  holderDeg=-1  probe(ttl4/6/8/12)=0/0/0/0 of 20
t=11400  N=11409  holderDeg=-1  probe(ttl4/6/8/12)=0/0/0/0 of 20
t=11400  N=11409  holderDeg=-1  probe(ttl4/6/8/12)=0/0/0/0 of 20
t=11400  N=11409  holderDeg=-1  probe(ttl4/6/8/12)=0/0/0/0 of 20
t=11400  N=11409  holderDeg=-1  probe(ttl4/6/8/12)=0/0/0/0 of 20
t=11400  N=11409  holderDeg=-1  probe(ttl4/6/8/12)=0/0/0/0 of 20
t=11600  N=11609  holderDeg=-1  probe(ttl4/6/8/12)=0/0/0/0 of 20
t=11400  N=11409  holderDeg=-1  probe(ttl4/6/8/12)=0/0/0/0 of 20
t=11600  N=11609  holderDeg=-1  probe(ttl4/6/8/12)=0/0/0/0 of 20
t=11600  N=11609  holderDeg=-1  probe(ttl4/6/8/12)=0/0/0/0 of 20
t=11600  N=11609  holderDeg=-1  probe(ttl4/6/8/12)=0/0/0/0 of 20
t=11600  N=11609  holderDeg=-1  probe(ttl4/6/8/12)=0/0/0/0 of 20
t=11600  N=11609  holderDeg=-1  probe(ttl4/6/8/12)=0/0/0/0 of 20
t=11800  N=11809  holderDeg=-1  probe(ttl4/6/8/12)=0/0/0/0 of 20
t=11800  N=11809  holderDeg=-1  probe(ttl4/6/8/12)=0/0/0/0 of 20
t=11800  N=11809  holderDeg=-1  probe(ttl4/6/8/12)=0/0/0/0 of 20
t=11800  N=11809  holderDeg=-1  probe(ttl4/6/8/12)=0/0/0/0 of 20
t=11800  N=11809  holderDeg=-1  probe(ttl4/6/8/12)=0/0/0/0 of 20
t=11800  N=11809  holderDeg=-1  probe(ttl4/6/8/12)=0/0/0/0 of 20
t=12000  N=12009  holderDeg=-1  probe(ttl4/6/8/12)=0/0/0/0 of 20
t=12000  N=12009  holderDeg=-1  probe(ttl4/6/8/12)=0/0/0/0 of 20
t=12000  N=12009  holderDeg=-1  probe(ttl4/6/8/12)=0/0/0/0 of 20
t=12200  N=12209  holderDeg=-1  probe(ttl4/6/8/12)=0/0/0/0 of 20
t=12000  N=12009  holderDeg=-1  probe(ttl4/6/8/12)=0/0/0/0 of 20
t=12000  N=12009  holderDeg=-1  probe(ttl4/6/8/12)=0/0/0/0 of 20
t=12000  N=12009  holderDeg=-1  probe(ttl4/6/8/12)=0/0/0/0 of 20
t=12200  N=12209  holderDeg=-1  probe(ttl4/6/8/12)=0/0/0/0 of 20
t=12200  N=12209  holderDeg=-1  probe(ttl4/6/8/12)=0/0/0/0 of 20
t=12200  N=12209  holderDeg=-1  probe(ttl4/6/8/12)=0/0/0/0 of 20
t=12200  N=12209  holderDeg=-1  probe(ttl4/6/8/12)=0/0/0/0 of 20
t=12200  N=12209  holderDeg=-1  probe(ttl4/6/8/12)=0/0/0/0 of 20
t=12400  N=12409  holderDeg=-1  probe(ttl4/6/8/12)=0/0/0/0 of 20
t=12400  N=12409  holderDeg=-1  probe(ttl4/6/8/12)=0/0/0/0 of 20
t=12400  N=12409  holderDeg=-1  probe(ttl4/6/8/12)=0/0/0/0 of 20
t=12400  N=12409  holderDeg=-1  probe(ttl4/6/8/12)=0/0/0/0 of 20
t=12400  N=12409  holderDeg=-1  probe(ttl4/6/8/12)=0/0/0/0 of 20
t=12600  N=12609  holderDeg=-1  probe(ttl4/6/8/12)=0/0/0/0 of 20
t=12400  N=12409  holderDeg=-1  probe(ttl4/6/8/12)=0/0/0/0 of 20
t=12600  N=12609  holderDeg=-1  probe(ttl4/6/8/12)=0/0/0/0 of 20
t=12600  N=12609  holderDeg=-1  probe(ttl4/6/8/12)=0/0/0/0 of 20
t=12600  N=12609  holderDeg=-1  probe(ttl4/6/8/12)=0/0/0/0 of 20
t=12800  N=12809  holderDeg=-1  probe(ttl4/6/8/12)=0/0/0/0 of 20
t=12600  N=12609  holderDeg=-1  probe(ttl4/6/8/12)=0/0/0/0 of 20
t=12800  N=12809  holderDeg=-1  probe(ttl4/6/8/12)=0/0/0/0 of 20
t=12600  N=12609  holderDeg=-1  probe(ttl4/6/8/12)=0/0/0/0 of 20
t=12800  N=12809  holderDeg=-1  probe(ttl4/6/8/12)=0/0/0/0 of 20
t=12800  N=12809  holderDeg=-1  probe(ttl4/6/8/12)=0/0/0/0 of 20
t=13000  N=13009  holderDeg=-1  probe(ttl4/6/8/12)=0/0/0/0 of 20
t=13000  N=13009  holderDeg=-1  probe(ttl4/6/8/12)=0/0/0/0 of 20
t=12800  N=12809  holderDeg=-1  probe(ttl4/6/8/12)=0/0/0/0 of 20
t=12800  N=12809  holderDeg=-1  probe(ttl4/6/8/12)=0/0/0/0 of 20
t=13000  N=13009  holderDeg=-1  probe(ttl4/6/8/12)=0/0/0/0 of 20
t=13200  N=13209  holderDeg=-1  probe(ttl4/6/8/12)=0/0/0/0 of 20
t=13000  N=13009  holderDeg=-1  probe(ttl4/6/8/12)=0/0/0/0 of 20
t=13200  N=13209  holderDeg=-1  probe(ttl4/6/8/12)=0/0/0/0 of 20
t=13000  N=13009  holderDeg=-1  probe(ttl4/6/8/12)=0/0/0/0 of 20
t=13000  N=13009  holderDeg=-1  probe(ttl4/6/8/12)=0/0/0/0 of 20
t=13200  N=13209  holderDeg=-1  probe(ttl4/6/8/12)=0/0/0/0 of 20
t=13400  N=13409  holderDeg=-1  probe(ttl4/6/8/12)=0/0/0/0 of 20
t=13200  N=13209  holderDeg=-1  probe(ttl4/6/8/12)=0/0/0/0 of 20
t=13400  N=13409  holderDeg=-1  probe(ttl4/6/8/12)=0/0/0/0 of 20
t=13200  N=13209  holderDeg=-1  probe(ttl4/6/8/12)=0/0/0/0 of 20
t=13200  N=13209  holderDeg=-1  probe(ttl4/6/8/12)=0/0/0/0 of 20
t=13400  N=13409  holderDeg=-1  probe(ttl4/6/8/12)=0/0/0/0 of 20
t=13400  N=13409  holderDeg=-1  probe(ttl4/6/8/12)=0/0/0/0 of 20
t=13600  N=13609  holderDeg=-1  probe(ttl4/6/8/12)=0/0/0/0 of 20
t=13600  N=13609  holderDeg=-1  probe(ttl4/6/8/12)=0/0/0/0 of 20
t=13400  N=13409  holderDeg=-1  probe(ttl4/6/8/12)=0/0/0/0 of 20
t=13400  N=13409  holderDeg=-1  probe(ttl4/6/8/12)=0/0/0/0 of 20
t=13600  N=13609  holderDeg=-1  probe(ttl4/6/8/12)=0/0/0/0 of 20
t=13600  N=13609  holderDeg=-1  probe(ttl4/6/8/12)=0/0/0/0 of 20
t=13800  N=13809  holderDeg=-1  probe(ttl4/6/8/12)=0/0/0/0 of 20
t=13800  N=13809  holderDeg=-1  probe(ttl4/6/8/12)=0/0/0/0 of 20
t=13600  N=13609  holderDeg=-1  probe(ttl4/6/8/12)=0/0/0/0 of 20
t=13800  N=13809  holderDeg=-1  probe(ttl4/6/8/12)=0/0/0/0 of 20
t=13800  N=13809  holderDeg=-1  probe(ttl4/6/8/12)=0/0/0/0 of 20
t=13600  N=13609  holderDeg=-1  probe(ttl4/6/8/12)=0/0/0/0 of 20
t=14000  N=14009  holderDeg=-1  probe(ttl4/6/8/12)=0/0/0/0 of 20
t=14000  N=14009  holderDeg=-1  probe(ttl4/6/8/12)=0/0/0/0 of 20
t=13800  N=13809  holderDeg=-1  probe(ttl4/6/8/12)=0/0/0/0 of 20
t=14000  N=14009  holderDeg=-1  probe(ttl4/6/8/12)=0/0/0/0 of 20
t=14000  N=14009  holderDeg=-1  probe(ttl4/6/8/12)=0/0/0/0 of 20

 Growing has been completed
*********************************************************************

t=13800  N=13809  holderDeg=-1  probe(ttl4/6/8/12)=0/0/0/0 of 20
t=14200  N=14193  holderDeg=-1  probe(ttl4/6/8/12)=0/0/0/0 of 20
t=14200  N=14209  holderDeg=-1  probe(ttl4/6/8/12)=0/0/0/0 of 20

 Growing has been completed
*********************************************************************

t=14000  N=14009  holderDeg=-1  probe(ttl4/6/8/12)=0/0/0/0 of 20
t=14200  N=14209  holderDeg=-1  probe(ttl4/6/8/12)=0/0/0/0 of 20

 Growing has been completed
*********************************************************************

t=14000  N=14009  holderDeg=-1  probe(ttl4/6/8/12)=0/0/0/0 of 20
t=14200  N=14209  holderDeg=-1  probe(ttl4/6/8/12)=0/0/0/0 of 20

 Growing has been completed
*********************************************************************

t=14400  N=14262  holderDeg=-1  probe(ttl4/6/8/12)=0/0/0/0 of 20
t=14400  N=14289  holderDeg=-1  probe(ttl4/6/8/12)=0/0/0/0 of 20

 Growing has been completed
*********************************************************************

t=14400  N=14321  holderDeg=-1  probe(ttl4/6/8/12)=0/0/0/0 of 20
t=14200  N=14209  holderDeg=-1  probe(ttl4/6/8/12)=0/0/0/0 of 20
t=14600  N=14328  holderDeg=-1  probe(ttl4/6/8/12)=0/0/0/0 of 20
t=14200  N=14196  holderDeg=-1  probe(ttl4/6/8/12)=0/0/0/0 of 20
t=14400  N=14278  holderDeg=-1  probe(ttl4/6/8/12)=0/0/0/0 of 20
t=14600  N=14355  holderDeg=-1  probe(ttl4/6/8/12)=0/0/0/0 of 20

 Growing has been completed
*********************************************************************

t=14600  N=14391  holderDeg=-1  probe(ttl4/6/8/12)=0/0/0/0 of 20
t=14800  N=14384  holderDeg=-1  probe(ttl4/6/8/12)=0/0/0/0 of 20
t=14400  N=14254  holderDeg=-1  probe(ttl4/6/8/12)=0/0/0/0 of 20
t=14400  N=14344  holderDeg=-1  probe(ttl4/6/8/12)=0/0/0/0 of 20
t=14800  N=14414  holderDeg=-1  probe(ttl4/6/8/12)=0/0/0/0 of 20
t=14600  N=14332  holderDeg=-1  probe(ttl4/6/8/12)=0/0/0/0 of 20
t=14800  N=14449  holderDeg=-1  probe(ttl4/6/8/12)=0/0/0/0 of 20
t=15000  N=14457  holderDeg=-1  probe(ttl4/6/8/12)=0/0/0/0 of 20
t=14600  N=14307  holderDeg=-1  probe(ttl4/6/8/12)=0/0/0/0 of 20
t=14600  N=14407  holderDeg=-1  probe(ttl4/6/8/12)=0/0/0/0 of 20
t=15000  N=14475  holderDeg=-1  probe(ttl4/6/8/12)=0/0/0/0 of 20
t=14800  N=14397  holderDeg=-1  probe(ttl4/6/8/12)=0/0/0/0 of 20
t=15200  N=14511  holderDeg=3  probe(ttl4/6/8/12)=0/1/2/2 of 20
t=14800  N=14365  holderDeg=-1  probe(ttl4/6/8/12)=0/0/0/0 of 20
t=15200  N=14530  holderDeg=3  probe(ttl4/6/8/12)=1/2/1/8 of 20
t=15000  N=14456  holderDeg=-1  probe(ttl4/6/8/12)=0/0/0/0 of 20
t=14800  N=14478  holderDeg=-1  probe(ttl4/6/8/12)=0/0/0/0 of 20
t=15000  N=14515  holderDeg=-1  probe(ttl4/6/8/12)=0/0/0/0 of 20
t=15400  N=14575  holderDeg=3  probe(ttl4/6/8/12)=0/1/2/6 of 20
t=15000  N=14429  holderDeg=-1  probe(ttl4/6/8/12)=0/0/0/0 of 20
t=15400  N=14585  holderDeg=3  probe(ttl4/6/8/12)=0/0/3/10 of 20
t=15000  N=14545  holderDeg=-1  probe(ttl4/6/8/12)=0/0/0/0 of 20
t=15200  N=14518  holderDeg=3  probe(ttl4/6/8/12)=0/1/2/13 of 20
t=15200  N=14493  holderDeg=3  probe(ttl4/6/8/12)=0/0/0/5 of 20
t=15600  N=14652  holderDeg=3  probe(ttl4/6/8/12)=0/0/1/13 of 20
t=15200  N=14576  holderDeg=3  probe(ttl4/6/8/12)=0/1/2/13 of 20
t=15600  N=14645  holderDeg=3  probe(ttl4/6/8/12)=1/1/2/10 of 20
t=15200  N=14600  holderDeg=3  probe(ttl4/6/8/12)=0/1/5/11 of 20
t=15400  N=14573  holderDeg=3  probe(ttl4/6/8/12)=0/0/4/13 of 20
t=15400  N=14558  holderDeg=3  probe(ttl4/6/8/12)=0/0/3/6 of 20
t=15400  N=14635  holderDeg=3  probe(ttl4/6/8/12)=0/0/4/10 of 20
t=15800  N=14708  holderDeg=3  probe(ttl4/6/8/12)=0/0/1/9 of 20
t=15800  N=14696  holderDeg=3  probe(ttl4/6/8/12)=0/0/3/10 of 20
t=15400  N=14651  holderDeg=3  probe(ttl4/6/8/12)=0/0/9/10 of 20
t=15600  N=14628  holderDeg=3  probe(ttl4/6/8/12)=0/0/4/15 of 20
t=15600  N=14613  holderDeg=3  probe(ttl4/6/8/12)=0/0/1/2 of 20
t=15600  N=14695  holderDeg=3  probe(ttl4/6/8/12)=0/1/2/9 of 20
t=16000  N=14758  holderDeg=3  probe(ttl4/6/8/12)=0/0/2/6 of 20
t=16000  N=14756  holderDeg=3  probe(ttl4/6/8/12)=0/0/4/9 of 20
t=15800  N=14688  holderDeg=3  probe(ttl4/6/8/12)=0/0/3/14 of 20
t=15800  N=14678  holderDeg=3  probe(ttl4/6/8/12)=0/0/3/5 of 20
t=15600  N=14718  holderDeg=3  probe(ttl4/6/8/12)=1/0/5/16 of 20
t=16200  N=14820  holderDeg=3  probe(ttl4/6/8/12)=0/1/0/4 of 20
t=16200  N=14822  holderDeg=3  probe(ttl4/6/8/12)=0/1/2/4 of 20
t=15800  N=14745  holderDeg=3  probe(ttl4/6/8/12)=0/0/2/9 of 20
t=16000  N=14751  holderDeg=3  probe(ttl4/6/8/12)=0/0/6/12 of 20
t=16000  N=14730  holderDeg=3  probe(ttl4/6/8/12)=0/0/2/9 of 20
t=15800  N=14783  holderDeg=3  probe(ttl4/6/8/12)=0/1/6/13 of 20
t=16400  N=14879  holderDeg=3  probe(ttl4/6/8/12)=0/0/4/8 of 20
t=16400  N=14886  holderDeg=3  probe(ttl4/6/8/12)=0/0/3/6 of 20
t=16000  N=14806  holderDeg=3  probe(ttl4/6/8/12)=0/2/3/14 of 20
t=16200  N=14810  holderDeg=3  probe(ttl4/6/8/12)=0/0/4/12 of 20
t=16000  N=14853  holderDeg=3  probe(ttl4/6/8/12)=0/0/4/15 of 20
t=16200  N=14796  holderDeg=3  probe(ttl4/6/8/12)=0/0/1/7 of 20
t=16600  N=14924  holderDeg=3  probe(ttl4/6/8/12)=0/0/3/6 of 20
t=16600  N=14938  holderDeg=3  probe(ttl4/6/8/12)=0/0/2/3 of 20
t=16200  N=14864  holderDeg=3  probe(ttl4/6/8/12)=1/1/1/11 of 20
t=16400  N=14875  holderDeg=3  probe(ttl4/6/8/12)=0/0/2/10 of 20
t=16400  N=14849  holderDeg=3  probe(ttl4/6/8/12)=0/1/2/6 of 20
t=16200  N=14922  holderDeg=3  probe(ttl4/6/8/12)=0/0/6/15 of 20
t=16800  N=14975  holderDeg=3  probe(ttl4/6/8/12)=0/2/2/6 of 20
t=16800  N=15007  holderDeg=3  probe(ttl4/6/8/12)=1/0/0/4 of 20
t=16600  N=14928  holderDeg=3  probe(ttl4/6/8/12)=0/1/3/11 of 20
t=16400  N=14932  holderDeg=3  probe(ttl4/6/8/12)=0/1/5/12 of 20
t=16600  N=14911  holderDeg=3  probe(ttl4/6/8/12)=0/1/1/8 of 20
t=16400  N=14988  holderDeg=3  probe(ttl4/6/8/12)=0/2/2/17 of 20
t=17000  N=15033  holderDeg=3  probe(ttl4/6/8/12)=0/1/3/9 of 20
t=16800  N=14987  holderDeg=3  probe(ttl4/6/8/12)=0/0/0/8 of 20
t=17000  N=15065  holderDeg=3  probe(ttl4/6/8/12)=0/0/3/5 of 20
t=16600  N=14995  holderDeg=3  probe(ttl4/6/8/12)=0/0/3/11 of 20
t=16800  N=14978  holderDeg=3  probe(ttl4/6/8/12)=0/1/3/4 of 20
t=16600  N=15044  holderDeg=3  probe(ttl4/6/8/12)=0/0/2/15 of 20
t=17200  N=15084  holderDeg=3  probe(ttl4/6/8/12)=0/0/0/10 of 20
t=17200  N=15110  holderDeg=3  probe(ttl4/6/8/12)=0/1/0/4 of 20
t=17000  N=15044  holderDeg=3  probe(ttl4/6/8/12)=0/0/2/13 of 20
t=16800  N=15061  holderDeg=3  probe(ttl4/6/8/12)=0/0/5/14 of 20
t=17000  N=15052  holderDeg=3  probe(ttl4/6/8/12)=0/0/3/7 of 20
t=17400  N=15143  holderDeg=3  probe(ttl4/6/8/12)=0/1/2/10 of 20
t=17400  N=15165  holderDeg=5  probe(ttl4/6/8/12)=0/1/2/8 of 20
t=16800  N=15096  holderDeg=3  probe(ttl4/6/8/12)=0/1/5/13 of 20
t=17200  N=15113  holderDeg=3  probe(ttl4/6/8/12)=0/0/1/5 of 20
t=17200  N=15107  holderDeg=3  probe(ttl4/6/8/12)=0/0/3/7 of 20
t=17000  N=15124  holderDeg=5  probe(ttl4/6/8/12)=0/0/2/13 of 20
t=17600  N=15206  holderDeg=3  probe(ttl4/6/8/12)=0/1/1/6 of 20
t=17000  N=15157  holderDeg=3  probe(ttl4/6/8/12)=0/0/4/11 of 20
t=17600  N=15219  holderDeg=7  probe(ttl4/6/8/12)=1/0/1/9 of 20
t=17400  N=15159  holderDeg=3  probe(ttl4/6/8/12)=0/2/6/12 of 20
t=17200  N=15184  holderDeg=7  probe(ttl4/6/8/12)=0/1/7/16 of 20
t=17400  N=15174  holderDeg=3  probe(ttl4/6/8/12)=0/2/3/7 of 20
t=17800  N=15258  holderDeg=3  probe(ttl4/6/8/12)=0/0/0/6 of 20
t=17800  N=15267  holderDeg=9  probe(ttl4/6/8/12)=0/1/7/17 of 20
t=17200  N=15226  holderDeg=3  probe(ttl4/6/8/12)=0/2/5/10 of 20
t=17400  N=15236  holderDeg=9  probe(ttl4/6/8/12)=0/1/9/17 of 20
t=17600  N=15235  holderDeg=3  probe(ttl4/6/8/12)=0/1/2/5 of 20
t=18000  N=15323  holderDeg=3  probe(ttl4/6/8/12)=0/0/4/7 of 20
t=17600  N=15220  holderDeg=3  probe(ttl4/6/8/12)=0/0/4/12 of 20
t=18000  N=15337  holderDeg=11  probe(ttl4/6/8/12)=0/0/6/16 of 20
t=17400  N=15282  holderDeg=3  probe(ttl4/6/8/12)=0/0/3/16 of 20
t=17600  N=15293  holderDeg=11  probe(ttl4/6/8/12)=0/1/11/16 of 20
t=17800  N=15298  holderDeg=3  probe(ttl4/6/8/12)=0/0/1/4 of 20
t=17800  N=15279  holderDeg=3  probe(ttl4/6/8/12)=1/0/5/11 of 20
t=18200  N=15395  holderDeg=13  probe(ttl4/6/8/12)=0/4/6/20 of 20
t=18200  N=15388  holderDeg=3  probe(ttl4/6/8/12)=0/0/0/7 of 20
t=17600  N=15336  holderDeg=3  probe(ttl4/6/8/12)=0/1/2/12 of 20
t=17800  N=15344  holderDeg=13  probe(ttl4/6/8/12)=1/2/8/18 of 20
t=18000  N=15344  holderDeg=3  probe(ttl4/6/8/12)=0/1/4/11 of 20
t=18400  N=15452  holderDeg=15  probe(ttl4/6/8/12)=0/4/10/16 of 20
t=17800  N=15396  holderDeg=3  probe(ttl4/6/8/12)=0/0/1/15 of 20
t=18000  N=15362  holderDeg=3  probe(ttl4/6/8/12)=0/0/3/3 of 20
t=18400  N=15451  holderDeg=3  probe(ttl4/6/8/12)=0/0/3/8 of 20
t=18000  N=15413  holderDeg=15  probe(ttl4/6/8/12)=0/3/11/19 of 20
t=18200  N=15399  holderDeg=3  probe(ttl4/6/8/12)=0/1/6/12 of 20
t=18200  N=15421  holderDeg=3  probe(ttl4/6/8/12)=0/1/3/7 of 20
t=18600  N=15505  holderDeg=3  probe(ttl4/6/8/12)=0/1/1/8 of 20
t=18000  N=15457  holderDeg=3  probe(ttl4/6/8/12)=0/0/4/13 of 20
t=18600  N=15507  holderDeg=18  probe(ttl4/6/8/12)=0/5/6/16 of 20
t=18200  N=15476  holderDeg=17  probe(ttl4/6/8/12)=1/5/9/18 of 20
t=18400  N=15455  holderDeg=3  probe(ttl4/6/8/12)=0/2/2/8 of 20
t=18800  N=15568  holderDeg=3  probe(ttl4/6/8/12)=0/0/1/7 of 20
t=18400  N=15490  holderDeg=3  probe(ttl4/6/8/12)=0/1/4/3 of 20
t=18800  N=15563  holderDeg=20  probe(ttl4/6/8/12)=1/4/8/20 of 20
t=18200  N=15527  holderDeg=3  probe(ttl4/6/8/12)=0/1/3/14 of 20
t=18400  N=15523  holderDeg=19  probe(ttl4/6/8/12)=0/3/11/18 of 20
t=18600  N=15522  holderDeg=3  probe(ttl4/6/8/12)=0/1/4/11 of 20
t=19000  N=15624  holderDeg=3  probe(ttl4/6/8/12)=0/0/3/7 of 20
t=18600  N=15553  holderDeg=3  probe(ttl4/6/8/12)=0/0/0/4 of 20
t=19000  N=15629  holderDeg=22  probe(ttl4/6/8/12)=0/5/11/19 of 20
t=18400  N=15601  holderDeg=3  probe(ttl4/6/8/12)=0/0/7/16 of 20
t=18600  N=15575  holderDeg=21  probe(ttl4/6/8/12)=1/3/13/20 of 20
t=18800  N=15575  holderDeg=3  probe(ttl4/6/8/12)=0/2/2/10 of 20
t=18800  N=15614  holderDeg=3  probe(ttl4/6/8/12)=0/0/2/6 of 20
t=19200  N=15681  holderDeg=3  probe(ttl4/6/8/12)=0/0/1/4 of 20
t=18600  N=15659  holderDeg=3  probe(ttl4/6/8/12)=0/0/4/10 of 20
t=19200  N=15685  holderDeg=24  probe(ttl4/6/8/12)=0/4/14/19 of 20
t=19000  N=15625  holderDeg=3  probe(ttl4/6/8/12)=0/0/2/10 of 20
t=19000  N=15671  holderDeg=3  probe(ttl4/6/8/12)=0/0/0/3 of 20
t=18800  N=15640  holderDeg=23  probe(ttl4/6/8/12)=1/4/12/20 of 20
t=19400  N=15752  holderDeg=3  probe(ttl4/6/8/12)=0/2/2/8 of 20
t=19400  N=15740  holderDeg=27  probe(ttl4/6/8/12)=1/6/14/18 of 20
t=19200  N=15722  holderDeg=3  probe(ttl4/6/8/12)=0/2/1/4 of 20
t=18800  N=15713  holderDeg=3  probe(ttl4/6/8/12)=0/1/5/15 of 20
t=19200  N=15693  holderDeg=3  probe(ttl4/6/8/12)=0/0/5/10 of 20
t=19000  N=15698  holderDeg=25  probe(ttl4/6/8/12)=1/2/10/20 of 20
t=19400  N=15786  holderDeg=3  probe(ttl4/6/8/12)=1/2/3/1 of 20
t=19000  N=15774  holderDeg=3  probe(ttl4/6/8/12)=0/1/4/13 of 20
t=19200  N=15752  holderDeg=27  probe(ttl4/6/8/12)=0/4/12/20 of 20
t=19600  N=15821  holderDeg=3  probe(ttl4/6/8/12)=0/1/2/5 of 20
t=19600  N=15797  holderDeg=29  probe(ttl4/6/8/12)=1/2/15/20 of 20
t=19400  N=15743  holderDeg=3  probe(ttl4/6/8/12)=0/0/3/11 of 20
t=19600  N=15844  holderDeg=3  probe(ttl4/6/8/12)=0/1/2/4 of 20
t=19200  N=15833  holderDeg=3  probe(ttl4/6/8/12)=0/1/4/14 of 20
t=19400  N=15816  holderDeg=29  probe(ttl4/6/8/12)=0/5/15/20 of 20
t=19600  N=15805  holderDeg=3  probe(ttl4/6/8/12)=0/0/7/11 of 20
t=19800  N=15853  holderDeg=31  probe(ttl4/6/8/12)=0/4/14/19 of 20
t=19800  N=15872  holderDeg=3  probe(ttl4/6/8/12)=0/0/1/7 of 20
t=19400  N=15887  holderDeg=3  probe(ttl4/6/8/12)=0/1/3/13 of 20
t=19800  N=15876  holderDeg=3  probe(ttl4/6/8/12)=0/1/2/10 of 20
t=19600  N=15888  holderDeg=31  probe(ttl4/6/8/12)=2/4/12/20 of 20
t=20000  N=15913  holderDeg=33  probe(ttl4/6/8/12)=0/3/17/20 of 20
t=19800  N=15911  holderDeg=3  probe(ttl4/6/8/12)=0/1/2/4 of 20
t=19600  N=15938  holderDeg=3  probe(ttl4/6/8/12)=0/2/3/16 of 20
t=20200  N=15969  holderDeg=33  probe(ttl4/6/8/12)=0/8/14/20 of 20
t=20000  N=15931  holderDeg=3  probe(ttl4/6/8/12)=0/1/2/11 of 20
t=19800  N=15948  holderDeg=33  probe(ttl4/6/8/12)=1/6/11/20 of 20
t=20000  N=15974  holderDeg=3  probe(ttl4/6/8/12)=0/0/2/5 of 20
t=20000  N=15941  holderDeg=3  probe(ttl4/6/8/12)=0/0/3/10 of 20
t=19800  N=15989  holderDeg=3  probe(ttl4/6/8/12)=0/0/4/13 of 20
t=20200  N=15983  holderDeg=3  probe(ttl4/6/8/12)=0/2/2/16 of 20
t=20400  N=16024  holderDeg=33  probe(ttl4/6/8/12)=0/4/15/20 of 20
t=20000  N=16002  holderDeg=33  probe(ttl4/6/8/12)=0/4/16/20 of 20
t=20200  N=16034  holderDeg=3  probe(ttl4/6/8/12)=0/0/3/5 of 20
t=20200  N=16007  holderDeg=3  probe(ttl4/6/8/12)=0/2/4/3 of 20
t=20400  N=16043  holderDeg=3  probe(ttl4/6/8/12)=0/0/2/12 of 20
t=20600  N=16099  holderDeg=33  probe(ttl4/6/8/12)=2/6/16/20 of 20
t=20200  N=16058  holderDeg=33  probe(ttl4/6/8/12)=1/8/17/18 of 20
t=20400  N=16101  holderDeg=3  probe(ttl4/6/8/12)=0/0/1/6 of 20
t=20000  N=16060  holderDeg=3  probe(ttl4/6/8/12)=0/0/3/17 of 20
t=20400  N=16075  holderDeg=3  probe(ttl4/6/8/12)=0/1/3/4 of 20
t=20600  N=16116  holderDeg=3  probe(ttl4/6/8/12)=0/0/5/12 of 20
t=20800  N=16154  holderDeg=33  probe(ttl4/6/8/12)=0/4/12/20 of 20
t=20400  N=16112  holderDeg=33  probe(ttl4/6/8/12)=0/4/13/20 of 20
t=20600  N=16150  holderDeg=3  probe(ttl4/6/8/12)=0/0/3/6 of 20
t=20200  N=16116  holderDeg=3  probe(ttl4/6/8/12)=0/0/3/16 of 20
t=21000  N=16216  holderDeg=33  probe(ttl4/6/8/12)=1/4/13/20 of 20
t=20600  N=16129  holderDeg=3  probe(ttl4/6/8/12)=0/0/2/8 of 20
t=20600  N=16179  holderDeg=33  probe(ttl4/6/8/12)=2/6/15/19 of 20
t=20800  N=16215  holderDeg=3  probe(ttl4/6/8/12)=0/0/2/3 of 20
t=20800  N=16184  holderDeg=3  probe(ttl4/6/8/12)=0/0/3/11 of 20
t=20400  N=16181  holderDeg=3  probe(ttl4/6/8/12)=0/1/3/13 of 20
t=21200  N=16274  holderDeg=33  probe(ttl4/6/8/12)=0/5/13/20 of 20
t=20800  N=16189  holderDeg=3  probe(ttl4/6/8/12)=1/0/2/5 of 20
t=21000  N=16268  holderDeg=3  probe(ttl4/6/8/12)=1/0/3/6 of 20
t=20600  N=16231  holderDeg=3  probe(ttl4/6/8/12)=0/1/2/15 of 20
t=21000  N=16239  holderDeg=3  probe(ttl4/6/8/12)=0/3/5/10 of 20
t=20800  N=16243  holderDeg=33  probe(ttl4/6/8/12)=1/5/14/19 of 20
t=21200  N=16315  holderDeg=3  probe(ttl4/6/8/12)=0/1/1/2 of 20
t=21000  N=16257  holderDeg=3  probe(ttl4/6/8/12)=0/0/1/12 of 20
t=20800  N=16293  holderDeg=3  probe(ttl4/6/8/12)=0/2/3/17 of 20
t=21400  N=16377  holderDeg=3  probe(ttl4/6/8/12)=0/0/1/7 of 20
t=21200  N=16301  holderDeg=3  probe(ttl4/6/8/12)=0/0/3/6 of 20
t=21000  N=16310  holderDeg=33  probe(ttl4/6/8/12)=0/3/14/18 of 20
t=21400  N=16340  holderDeg=33  probe(ttl4/6/8/12)=1/6/18/20 of 20
t=21200  N=16308  holderDeg=3  probe(ttl4/6/8/12)=0/0/3/9 of 20
t=21600  N=16431  holderDeg=3  probe(ttl4/6/8/12)=0/1/2/7 of 20
t=21200  N=16360  holderDeg=33  probe(ttl4/6/8/12)=0/2/12/20 of 20
t=21400  N=16359  holderDeg=3  probe(ttl4/6/8/12)=0/2/3/14 of 20
t=21600  N=16409  holderDeg=33  probe(ttl4/6/8/12)=1/5/13/20 of 20
t=21000  N=16348  holderDeg=3  probe(ttl4/6/8/12)=0/2/6/14 of 20
t=21400  N=16376  holderDeg=3  probe(ttl4/6/8/12)=0/0/5/7 of 20
t=21800  N=16495  holderDeg=3  probe(ttl4/6/8/12)=0/1/2/3 of 20
t=21400  N=16419  holderDeg=33  probe(ttl4/6/8/12)=1/5/13/20 of 20
t=21600  N=16428  holderDeg=3  probe(ttl4/6/8/12)=0/0/5/11 of 20
t=21200  N=16410  holderDeg=3  probe(ttl4/6/8/12)=0/0/3/12 of 20
t=21600  N=16436  holderDeg=3  probe(ttl4/6/8/12)=0/0/3/11 of 20
t=22000  N=16560  holderDeg=3  probe(ttl4/6/8/12)=0/0/0/4 of 20
t=21600  N=16481  holderDeg=33  probe(ttl4/6/8/12)=0/5/15/20 of 20
t=21800  N=16481  holderDeg=3  probe(ttl4/6/8/12)=0/0/3/11 of 20
t=21800  N=16472  holderDeg=33  probe(ttl4/6/8/12)=1/6/14/20 of 20
t=21400  N=16472  holderDeg=3  probe(ttl4/6/8/12)=0/1/3/14 of 20
t=21800  N=16486  holderDeg=3  probe(ttl4/6/8/12)=0/0/2/6 of 20
t=22200  N=16619  holderDeg=3  probe(ttl4/6/8/12)=0/0/4/6 of 20
t=21800  N=16547  holderDeg=33  probe(ttl4/6/8/12)=0/7/17/20 of 20
t=22000  N=16540  holderDeg=3  probe(ttl4/6/8/12)=0/0/2/12 of 20
t=21600  N=16533  holderDeg=3  probe(ttl4/6/8/12)=0/0/3/12 of 20
t=22000  N=16535  holderDeg=33  probe(ttl4/6/8/12)=1/4/13/20 of 20
t=22400  N=16672  holderDeg=3  probe(ttl4/6/8/12)=0/1/2/4 of 20
t=22000  N=16541  holderDeg=3  probe(ttl4/6/8/12)=0/0/4/7 of 20
t=22200  N=16599  holderDeg=3  probe(ttl4/6/8/12)=0/0/2/10 of 20
t=22000  N=16609  holderDeg=33  probe(ttl4/6/8/12)=2/8/15/19 of 20
t=22200  N=16588  holderDeg=33  probe(ttl4/6/8/12)=1/6/17/20 of 20
t=21800  N=16602  holderDeg=3  probe(ttl4/6/8/12)=0/0/2/7 of 20
t=22600  N=16735  holderDeg=3  probe(ttl4/6/8/12)=0/0/1/5 of 20
t=22200  N=16596  holderDeg=3  probe(ttl4/6/8/12)=0/0/1/12 of 20
t=22400  N=16643  holderDeg=3  probe(ttl4/6/8/12)=0/0/4/11 of 20
t=22200  N=16673  holderDeg=33  probe(ttl4/6/8/12)=2/9/13/20 of 20
t=22800  N=16795  holderDeg=3  probe(ttl4/6/8/12)=0/0/1/2 of 20
t=22400  N=16653  holderDeg=3  probe(ttl4/6/8/12)=0/0/2/11 of 20
t=22000  N=16670  holderDeg=3  probe(ttl4/6/8/12)=0/0/2/13 of 20
t=22400  N=16655  holderDeg=34  probe(ttl4/6/8/12)=0/3/13/20 of 20
t=22600  N=16701  holderDeg=3  probe(ttl4/6/8/12)=0/0/2/7 of 20
t=22400  N=16738  holderDeg=33  probe(ttl4/6/8/12)=5/3/16/19 of 20
t=23000  N=16853  holderDeg=3  probe(ttl4/6/8/12)=0/0/2/5 of 20
t=22200  N=16738  holderDeg=3  probe(ttl4/6/8/12)=0/1/3/14 of 20
t=22600  N=16709  holderDeg=34  probe(ttl4/6/8/12)=0/6/14/20 of 20
t=22600  N=16711  holderDeg=3  probe(ttl4/6/8/12)=1/0/3/7 of 20
t=22800  N=16757  holderDeg=3  probe(ttl4/6/8/12)=0/0/2/10 of 20
t=22600  N=16801  holderDeg=33  probe(ttl4/6/8/12)=1/1/12/19 of 20
t=22400  N=16803  holderDeg=3  probe(ttl4/6/8/12)=0/1/3/12 of 20
t=22800  N=16771  holderDeg=3  probe(ttl4/6/8/12)=0/0/2/6 of 20
t=22800  N=16769  holderDeg=34  probe(ttl4/6/8/12)=0/6/16/20 of 20
t=23200  N=16919  holderDeg=3  probe(ttl4/6/8/12)=0/0/4/5 of 20
t=22800  N=16855  holderDeg=33  probe(ttl4/6/8/12)=0/2/15/20 of 20
t=23000  N=16812  holderDeg=3  probe(ttl4/6/8/12)=0/0/4/8 of 20
t=22600  N=16869  holderDeg=3  probe(ttl4/6/8/12)=0/0/6/13 of 20
t=23000  N=16826  holderDeg=34  probe(ttl4/6/8/12)=0/3/13/20 of 20
t=23400  N=16983  holderDeg=3  probe(ttl4/6/8/12)=0/0/4/6 of 20
t=23000  N=16834  holderDeg=3  probe(ttl4/6/8/12)=0/1/3/7 of 20
t=23000  N=16922  holderDeg=33  probe(ttl4/6/8/12)=0/5/11/20 of 20
t=23200  N=16885  holderDeg=3  probe(ttl4/6/8/12)=0/0/3/12 of 20
t=22800  N=16934  holderDeg=3  probe(ttl4/6/8/12)=0/0/2/15 of 20
t=23200  N=16877  holderDeg=34  probe(ttl4/6/8/12)=0/5/10/20 of 20
t=23600  N=17050  holderDeg=3  probe(ttl4/6/8/12)=0/0/4/3 of 20
t=23200  N=16887  holderDeg=3  probe(ttl4/6/8/12)=0/3/3/7 of 20
t=23400  N=16944  holderDeg=3  probe(ttl4/6/8/12)=0/0/6/10 of 20
t=23200  N=16982  holderDeg=33  probe(ttl4/6/8/12)=1/4/12/19 of 20
t=23000  N=17003  holderDeg=3  probe(ttl4/6/8/12)=0/0/4/15 of 20
t=23400  N=16936  holderDeg=34  probe(ttl4/6/8/12)=2/7/15/19 of 20
t=23800  N=17107  holderDeg=3  probe(ttl4/6/8/12)=0/1/3/5 of 20
t=23400  N=16953  holderDeg=3  probe(ttl4/6/8/12)=0/1/3/7 of 20
t=23600  N=16996  holderDeg=3  probe(ttl4/6/8/12)=0/0/3/11 of 20
t=23400  N=17031  holderDeg=33  probe(ttl4/6/8/12)=1/6/12/20 of 20
t=23200  N=17056  holderDeg=3  probe(ttl4/6/8/12)=0/1/7/12 of 20
t=24000  N=17169  holderDeg=3  probe(ttl4/6/8/12)=0/0/4/6 of 20
t=23600  N=16995  holderDeg=34  probe(ttl4/6/8/12)=0/6/14/20 of 20
t=23600  N=17011  holderDeg=3  probe(ttl4/6/8/12)=1/0/1/5 of 20
t=23800  N=17065  holderDeg=3  probe(ttl4/6/8/12)=0/1/1/10 of 20
t=24200  N=17237  holderDeg=3  probe(ttl4/6/8/12)=0/0/2/3 of 20
t=23400  N=17124  holderDeg=3  probe(ttl4/6/8/12)=0/0/2/14 of 20
t=23800  N=17066  holderDeg=34  probe(ttl4/6/8/12)=2/5/11/20 of 20
t=23600  N=17100  holderDeg=33  probe(ttl4/6/8/12)=1/5/18/20 of 20
t=23800  N=17073  holderDeg=3  probe(ttl4/6/8/12)=0/0/3/6 of 20
t=24000  N=17132  holderDeg=3  probe(ttl4/6/8/12)=0/2/3/10 of 20
t=23600  N=17180  holderDeg=3  probe(ttl4/6/8/12)=0/0/5/13 of 20
t=24400  N=17296  holderDeg=3  probe(ttl4/6/8/12)=0/0/3/3 of 20
t=24000  N=17124  holderDeg=34  probe(ttl4/6/8/12)=0/4/14/20 of 20
t=23800  N=17161  holderDeg=33  probe(ttl4/6/8/12)=0/2/12/19 of 20
t=24000  N=17133  holderDeg=3  probe(ttl4/6/8/12)=0/1/2/6 of 20
t=23800  N=17240  holderDeg=3  probe(ttl4/6/8/12)=0/1/2/9 of 20
t=24600  N=17355  holderDeg=3  probe(ttl4/6/8/12)=0/0/1/5 of 20
t=24200  N=17191  holderDeg=3  probe(ttl4/6/8/12)=0/1/4/7 of 20
t=24200  N=17191  holderDeg=34  probe(ttl4/6/8/12)=0/5/15/20 of 20
t=24000  N=17207  holderDeg=33  probe(ttl4/6/8/12)=1/7/15/20 of 20
t=24200  N=17186  holderDeg=3  probe(ttl4/6/8/12)=0/1/3/9 of 20
t=24000  N=17294  holderDeg=3  probe(ttl4/6/8/12)=0/1/6/15 of 20
t=24800  N=17407  holderDeg=3  probe(ttl4/6/8/12)=0/0/4/8 of 20
t=24400  N=17254  holderDeg=3  probe(ttl4/6/8/12)=0/0/2/11 of 20
t=24400  N=17251  holderDeg=34  probe(ttl4/6/8/12)=1/8/11/20 of 20
t=24200  N=17261  holderDeg=33  probe(ttl4/6/8/12)=0/6/15/20 of 20
t=24200  N=17343  holderDeg=3  probe(ttl4/6/8/12)=0/0/4/9 of 20
t=25000  N=17460  holderDeg=3  probe(ttl4/6/8/12)=0/2/2/4 of 20
t=24600  N=17314  holderDeg=3  probe(ttl4/6/8/12)=0/0/2/9 of 20
t=24400  N=17246  holderDeg=3  probe(ttl4/6/8/12)=0/0/1/7 of 20
t=24600  N=17323  holderDeg=34  probe(ttl4/6/8/12)=0/3/16/20 of 20
t=24400  N=17323  holderDeg=33  probe(ttl4/6/8/12)=1/6/11/20 of 20
t=24800  N=17368  holderDeg=3  probe(ttl4/6/8/12)=0/0/2/9 of 20
t=25200  N=17521  holderDeg=3  probe(ttl4/6/8/12)=0/1/1/1 of 20
t=24600  N=17307  holderDeg=3  probe(ttl4/6/8/12)=0/2/2/5 of 20
t=24800  N=17371  holderDeg=34  probe(ttl4/6/8/12)=2/4/14/20 of 20
t=24400  N=17400  holderDeg=3  probe(ttl4/6/8/12)=0/0/2/15 of 20
t=24600  N=17381  holderDeg=33  probe(ttl4/6/8/12)=0/5/14/20 of 20
t=25000  N=17428  holderDeg=3  probe(ttl4/6/8/12)=0/1/3/9 of 20
t=25400  N=17589  holderDeg=3  probe(ttl4/6/8/12)=0/1/4/6 of 20
t=24600  N=17458  holderDeg=3  probe(ttl4/6/8/12)=0/1/6/12 of 20
t=25000  N=17433  holderDeg=34  probe(ttl4/6/8/12)=1/3/17/19 of 20
t=24800  N=17367  holderDeg=3  probe(ttl4/6/8/12)=0/2/3/10 of 20
t=24800  N=17441  holderDeg=32  probe(ttl4/6/8/12)=0/5/14/20 of 20
t=25600  N=17641  holderDeg=3  probe(ttl4/6/8/12)=0/1/2/3 of 20
t=25200  N=17494  holderDeg=3  probe(ttl4/6/8/12)=0/0/2/8 of 20
t=25200  N=17500  holderDeg=34  probe(ttl4/6/8/12)=0/4/17/20 of 20
t=24800  N=17508  holderDeg=3  probe(ttl4/6/8/12)=0/1/0/15 of 20
t=25000  N=17438  holderDeg=3  probe(ttl4/6/8/12)=0/0/0/8 of 20
t=25800  N=17699  holderDeg=3  probe(ttl4/6/8/12)=1/1/1/7 of 20
t=25400  N=17552  holderDeg=3  probe(ttl4/6/8/12)=1/0/0/9 of 20
t=25000  N=17509  holderDeg=32  probe(ttl4/6/8/12)=0/5/16/20 of 20
t=25000  N=17568  holderDeg=3  probe(ttl4/6/8/12)=0/1/1/15 of 20
t=25400  N=17564  holderDeg=34  probe(ttl4/6/8/12)=0/5/17/20 of 20
t=25200  N=17494  holderDeg=3  probe(ttl4/6/8/12)=0/1/4/6 of 20
t=25200  N=17569  holderDeg=32  probe(ttl4/6/8/12)=0/6/16/20 of 20
t=26000  N=17764  holderDeg=3  probe(ttl4/6/8/12)=0/1/2/5 of 20
t=25600  N=17615  holderDeg=3  probe(ttl4/6/8/12)=0/1/8/11 of 20
t=25600  N=17624  holderDeg=34  probe(ttl4/6/8/12)=2/4/13/20 of 20
t=25200  N=17627  holderDeg=3  probe(ttl4/6/8/12)=0/0/5/15 of 20
t=25400  N=17543  holderDeg=3  probe(ttl4/6/8/12)=0/0/2/7 of 20
t=25400  N=17629  holderDeg=32  probe(ttl4/6/8/12)=2/2/12/20 of 20
t=26200  N=17822  holderDeg=3  probe(ttl4/6/8/12)=0/0/2/5 of 20
t=25800  N=17675  holderDeg=3  probe(ttl4/6/8/12)=0/1/1/7 of 20
t=25400  N=17682  holderDeg=3  probe(ttl4/6/8/12)=0/0/4/15 of 20
t=25600  N=17680  holderDeg=32  probe(ttl4/6/8/12)=0/6/13/20 of 20
t=25600  N=17602  holderDeg=3  probe(ttl4/6/8/12)=0/0/3/4 of 20
t=26400  N=17887  holderDeg=3  probe(ttl4/6/8/12)=0/1/2/7 of 20
t=26000  N=17749  holderDeg=3  probe(ttl4/6/8/12)=0/1/5/11 of 20
t=25800  N=17686  holderDeg=34  probe(ttl4/6/8/12)=0/5/14/20 of 20
t=25600  N=17752  holderDeg=3  probe(ttl4/6/8/12)=0/0/1/15 of 20
t=25800  N=17736  holderDeg=32  probe(ttl4/6/8/12)=0/6/15/20 of 20
t=26600  N=17936  holderDeg=3  probe(ttl4/6/8/12)=0/1/1/2 of 20
t=25800  N=17660  holderDeg=3  probe(ttl4/6/8/12)=0/0/1/12 of 20
t=26000  N=17749  holderDeg=34  probe(ttl4/6/8/12)=0/5/14/20 of 20
t=26200  N=17808  holderDeg=3  probe(ttl4/6/8/12)=0/0/4/8 of 20
t=26800  N=17997  holderDeg=3  probe(ttl4/6/8/12)=0/0/2/4 of 20
t=26000  N=17793  holderDeg=32  probe(ttl4/6/8/12)=1/4/16/20 of 20
t=26000  N=17715  holderDeg=3  probe(ttl4/6/8/12)=0/2/0/10 of 20
t=25800  N=17818  holderDeg=3  probe(ttl4/6/8/12)=0/1/2/13 of 20
t=26200  N=17808  holderDeg=34  probe(ttl4/6/8/12)=1/5/14/20 of 20
t=26400  N=17870  holderDeg=3  probe(ttl4/6/8/12)=0/1/4/14 of 20
t=27000  N=18055  holderDeg=3  probe(ttl4/6/8/12)=0/0/2/3 of 20
t=26000  N=17891  holderDeg=3  probe(ttl4/6/8/12)=1/1/2/10 of 20
t=26200  N=17782  holderDeg=3  probe(ttl4/6/8/12)=0/0/1/8 of 20
t=26200  N=17849  holderDeg=32  probe(ttl4/6/8/12)=0/5/11/20 of 20
t=26600  N=17932  holderDeg=3  probe(ttl4/6/8/12)=0/0/3/11 of 20
t=26400  N=17886  holderDeg=34  probe(ttl4/6/8/12)=2/4/14/19 of 20
t=27200  N=18117  holderDeg=3  probe(ttl4/6/8/12)=0/2/0/6 of 20
t=26200  N=17945  holderDeg=3  probe(ttl4/6/8/12)=0/0/4/12 of 20
t=26400  N=17908  holderDeg=32  probe(ttl4/6/8/12)=0/10/18/20 of 20
t=26400  N=17838  holderDeg=3  probe(ttl4/6/8/12)=0/0/3/8 of 20
t=26800  N=17999  holderDeg=3  probe(ttl4/6/8/12)=0/0/3/9 of 20
t=26600  N=17958  holderDeg=32  probe(ttl4/6/8/12)=0/6/16/20 of 20
t=26600  N=17948  holderDeg=34  probe(ttl4/6/8/12)=2/10/16/19 of 20
t=26600  N=17899  holderDeg=3  probe(ttl4/6/8/12)=1/1/3/3 of 20
t=27400  N=18174  holderDeg=3  probe(ttl4/6/8/12)=0/0/2/3 of 20
t=26400  N=18006  holderDeg=3  probe(ttl4/6/8/12)=0/0/4/16 of 20
t=27000  N=18061  holderDeg=3  probe(ttl4/6/8/12)=0/0/1/11 of 20
t=26800  N=18020  holderDeg=32  probe(ttl4/6/8/12)=0/2/16/20 of 20
t=26800  N=18009  holderDeg=34  probe(ttl4/6/8/12)=0/4/15/19 of 20
t=26800  N=17950  holderDeg=3  probe(ttl4/6/8/12)=0/0/2/8 of 20
t=26600  N=18062  holderDeg=3  probe(ttl4/6/8/12)=0/0/1/8 of 20
t=27600  N=18235  holderDeg=3  probe(ttl4/6/8/12)=1/0/1/6 of 20
t=27200  N=18120  holderDeg=3  probe(ttl4/6/8/12)=1/0/2/9 of 20
t=27000  N=18081  holderDeg=33  probe(ttl4/6/8/12)=0/3/15/19 of 20
t=27000  N=18014  holderDeg=3  probe(ttl4/6/8/12)=0/0/1/5 of 20
t=26800  N=18132  holderDeg=3  probe(ttl4/6/8/12)=0/2/6/13 of 20
t=27000  N=18072  holderDeg=34  probe(ttl4/6/8/12)=2/6/16/19 of 20
t=27800  N=18296  holderDeg=3  probe(ttl4/6/8/12)=0/0/4/6 of 20
t=27400  N=18183  holderDeg=3  probe(ttl4/6/8/12)=0/0/4/12 of 20
t=27200  N=18148  holderDeg=33  probe(ttl4/6/8/12)=0/5/16/20 of 20
t=27000  N=18179  holderDeg=3  probe(ttl4/6/8/12)=0/0/6/11 of 20
t=27600  N=18242  holderDeg=3  probe(ttl4/6/8/12)=0/0/3/10 of 20
t=28000  N=18363  holderDeg=3  probe(ttl4/6/8/12)=0/0/2/9 of 20
t=27200  N=18077  holderDeg=3  probe(ttl4/6/8/12)=0/0/3/7 of 20
t=27200  N=18143  holderDeg=34  probe(ttl4/6/8/12)=0/5/15/20 of 20
t=27400  N=18199  holderDeg=33  probe(ttl4/6/8/12)=0/3/16/19 of 20
t=27200  N=18238  holderDeg=3  probe(ttl4/6/8/12)=0/0/3/13 of 20
t=27400  N=18143  holderDeg=3  probe(ttl4/6/8/12)=0/0/4/6 of 20
t=28200  N=18421  holderDeg=3  probe(ttl4/6/8/12)=0/0/4/6 of 20
t=27400  N=18204  holderDeg=34  probe(ttl4/6/8/12)=2/3/17/20 of 20
t=27600  N=18261  holderDeg=33  probe(ttl4/6/8/12)=1/6/17/20 of 20
t=27600  N=18205  holderDeg=3  probe(ttl4/6/8/12)=0/1/4/9 of 20
t=27800  N=18309  holderDeg=3  probe(ttl4/6/8/12)=0/1/3/10 of 20
t=27400  N=18303  holderDeg=3  probe(ttl4/6/8/12)=0/1/0/12 of 20
t=28400  N=18481  holderDeg=3  probe(ttl4/6/8/12)=0/0/1/3 of 20
t=27600  N=18257  holderDeg=34  probe(ttl4/6/8/12)=1/6/13/20 of 20
t=27800  N=18266  holderDeg=3  probe(ttl4/6/8/12)=1/0/0/7 of 20
t=27600  N=18358  holderDeg=3  probe(ttl4/6/8/12)=0/1/2/9 of 20
t=28600  N=18540  holderDeg=3  probe(ttl4/6/8/12)=0/0/1/6 of 20
t=28000  N=18358  holderDeg=3  probe(ttl4/6/8/12)=1/0/1/7 of 20
t=27800  N=18329  holderDeg=33  probe(ttl4/6/8/12)=0/5/14/20 of 20
t=27800  N=18316  holderDeg=34  probe(ttl4/6/8/12)=0/10/15/18 of 20
t=27800  N=18409  holderDeg=3  probe(ttl4/6/8/12)=0/1/4/9 of 20
t=28000  N=18314  holderDeg=3  probe(ttl4/6/8/12)=0/0/2/6 of 20
t=28800  N=18596  holderDeg=3  probe(ttl4/6/8/12)=0/1/1/3 of 20
t=28200  N=18416  holderDeg=3  probe(ttl4/6/8/12)=0/0/1/7 of 20
t=28000  N=18389  holderDeg=33  probe(ttl4/6/8/12)=2/3/17/19 of 20
t=28000  N=18465  holderDeg=3  probe(ttl4/6/8/12)=0/0/3/14 of 20
t=28000  N=18386  holderDeg=34  probe(ttl4/6/8/12)=0/4/14/20 of 20
t=28200  N=18364  holderDeg=3  probe(ttl4/6/8/12)=0/0/0/6 of 20
t=29000  N=18669  holderDeg=3  probe(ttl4/6/8/12)=0/0/0/5 of 20
t=28400  N=18477  holderDeg=3  probe(ttl4/6/8/12)=0/0/4/7 of 20
t=28200  N=18448  holderDeg=33  probe(ttl4/6/8/12)=0/4/15/20 of 20
t=28200  N=18452  holderDeg=34  probe(ttl4/6/8/12)=2/4/13/20 of 20
t=28400  N=18419  holderDeg=3  probe(ttl4/6/8/12)=1/0/2/7 of 20
t=28200  N=18525  holderDeg=3  probe(ttl4/6/8/12)=0/0/2/10 of 20
t=28400  N=18495  holderDeg=33  probe(ttl4/6/8/12)=0/5/14/20 of 20
t=28600  N=18536  holderDeg=3  probe(ttl4/6/8/12)=0/0/2/9 of 20
t=28400  N=18588  holderDeg=3  probe(ttl4/6/8/12)=1/0/7/11 of 20
t=28400  N=18501  holderDeg=34  probe(ttl4/6/8/12)=1/4/16/19 of 20
t=29200  N=18728  holderDeg=3  probe(ttl4/6/8/12)=0/0/3/8 of 20
t=28800  N=18607  holderDeg=3  probe(ttl4/6/8/12)=0/0/2/7 of 20
t=28600  N=18557  holderDeg=33  probe(ttl4/6/8/12)=0/5/14/20 of 20
t=28600  N=18486  holderDeg=3  probe(ttl4/6/8/12)=0/0/1/10 of 20
t=29400  N=18785  holderDeg=3  probe(ttl4/6/8/12)=0/1/1/7 of 20
t=28600  N=18648  holderDeg=3  probe(ttl4/6/8/12)=0/0/2/9 of 20
t=28600  N=18558  holderDeg=34  probe(ttl4/6/8/12)=0/4/13/20 of 20
t=29000  N=18665  holderDeg=3  probe(ttl4/6/8/12)=0/0/1/11 of 20
t=28800  N=18611  holderDeg=33  probe(ttl4/6/8/12)=1/5/12/20 of 20
t=28800  N=18550  holderDeg=3  probe(ttl4/6/8/12)=0/0/2/8 of 20
t=29600  N=18841  holderDeg=3  probe(ttl4/6/8/12)=0/0/0/5 of 20
t=29200  N=18738  holderDeg=3  probe(ttl4/6/8/12)=0/1/5/13 of 20
t=29000  N=18613  holderDeg=3  probe(ttl4/6/8/12)=0/0/1/6 of 20
t=29000  N=18675  holderDeg=33  probe(ttl4/6/8/12)=1/4/14/20 of 20
t=28800  N=18624  holderDeg=34  probe(ttl4/6/8/12)=1/3/13/20 of 20
t=28800  N=18714  holderDeg=3  probe(ttl4/6/8/12)=0/1/4/15 of 20
t=29800  N=18893  holderDeg=3  probe(ttl4/6/8/12)=0/1/3/3 of 20
t=29200  N=18675  holderDeg=3  probe(ttl4/6/8/12)=0/0/2/10 of 20
t=29200  N=18739  holderDeg=33  probe(ttl4/6/8/12)=0/3/15/20 of 20
t=29400  N=18791  holderDeg=3  probe(ttl4/6/8/12)=0/0/3/8 of 20
t=29000  N=18680  holderDeg=34  probe(ttl4/6/8/12)=1/4/14/20 of 20
t=29000  N=18777  holderDeg=3  probe(ttl4/6/8/12)=0/1/1/11 of 20
t=29400  N=18799  holderDeg=33  probe(ttl4/6/8/12)=1/6/12/19 of 20
t=29200  N=18838  holderDeg=3  probe(ttl4/6/8/12)=0/1/2/11 of 20
t=30000  N=18948  holderDeg=3  probe(ttl4/6/8/12)=0/3/1/5 of 20
t=29600  N=18856  holderDeg=3  probe(ttl4/6/8/12)=0/0/3/8 of 20
t=29400  N=18744  holderDeg=3  probe(ttl4/6/8/12)=0/0/2/4 of 20
t=29200  N=18744  holderDeg=34  probe(ttl4/6/8/12)=1/5/15/20 of 20
t=29400  N=18896  holderDeg=3  probe(ttl4/6/8/12)=0/0/3/13 of 20
t=30200  N=19000  holderDeg=3  probe(ttl4/6/8/12)=0/1/1/10 of 20
t=29800  N=18922  holderDeg=3  probe(ttl4/6/8/12)=0/1/3/6 of 20
t=29600  N=18861  holderDeg=33  probe(ttl4/6/8/12)=1/2/12/20 of 20
t=29600  N=18803  holderDeg=3  probe(ttl4/6/8/12)=1/0/1/9 of 20
t=29400  N=18813  holderDeg=34  probe(ttl4/6/8/12)=1/4/14/20 of 20
t=29600  N=18955  holderDeg=3  probe(ttl4/6/8/12)=0/0/4/12 of 20
t=30400  N=19057  holderDeg=3  probe(ttl4/6/8/12)=0/0/1/4 of 20
t=29800  N=18920  holderDeg=33  probe(ttl4/6/8/12)=0/3/14/19 of 20
t=30000  N=18984  holderDeg=3  probe(ttl4/6/8/12)=0/0/5/4 of 20
t=29800  N=18859  holderDeg=3  probe(ttl4/6/8/12)=0/1/3/6 of 20
t=29800  N=19011  holderDeg=3  probe(ttl4/6/8/12)=0/1/0/6 of 20
t=29600  N=18871  holderDeg=34  probe(ttl4/6/8/12)=2/5/13/19 of 20
t=30600  N=19113  holderDeg=3  probe(ttl4/6/8/12)=0/0/2/7 of 20
t=30000  N=18979  holderDeg=33  probe(ttl4/6/8/12)=0/4/10/20 of 20
t=30200  N=19044  holderDeg=3  probe(ttl4/6/8/12)=0/0/1/7 of 20
t=30000  N=18898  holderDeg=3  probe(ttl4/6/8/12)=0/0/3/7 of 20
t=30000  N=19072  holderDeg=3  probe(ttl4/6/8/12)=0/1/3/7 of 20
t=30800  N=19166  holderDeg=3  probe(ttl4/6/8/12)=0/0/2/3 of 20
t=29800  N=18941  holderDeg=34  probe(ttl4/6/8/12)=1/8/18/20 of 20
t=30200  N=19045  holderDeg=33  probe(ttl4/6/8/12)=1/8/12/20 of 20
t=30400  N=19105  holderDeg=3  probe(ttl4/6/8/12)=0/0/5/10 of 20
t=31000  N=19232  holderDeg=3  probe(ttl4/6/8/12)=0/0/0/7 of 20
t=30200  N=19127  holderDeg=3  probe(ttl4/6/8/12)=0/0/3/6 of 20
t=30600  N=19165  holderDeg=3  probe(ttl4/6/8/12)=0/2/5/9 of 20
t=30000  N=19011  holderDeg=34  probe(ttl4/6/8/12)=1/5/15/20 of 20
t=30200  N=18969  holderDeg=3  probe(ttl4/6/8/12)=0/0/4/7 of 20
t=30400  N=19110  holderDeg=33  probe(ttl4/6/8/12)=0/6/14/20 of 20
t=30400  N=19190  holderDeg=3  probe(ttl4/6/8/12)=0/0/2/6 of 20
t=31200  N=19298  holderDeg=3  probe(ttl4/6/8/12)=0/0/1/5 of 20
t=30400  N=19020  holderDeg=3  probe(ttl4/6/8/12)=0/0/1/3 of 20
t=30800  N=19221  holderDeg=3  probe(ttl4/6/8/12)=0/2/4/6 of 20
t=30200  N=19076  holderDeg=34  probe(ttl4/6/8/12)=1/3/17/20 of 20
t=30600  N=19241  holderDeg=3  probe(ttl4/6/8/12)=0/0/2/9 of 20
t=31400  N=19356  holderDeg=3  probe(ttl4/6/8/12)=0/1/3/5 of 20
t=30600  N=19085  holderDeg=3  probe(ttl4/6/8/12)=0/0/1/3 of 20
t=30600  N=19170  holderDeg=33  probe(ttl4/6/8/12)=0/4/18/19 of 20
t=31000  N=19281  holderDeg=3  probe(ttl4/6/8/12)=0/0/3/10 of 20
t=30400  N=19140  holderDeg=34  probe(ttl4/6/8/12)=0/2/16/20 of 20
t=31600  N=19411  holderDeg=3  probe(ttl4/6/8/12)=0/0/0/5 of 20
t=30800  N=19150  holderDeg=3  probe(ttl4/6/8/12)=0/0/1/6 of 20
t=30800  N=19221  holderDeg=33  probe(ttl4/6/8/12)=1/8/14/18 of 20
t=31200  N=19348  holderDeg=3  probe(ttl4/6/8/12)=0/0/2/9 of 20
t=30800  N=19293  holderDeg=3  probe(ttl4/6/8/12)=0/0/1/5 of 20
t=30600  N=19193  holderDeg=34  probe(ttl4/6/8/12)=1/5/12/19 of 20
t=31800  N=19468  holderDeg=3  probe(ttl4/6/8/12)=0/0/3/8 of 20
t=31000  N=19194  holderDeg=3  probe(ttl4/6/8/12)=0/0/3/6 of 20
t=31400  N=19413  holderDeg=3  probe(ttl4/6/8/12)=0/2/2/4 of 20
t=31000  N=19352  holderDeg=3  probe(ttl4/6/8/12)=0/1/3/5 of 20
t=31000  N=19287  holderDeg=33  probe(ttl4/6/8/12)=0/7/14/19 of 20
t=30800  N=19248  holderDeg=34  probe(ttl4/6/8/12)=0/4/14/18 of 20
t=32000  N=19525  holderDeg=3  probe(ttl4/6/8/12)=0/1/1/5 of 20
t=31200  N=19250  holderDeg=3  probe(ttl4/6/8/12)=0/0/3/5 of 20
t=31200  N=19421  holderDeg=3  probe(ttl4/6/8/12)=0/0/3/7 of 20
t=31600  N=19474  holderDeg=3  probe(ttl4/6/8/12)=0/1/3/12 of 20
t=31200  N=19352  holderDeg=33  probe(ttl4/6/8/12)=0/5/13/19 of 20

 Plateau completed at t=32187


================ trendplat  seed=4  (Pp=100 Pd=0 Pt=25000 rewire=True k=5 c=2 eps=0,02 qmax=0,2 N=10000 theta=6 crash=0 shape=3 multi=5 randrw=0 oracle=False fixedthr=0 rules=7 cooper=False dmax=160 mu=1 noscale=False plateau=18000) ================
t=200  N=209  holderDeg=-1  probe(ttl4/6/8/12)=0/0/0/0 of 20
t=400  N=409  holderDeg=-1  probe(ttl4/6/8/12)=0/0/0/0 of 20
t=600  N=609  holderDeg=-1  probe(ttl4/6/8/12)=0/0/0/0 of 20
t=800  N=809  holderDeg=-1  probe(ttl4/6/8/12)=0/0/0/0 of 20
t=31000  N=19303  holderDeg=34  probe(ttl4/6/8/12)=1/5/15/20 of 20
t=1000  N=1009  holderDeg=-1  probe(ttl4/6/8/12)=0/0/0/0 of 20
t=1200  N=1209  holderDeg=-1  probe(ttl4/6/8/12)=0/0/0/0 of 20
t=1400  N=1409  holderDeg=-1  probe(ttl4/6/8/12)=0/0/0/0 of 20
t=1600  N=1609  holderDeg=-1  probe(ttl4/6/8/12)=0/0/0/0 of 20
t=1800  N=1809  holderDeg=-1  probe(ttl4/6/8/12)=0/0/0/0 of 20
t=2000  N=2009  holderDeg=-1  probe(ttl4/6/8/12)=0/0/0/0 of 20
t=2200  N=2209  holderDeg=-1  probe(ttl4/6/8/12)=0/0/0/0 of 20
t=31400  N=19469  holderDeg=3  probe(ttl4/6/8/12)=0/0/4/5 of 20
t=31400  N=19306  holderDeg=3  probe(ttl4/6/8/12)=0/1/2/4 of 20
t=2400  N=2409  holderDeg=-1  probe(ttl4/6/8/12)=0/0/0/0 of 20
t=31400  N=19416  holderDeg=33  probe(ttl4/6/8/12)=1/3/13/20 of 20
t=2600  N=2609  holderDeg=-1  probe(ttl4/6/8/12)=0/0/0/0 of 20
t=2800  N=2809  holderDeg=-1  probe(ttl4/6/8/12)=0/0/0/0 of 20
t=31800  N=19549  holderDeg=3  probe(ttl4/6/8/12)=0/1/4/7 of 20
t=3000  N=3009  holderDeg=-1  probe(ttl4/6/8/12)=0/0/0/0 of 20
t=3200  N=3209  holderDeg=-1  probe(ttl4/6/8/12)=0/0/0/0 of 20
t=31200  N=19363  holderDeg=34  probe(ttl4/6/8/12)=1/5/13/20 of 20
t=3400  N=3409  holderDeg=-1  probe(ttl4/6/8/12)=0/0/0/0 of 20
t=3600  N=3609  holderDeg=-1  probe(ttl4/6/8/12)=0/0/0/0 of 20
t=3800  N=3809  holderDeg=-1  probe(ttl4/6/8/12)=0/0/0/0 of 20
t=4000  N=4009  holderDeg=-1  probe(ttl4/6/8/12)=0/0/0/0 of 20
t=31600  N=19534  holderDeg=3  probe(ttl4/6/8/12)=0/2/1/4 of 20
t=31600  N=19369  holderDeg=3  probe(ttl4/6/8/12)=1/0/2/5 of 20
t=4200  N=4209  holderDeg=-1  probe(ttl4/6/8/12)=0/0/0/0 of 20
t=31600  N=19474  holderDeg=33  probe(ttl4/6/8/12)=0/4/14/20 of 20
t=4400  N=4409  holderDeg=-1  probe(ttl4/6/8/12)=0/0/0/0 of 20
t=32000  N=19617  holderDeg=3  probe(ttl4/6/8/12)=0/0/4/5 of 20
t=4600  N=4609  holderDeg=-1  probe(ttl4/6/8/12)=0/0/0/0 of 20
t=31400  N=19428  holderDeg=34  probe(ttl4/6/8/12)=1/5/11/20 of 20
t=4800  N=4809  holderDeg=-1  probe(ttl4/6/8/12)=0/0/0/0 of 20
t=5000  N=5009  holderDeg=-1  probe(ttl4/6/8/12)=0/0/0/0 of 20
t=31800  N=19593  holderDeg=3  probe(ttl4/6/8/12)=0/2/1/9 of 20
t=5200  N=5209  holderDeg=-1  probe(ttl4/6/8/12)=0/0/0/0 of 20
t=31800  N=19534  holderDeg=33  probe(ttl4/6/8/12)=0/5/16/19 of 20
t=31800  N=19435  holderDeg=3  probe(ttl4/6/8/12)=0/0/2/6 of 20
t=5400  N=5409  holderDeg=-1  probe(ttl4/6/8/12)=0/0/0/0 of 20
t=32200  N=19678  holderDeg=3  probe(ttl4/6/8/12)=1/1/3/8 of 20

 Plateau completed at t=32203


================ popplat  seed=4  (Pp=100 Pd=0 Pt=0 rewire=False k=5 c=2 eps=0,02 qmax=0,2 N=10000 theta=6 crash=0 shape=3 multi=5 randrw=0 oracle=False fixedthr=0 rules=7 cooper=False dmax=160 mu=1 noscale=False plateau=18000) ================
t=200  N=209  holderDeg=-1  probe(ttl4/6/8/12)=0/0/0/0 of 20
t=400  N=409  holderDeg=-1  probe(ttl4/6/8/12)=0/0/0/0 of 20
t=5600  N=5609  holderDeg=-1  probe(ttl4/6/8/12)=0/0/0/0 of 20
t=600  N=609  holderDeg=-1  probe(ttl4/6/8/12)=0/0/0/0 of 20
t=800  N=809  holderDeg=-1  probe(ttl4/6/8/12)=0/0/0/0 of 20
t=31600  N=19474  holderDeg=34  probe(ttl4/6/8/12)=1/0/14/19 of 20
t=1000  N=1009  holderDeg=-1  probe(ttl4/6/8/12)=0/0/0/0 of 20
t=1200  N=1209  holderDeg=-1  probe(ttl4/6/8/12)=0/0/0/0 of 20
t=5800  N=5809  holderDeg=-1  probe(ttl4/6/8/12)=0/0/0/0 of 20
t=1400  N=1409  holderDeg=-1  probe(ttl4/6/8/12)=0/0/0/0 of 20
t=1600  N=1609  holderDeg=-1  probe(ttl4/6/8/12)=0/0/0/0 of 20
t=1800  N=1809  holderDeg=-1  probe(ttl4/6/8/12)=0/0/0/0 of 20
t=6000  N=6009  holderDeg=-1  probe(ttl4/6/8/12)=0/0/0/0 of 20
t=2000  N=2009  holderDeg=-1  probe(ttl4/6/8/12)=0/0/0/0 of 20
t=2200  N=2209  holderDeg=-1  probe(ttl4/6/8/12)=0/0/0/0 of 20
t=2400  N=2409  holderDeg=-1  probe(ttl4/6/8/12)=0/0/0/0 of 20
t=6200  N=6209  holderDeg=-1  probe(ttl4/6/8/12)=0/0/0/0 of 20
t=2600  N=2609  holderDeg=-1  probe(ttl4/6/8/12)=0/0/0/0 of 20
t=2800  N=2809  holderDeg=-1  probe(ttl4/6/8/12)=0/0/0/0 of 20
t=6400  N=6409  holderDeg=-1  probe(ttl4/6/8/12)=0/0/0/0 of 20
t=32000  N=19597  holderDeg=33  probe(ttl4/6/8/12)=0/4/13/20 of 20
t=3000  N=3009  holderDeg=-1  probe(ttl4/6/8/12)=0/0/0/0 of 20
t=32000  N=19660  holderDeg=3  probe(ttl4/6/8/12)=1/0/2/5 of 20
t=31800  N=19539  holderDeg=34  probe(ttl4/6/8/12)=0/7/10/19 of 20
t=3200  N=3209  holderDeg=-1  probe(ttl4/6/8/12)=0/0/0/0 of 20
t=3400  N=3409  holderDeg=-1  probe(ttl4/6/8/12)=0/0/0/0 of 20
t=32000  N=19493  holderDeg=3  probe(ttl4/6/8/12)=0/1/2/6 of 20
t=6600  N=6609  holderDeg=-1  probe(ttl4/6/8/12)=0/0/0/0 of 20
t=3600  N=3609  holderDeg=-1  probe(ttl4/6/8/12)=0/0/0/0 of 20
t=3800  N=3809  holderDeg=-1  probe(ttl4/6/8/12)=0/0/0/0 of 20
t=6800  N=6809  holderDeg=-1  probe(ttl4/6/8/12)=0/0/0/0 of 20
t=4000  N=4009  holderDeg=-1  probe(ttl4/6/8/12)=0/0/0/0 of 20
t=4200  N=4209  holderDeg=-1  probe(ttl4/6/8/12)=0/0/0/0 of 20
t=7000  N=7009  holderDeg=-1  probe(ttl4/6/8/12)=0/0/0/0 of 20
t=4400  N=4409  holderDeg=-1  probe(ttl4/6/8/12)=0/0/0/0 of 20
t=32000  N=19592  holderDeg=34  probe(ttl4/6/8/12)=0/2/11/20 of 20
t=32200  N=19663  holderDeg=33  probe(ttl4/6/8/12)=0/4/17/20 of 20
t=4600  N=4609  holderDeg=-1  probe(ttl4/6/8/12)=0/0/0/0 of 20
t=32200  N=19722  holderDeg=3  probe(ttl4/6/8/12)=0/0/3/2 of 20

 Plateau completed at t=32273

t=7200  N=7209  holderDeg=-1  probe(ttl4/6/8/12)=0/0/0/0 of 20

================ trendplat  seed=5  (Pp=100 Pd=0 Pt=25000 rewire=True k=5 c=2 eps=0,02 qmax=0,2 N=10000 theta=6 crash=0 shape=3 multi=5 randrw=0 oracle=False fixedthr=0 rules=7 cooper=False dmax=160 mu=1 noscale=False plateau=18000) ================
t=200  N=209  holderDeg=-1  probe(ttl4/6/8/12)=0/0/0/0 of 20
t=400  N=409  holderDeg=-1  probe(ttl4/6/8/12)=0/0/0/0 of 20
t=4800  N=4809  holderDeg=-1  probe(ttl4/6/8/12)=0/0/0/0 of 20
t=600  N=609  holderDeg=-1  probe(ttl4/6/8/12)=0/0/0/0 of 20
t=800  N=809  holderDeg=-1  probe(ttl4/6/8/12)=0/0/0/0 of 20

 Plateau completed at t=32304

t=1000  N=1009  holderDeg=-1  probe(ttl4/6/8/12)=0/0/0/0 of 20
t=7400  N=7409  holderDeg=-1  probe(ttl4/6/8/12)=0/0/0/0 of 20

================ popplat  seed=5  (Pp=100 Pd=0 Pt=0 rewire=False k=5 c=2 eps=0,02 qmax=0,2 N=10000 theta=6 crash=0 shape=3 multi=5 randrw=0 oracle=False fixedthr=0 rules=7 cooper=False dmax=160 mu=1 noscale=False plateau=18000) ================
t=200  N=209  holderDeg=-1  probe(ttl4/6/8/12)=0/0/0/0 of 20
t=5000  N=5009  holderDeg=-1  probe(ttl4/6/8/12)=0/0/0/0 of 20
t=32200  N=19564  holderDeg=3  probe(ttl4/6/8/12)=0/0/1/5 of 20

 Plateau completed at t=32175

t=1200  N=1209  holderDeg=-1  probe(ttl4/6/8/12)=0/0/0/0 of 20
t=400  N=409  holderDeg=-1  probe(ttl4/6/8/12)=0/0/0/0 of 20

================ trendplat  seed=6  (Pp=100 Pd=0 Pt=25000 rewire=True k=5 c=2 eps=0,02 qmax=0,2 N=10000 theta=6 crash=0 shape=3 multi=5 randrw=0 oracle=False fixedthr=0 rules=7 cooper=False dmax=160 mu=1 noscale=False plateau=18000) ================
t=600  N=609  holderDeg=-1  probe(ttl4/6/8/12)=0/0/0/0 of 20
t=200  N=209  holderDeg=-1  probe(ttl4/6/8/12)=0/0/0/0 of 20

 Plateau completed at t=32250

t=1400  N=1409  holderDeg=-1  probe(ttl4/6/8/12)=0/0/0/0 of 20
t=400  N=409  holderDeg=-1  probe(ttl4/6/8/12)=0/0/0/0 of 20
t=800  N=809  holderDeg=-1  probe(ttl4/6/8/12)=0/0/0/0 of 20

================ popplat  seed=6  (Pp=100 Pd=0 Pt=0 rewire=False k=5 c=2 eps=0,02 qmax=0,2 N=10000 theta=6 crash=0 shape=3 multi=5 randrw=0 oracle=False fixedthr=0 rules=7 cooper=False dmax=160 mu=1 noscale=False plateau=18000) ================
t=1600  N=1609  holderDeg=-1  probe(ttl4/6/8/12)=0/0/0/0 of 20
t=200  N=209  holderDeg=-1  probe(ttl4/6/8/12)=0/0/0/0 of 20
t=600  N=609  holderDeg=-1  probe(ttl4/6/8/12)=0/0/0/0 of 20
t=5200  N=5209  holderDeg=-1  probe(ttl4/6/8/12)=0/0/0/0 of 20
t=400  N=409  holderDeg=-1  probe(ttl4/6/8/12)=0/0/0/0 of 20
t=1000  N=1009  holderDeg=-1  probe(ttl4/6/8/12)=0/0/0/0 of 20
t=800  N=809  holderDeg=-1  probe(ttl4/6/8/12)=0/0/0/0 of 20
t=1800  N=1809  holderDeg=-1  probe(ttl4/6/8/12)=0/0/0/0 of 20
t=600  N=609  holderDeg=-1  probe(ttl4/6/8/12)=0/0/0/0 of 20
t=1000  N=1009  holderDeg=-1  probe(ttl4/6/8/12)=0/0/0/0 of 20
t=1200  N=1209  holderDeg=-1  probe(ttl4/6/8/12)=0/0/0/0 of 20
t=7600  N=7609  holderDeg=-1  probe(ttl4/6/8/12)=0/0/0/0 of 20
t=800  N=809  holderDeg=-1  probe(ttl4/6/8/12)=0/0/0/0 of 20
t=2000  N=2009  holderDeg=-1  probe(ttl4/6/8/12)=0/0/0/0 of 20
t=1400  N=1409  holderDeg=-1  probe(ttl4/6/8/12)=0/0/0/0 of 20
t=1200  N=1209  holderDeg=-1  probe(ttl4/6/8/12)=0/0/0/0 of 20
t=1000  N=1009  holderDeg=-1  probe(ttl4/6/8/12)=0/0/0/0 of 20
t=5400  N=5409  holderDeg=-1  probe(ttl4/6/8/12)=0/0/0/0 of 20
t=1600  N=1609  holderDeg=-1  probe(ttl4/6/8/12)=0/0/0/0 of 20
t=1400  N=1409  holderDeg=-1  probe(ttl4/6/8/12)=0/0/0/0 of 20
t=2200  N=2209  holderDeg=-1  probe(ttl4/6/8/12)=0/0/0/0 of 20
t=1200  N=1209  holderDeg=-1  probe(ttl4/6/8/12)=0/0/0/0 of 20
t=1600  N=1609  holderDeg=-1  probe(ttl4/6/8/12)=0/0/0/0 of 20
t=1800  N=1809  holderDeg=-1  probe(ttl4/6/8/12)=0/0/0/0 of 20
t=2400  N=2409  holderDeg=-1  probe(ttl4/6/8/12)=0/0/0/0 of 20
t=1400  N=1409  holderDeg=-1  probe(ttl4/6/8/12)=0/0/0/0 of 20
t=1800  N=1809  holderDeg=-1  probe(ttl4/6/8/12)=0/0/0/0 of 20
t=2000  N=2009  holderDeg=-1  probe(ttl4/6/8/12)=0/0/0/0 of 20
t=1600  N=1609  holderDeg=-1  probe(ttl4/6/8/12)=0/0/0/0 of 20
t=5600  N=5609  holderDeg=-1  probe(ttl4/6/8/12)=0/0/0/0 of 20
t=2600  N=2609  holderDeg=-1  probe(ttl4/6/8/12)=0/0/0/0 of 20
t=7800  N=7809  holderDeg=-1  probe(ttl4/6/8/12)=0/0/0/0 of 20
t=2000  N=2009  holderDeg=-1  probe(ttl4/6/8/12)=0/0/0/0 of 20
t=1800  N=1809  holderDeg=-1  probe(ttl4/6/8/12)=0/0/0/0 of 20
t=2200  N=2209  holderDeg=-1  probe(ttl4/6/8/12)=0/0/0/0 of 20
t=2800  N=2809  holderDeg=-1  probe(ttl4/6/8/12)=0/0/0/0 of 20
t=2000  N=2009  holderDeg=-1  probe(ttl4/6/8/12)=0/0/0/0 of 20
t=2400  N=2409  holderDeg=-1  probe(ttl4/6/8/12)=0/0/0/0 of 20
t=2200  N=2209  holderDeg=-1  probe(ttl4/6/8/12)=0/0/0/0 of 20
t=5800  N=5809  holderDeg=-1  probe(ttl4/6/8/12)=0/0/0/0 of 20
t=2600  N=2609  holderDeg=-1  probe(ttl4/6/8/12)=0/0/0/0 of 20
t=2200  N=2209  holderDeg=-1  probe(ttl4/6/8/12)=0/0/0/0 of 20
t=2400  N=2409  holderDeg=-1  probe(ttl4/6/8/12)=0/0/0/0 of 20
t=3000  N=3009  holderDeg=-1  probe(ttl4/6/8/12)=0/0/0/0 of 20
t=2800  N=2809  holderDeg=-1  probe(ttl4/6/8/12)=0/0/0/0 of 20
t=2400  N=2409  holderDeg=-1  probe(ttl4/6/8/12)=0/0/0/0 of 20
t=2600  N=2609  holderDeg=-1  probe(ttl4/6/8/12)=0/0/0/0 of 20
t=3200  N=3209  holderDeg=-1  probe(ttl4/6/8/12)=0/0/0/0 of 20
t=3000  N=3009  holderDeg=-1  probe(ttl4/6/8/12)=0/0/0/0 of 20
t=6000  N=6009  holderDeg=-1  probe(ttl4/6/8/12)=0/0/0/0 of 20
t=2600  N=2609  holderDeg=-1  probe(ttl4/6/8/12)=0/0/0/0 of 20
t=8000  N=8009  holderDeg=-1  probe(ttl4/6/8/12)=0/0/0/0 of 20
t=2800  N=2809  holderDeg=-1  probe(ttl4/6/8/12)=0/0/0/0 of 20
t=3400  N=3409  holderDeg=-1  probe(ttl4/6/8/12)=0/0/0/0 of 20
t=3200  N=3209  holderDeg=-1  probe(ttl4/6/8/12)=0/0/0/0 of 20
t=2800  N=2809  holderDeg=-1  probe(ttl4/6/8/12)=0/0/0/0 of 20
t=3000  N=3009  holderDeg=-1  probe(ttl4/6/8/12)=0/0/0/0 of 20
t=3600  N=3609  holderDeg=-1  probe(ttl4/6/8/12)=0/0/0/0 of 20
t=3400  N=3409  holderDeg=-1  probe(ttl4/6/8/12)=0/0/0/0 of 20
t=6200  N=6209  holderDeg=-1  probe(ttl4/6/8/12)=0/0/0/0 of 20
t=3000  N=3009  holderDeg=-1  probe(ttl4/6/8/12)=0/0/0/0 of 20
t=3200  N=3209  holderDeg=-1  probe(ttl4/6/8/12)=0/0/0/0 of 20
t=3800  N=3809  holderDeg=-1  probe(ttl4/6/8/12)=0/0/0/0 of 20
t=3600  N=3609  holderDeg=-1  probe(ttl4/6/8/12)=0/0/0/0 of 20
t=3200  N=3209  holderDeg=-1  probe(ttl4/6/8/12)=0/0/0/0 of 20
t=3400  N=3409  holderDeg=-1  probe(ttl4/6/8/12)=0/0/0/0 of 20
t=8200  N=8209  holderDeg=-1  probe(ttl4/6/8/12)=0/0/0/0 of 20
t=4000  N=4009  holderDeg=-1  probe(ttl4/6/8/12)=0/0/0/0 of 20
t=6400  N=6409  holderDeg=-1  probe(ttl4/6/8/12)=0/0/0/0 of 20
t=3800  N=3809  holderDeg=-1  probe(ttl4/6/8/12)=0/0/0/0 of 20
t=3400  N=3409  holderDeg=-1  probe(ttl4/6/8/12)=0/0/0/0 of 20
t=3600  N=3609  holderDeg=-1  probe(ttl4/6/8/12)=0/0/0/0 of 20
t=4000  N=4009  holderDeg=-1  probe(ttl4/6/8/12)=0/0/0/0 of 20
t=3600  N=3609  holderDeg=-1  probe(ttl4/6/8/12)=0/0/0/0 of 20
t=4200  N=4209  holderDeg=-1  probe(ttl4/6/8/12)=0/0/0/0 of 20
t=3800  N=3809  holderDeg=-1  probe(ttl4/6/8/12)=0/0/0/0 of 20
t=8400  N=8409  holderDeg=-1  probe(ttl4/6/8/12)=0/0/0/0 of 20
t=6600  N=6609  holderDeg=-1  probe(ttl4/6/8/12)=0/0/0/0 of 20
t=3800  N=3809  holderDeg=-1  probe(ttl4/6/8/12)=0/0/0/0 of 20
t=4200  N=4209  holderDeg=-1  probe(ttl4/6/8/12)=0/0/0/0 of 20
t=4400  N=4409  holderDeg=-1  probe(ttl4/6/8/12)=0/0/0/0 of 20
t=4000  N=4009  holderDeg=-1  probe(ttl4/6/8/12)=0/0/0/0 of 20
t=4000  N=4009  holderDeg=-1  probe(ttl4/6/8/12)=0/0/0/0 of 20
t=4400  N=4409  holderDeg=-1  probe(ttl4/6/8/12)=0/0/0/0 of 20
t=6800  N=6809  holderDeg=-1  probe(ttl4/6/8/12)=0/0/0/0 of 20
t=4600  N=4609  holderDeg=-1  probe(ttl4/6/8/12)=0/0/0/0 of 20
t=4200  N=4209  holderDeg=-1  probe(ttl4/6/8/12)=0/0/0/0 of 20
t=8600  N=8609  holderDeg=-1  probe(ttl4/6/8/12)=0/0/0/0 of 20
t=4200  N=4209  holderDeg=-1  probe(ttl4/6/8/12)=0/0/0/0 of 20
t=4600  N=4609  holderDeg=-1  probe(ttl4/6/8/12)=0/0/0/0 of 20
t=4400  N=4409  holderDeg=-1  probe(ttl4/6/8/12)=0/0/0/0 of 20
t=4800  N=4809  holderDeg=-1  probe(ttl4/6/8/12)=0/0/0/0 of 20
t=4400  N=4409  holderDeg=-1  probe(ttl4/6/8/12)=0/0/0/0 of 20
t=4800  N=4809  holderDeg=-1  probe(ttl4/6/8/12)=0/0/0/0 of 20
t=7000  N=7009  holderDeg=-1  probe(ttl4/6/8/12)=0/0/0/0 of 20
t=8800  N=8809  holderDeg=-1  probe(ttl4/6/8/12)=0/0/0/0 of 20
t=4600  N=4609  holderDeg=-1  probe(ttl4/6/8/12)=0/0/0/0 of 20
t=4600  N=4609  holderDeg=-1  probe(ttl4/6/8/12)=0/0/0/0 of 20
t=5000  N=5009  holderDeg=-1  probe(ttl4/6/8/12)=0/0/0/0 of 20
t=5000  N=5009  holderDeg=-1  probe(ttl4/6/8/12)=0/0/0/0 of 20
t=4800  N=4809  holderDeg=-1  probe(ttl4/6/8/12)=0/0/0/0 of 20
t=4800  N=4809  holderDeg=-1  probe(ttl4/6/8/12)=0/0/0/0 of 20
t=5200  N=5209  holderDeg=-1  probe(ttl4/6/8/12)=0/0/0/0 of 20
t=5200  N=5209  holderDeg=-1  probe(ttl4/6/8/12)=0/0/0/0 of 20
t=5000  N=5009  holderDeg=-1  probe(ttl4/6/8/12)=0/0/0/0 of 20
t=5000  N=5009  holderDeg=-1  probe(ttl4/6/8/12)=0/0/0/0 of 20
t=9000  N=9009  holderDeg=-1  probe(ttl4/6/8/12)=0/0/0/0 of 20
t=7200  N=7209  holderDeg=-1  probe(ttl4/6/8/12)=0/0/0/0 of 20
t=5400  N=5409  holderDeg=-1  probe(ttl4/6/8/12)=0/0/0/0 of 20
t=5400  N=5409  holderDeg=-1  probe(ttl4/6/8/12)=0/0/0/0 of 20
t=5200  N=5209  holderDeg=-1  probe(ttl4/6/8/12)=0/0/0/0 of 20
t=5200  N=5209  holderDeg=-1  probe(ttl4/6/8/12)=0/0/0/0 of 20
t=5400  N=5409  holderDeg=-1  probe(ttl4/6/8/12)=0/0/0/0 of 20
t=5600  N=5609  holderDeg=-1  probe(ttl4/6/8/12)=0/0/0/0 of 20
t=5600  N=5609  holderDeg=-1  probe(ttl4/6/8/12)=0/0/0/0 of 20
t=7400  N=7409  holderDeg=-1  probe(ttl4/6/8/12)=0/0/0/0 of 20
t=5400  N=5409  holderDeg=-1  probe(ttl4/6/8/12)=0/0/0/0 of 20
t=9200  N=9209  holderDeg=-1  probe(ttl4/6/8/12)=0/0/0/0 of 20
t=5800  N=5809  holderDeg=-1  probe(ttl4/6/8/12)=0/0/0/0 of 20
t=5600  N=5609  holderDeg=-1  probe(ttl4/6/8/12)=0/0/0/0 of 20
t=5800  N=5809  holderDeg=-1  probe(ttl4/6/8/12)=0/0/0/0 of 20
t=7600  N=7609  holderDeg=-1  probe(ttl4/6/8/12)=0/0/0/0 of 20
t=5600  N=5609  holderDeg=-1  probe(ttl4/6/8/12)=0/0/0/0 of 20
t=6000  N=6009  holderDeg=-1  probe(ttl4/6/8/12)=0/0/0/0 of 20
t=6000  N=6009  holderDeg=-1  probe(ttl4/6/8/12)=0/0/0/0 of 20
t=5800  N=5809  holderDeg=-1  probe(ttl4/6/8/12)=0/0/0/0 of 20
t=5800  N=5809  holderDeg=-1  probe(ttl4/6/8/12)=0/0/0/0 of 20
t=9400  N=9409  holderDeg=-1  probe(ttl4/6/8/12)=0/0/0/0 of 20
t=7800  N=7809  holderDeg=-1  probe(ttl4/6/8/12)=0/0/0/0 of 20
t=6000  N=6009  holderDeg=-1  probe(ttl4/6/8/12)=0/0/0/0 of 20
t=6200  N=6209  holderDeg=-1  probe(ttl4/6/8/12)=0/0/0/0 of 20
t=6000  N=6009  holderDeg=-1  probe(ttl4/6/8/12)=0/0/0/0 of 20
t=6200  N=6209  holderDeg=-1  probe(ttl4/6/8/12)=0/0/0/0 of 20
t=8000  N=8009  holderDeg=-1  probe(ttl4/6/8/12)=0/0/0/0 of 20
t=6200  N=6209  holderDeg=-1  probe(ttl4/6/8/12)=0/0/0/0 of 20
t=9600  N=9609  holderDeg=-1  probe(ttl4/6/8/12)=0/0/0/0 of 20
t=6400  N=6409  holderDeg=-1  probe(ttl4/6/8/12)=0/0/0/0 of 20
t=6200  N=6209  holderDeg=-1  probe(ttl4/6/8/12)=0/0/0/0 of 20
t=6400  N=6409  holderDeg=-1  probe(ttl4/6/8/12)=0/0/0/0 of 20
t=6400  N=6409  holderDeg=-1  probe(ttl4/6/8/12)=0/0/0/0 of 20
t=8200  N=8209  holderDeg=-1  probe(ttl4/6/8/12)=0/0/0/0 of 20
t=6600  N=6609  holderDeg=-1  probe(ttl4/6/8/12)=0/0/0/0 of 20
t=6400  N=6409  holderDeg=-1  probe(ttl4/6/8/12)=0/0/0/0 of 20
t=9800  N=9809  holderDeg=-1  probe(ttl4/6/8/12)=0/0/0/0 of 20
t=6600  N=6609  holderDeg=-1  probe(ttl4/6/8/12)=0/0/0/0 of 20
t=6600  N=6609  holderDeg=-1  probe(ttl4/6/8/12)=0/0/0/0 of 20
t=6800  N=6809  holderDeg=-1  probe(ttl4/6/8/12)=0/0/0/0 of 20
t=6600  N=6609  holderDeg=-1  probe(ttl4/6/8/12)=0/0/0/0 of 20
t=6800  N=6809  holderDeg=-1  probe(ttl4/6/8/12)=0/0/0/0 of 20
t=6800  N=6809  holderDeg=-1  probe(ttl4/6/8/12)=0/0/0/0 of 20
t=10000  N=10009  holderDeg=-1  probe(ttl4/6/8/12)=0/0/0/0 of 20
t=7000  N=7009  holderDeg=-1  probe(ttl4/6/8/12)=0/0/0/0 of 20
t=8400  N=8409  holderDeg=-1  probe(ttl4/6/8/12)=0/0/0/0 of 20
t=6800  N=6809  holderDeg=-1  probe(ttl4/6/8/12)=0/0/0/0 of 20
t=7000  N=7009  holderDeg=-1  probe(ttl4/6/8/12)=0/0/0/0 of 20
t=7000  N=7009  holderDeg=-1  probe(ttl4/6/8/12)=0/0/0/0 of 20
t=7000  N=7009  holderDeg=-1  probe(ttl4/6/8/12)=0/0/0/0 of 20
t=7200  N=7209  holderDeg=-1  probe(ttl4/6/8/12)=0/0/0/0 of 20
t=7200  N=7209  holderDeg=-1  probe(ttl4/6/8/12)=0/0/0/0 of 20
t=8600  N=8609  holderDeg=-1  probe(ttl4/6/8/12)=0/0/0/0 of 20
t=7200  N=7209  holderDeg=-1  probe(ttl4/6/8/12)=0/0/0/0 of 20
t=10200  N=10209  holderDeg=-1  probe(ttl4/6/8/12)=0/0/0/0 of 20
t=7400  N=7409  holderDeg=-1  probe(ttl4/6/8/12)=0/0/0/0 of 20
t=7200  N=7209  holderDeg=-1  probe(ttl4/6/8/12)=0/0/0/0 of 20
t=7400  N=7409  holderDeg=-1  probe(ttl4/6/8/12)=0/0/0/0 of 20
t=8800  N=8809  holderDeg=-1  probe(ttl4/6/8/12)=0/0/0/0 of 20
t=7400  N=7409  holderDeg=-1  probe(ttl4/6/8/12)=0/0/0/0 of 20
t=7400  N=7409  holderDeg=-1  probe(ttl4/6/8/12)=0/0/0/0 of 20
t=7600  N=7609  holderDeg=-1  probe(ttl4/6/8/12)=0/0/0/0 of 20
t=7600  N=7609  holderDeg=-1  probe(ttl4/6/8/12)=0/0/0/0 of 20
t=7600  N=7609  holderDeg=-1  probe(ttl4/6/8/12)=0/0/0/0 of 20
t=9000  N=9009  holderDeg=-1  probe(ttl4/6/8/12)=0/0/0/0 of 20
t=7800  N=7809  holderDeg=-1  probe(ttl4/6/8/12)=0/0/0/0 of 20
t=7600  N=7609  holderDeg=-1  probe(ttl4/6/8/12)=0/0/0/0 of 20
t=7800  N=7809  holderDeg=-1  probe(ttl4/6/8/12)=0/0/0/0 of 20
t=10400  N=10409  holderDeg=-1  probe(ttl4/6/8/12)=0/0/0/0 of 20
t=7800  N=7809  holderDeg=-1  probe(ttl4/6/8/12)=0/0/0/0 of 20
t=8000  N=8009  holderDeg=-1  probe(ttl4/6/8/12)=0/0/0/0 of 20
t=8000  N=8009  holderDeg=-1  probe(ttl4/6/8/12)=0/0/0/0 of 20
t=9200  N=9209  holderDeg=-1  probe(ttl4/6/8/12)=0/0/0/0 of 20
t=8000  N=8009  holderDeg=-1  probe(ttl4/6/8/12)=0/0/0/0 of 20
t=7800  N=7809  holderDeg=-1  probe(ttl4/6/8/12)=0/0/0/0 of 20
t=10600  N=10609  holderDeg=-1  probe(ttl4/6/8/12)=0/0/0/0 of 20
t=8200  N=8209  holderDeg=-1  probe(ttl4/6/8/12)=0/0/0/0 of 20
t=8200  N=8209  holderDeg=-1  probe(ttl4/6/8/12)=0/0/0/0 of 20
t=9400  N=9409  holderDeg=-1  probe(ttl4/6/8/12)=0/0/0/0 of 20
t=8200  N=8209  holderDeg=-1  probe(ttl4/6/8/12)=0/0/0/0 of 20
t=8000  N=8009  holderDeg=-1  probe(ttl4/6/8/12)=0/0/0/0 of 20
t=10800  N=10809  holderDeg=-1  probe(ttl4/6/8/12)=0/0/0/0 of 20
t=8400  N=8409  holderDeg=-1  probe(ttl4/6/8/12)=0/0/0/0 of 20
t=8400  N=8409  holderDeg=-1  probe(ttl4/6/8/12)=0/0/0/0 of 20
t=9600  N=9609  holderDeg=-1  probe(ttl4/6/8/12)=0/0/0/0 of 20
t=8600  N=8609  holderDeg=-1  probe(ttl4/6/8/12)=0/0/0/0 of 20
t=8200  N=8209  holderDeg=-1  probe(ttl4/6/8/12)=0/0/0/0 of 20
t=8400  N=8409  holderDeg=-1  probe(ttl4/6/8/12)=0/0/0/0 of 20
t=11000  N=11009  holderDeg=-1  probe(ttl4/6/8/12)=0/0/0/0 of 20
t=8600  N=8609  holderDeg=-1  probe(ttl4/6/8/12)=0/0/0/0 of 20
t=9800  N=9809  holderDeg=-1  probe(ttl4/6/8/12)=0/0/0/0 of 20
t=8600  N=8609  holderDeg=-1  probe(ttl4/6/8/12)=0/0/0/0 of 20
t=8800  N=8809  holderDeg=-1  probe(ttl4/6/8/12)=0/0/0/0 of 20
t=8800  N=8809  holderDeg=-1  probe(ttl4/6/8/12)=0/0/0/0 of 20
t=10000  N=10009  holderDeg=-1  probe(ttl4/6/8/12)=0/0/0/0 of 20
t=8400  N=8409  holderDeg=-1  probe(ttl4/6/8/12)=0/0/0/0 of 20
t=11200  N=11209  holderDeg=-1  probe(ttl4/6/8/12)=0/0/0/0 of 20
t=8800  N=8809  holderDeg=-1  probe(ttl4/6/8/12)=0/0/0/0 of 20
t=9000  N=9009  holderDeg=-1  probe(ttl4/6/8/12)=0/0/0/0 of 20
t=9000  N=9009  holderDeg=-1  probe(ttl4/6/8/12)=0/0/0/0 of 20
t=8600  N=8609  holderDeg=-1  probe(ttl4/6/8/12)=0/0/0/0 of 20
t=10200  N=10209  holderDeg=-1  probe(ttl4/6/8/12)=0/0/0/0 of 20
t=9200  N=9209  holderDeg=-1  probe(ttl4/6/8/12)=0/0/0/0 of 20
t=11400  N=11409  holderDeg=-1  probe(ttl4/6/8/12)=0/0/0/0 of 20
t=9200  N=9209  holderDeg=-1  probe(ttl4/6/8/12)=0/0/0/0 of 20
t=8800  N=8809  holderDeg=-1  probe(ttl4/6/8/12)=0/0/0/0 of 20
t=9000  N=9009  holderDeg=-1  probe(ttl4/6/8/12)=0/0/0/0 of 20
t=10400  N=10409  holderDeg=-1  probe(ttl4/6/8/12)=0/0/0/0 of 20
t=9000  N=9009  holderDeg=-1  probe(ttl4/6/8/12)=0/0/0/0 of 20
t=9400  N=9409  holderDeg=-1  probe(ttl4/6/8/12)=0/0/0/0 of 20
t=9400  N=9409  holderDeg=-1  probe(ttl4/6/8/12)=0/0/0/0 of 20
t=9200  N=9209  holderDeg=-1  probe(ttl4/6/8/12)=0/0/0/0 of 20
t=11600  N=11609  holderDeg=-1  probe(ttl4/6/8/12)=0/0/0/0 of 20
t=9600  N=9609  holderDeg=-1  probe(ttl4/6/8/12)=0/0/0/0 of 20
t=9200  N=9209  holderDeg=-1  probe(ttl4/6/8/12)=0/0/0/0 of 20
t=9600  N=9609  holderDeg=-1  probe(ttl4/6/8/12)=0/0/0/0 of 20
t=9400  N=9409  holderDeg=-1  probe(ttl4/6/8/12)=0/0/0/0 of 20
t=11800  N=11809  holderDeg=-1  probe(ttl4/6/8/12)=0/0/0/0 of 20
t=10600  N=10609  holderDeg=-1  probe(ttl4/6/8/12)=0/0/0/0 of 20
t=9800  N=9809  holderDeg=-1  probe(ttl4/6/8/12)=0/0/0/0 of 20
t=9800  N=9809  holderDeg=-1  probe(ttl4/6/8/12)=0/0/0/0 of 20
t=9400  N=9409  holderDeg=-1  probe(ttl4/6/8/12)=0/0/0/0 of 20
t=10800  N=10809  holderDeg=-1  probe(ttl4/6/8/12)=0/0/0/0 of 20
t=9600  N=9609  holderDeg=-1  probe(ttl4/6/8/12)=0/0/0/0 of 20
t=12000  N=12009  holderDeg=-1  probe(ttl4/6/8/12)=0/0/0/0 of 20
t=10000  N=10009  holderDeg=-1  probe(ttl4/6/8/12)=0/0/0/0 of 20
t=9600  N=9609  holderDeg=-1  probe(ttl4/6/8/12)=0/0/0/0 of 20
t=10000  N=10009  holderDeg=-1  probe(ttl4/6/8/12)=0/0/0/0 of 20
t=9800  N=9809  holderDeg=-1  probe(ttl4/6/8/12)=0/0/0/0 of 20
t=11000  N=11009  holderDeg=-1  probe(ttl4/6/8/12)=0/0/0/0 of 20
t=9800  N=9809  holderDeg=-1  probe(ttl4/6/8/12)=0/0/0/0 of 20
t=10200  N=10209  holderDeg=-1  probe(ttl4/6/8/12)=0/0/0/0 of 20
t=10200  N=10209  holderDeg=-1  probe(ttl4/6/8/12)=0/0/0/0 of 20
t=11200  N=11209  holderDeg=-1  probe(ttl4/6/8/12)=0/0/0/0 of 20
t=10000  N=10009  holderDeg=-1  probe(ttl4/6/8/12)=0/0/0/0 of 20
t=10000  N=10009  holderDeg=-1  probe(ttl4/6/8/12)=0/0/0/0 of 20
t=12200  N=12209  holderDeg=-1  probe(ttl4/6/8/12)=0/0/0/0 of 20
t=10400  N=10409  holderDeg=-1  probe(ttl4/6/8/12)=0/0/0/0 of 20
t=10200  N=10209  holderDeg=-1  probe(ttl4/6/8/12)=0/0/0/0 of 20
t=10400  N=10409  holderDeg=-1  probe(ttl4/6/8/12)=0/0/0/0 of 20
t=11400  N=11409  holderDeg=-1  probe(ttl4/6/8/12)=0/0/0/0 of 20
t=10200  N=10209  holderDeg=-1  probe(ttl4/6/8/12)=0/0/0/0 of 20
t=12400  N=12409  holderDeg=-1  probe(ttl4/6/8/12)=0/0/0/0 of 20
t=10600  N=10609  holderDeg=-1  probe(ttl4/6/8/12)=0/0/0/0 of 20
t=10600  N=10609  holderDeg=-1  probe(ttl4/6/8/12)=0/0/0/0 of 20
t=10400  N=10409  holderDeg=-1  probe(ttl4/6/8/12)=0/0/0/0 of 20
t=11600  N=11609  holderDeg=-1  probe(ttl4/6/8/12)=0/0/0/0 of 20
t=10400  N=10409  holderDeg=-1  probe(ttl4/6/8/12)=0/0/0/0 of 20
t=10800  N=10809  holderDeg=-1  probe(ttl4/6/8/12)=0/0/0/0 of 20
t=10600  N=10609  holderDeg=-1  probe(ttl4/6/8/12)=0/0/0/0 of 20
t=10800  N=10809  holderDeg=-1  probe(ttl4/6/8/12)=0/0/0/0 of 20
t=12600  N=12609  holderDeg=-1  probe(ttl4/6/8/12)=0/0/0/0 of 20
t=11800  N=11809  holderDeg=-1  probe(ttl4/6/8/12)=0/0/0/0 of 20
t=10600  N=10609  holderDeg=-1  probe(ttl4/6/8/12)=0/0/0/0 of 20
t=11000  N=11009  holderDeg=-1  probe(ttl4/6/8/12)=0/0/0/0 of 20
t=10800  N=10809  holderDeg=-1  probe(ttl4/6/8/12)=0/0/0/0 of 20
t=11000  N=11009  holderDeg=-1  probe(ttl4/6/8/12)=0/0/0/0 of 20
t=10800  N=10809  holderDeg=-1  probe(ttl4/6/8/12)=0/0/0/0 of 20
t=12800  N=12809  holderDeg=-1  probe(ttl4/6/8/12)=0/0/0/0 of 20
t=11200  N=11209  holderDeg=-1  probe(ttl4/6/8/12)=0/0/0/0 of 20
t=11000  N=11009  holderDeg=-1  probe(ttl4/6/8/12)=0/0/0/0 of 20
t=12000  N=12009  holderDeg=-1  probe(ttl4/6/8/12)=0/0/0/0 of 20
t=11200  N=11209  holderDeg=-1  probe(ttl4/6/8/12)=0/0/0/0 of 20
t=11000  N=11009  holderDeg=-1  probe(ttl4/6/8/12)=0/0/0/0 of 20
t=11400  N=11409  holderDeg=-1  probe(ttl4/6/8/12)=0/0/0/0 of 20
t=13000  N=13009  holderDeg=-1  probe(ttl4/6/8/12)=0/0/0/0 of 20
t=11200  N=11209  holderDeg=-1  probe(ttl4/6/8/12)=0/0/0/0 of 20
t=12200  N=12209  holderDeg=-1  probe(ttl4/6/8/12)=0/0/0/0 of 20
t=11200  N=11209  holderDeg=-1  probe(ttl4/6/8/12)=0/0/0/0 of 20
t=11600  N=11609  holderDeg=-1  probe(ttl4/6/8/12)=0/0/0/0 of 20
t=11400  N=11409  holderDeg=-1  probe(ttl4/6/8/12)=0/0/0/0 of 20
t=13200  N=13209  holderDeg=-1  probe(ttl4/6/8/12)=0/0/0/0 of 20
t=11400  N=11409  holderDeg=-1  probe(ttl4/6/8/12)=0/0/0/0 of 20
t=12400  N=12409  holderDeg=-1  probe(ttl4/6/8/12)=0/0/0/0 of 20
t=11400  N=11409  holderDeg=-1  probe(ttl4/6/8/12)=0/0/0/0 of 20
t=11800  N=11809  holderDeg=-1  probe(ttl4/6/8/12)=0/0/0/0 of 20
t=11600  N=11609  holderDeg=-1  probe(ttl4/6/8/12)=0/0/0/0 of 20
t=13400  N=13409  holderDeg=-1  probe(ttl4/6/8/12)=0/0/0/0 of 20
t=12600  N=12609  holderDeg=-1  probe(ttl4/6/8/12)=0/0/0/0 of 20
t=11600  N=11609  holderDeg=-1  probe(ttl4/6/8/12)=0/0/0/0 of 20
t=11600  N=11609  holderDeg=-1  probe(ttl4/6/8/12)=0/0/0/0 of 20
t=12800  N=12809  holderDeg=-1  probe(ttl4/6/8/12)=0/0/0/0 of 20
t=13600  N=13609  holderDeg=-1  probe(ttl4/6/8/12)=0/0/0/0 of 20
t=11800  N=11809  holderDeg=-1  probe(ttl4/6/8/12)=0/0/0/0 of 20
t=12000  N=12009  holderDeg=-1  probe(ttl4/6/8/12)=0/0/0/0 of 20
t=11800  N=11809  holderDeg=-1  probe(ttl4/6/8/12)=0/0/0/0 of 20
t=13000  N=13009  holderDeg=-1  probe(ttl4/6/8/12)=0/0/0/0 of 20
t=11800  N=11809  holderDeg=-1  probe(ttl4/6/8/12)=0/0/0/0 of 20
t=12000  N=12009  holderDeg=-1  probe(ttl4/6/8/12)=0/0/0/0 of 20
t=12200  N=12209  holderDeg=-1  probe(ttl4/6/8/12)=0/0/0/0 of 20
t=13800  N=13809  holderDeg=-1  probe(ttl4/6/8/12)=0/0/0/0 of 20
t=12000  N=12009  holderDeg=-1  probe(ttl4/6/8/12)=0/0/0/0 of 20
t=13200  N=13209  holderDeg=-1  probe(ttl4/6/8/12)=0/0/0/0 of 20
t=12400  N=12409  holderDeg=-1  probe(ttl4/6/8/12)=0/0/0/0 of 20
t=12000  N=12009  holderDeg=-1  probe(ttl4/6/8/12)=0/0/0/0 of 20
t=12200  N=12209  holderDeg=-1  probe(ttl4/6/8/12)=0/0/0/0 of 20
t=14000  N=14009  holderDeg=-1  probe(ttl4/6/8/12)=0/0/0/0 of 20
t=12200  N=12209  holderDeg=-1  probe(ttl4/6/8/12)=0/0/0/0 of 20
t=13400  N=13409  holderDeg=-1  probe(ttl4/6/8/12)=0/0/0/0 of 20
t=12600  N=12609  holderDeg=-1  probe(ttl4/6/8/12)=0/0/0/0 of 20
t=12200  N=12209  holderDeg=-1  probe(ttl4/6/8/12)=0/0/0/0 of 20
t=12400  N=12409  holderDeg=-1  probe(ttl4/6/8/12)=0/0/0/0 of 20
t=14200  N=14209  holderDeg=-1  probe(ttl4/6/8/12)=0/0/0/0 of 20
t=12400  N=12409  holderDeg=-1  probe(ttl4/6/8/12)=0/0/0/0 of 20

 Growing has been completed
*********************************************************************

t=12800  N=12809  holderDeg=-1  probe(ttl4/6/8/12)=0/0/0/0 of 20
t=13600  N=13609  holderDeg=-1  probe(ttl4/6/8/12)=0/0/0/0 of 20
t=12600  N=12609  holderDeg=-1  probe(ttl4/6/8/12)=0/0/0/0 of 20
t=12400  N=12409  holderDeg=-1  probe(ttl4/6/8/12)=0/0/0/0 of 20
t=14400  N=14332  holderDeg=-1  probe(ttl4/6/8/12)=0/0/0/0 of 20
t=12600  N=12609  holderDeg=-1  probe(ttl4/6/8/12)=0/0/0/0 of 20
t=13000  N=13009  holderDeg=-1  probe(ttl4/6/8/12)=0/0/0/0 of 20
t=13800  N=13809  holderDeg=-1  probe(ttl4/6/8/12)=0/0/0/0 of 20
t=12600  N=12609  holderDeg=-1  probe(ttl4/6/8/12)=0/0/0/0 of 20
t=12800  N=12809  holderDeg=-1  probe(ttl4/6/8/12)=0/0/0/0 of 20
t=12800  N=12809  holderDeg=-1  probe(ttl4/6/8/12)=0/0/0/0 of 20
t=13200  N=13209  holderDeg=-1  probe(ttl4/6/8/12)=0/0/0/0 of 20
t=14600  N=14400  holderDeg=-1  probe(ttl4/6/8/12)=0/0/0/0 of 20
t=14000  N=14009  holderDeg=-1  probe(ttl4/6/8/12)=0/0/0/0 of 20
t=12800  N=12809  holderDeg=-1  probe(ttl4/6/8/12)=0/0/0/0 of 20
t=13000  N=13009  holderDeg=-1  probe(ttl4/6/8/12)=0/0/0/0 of 20
t=13000  N=13009  holderDeg=-1  probe(ttl4/6/8/12)=0/0/0/0 of 20

 Growing has been completed
*********************************************************************

t=13400  N=13409  holderDeg=-1  probe(ttl4/6/8/12)=0/0/0/0 of 20
t=14800  N=14474  holderDeg=-1  probe(ttl4/6/8/12)=0/0/0/0 of 20
t=14200  N=14170  holderDeg=-1  probe(ttl4/6/8/12)=0/0/0/0 of 20
t=13200  N=13209  holderDeg=-1  probe(ttl4/6/8/12)=0/0/0/0 of 20
t=13000  N=13009  holderDeg=-1  probe(ttl4/6/8/12)=0/0/0/0 of 20
t=13200  N=13209  holderDeg=-1  probe(ttl4/6/8/12)=0/0/0/0 of 20
t=13600  N=13609  holderDeg=-1  probe(ttl4/6/8/12)=0/0/0/0 of 20
t=14400  N=14225  holderDeg=-1  probe(ttl4/6/8/12)=0/0/0/0 of 20
t=15000  N=14541  holderDeg=-1  probe(ttl4/6/8/12)=0/0/0/0 of 20
t=13400  N=13409  holderDeg=-1  probe(ttl4/6/8/12)=0/0/0/0 of 20
t=13400  N=13409  holderDeg=-1  probe(ttl4/6/8/12)=0/0/0/0 of 20
t=13800  N=13809  holderDeg=-1  probe(ttl4/6/8/12)=0/0/0/0 of 20
t=13200  N=13209  holderDeg=-1  probe(ttl4/6/8/12)=0/0/0/0 of 20
t=14600  N=14294  holderDeg=-1  probe(ttl4/6/8/12)=0/0/0/0 of 20
t=15200  N=14607  holderDeg=3  probe(ttl4/6/8/12)=0/1/2/9 of 20
t=13600  N=13609  holderDeg=-1  probe(ttl4/6/8/12)=0/0/0/0 of 20
t=13600  N=13609  holderDeg=-1  probe(ttl4/6/8/12)=0/0/0/0 of 20
t=14000  N=14009  holderDeg=-1  probe(ttl4/6/8/12)=0/0/0/0 of 20
t=14800  N=14355  holderDeg=-1  probe(ttl4/6/8/12)=0/0/0/0 of 20
t=13400  N=13409  holderDeg=-1  probe(ttl4/6/8/12)=0/0/0/0 of 20
t=15400  N=14658  holderDeg=3  probe(ttl4/6/8/12)=0/2/4/11 of 20
t=13800  N=13809  holderDeg=-1  probe(ttl4/6/8/12)=0/0/0/0 of 20
t=13800  N=13809  holderDeg=-1  probe(ttl4/6/8/12)=0/0/0/0 of 20
t=15000  N=14415  holderDeg=-1  probe(ttl4/6/8/12)=0/0/0/0 of 20
t=14200  N=14209  holderDeg=-1  probe(ttl4/6/8/12)=0/0/0/0 of 20
t=13600  N=13609  holderDeg=-1  probe(ttl4/6/8/12)=0/0/0/0 of 20

 Growing has been completed
*********************************************************************

t=14000  N=14009  holderDeg=-1  probe(ttl4/6/8/12)=0/0/0/0 of 20
t=14000  N=14009  holderDeg=-1  probe(ttl4/6/8/12)=0/0/0/0 of 20
t=15200  N=14465  holderDeg=3  probe(ttl4/6/8/12)=0/0/1/9 of 20
t=15600  N=14706  holderDeg=3  probe(ttl4/6/8/12)=0/0/2/11 of 20

 Growing has been completed
*********************************************************************

t=14400  N=14349  holderDeg=-1  probe(ttl4/6/8/12)=0/0/0/0 of 20
t=13800  N=13809  holderDeg=-1  probe(ttl4/6/8/12)=0/0/0/0 of 20
t=14200  N=14207  holderDeg=-1  probe(ttl4/6/8/12)=0/0/0/0 of 20
t=14200  N=14209  holderDeg=-1  probe(ttl4/6/8/12)=0/0/0/0 of 20
t=15400  N=14519  holderDeg=3  probe(ttl4/6/8/12)=0/2/3/12 of 20

 Growing has been completed
*********************************************************************

t=14600  N=14412  holderDeg=-1  probe(ttl4/6/8/12)=0/0/0/0 of 20
t=15800  N=14758  holderDeg=3  probe(ttl4/6/8/12)=0/0/3/12 of 20
t=14000  N=14009  holderDeg=-1  probe(ttl4/6/8/12)=0/0/0/0 of 20
t=14400  N=14253  holderDeg=-1  probe(ttl4/6/8/12)=0/0/0/0 of 20
t=14400  N=14340  holderDeg=-1  probe(ttl4/6/8/12)=0/0/0/0 of 20
t=14800  N=14464  holderDeg=-1  probe(ttl4/6/8/12)=0/0/0/0 of 20
t=16000  N=14826  holderDeg=3  probe(ttl4/6/8/12)=0/2/2/7 of 20
t=15600  N=14584  holderDeg=3  probe(ttl4/6/8/12)=0/1/1/11 of 20
t=14600  N=14400  holderDeg=-1  probe(ttl4/6/8/12)=0/0/0/0 of 20
t=14600  N=14322  holderDeg=-1  probe(ttl4/6/8/12)=0/0/0/0 of 20
t=14200  N=14209  holderDeg=-1  probe(ttl4/6/8/12)=0/0/0/0 of 20

 Growing has been completed
*********************************************************************

t=15000  N=14527  holderDeg=-1  probe(ttl4/6/8/12)=0/0/0/0 of 20
t=16200  N=14888  holderDeg=3  probe(ttl4/6/8/12)=0/0/1/10 of 20
t=15800  N=14648  holderDeg=3  probe(ttl4/6/8/12)=0/2/5/13 of 20
t=14800  N=14386  holderDeg=-1  probe(ttl4/6/8/12)=0/0/0/0 of 20
t=14800  N=14456  holderDeg=-1  probe(ttl4/6/8/12)=0/0/0/0 of 20
t=14400  N=14261  holderDeg=-1  probe(ttl4/6/8/12)=0/0/0/0 of 20
t=15200  N=14592  holderDeg=3  probe(ttl4/6/8/12)=0/0/1/3 of 20
t=16000  N=14701  holderDeg=3  probe(ttl4/6/8/12)=0/3/4/8 of 20
t=16400  N=14945  holderDeg=3  probe(ttl4/6/8/12)=1/1/0/11 of 20
t=15000  N=14513  holderDeg=-1  probe(ttl4/6/8/12)=0/0/0/0 of 20
t=15000  N=14452  holderDeg=-1  probe(ttl4/6/8/12)=0/0/0/0 of 20
t=14600  N=14312  holderDeg=-1  probe(ttl4/6/8/12)=0/0/0/0 of 20
t=15400  N=14652  holderDeg=3  probe(ttl4/6/8/12)=0/2/3/7 of 20
t=16200  N=14763  holderDeg=3  probe(ttl4/6/8/12)=0/3/3/9 of 20
t=16600  N=15003  holderDeg=3  probe(ttl4/6/8/12)=0/3/3/10 of 20
t=15200  N=14573  holderDeg=3  probe(ttl4/6/8/12)=0/1/6/14 of 20
t=15200  N=14515  holderDeg=3  probe(ttl4/6/8/12)=0/1/4/9 of 20
t=14800  N=14361  holderDeg=-1  probe(ttl4/6/8/12)=0/0/0/0 of 20
t=15600  N=14723  holderDeg=3  probe(ttl4/6/8/12)=0/0/1/3 of 20
t=15400  N=14630  holderDeg=3  probe(ttl4/6/8/12)=0/0/5/15 of 20
t=16800  N=15078  holderDeg=3  probe(ttl4/6/8/12)=0/0/1/8 of 20
t=15400  N=14567  holderDeg=3  probe(ttl4/6/8/12)=0/1/1/6 of 20
t=16400  N=14809  holderDeg=3  probe(ttl4/6/8/12)=0/2/3/9 of 20
t=15000  N=14421  holderDeg=-1  probe(ttl4/6/8/12)=0/0/0/0 of 20
t=15800  N=14782  holderDeg=3  probe(ttl4/6/8/12)=1/2/5/7 of 20
t=15600  N=14634  holderDeg=3  probe(ttl4/6/8/12)=0/0/0/9 of 20
t=15600  N=14696  holderDeg=3  probe(ttl4/6/8/12)=0/0/7/11 of 20
t=16600  N=14870  holderDeg=3  probe(ttl4/6/8/12)=0/3/1/10 of 20
t=15200  N=14482  holderDeg=3  probe(ttl4/6/8/12)=0/0/2/4 of 20
t=17000  N=15144  holderDeg=3  probe(ttl4/6/8/12)=0/0/5/14 of 20
t=16000  N=14851  holderDeg=3  probe(ttl4/6/8/12)=0/0/2/9 of 20
t=15800  N=14753  holderDeg=3  probe(ttl4/6/8/12)=0/0/2/11 of 20
t=16800  N=14928  holderDeg=3  probe(ttl4/6/8/12)=0/0/2/11 of 20
t=15400  N=14544  holderDeg=3  probe(ttl4/6/8/12)=0/0/4/8 of 20
t=15800  N=14698  holderDeg=3  probe(ttl4/6/8/12)=0/2/5/11 of 20
t=17200  N=15209  holderDeg=3  probe(ttl4/6/8/12)=0/1/2/7 of 20
t=16200  N=14908  holderDeg=3  probe(ttl4/6/8/12)=0/0/1/5 of 20
t=16000  N=14811  holderDeg=3  probe(ttl4/6/8/12)=0/1/4/16 of 20
t=17000  N=14985  holderDeg=3  probe(ttl4/6/8/12)=0/1/4/9 of 20
t=15600  N=14597  holderDeg=3  probe(ttl4/6/8/12)=0/1/2/10 of 20
t=16000  N=14762  holderDeg=3  probe(ttl4/6/8/12)=0/0/0/9 of 20
t=16400  N=14972  holderDeg=3  probe(ttl4/6/8/12)=0/2/1/2 of 20
t=16200  N=14866  holderDeg=3  probe(ttl4/6/8/12)=0/1/3/13 of 20
t=17200  N=15042  holderDeg=3  probe(ttl4/6/8/12)=0/0/7/8 of 20
t=15800  N=14657  holderDeg=3  probe(ttl4/6/8/12)=0/1/5/7 of 20
t=16200  N=14810  holderDeg=3  probe(ttl4/6/8/12)=0/0/0/8 of 20
t=17400  N=15270  holderDeg=3  probe(ttl4/6/8/12)=0/2/3/7 of 20
t=16600  N=15032  holderDeg=3  probe(ttl4/6/8/12)=0/1/5/5 of 20
t=16400  N=14929  holderDeg=3  probe(ttl4/6/8/12)=0/1/5/10 of 20
t=17400  N=15096  holderDeg=3  probe(ttl4/6/8/12)=0/1/2/12 of 20
t=16400  N=14875  holderDeg=3  probe(ttl4/6/8/12)=1/0/2/8 of 20
t=16000  N=14711  holderDeg=3  probe(ttl4/6/8/12)=0/1/1/9 of 20
t=16800  N=15092  holderDeg=3  probe(ttl4/6/8/12)=0/0/2/1 of 20
t=17600  N=15318  holderDeg=3  probe(ttl4/6/8/12)=0/0/5/8 of 20
t=17600  N=15161  holderDeg=3  probe(ttl4/6/8/12)=0/1/3/12 of 20
t=16600  N=15002  holderDeg=3  probe(ttl4/6/8/12)=0/0/5/13 of 20
t=16600  N=14943  holderDeg=3  probe(ttl4/6/8/12)=0/1/2/8 of 20
t=16200  N=14757  holderDeg=3  probe(ttl4/6/8/12)=0/2/1/8 of 20
t=17000  N=15155  holderDeg=3  probe(ttl4/6/8/12)=0/1/3/4 of 20
t=17800  N=15368  holderDeg=3  probe(ttl4/6/8/12)=0/1/5/12 of 20
t=17800  N=15233  holderDeg=3  probe(ttl4/6/8/12)=0/0/4/8 of 20
t=16800  N=15060  holderDeg=3  probe(ttl4/6/8/12)=0/1/1/14 of 20
t=16800  N=15000  holderDeg=3  probe(ttl4/6/8/12)=0/1/6/6 of 20
t=16400  N=14812  holderDeg=3  probe(ttl4/6/8/12)=0/0/3/6 of 20
t=17200  N=15220  holderDeg=3  probe(ttl4/6/8/12)=0/0/0/7 of 20
t=18000  N=15419  holderDeg=3  probe(ttl4/6/8/12)=0/0/1/8 of 20
t=18000  N=15290  holderDeg=3  probe(ttl4/6/8/12)=0/2/3/8 of 20
t=17000  N=15111  holderDeg=3  probe(ttl4/6/8/12)=0/0/5/15 of 20
t=17000  N=15063  holderDeg=3  probe(ttl4/6/8/12)=1/0/1/9 of 20
t=17400  N=15276  holderDeg=3  probe(ttl4/6/8/12)=0/0/2/7 of 20
t=16600  N=14865  holderDeg=3  probe(ttl4/6/8/12)=0/0/1/11 of 20
t=18200  N=15466  holderDeg=3  probe(ttl4/6/8/12)=0/0/2/10 of 20
t=17200  N=15168  holderDeg=3  probe(ttl4/6/8/12)=0/1/4/13 of 20
t=18200  N=15350  holderDeg=3  probe(ttl4/6/8/12)=0/1/4/11 of 20
t=17200  N=15118  holderDeg=3  probe(ttl4/6/8/12)=0/0/0/10 of 20
t=16800  N=14919  holderDeg=3  probe(ttl4/6/8/12)=1/2/4/9 of 20
t=17600  N=15345  holderDeg=3  probe(ttl4/6/8/12)=0/0/0/6 of 20
t=18400  N=15530  holderDeg=5  probe(ttl4/6/8/12)=0/3/4/15 of 20
t=17400  N=15227  holderDeg=3  probe(ttl4/6/8/12)=0/0/3/11 of 20
t=18400  N=15412  holderDeg=3  probe(ttl4/6/8/12)=1/0/4/12 of 20
t=17400  N=15174  holderDeg=3  probe(ttl4/6/8/12)=0/1/5/7 of 20
t=17800  N=15396  holderDeg=3  probe(ttl4/6/8/12)=0/1/4/2 of 20
t=18600  N=15583  holderDeg=7  probe(ttl4/6/8/12)=0/3/3/13 of 20
t=17600  N=15287  holderDeg=3  probe(ttl4/6/8/12)=0/1/3/14 of 20
t=17000  N=14985  holderDeg=3  probe(ttl4/6/8/12)=0/0/2/7 of 20
t=18600  N=15474  holderDeg=3  probe(ttl4/6/8/12)=0/1/5/10 of 20
t=17800  N=15334  holderDeg=3  probe(ttl4/6/8/12)=0/2/5/13 of 20
t=18000  N=15457  holderDeg=3  probe(ttl4/6/8/12)=0/1/3/5 of 20
t=17600  N=15237  holderDeg=3  probe(ttl4/6/8/12)=0/1/4/6 of 20
t=18800  N=15644  holderDeg=8  probe(ttl4/6/8/12)=0/1/6/17 of 20
t=17200  N=15040  holderDeg=3  probe(ttl4/6/8/12)=0/0/3/8 of 20
t=18800  N=15529  holderDeg=3  probe(ttl4/6/8/12)=0/1/3/10 of 20
t=18000  N=15388  holderDeg=3  probe(ttl4/6/8/12)=0/0/3/12 of 20
t=18200  N=15520  holderDeg=3  probe(ttl4/6/8/12)=1/1/2/8 of 20
t=19000  N=15694  holderDeg=8  probe(ttl4/6/8/12)=0/2/5/18 of 20
t=17800  N=15311  holderDeg=3  probe(ttl4/6/8/12)=1/1/3/9 of 20
t=17400  N=15096  holderDeg=5  probe(ttl4/6/8/12)=0/1/5/19 of 20
t=18200  N=15460  holderDeg=3  probe(ttl4/6/8/12)=0/1/2/9 of 20
t=19000  N=15588  holderDeg=3  probe(ttl4/6/8/12)=0/1/3/9 of 20
t=18400  N=15582  holderDeg=3  probe(ttl4/6/8/12)=0/0/2/12 of 20
t=19200  N=15750  holderDeg=8  probe(ttl4/6/8/12)=0/1/9/17 of 20
t=18000  N=15372  holderDeg=3  probe(ttl4/6/8/12)=0/1/1/8 of 20
t=17600  N=15164  holderDeg=7  probe(ttl4/6/8/12)=0/2/4/19 of 20
t=18400  N=15511  holderDeg=3  probe(ttl4/6/8/12)=0/0/4/13 of 20
t=19200  N=15653  holderDeg=3  probe(ttl4/6/8/12)=0/0/2/6 of 20
t=18600  N=15633  holderDeg=3  probe(ttl4/6/8/12)=0/0/1/10 of 20
t=18200  N=15432  holderDeg=3  probe(ttl4/6/8/12)=0/2/3/9 of 20
t=17800  N=15217  holderDeg=9  probe(ttl4/6/8/12)=0/3/6/19 of 20
t=19400  N=15808  holderDeg=8  probe(ttl4/6/8/12)=1/1/9/14 of 20
t=18600  N=15581  holderDeg=3  probe(ttl4/6/8/12)=0/1/3/8 of 20
t=18800  N=15683  holderDeg=3  probe(ttl4/6/8/12)=0/1/0/13 of 20
t=19400  N=15709  holderDeg=3  probe(ttl4/6/8/12)=0/1/3/6 of 20
t=18400  N=15485  holderDeg=3  probe(ttl4/6/8/12)=0/1/3/9 of 20
t=18000  N=15268  holderDeg=11  probe(ttl4/6/8/12)=0/4/13/19 of 20
t=19600  N=15867  holderDeg=8  probe(ttl4/6/8/12)=0/1/6/14 of 20
t=18800  N=15638  holderDeg=3  probe(ttl4/6/8/12)=0/2/1/12 of 20
t=19600  N=15774  holderDeg=3  probe(ttl4/6/8/12)=0/0/3/10 of 20
t=18200  N=15324  holderDeg=13  probe(ttl4/6/8/12)=0/2/11/19 of 20
t=18600  N=15545  holderDeg=3  probe(ttl4/6/8/12)=0/2/2/5 of 20
t=19000  N=15746  holderDeg=3  probe(ttl4/6/8/12)=0/0/4/11 of 20
t=19800  N=15924  holderDeg=8  probe(ttl4/6/8/12)=0/1/5/18 of 20
t=19000  N=15706  holderDeg=3  probe(ttl4/6/8/12)=0/0/5/11 of 20
t=19800  N=15831  holderDeg=3  probe(ttl4/6/8/12)=0/0/1/7 of 20
t=18400  N=15387  holderDeg=15  probe(ttl4/6/8/12)=0/1/7/20 of 20
t=18800  N=15605  holderDeg=3  probe(ttl4/6/8/12)=0/0/2/4 of 20
t=20000  N=15985  holderDeg=8  probe(ttl4/6/8/12)=0/1/3/14 of 20
t=19200  N=15807  holderDeg=3  probe(ttl4/6/8/12)=0/0/4/9 of 20
t=19200  N=15769  holderDeg=3  probe(ttl4/6/8/12)=0/0/4/12 of 20
t=20000  N=15884  holderDeg=3  probe(ttl4/6/8/12)=1/0/1/8 of 20
t=18600  N=15441  holderDeg=17  probe(ttl4/6/8/12)=1/2/10/20 of 20
t=19000  N=15656  holderDeg=3  probe(ttl4/6/8/12)=0/0/1/7 of 20
t=20200  N=16046  holderDeg=8  probe(ttl4/6/8/12)=1/1/4/17 of 20
t=19400  N=15867  holderDeg=3  probe(ttl4/6/8/12)=0/0/1/9 of 20
t=19400  N=15827  holderDeg=3  probe(ttl4/6/8/12)=0/1/2/9 of 20
t=20200  N=15948  holderDeg=3  probe(ttl4/6/8/12)=0/0/4/7 of 20
t=18800  N=15485  holderDeg=19  probe(ttl4/6/8/12)=1/2/10/19 of 20
t=19200  N=15720  holderDeg=3  probe(ttl4/6/8/12)=0/1/1/8 of 20
t=19600  N=15927  holderDeg=3  probe(ttl4/6/8/12)=1/0/3/9 of 20
t=20400  N=16111  holderDeg=8  probe(ttl4/6/8/12)=0/1/7/18 of 20
t=20400  N=16008  holderDeg=3  probe(ttl4/6/8/12)=0/1/2/11 of 20
t=19000  N=15546  holderDeg=21  probe(ttl4/6/8/12)=0/1/14/20 of 20
t=19600  N=15885  holderDeg=3  probe(ttl4/6/8/12)=0/1/1/8 of 20
t=19400  N=15789  holderDeg=3  probe(ttl4/6/8/12)=0/0/1/6 of 20
t=19800  N=15984  holderDeg=3  probe(ttl4/6/8/12)=0/0/7/12 of 20
t=20600  N=16154  holderDeg=8  probe(ttl4/6/8/12)=1/3/9/16 of 20
t=19200  N=15603  holderDeg=23  probe(ttl4/6/8/12)=1/4/15/20 of 20
t=19800  N=15943  holderDeg=3  probe(ttl4/6/8/12)=0/1/1/14 of 20
t=20600  N=16068  holderDeg=3  probe(ttl4/6/8/12)=0/1/2/11 of 20
t=19600  N=15852  holderDeg=3  probe(ttl4/6/8/12)=0/0/3/7 of 20
t=20800  N=16212  holderDeg=8  probe(ttl4/6/8/12)=0/1/7/11 of 20
t=19400  N=15656  holderDeg=25  probe(ttl4/6/8/12)=0/5/15/20 of 20
t=20000  N=16041  holderDeg=3  probe(ttl4/6/8/12)=0/2/0/13 of 20
t=20000  N=16003  holderDeg=3  probe(ttl4/6/8/12)=0/1/2/8 of 20
t=20800  N=16141  holderDeg=3  probe(ttl4/6/8/12)=0/1/1/5 of 20
t=19800  N=15917  holderDeg=3  probe(ttl4/6/8/12)=0/1/2/9 of 20
t=20200  N=16111  holderDeg=3  probe(ttl4/6/8/12)=0/0/3/12 of 20
t=19600  N=15720  holderDeg=25  probe(ttl4/6/8/12)=1/5/14/20 of 20
t=21000  N=16204  holderDeg=3  probe(ttl4/6/8/12)=0/1/2/6 of 20
t=20200  N=16060  holderDeg=3  probe(ttl4/6/8/12)=0/1/3/11 of 20
t=21000  N=16268  holderDeg=8  probe(ttl4/6/8/12)=1/2/11/14 of 20
t=20000  N=15983  holderDeg=3  probe(ttl4/6/8/12)=0/0/2/7 of 20
t=19800  N=15781  holderDeg=25  probe(ttl4/6/8/12)=0/3/10/20 of 20
t=20400  N=16162  holderDeg=3  probe(ttl4/6/8/12)=1/0/2/10 of 20
t=20400  N=16125  holderDeg=3  probe(ttl4/6/8/12)=0/0/5/6 of 20
t=21200  N=16270  holderDeg=3  probe(ttl4/6/8/12)=0/0/3/11 of 20
t=21200  N=16328  holderDeg=8  probe(ttl4/6/8/12)=1/0/9/13 of 20
t=20200  N=16037  holderDeg=3  probe(ttl4/6/8/12)=0/2/2/4 of 20
t=20600  N=16220  holderDeg=3  probe(ttl4/6/8/12)=0/1/5/7 of 20
t=20000  N=15847  holderDeg=25  probe(ttl4/6/8/12)=1/5/12/19 of 20
t=21400  N=16337  holderDeg=3  probe(ttl4/6/8/12)=0/0/2/8 of 20
t=20600  N=16184  holderDeg=3  probe(ttl4/6/8/12)=0/1/3/11 of 20
t=21400  N=16383  holderDeg=8  probe(ttl4/6/8/12)=1/3/7/13 of 20
t=20400  N=16102  holderDeg=3  probe(ttl4/6/8/12)=0/0/1/5 of 20
t=20200  N=15917  holderDeg=25  probe(ttl4/6/8/12)=2/6/15/19 of 20
t=20800  N=16276  holderDeg=3  probe(ttl4/6/8/12)=0/0/2/11 of 20
t=20800  N=16252  holderDeg=3  probe(ttl4/6/8/12)=0/0/2/8 of 20
t=20600  N=16156  holderDeg=3  probe(ttl4/6/8/12)=0/0/4/8 of 20
t=21600  N=16438  holderDeg=8  probe(ttl4/6/8/12)=0/2/8/13 of 20
t=20400  N=15983  holderDeg=25  probe(ttl4/6/8/12)=0/5/11/20 of 20
t=21000  N=16308  holderDeg=3  probe(ttl4/6/8/12)=0/1/3/10 of 20
t=21000  N=16334  holderDeg=3  probe(ttl4/6/8/12)=0/1/2/11 of 20
t=21600  N=16402  holderDeg=3  probe(ttl4/6/8/12)=0/0/2/8 of 20
t=20800  N=16217  holderDeg=3  probe(ttl4/6/8/12)=0/0/3/6 of 20
t=21800  N=16497  holderDeg=8  probe(ttl4/6/8/12)=0/0/9/11 of 20
t=21200  N=16365  holderDeg=3  probe(ttl4/6/8/12)=0/0/1/7 of 20
t=21200  N=16395  holderDeg=3  probe(ttl4/6/8/12)=0/0/0/8 of 20
t=20600  N=16046  holderDeg=25  probe(ttl4/6/8/12)=2/4/15/20 of 20
t=21000  N=16278  holderDeg=3  probe(ttl4/6/8/12)=0/1/3/7 of 20
t=21800  N=16463  holderDeg=3  probe(ttl4/6/8/12)=0/0/2/6 of 20
t=22000  N=16569  holderDeg=8  probe(ttl4/6/8/12)=1/1/2/15 of 20
t=21400  N=16428  holderDeg=3  probe(ttl4/6/8/12)=0/0/3/9 of 20
t=21200  N=16334  holderDeg=3  probe(ttl4/6/8/12)=0/0/6/9 of 20
t=20800  N=16107  holderDeg=25  probe(ttl4/6/8/12)=1/4/13/20 of 20
t=21400  N=16458  holderDeg=3  probe(ttl4/6/8/12)=1/1/4/10 of 20
t=22000  N=16531  holderDeg=3  probe(ttl4/6/8/12)=0/1/4/6 of 20
t=21600  N=16495  holderDeg=3  probe(ttl4/6/8/12)=0/1/3/7 of 20
t=21400  N=16394  holderDeg=3  probe(ttl4/6/8/12)=0/0/1/5 of 20
t=21000  N=16164  holderDeg=25  probe(ttl4/6/8/12)=2/3/15/20 of 20
t=21600  N=16524  holderDeg=3  probe(ttl4/6/8/12)=0/0/1/13 of 20
t=22200  N=16590  holderDeg=3  probe(ttl4/6/8/12)=0/0/2/8 of 20
t=22200  N=16633  holderDeg=8  probe(ttl4/6/8/12)=0/0/5/16 of 20
t=21800  N=16552  holderDeg=3  probe(ttl4/6/8/12)=1/1/4/9 of 20
t=21800  N=16588  holderDeg=3  probe(ttl4/6/8/12)=0/0/1/9 of 20
t=21200  N=16228  holderDeg=25  probe(ttl4/6/8/12)=2/9/12/20 of 20
t=21600  N=16460  holderDeg=3  probe(ttl4/6/8/12)=0/0/1/5 of 20
t=22400  N=16653  holderDeg=3  probe(ttl4/6/8/12)=0/1/1/7 of 20
t=22400  N=16694  holderDeg=8  probe(ttl4/6/8/12)=0/1/7/16 of 20
t=22000  N=16610  holderDeg=3  probe(ttl4/6/8/12)=0/0/1/14 of 20
t=21800  N=16508  holderDeg=3  probe(ttl4/6/8/12)=0/0/2/7 of 20
t=22000  N=16651  holderDeg=3  probe(ttl4/6/8/12)=0/0/6/8 of 20
t=21400  N=16289  holderDeg=25  probe(ttl4/6/8/12)=0/5/11/19 of 20
t=22600  N=16722  holderDeg=3  probe(ttl4/6/8/12)=0/0/6/7 of 20
t=22200  N=16664  holderDeg=3  probe(ttl4/6/8/12)=0/0/1/8 of 20
t=21600  N=16353  holderDeg=25  probe(ttl4/6/8/12)=1/2/15/20 of 20
t=22000  N=16572  holderDeg=3  probe(ttl4/6/8/12)=0/0/5/6 of 20
t=22800  N=16776  holderDeg=3  probe(ttl4/6/8/12)=0/0/3/11 of 20
t=22200  N=16718  holderDeg=3  probe(ttl4/6/8/12)=0/0/4/4 of 20
t=22400  N=16720  holderDeg=3  probe(ttl4/6/8/12)=0/1/3/13 of 20
t=22600  N=16754  holderDeg=8  probe(ttl4/6/8/12)=0/3/4/14 of 20
t=21800  N=16411  holderDeg=25  probe(ttl4/6/8/12)=0/1/15/20 of 20
t=23000  N=16840  holderDeg=3  probe(ttl4/6/8/12)=0/0/2/9 of 20
t=22400  N=16785  holderDeg=3  probe(ttl4/6/8/12)=0/0/2/8 of 20
t=22200  N=16642  holderDeg=3  probe(ttl4/6/8/12)=0/1/0/10 of 20
t=22600  N=16779  holderDeg=3  probe(ttl4/6/8/12)=0/1/3/9 of 20
t=22800  N=16806  holderDeg=8  probe(ttl4/6/8/12)=0/0/8/14 of 20
t=23200  N=16895  holderDeg=3  probe(ttl4/6/8/12)=0/0/0/6 of 20
t=22600  N=16852  holderDeg=3  probe(ttl4/6/8/12)=1/0/1/4 of 20
t=22400  N=16698  holderDeg=3  probe(ttl4/6/8/12)=0/0/1/9 of 20
t=22800  N=16840  holderDeg=3  probe(ttl4/6/8/12)=0/0/1/10 of 20
t=22000  N=16474  holderDeg=25  probe(ttl4/6/8/12)=2/4/13/20 of 20
t=23000  N=16865  holderDeg=8  probe(ttl4/6/8/12)=0/1/4/14 of 20
t=22600  N=16756  holderDeg=3  probe(ttl4/6/8/12)=0/0/3/4 of 20
t=22800  N=16915  holderDeg=3  probe(ttl4/6/8/12)=0/0/3/7 of 20
t=23400  N=16949  holderDeg=3  probe(ttl4/6/8/12)=0/0/4/12 of 20
t=22200  N=16541  holderDeg=25  probe(ttl4/6/8/12)=0/2/12/20 of 20
t=23200  N=16915  holderDeg=8  probe(ttl4/6/8/12)=0/2/5/14 of 20
t=22800  N=16802  holderDeg=3  probe(ttl4/6/8/12)=0/0/1/8 of 20
t=23000  N=16909  holderDeg=3  probe(ttl4/6/8/12)=0/0/1/8 of 20
t=23600  N=17011  holderDeg=3  probe(ttl4/6/8/12)=0/0/2/9 of 20
t=23000  N=16973  holderDeg=3  probe(ttl4/6/8/12)=0/1/0/9 of 20
t=22400  N=16606  holderDeg=25  probe(ttl4/6/8/12)=1/6/14/20 of 20
t=23000  N=16850  holderDeg=3  probe(ttl4/6/8/12)=0/1/0/3 of 20
t=23200  N=16975  holderDeg=3  probe(ttl4/6/8/12)=0/2/1/8 of 20
t=23400  N=16970  holderDeg=8  probe(ttl4/6/8/12)=0/0/5/13 of 20
t=23800  N=17071  holderDeg=3  probe(ttl4/6/8/12)=0/0/4/8 of 20
t=23200  N=17035  holderDeg=3  probe(ttl4/6/8/12)=0/0/2/9 of 20
t=22600  N=16674  holderDeg=25  probe(ttl4/6/8/12)=0/1/13/20 of 20
t=23400  N=17036  holderDeg=3  probe(ttl4/6/8/12)=0/1/1/9 of 20
t=24000  N=17123  holderDeg=3  probe(ttl4/6/8/12)=0/1/2/6 of 20
t=23600  N=17031  holderDeg=8  probe(ttl4/6/8/12)=0/0/8/9 of 20
t=23200  N=16911  holderDeg=3  probe(ttl4/6/8/12)=0/0/1/6 of 20
t=23400  N=17102  holderDeg=3  probe(ttl4/6/8/12)=0/0/3/8 of 20
t=22800  N=16733  holderDeg=25  probe(ttl4/6/8/12)=0/3/13/20 of 20
t=23600  N=17103  holderDeg=3  probe(ttl4/6/8/12)=0/0/3/10 of 20
t=24200  N=17184  holderDeg=3  probe(ttl4/6/8/12)=0/1/2/4 of 20
t=23800  N=17092  holderDeg=8  probe(ttl4/6/8/12)=0/1/2/14 of 20
t=23600  N=17157  holderDeg=3  probe(ttl4/6/8/12)=0/0/2/5 of 20
t=23400  N=16981  holderDeg=3  probe(ttl4/6/8/12)=0/0/2/3 of 20
t=23000  N=16791  holderDeg=25  probe(ttl4/6/8/12)=0/3/15/20 of 20
t=23800  N=17164  holderDeg=3  probe(ttl4/6/8/12)=0/1/2/12 of 20
t=24400  N=17251  holderDeg=3  probe(ttl4/6/8/12)=0/0/4/8 of 20
t=24000  N=17158  holderDeg=8  probe(ttl4/6/8/12)=0/0/3/15 of 20
t=23600  N=17048  holderDeg=3  probe(ttl4/6/8/12)=0/0/1/5 of 20
t=23800  N=17218  holderDeg=3  probe(ttl4/6/8/12)=0/0/1/8 of 20
t=24000  N=17214  holderDeg=3  probe(ttl4/6/8/12)=0/0/1/5 of 20
t=23200  N=16850  holderDeg=25  probe(ttl4/6/8/12)=1/9/17/20 of 20
t=24600  N=17317  holderDeg=3  probe(ttl4/6/8/12)=0/0/1/8 of 20
t=24200  N=17222  holderDeg=8  probe(ttl4/6/8/12)=0/2/4/13 of 20
t=23800  N=17107  holderDeg=3  probe(ttl4/6/8/12)=0/1/4/6 of 20
t=24000  N=17272  holderDeg=3  probe(ttl4/6/8/12)=0/0/2/8 of 20
t=24200  N=17290  holderDeg=3  probe(ttl4/6/8/12)=0/2/1/7 of 20
t=23400  N=16909  holderDeg=25  probe(ttl4/6/8/12)=0/4/13/19 of 20
t=24800  N=17387  holderDeg=3  probe(ttl4/6/8/12)=0/0/4/7 of 20
t=24400  N=17289  holderDeg=8  probe(ttl4/6/8/12)=0/0/5/14 of 20
t=24000  N=17165  holderDeg=3  probe(ttl4/6/8/12)=0/1/0/1 of 20
t=24200  N=17337  holderDeg=3  probe(ttl4/6/8/12)=0/0/2/1 of 20
t=24400  N=17342  holderDeg=3  probe(ttl4/6/8/12)=0/0/3/8 of 20
t=23600  N=16971  holderDeg=25  probe(ttl4/6/8/12)=1/3/15/19 of 20
t=25000  N=17456  holderDeg=3  probe(ttl4/6/8/12)=0/2/4/7 of 20
t=24200  N=17226  holderDeg=3  probe(ttl4/6/8/12)=0/3/5/6 of 20
t=24600  N=17349  holderDeg=8  probe(ttl4/6/8/12)=0/0/3/14 of 20
t=24600  N=17398  holderDeg=3  probe(ttl4/6/8/12)=0/0/1/11 of 20
t=24400  N=17395  holderDeg=3  probe(ttl4/6/8/12)=0/0/4/2 of 20
t=23800  N=17034  holderDeg=25  probe(ttl4/6/8/12)=3/3/14/20 of 20
t=24800  N=17405  holderDeg=8  probe(ttl4/6/8/12)=0/1/4/14 of 20
t=24600  N=17445  holderDeg=3  probe(ttl4/6/8/12)=0/1/0/2 of 20
t=24400  N=17293  holderDeg=3  probe(ttl4/6/8/12)=0/1/2/6 of 20
t=24000  N=17087  holderDeg=25  probe(ttl4/6/8/12)=0/4/11/20 of 20
t=24800  N=17470  holderDeg=3  probe(ttl4/6/8/12)=2/0/1/13 of 20
t=25200  N=17519  holderDeg=3  probe(ttl4/6/8/12)=0/0/1/7 of 20
t=25000  N=17469  holderDeg=8  probe(ttl4/6/8/12)=1/0/2/15 of 20
t=24600  N=17365  holderDeg=3  probe(ttl4/6/8/12)=0/0/0/5 of 20
t=24200  N=17150  holderDeg=25  probe(ttl4/6/8/12)=0/4/10/20 of 20
t=25400  N=17579  holderDeg=3  probe(ttl4/6/8/12)=0/2/2/6 of 20
t=24800  N=17510  holderDeg=3  probe(ttl4/6/8/12)=0/0/1/3 of 20
t=25000  N=17530  holderDeg=3  probe(ttl4/6/8/12)=0/0/2/6 of 20
t=25200  N=17538  holderDeg=8  probe(ttl4/6/8/12)=1/1/4/13 of 20
t=24400  N=17213  holderDeg=25  probe(ttl4/6/8/12)=2/4/13/20 of 20
t=24800  N=17422  holderDeg=3  probe(ttl4/6/8/12)=0/0/1/6 of 20
t=25000  N=17565  holderDeg=3  probe(ttl4/6/8/12)=0/2/3/1 of 20
t=25600  N=17637  holderDeg=3  probe(ttl4/6/8/12)=0/0/5/6 of 20
t=25400  N=17603  holderDeg=8  probe(ttl4/6/8/12)=0/0/5/13 of 20
t=25200  N=17586  holderDeg=3  probe(ttl4/6/8/12)=0/0/4/9 of 20
t=25200  N=17630  holderDeg=3  probe(ttl4/6/8/12)=0/0/2/3 of 20
t=25800  N=17694  holderDeg=3  probe(ttl4/6/8/12)=0/0/3/10 of 20
t=25000  N=17488  holderDeg=3  probe(ttl4/6/8/12)=0/1/3/5 of 20
t=24600  N=17273  holderDeg=25  probe(ttl4/6/8/12)=0/3/13/20 of 20
t=25600  N=17659  holderDeg=8  probe(ttl4/6/8/12)=0/2/1/16 of 20
t=26000  N=17748  holderDeg=3  probe(ttl4/6/8/12)=1/0/1/9 of 20
t=25400  N=17692  holderDeg=3  probe(ttl4/6/8/12)=1/0/2/0 of 20
t=25200  N=17538  holderDeg=3  probe(ttl4/6/8/12)=0/2/2/4 of 20
t=25400  N=17659  holderDeg=3  probe(ttl4/6/8/12)=0/2/3/4 of 20
t=25800  N=17714  holderDeg=8  probe(ttl4/6/8/12)=0/0/5/15 of 20
t=26200  N=17809  holderDeg=3  probe(ttl4/6/8/12)=0/0/4/10 of 20
t=24800  N=17322  holderDeg=25  probe(ttl4/6/8/12)=1/4/15/20 of 20
t=25600  N=17762  holderDeg=3  probe(ttl4/6/8/12)=0/0/2/4 of 20
t=25400  N=17605  holderDeg=3  probe(ttl4/6/8/12)=0/2/2/3 of 20
t=25600  N=17710  holderDeg=3  probe(ttl4/6/8/12)=0/1/2/10 of 20
t=26000  N=17780  holderDeg=8  probe(ttl4/6/8/12)=0/0/5/12 of 20
t=26400  N=17880  holderDeg=3  probe(ttl4/6/8/12)=0/0/3/5 of 20
t=25000  N=17388  holderDeg=25  probe(ttl4/6/8/12)=0/2/11/20 of 20
t=25800  N=17824  holderDeg=3  probe(ttl4/6/8/12)=0/1/3/1 of 20
t=25600  N=17656  holderDeg=3  probe(ttl4/6/8/12)=0/0/0/6 of 20
t=25800  N=17785  holderDeg=3  probe(ttl4/6/8/12)=0/0/1/7 of 20
t=26200  N=17844  holderDeg=8  probe(ttl4/6/8/12)=0/0/7/11 of 20
t=25200  N=17452  holderDeg=25  probe(ttl4/6/8/12)=0/4/11/20 of 20
t=26600  N=17947  holderDeg=3  probe(ttl4/6/8/12)=0/0/2/11 of 20
t=26000  N=17882  holderDeg=3  probe(ttl4/6/8/12)=0/0/1/4 of 20
t=25800  N=17713  holderDeg=3  probe(ttl4/6/8/12)=0/1/2/2 of 20
t=26000  N=17848  holderDeg=3  probe(ttl4/6/8/12)=0/0/2/9 of 20
t=26400  N=17909  holderDeg=8  probe(ttl4/6/8/12)=0/1/5/11 of 20
t=25400  N=17511  holderDeg=25  probe(ttl4/6/8/12)=0/1/16/20 of 20
t=26800  N=18012  holderDeg=3  probe(ttl4/6/8/12)=0/1/5/6 of 20
t=26200  N=17947  holderDeg=3  probe(ttl4/6/8/12)=0/1/2/3 of 20
t=26200  N=17908  holderDeg=3  probe(ttl4/6/8/12)=0/0/3/10 of 20
t=26000  N=17769  holderDeg=3  probe(ttl4/6/8/12)=0/0/1/5 of 20
t=26600  N=17974  holderDeg=8  probe(ttl4/6/8/12)=0/2/7/11 of 20
t=27000  N=18060  holderDeg=3  probe(ttl4/6/8/12)=0/1/2/11 of 20
t=25600  N=17569  holderDeg=25  probe(ttl4/6/8/12)=0/4/11/20 of 20
t=26400  N=18004  holderDeg=3  probe(ttl4/6/8/12)=0/1/2/4 of 20
t=26400  N=17968  holderDeg=3  probe(ttl4/6/8/12)=0/1/4/11 of 20
t=26200  N=17827  holderDeg=3  probe(ttl4/6/8/12)=0/0/1/7 of 20
t=26800  N=18029  holderDeg=8  probe(ttl4/6/8/12)=0/1/4/15 of 20
t=26600  N=18061  holderDeg=3  probe(ttl4/6/8/12)=0/0/1/3 of 20
t=27200  N=18119  holderDeg=3  probe(ttl4/6/8/12)=0/3/2/9 of 20
t=25800  N=17633  holderDeg=25  probe(ttl4/6/8/12)=0/4/14/20 of 20
t=26600  N=18035  holderDeg=3  probe(ttl4/6/8/12)=0/0/1/7 of 20
t=26400  N=17883  holderDeg=3  probe(ttl4/6/8/12)=1/0/1/7 of 20
t=27000  N=18085  holderDeg=8  probe(ttl4/6/8/12)=0/3/10/12 of 20
t=26800  N=18110  holderDeg=3  probe(ttl4/6/8/12)=0/1/0/1 of 20
t=27400  N=18183  holderDeg=3  probe(ttl4/6/8/12)=0/1/4/8 of 20
t=26800  N=18096  holderDeg=3  probe(ttl4/6/8/12)=0/0/3/10 of 20
t=26600  N=17943  holderDeg=3  probe(ttl4/6/8/12)=1/1/1/4 of 20
t=27200  N=18136  holderDeg=8  probe(ttl4/6/8/12)=0/1/3/14 of 20
t=26000  N=17697  holderDeg=25  probe(ttl4/6/8/12)=0/3/8/20 of 20
t=27000  N=18169  holderDeg=3  probe(ttl4/6/8/12)=0/0/1/0 of 20
t=27600  N=18252  holderDeg=3  probe(ttl4/6/8/12)=0/1/2/9 of 20
t=27000  N=18152  holderDeg=3  probe(ttl4/6/8/12)=0/0/5/6 of 20
t=26800  N=18009  holderDeg=3  probe(ttl4/6/8/12)=0/0/3/3 of 20
t=27400  N=18189  holderDeg=8  probe(ttl4/6/8/12)=1/1/8/16 of 20
t=27200  N=18220  holderDeg=3  probe(ttl4/6/8/12)=0/1/1/1 of 20
t=26200  N=17744  holderDeg=25  probe(ttl4/6/8/12)=2/5/15/19 of 20
t=27800  N=18298  holderDeg=3  probe(ttl4/6/8/12)=0/0/1/8 of 20
t=27200  N=18210  holderDeg=3  probe(ttl4/6/8/12)=0/0/3/6 of 20
t=27000  N=18065  holderDeg=3  probe(ttl4/6/8/12)=0/0/5/4 of 20
t=27600  N=18247  holderDeg=8  probe(ttl4/6/8/12)=0/0/5/10 of 20
t=27400  N=18294  holderDeg=3  probe(ttl4/6/8/12)=0/1/1/1 of 20
t=28000  N=18363  holderDeg=3  probe(ttl4/6/8/12)=0/0/1/7 of 20
t=26400  N=17799  holderDeg=25  probe(ttl4/6/8/12)=0/3/13/20 of 20
t=27400  N=18271  holderDeg=3  probe(ttl4/6/8/12)=0/0/1/9 of 20
t=27200  N=18122  holderDeg=3  probe(ttl4/6/8/12)=0/1/4/5 of 20
t=27800  N=18293  holderDeg=8  probe(ttl4/6/8/12)=0/1/6/9 of 20
t=27600  N=18352  holderDeg=3  probe(ttl4/6/8/12)=0/0/0/3 of 20
t=28200  N=18414  holderDeg=3  probe(ttl4/6/8/12)=0/2/2/7 of 20
t=26600  N=17850  holderDeg=25  probe(ttl4/6/8/12)=1/2/16/20 of 20
t=27400  N=18182  holderDeg=3  probe(ttl4/6/8/12)=0/0/3/0 of 20
t=27600  N=18325  holderDeg=3  probe(ttl4/6/8/12)=0/0/2/12 of 20
t=27800  N=18410  holderDeg=3  probe(ttl4/6/8/12)=0/0/0/1 of 20
t=28400  N=18470  holderDeg=3  probe(ttl4/6/8/12)=0/1/2/11 of 20
t=28000  N=18349  holderDeg=8  probe(ttl4/6/8/12)=0/3/4/15 of 20
t=26800  N=17910  holderDeg=25  probe(ttl4/6/8/12)=1/4/15/20 of 20
t=27600  N=18246  holderDeg=3  probe(ttl4/6/8/12)=0/0/2/5 of 20
t=27800  N=18390  holderDeg=3  probe(ttl4/6/8/12)=0/1/6/9 of 20
t=28600  N=18535  holderDeg=3  probe(ttl4/6/8/12)=0/0/2/10 of 20
t=28000  N=18466  holderDeg=3  probe(ttl4/6/8/12)=1/0/3/0 of 20
t=27000  N=17962  holderDeg=25  probe(ttl4/6/8/12)=0/4/16/20 of 20
t=27800  N=18302  holderDeg=3  probe(ttl4/6/8/12)=0/0/3/8 of 20
t=28000  N=18448  holderDeg=3  probe(ttl4/6/8/12)=0/0/3/5 of 20
t=28200  N=18414  holderDeg=8  probe(ttl4/6/8/12)=0/0/4/8 of 20
t=27200  N=18010  holderDeg=25  probe(ttl4/6/8/12)=0/4/12/20 of 20
t=28200  N=18523  holderDeg=3  probe(ttl4/6/8/12)=0/0/2/2 of 20
t=28800  N=18589  holderDeg=3  probe(ttl4/6/8/12)=0/0/3/12 of 20
t=28000  N=18356  holderDeg=3  probe(ttl4/6/8/12)=0/1/1/2 of 20
t=28200  N=18507  holderDeg=3  probe(ttl4/6/8/12)=0/0/2/10 of 20
t=28400  N=18475  holderDeg=9  probe(ttl4/6/8/12)=0/3/1/8 of 20
t=28400  N=18576  holderDeg=3  probe(ttl4/6/8/12)=0/0/0/3 of 20
t=27400  N=18070  holderDeg=25  probe(ttl4/6/8/12)=0/1/11/19 of 20
t=29000  N=18654  holderDeg=3  probe(ttl4/6/8/12)=0/0/1/10 of 20
t=28400  N=18566  holderDeg=3  probe(ttl4/6/8/12)=0/0/1/6 of 20
t=28200  N=18424  holderDeg=3  probe(ttl4/6/8/12)=0/0/2/6 of 20
t=28600  N=18534  holderDeg=9  probe(ttl4/6/8/12)=0/2/5/13 of 20
t=28600  N=18631  holderDeg=3  probe(ttl4/6/8/12)=0/0/3/3 of 20
t=29200  N=18716  holderDeg=3  probe(ttl4/6/8/12)=0/1/4/8 of 20
t=27600  N=18134  holderDeg=25  probe(ttl4/6/8/12)=0/5/13/19 of 20
t=28400  N=18482  holderDeg=3  probe(ttl4/6/8/12)=0/0/1/6 of 20
t=28600  N=18612  holderDeg=3  probe(ttl4/6/8/12)=0/0/3/12 of 20
t=28800  N=18602  holderDeg=9  probe(ttl4/6/8/12)=0/2/6/9 of 20
t=27800  N=18195  holderDeg=25  probe(ttl4/6/8/12)=0/1/9/18 of 20
t=29400  N=18775  holderDeg=3  probe(ttl4/6/8/12)=0/1/2/7 of 20
t=28600  N=18542  holderDeg=3  probe(ttl4/6/8/12)=0/0/0/3 of 20
t=28800  N=18667  holderDeg=3  probe(ttl4/6/8/12)=0/0/2/7 of 20
t=29000  N=18673  holderDeg=9  probe(ttl4/6/8/12)=0/0/6/11 of 20
t=28800  N=18685  holderDeg=3  probe(ttl4/6/8/12)=0/2/3/2 of 20
t=29600  N=18840  holderDeg=3  probe(ttl4/6/8/12)=0/3/2/6 of 20
t=28000  N=18251  holderDeg=25  probe(ttl4/6/8/12)=0/5/10/20 of 20
t=28800  N=18608  holderDeg=3  probe(ttl4/6/8/12)=0/0/3/3 of 20
t=29000  N=18737  holderDeg=3  probe(ttl4/6/8/12)=0/0/2/8 of 20
t=29200  N=18742  holderDeg=9  probe(ttl4/6/8/12)=0/1/3/10 of 20
t=29000  N=18751  holderDeg=3  probe(ttl4/6/8/12)=0/0/2/2 of 20
t=28200  N=18308  holderDeg=25  probe(ttl4/6/8/12)=1/5/10/18 of 20
t=29000  N=18661  holderDeg=3  probe(ttl4/6/8/12)=0/1/2/2 of 20
t=29800  N=18905  holderDeg=3  probe(ttl4/6/8/12)=0/0/3/11 of 20
t=29200  N=18800  holderDeg=3  probe(ttl4/6/8/12)=0/2/2/7 of 20
t=29400  N=18802  holderDeg=9  probe(ttl4/6/8/12)=0/1/7/12 of 20
t=29200  N=18824  holderDeg=3  probe(ttl4/6/8/12)=0/0/2/3 of 20
t=28400  N=18368  holderDeg=25  probe(ttl4/6/8/12)=0/4/10/20 of 20
t=29200  N=18705  holderDeg=3  probe(ttl4/6/8/12)=0/0/1/2 of 20
t=30000  N=18960  holderDeg=3  probe(ttl4/6/8/12)=0/0/1/11 of 20
t=29600  N=18860  holderDeg=9  probe(ttl4/6/8/12)=1/2/4/11 of 20
t=29400  N=18889  holderDeg=3  probe(ttl4/6/8/12)=0/1/1/1 of 20
t=29400  N=18857  holderDeg=3  probe(ttl4/6/8/12)=0/1/3/9 of 20
t=28600  N=18420  holderDeg=25  probe(ttl4/6/8/12)=0/1/12/20 of 20
t=29400  N=18757  holderDeg=3  probe(ttl4/6/8/12)=0/0/1/2 of 20
t=30200  N=19025  holderDeg=3  probe(ttl4/6/8/12)=0/0/2/8 of 20
t=29800  N=18923  holderDeg=9  probe(ttl4/6/8/12)=0/0/2/12 of 20
t=29600  N=18911  holderDeg=3  probe(ttl4/6/8/12)=0/2/4/11 of 20
t=29600  N=18951  holderDeg=3  probe(ttl4/6/8/12)=0/0/3/3 of 20
t=28800  N=18490  holderDeg=25  probe(ttl4/6/8/12)=0/6/10/20 of 20
t=30400  N=19084  holderDeg=3  probe(ttl4/6/8/12)=0/0/2/6 of 20
t=29800  N=19002  holderDeg=3  probe(ttl4/6/8/12)=0/0/3/1 of 20
t=29800  N=18979  holderDeg=3  probe(ttl4/6/8/12)=0/1/4/8 of 20
t=30000  N=18986  holderDeg=9  probe(ttl4/6/8/12)=0/1/6/12 of 20
t=29600  N=18820  holderDeg=3  probe(ttl4/6/8/12)=0/0/3/4 of 20
t=29000  N=18552  holderDeg=25  probe(ttl4/6/8/12)=0/5/14/18 of 20
t=30600  N=19143  holderDeg=3  probe(ttl4/6/8/12)=0/1/3/13 of 20
t=30000  N=19057  holderDeg=3  probe(ttl4/6/8/12)=0/0/0/1 of 20
t=30000  N=19035  holderDeg=3  probe(ttl4/6/8/12)=0/1/3/8 of 20
t=30200  N=19048  holderDeg=9  probe(ttl4/6/8/12)=0/4/7/14 of 20
t=29800  N=18879  holderDeg=3  probe(ttl4/6/8/12)=0/0/1/6 of 20
t=29200  N=18617  holderDeg=25  probe(ttl4/6/8/12)=0/3/13/20 of 20
t=30800  N=19210  holderDeg=3  probe(ttl4/6/8/12)=0/1/5/6 of 20
t=30200  N=19091  holderDeg=3  probe(ttl4/6/8/12)=1/0/2/8 of 20
t=30200  N=19121  holderDeg=3  probe(ttl4/6/8/12)=0/0/2/2 of 20
t=30000  N=18938  holderDeg=3  probe(ttl4/6/8/12)=0/0/2/4 of 20
t=30400  N=19120  holderDeg=9  probe(ttl4/6/8/12)=0/3/4/12 of 20
t=29400  N=18683  holderDeg=25  probe(ttl4/6/8/12)=0/1/16/20 of 20
t=31000  N=19279  holderDeg=3  probe(ttl4/6/8/12)=0/0/3/4 of 20
t=30400  N=19145  holderDeg=3  probe(ttl4/6/8/12)=0/0/7/10 of 20
t=30400  N=19187  holderDeg=3  probe(ttl4/6/8/12)=0/0/1/2 of 20
t=30600  N=19175  holderDeg=9  probe(ttl4/6/8/12)=0/2/7/15 of 20
t=30200  N=18996  holderDeg=3  probe(ttl4/6/8/12)=0/1/4/4 of 20
t=29600  N=18746  holderDeg=25  probe(ttl4/6/8/12)=1/4/15/20 of 20
t=30600  N=19199  holderDeg=3  probe(ttl4/6/8/12)=0/1/1/3 of 20
t=31200  N=19340  holderDeg=3  probe(ttl4/6/8/12)=0/0/2/8 of 20
t=30600  N=19245  holderDeg=3  probe(ttl4/6/8/12)=0/0/0/3 of 20
t=30400  N=19056  holderDeg=3  probe(ttl4/6/8/12)=0/1/1/7 of 20
t=29800  N=18810  holderDeg=25  probe(ttl4/6/8/12)=0/6/12/20 of 20
t=31400  N=19402  holderDeg=3  probe(ttl4/6/8/12)=0/1/3/8 of 20
t=30800  N=19249  holderDeg=3  probe(ttl4/6/8/12)=0/0/5/6 of 20
t=30800  N=19305  holderDeg=3  probe(ttl4/6/8/12)=0/0/2/0 of 20
t=30600  N=19111  holderDeg=3  probe(ttl4/6/8/12)=0/0/1/5 of 20
t=30000  N=18864  holderDeg=25  probe(ttl4/6/8/12)=0/3/12/20 of 20
t=31600  N=19458  holderDeg=3  probe(ttl4/6/8/12)=0/1/2/7 of 20
t=30800  N=19232  holderDeg=9  probe(ttl4/6/8/12)=0/1/4/13 of 20
t=31000  N=19363  holderDeg=3  probe(ttl4/6/8/12)=0/0/1/1 of 20
t=31000  N=19308  holderDeg=3  probe(ttl4/6/8/12)=0/0/2/8 of 20
t=30800  N=19179  holderDeg=3  probe(ttl4/6/8/12)=0/0/0/5 of 20
t=30200  N=18929  holderDeg=25  probe(ttl4/6/8/12)=0/5/10/20 of 20
t=31000  N=19282  holderDeg=9  probe(ttl4/6/8/12)=0/0/9/14 of 20
t=31800  N=19521  holderDeg=3  probe(ttl4/6/8/12)=0/1/3/10 of 20
t=31200  N=19418  holderDeg=3  probe(ttl4/6/8/12)=0/0/1/1 of 20
t=31200  N=19373  holderDeg=3  probe(ttl4/6/8/12)=0/0/3/10 of 20
t=31000  N=19242  holderDeg=3  probe(ttl4/6/8/12)=0/1/2/6 of 20
t=31200  N=19344  holderDeg=9  probe(ttl4/6/8/12)=0/0/3/12 of 20
t=32000  N=19587  holderDeg=3  probe(ttl4/6/8/12)=0/1/1/5 of 20
t=31400  N=19475  holderDeg=3  probe(ttl4/6/8/12)=0/0/2/2 of 20
t=31400  N=19439  holderDeg=3  probe(ttl4/6/8/12)=0/0/2/6 of 20
t=30400  N=18990  holderDeg=25  probe(ttl4/6/8/12)=1/3/8/19 of 20

 Plateau completed at t=32149


================ trendplat  seed=7  (Pp=100 Pd=0 Pt=25000 rewire=True k=5 c=2 eps=0,02 qmax=0,2 N=10000 theta=6 crash=0 shape=3 multi=5 randrw=0 oracle=False fixedthr=0 rules=7 cooper=False dmax=160 mu=1 noscale=False plateau=18000) ================
t=200  N=209  holderDeg=-1  probe(ttl4/6/8/12)=0/0/0/0 of 20
t=400  N=409  holderDeg=-1  probe(ttl4/6/8/12)=0/0/0/0 of 20
t=600  N=609  holderDeg=-1  probe(ttl4/6/8/12)=0/0/0/0 of 20
t=800  N=809  holderDeg=-1  probe(ttl4/6/8/12)=0/0/0/0 of 20
t=1000  N=1009  holderDeg=-1  probe(ttl4/6/8/12)=0/0/0/0 of 20
t=1200  N=1209  holderDeg=-1  probe(ttl4/6/8/12)=0/0/0/0 of 20
t=1400  N=1409  holderDeg=-1  probe(ttl4/6/8/12)=0/0/0/0 of 20
t=1600  N=1609  holderDeg=-1  probe(ttl4/6/8/12)=0/0/0/0 of 20
t=31200  N=19300  holderDeg=3  probe(ttl4/6/8/12)=0/1/0/0 of 20
t=1800  N=1809  holderDeg=-1  probe(ttl4/6/8/12)=0/0/0/0 of 20
t=2000  N=2009  holderDeg=-1  probe(ttl4/6/8/12)=0/0/0/0 of 20
t=2200  N=2209  holderDeg=-1  probe(ttl4/6/8/12)=0/0/0/0 of 20
t=31400  N=19408  holderDeg=9  probe(ttl4/6/8/12)=0/2/6/10 of 20
t=31600  N=19514  holderDeg=3  probe(ttl4/6/8/12)=0/0/1/4 of 20
t=2400  N=2409  holderDeg=-1  probe(ttl4/6/8/12)=0/0/0/0 of 20
t=31600  N=19527  holderDeg=3  probe(ttl4/6/8/12)=1/2/0/2 of 20
t=2600  N=2609  holderDeg=-1  probe(ttl4/6/8/12)=0/0/0/0 of 20
t=2800  N=2809  holderDeg=-1  probe(ttl4/6/8/12)=0/0/0/0 of 20
t=30600  N=19046  holderDeg=25  probe(ttl4/6/8/12)=0/3/14/20 of 20
t=3000  N=3009  holderDeg=-1  probe(ttl4/6/8/12)=0/0/0/0 of 20
t=3200  N=3209  holderDeg=-1  probe(ttl4/6/8/12)=0/0/0/0 of 20
t=31400  N=19352  holderDeg=3  probe(ttl4/6/8/12)=1/0/2/11 of 20
t=3400  N=3409  holderDeg=-1  probe(ttl4/6/8/12)=0/0/0/0 of 20
t=3600  N=3609  holderDeg=-1  probe(ttl4/6/8/12)=0/0/0/0 of 20
t=3800  N=3809  holderDeg=-1  probe(ttl4/6/8/12)=0/0/0/0 of 20
t=31800  N=19569  holderDeg=3  probe(ttl4/6/8/12)=0/0/4/7 of 20
t=4000  N=4009  holderDeg=-1  probe(ttl4/6/8/12)=0/0/0/0 of 20
t=31800  N=19585  holderDeg=3  probe(ttl4/6/8/12)=0/0/0/1 of 20
t=4200  N=4209  holderDeg=-1  probe(ttl4/6/8/12)=0/0/0/0 of 20
t=31600  N=19469  holderDeg=9  probe(ttl4/6/8/12)=0/2/6/12 of 20
t=4400  N=4409  holderDeg=-1  probe(ttl4/6/8/12)=0/0/0/0 of 20
t=31600  N=19407  holderDeg=3  probe(ttl4/6/8/12)=0/0/6/5 of 20
t=4600  N=4609  holderDeg=-1  probe(ttl4/6/8/12)=0/0/0/0 of 20
t=4800  N=4809  holderDeg=-1  probe(ttl4/6/8/12)=0/0/0/0 of 20
t=5000  N=5009  holderDeg=-1  probe(ttl4/6/8/12)=0/0/0/0 of 20
t=31800  N=19524  holderDeg=9  probe(ttl4/6/8/12)=0/1/8/13 of 20
t=5200  N=5209  holderDeg=-1  probe(ttl4/6/8/12)=0/0/0/0 of 20
t=32000  N=19637  holderDeg=3  probe(ttl4/6/8/12)=0/0/1/5 of 20
t=30800  N=19105  holderDeg=25  probe(ttl4/6/8/12)=0/3/13/18 of 20
t=32000  N=19652  holderDeg=3  probe(ttl4/6/8/12)=0/2/0/1 of 20
t=5400  N=5409  holderDeg=-1  probe(ttl4/6/8/12)=0/0/0/0 of 20
t=5600  N=5609  holderDeg=-1  probe(ttl4/6/8/12)=0/0/0/0 of 20
t=31800  N=19461  holderDeg=3  probe(ttl4/6/8/12)=0/0/0/3 of 20
t=5800  N=5809  holderDeg=-1  probe(ttl4/6/8/12)=0/0/0/0 of 20
t=6000  N=6009  holderDeg=-1  probe(ttl4/6/8/12)=0/0/0/0 of 20
t=32200  N=19705  holderDeg=3  probe(ttl4/6/8/12)=0/0/2/10 of 20
t=32000  N=19579  holderDeg=9  probe(ttl4/6/8/12)=0/1/5/15 of 20
t=6200  N=6209  holderDeg=-1  probe(ttl4/6/8/12)=0/0/0/0 of 20
t=32200  N=19711  holderDeg=3  probe(ttl4/6/8/12)=0/1/0/2 of 20
t=31000  N=19159  holderDeg=25  probe(ttl4/6/8/12)=0/6/16/20 of 20

 Plateau completed at t=32302

t=32000  N=19513  holderDeg=3  probe(ttl4/6/8/12)=1/0/2/3 of 20
t=6400  N=6409  holderDeg=-1  probe(ttl4/6/8/12)=0/0/0/0 of 20

================ popplat  seed=7  (Pp=100 Pd=0 Pt=0 rewire=False k=5 c=2 eps=0,02 qmax=0,2 N=10000 theta=6 crash=0 shape=3 multi=5 randrw=0 oracle=False fixedthr=0 rules=7 cooper=False dmax=160 mu=1 noscale=False plateau=18000) ================
t=200  N=209  holderDeg=-1  probe(ttl4/6/8/12)=0/0/0/0 of 20
t=400  N=409  holderDeg=-1  probe(ttl4/6/8/12)=0/0/0/0 of 20
t=600  N=609  holderDeg=-1  probe(ttl4/6/8/12)=0/0/0/0 of 20
t=800  N=809  holderDeg=-1  probe(ttl4/6/8/12)=0/0/0/0 of 20
t=1000  N=1009  holderDeg=-1  probe(ttl4/6/8/12)=0/0/0/0 of 20
t=1200  N=1209  holderDeg=-1  probe(ttl4/6/8/12)=0/0/0/0 of 20
t=6600  N=6609  holderDeg=-1  probe(ttl4/6/8/12)=0/0/0/0 of 20

 Plateau completed at t=32325


 Plateau completed at t=32197

t=1400  N=1409  holderDeg=-1  probe(ttl4/6/8/12)=0/0/0/0 of 20

================ trendplat  seed=8  (Pp=100 Pd=0 Pt=25000 rewire=True k=5 c=2 eps=0,02 qmax=0,2 N=10000 theta=6 crash=0 shape=3 multi=5 randrw=0 oracle=False fixedthr=0 rules=7 cooper=False dmax=160 mu=1 noscale=False plateau=18000) ================

================ popplat  seed=8  (Pp=100 Pd=0 Pt=0 rewire=False k=5 c=2 eps=0,02 qmax=0,2 N=10000 theta=6 crash=0 shape=3 multi=5 randrw=0 oracle=False fixedthr=0 rules=7 cooper=False dmax=160 mu=1 noscale=False plateau=18000) ================
t=200  N=209  holderDeg=-1  probe(ttl4/6/8/12)=0/0/0/0 of 20
t=200  N=209  holderDeg=-1  probe(ttl4/6/8/12)=0/0/0/0 of 20
t=1600  N=1609  holderDeg=-1  probe(ttl4/6/8/12)=0/0/0/0 of 20
t=400  N=409  holderDeg=-1  probe(ttl4/6/8/12)=0/0/0/0 of 20
t=400  N=409  holderDeg=-1  probe(ttl4/6/8/12)=0/0/0/0 of 20
t=600  N=609  holderDeg=-1  probe(ttl4/6/8/12)=0/0/0/0 of 20
t=600  N=609  holderDeg=-1  probe(ttl4/6/8/12)=0/0/0/0 of 20
t=1800  N=1809  holderDeg=-1  probe(ttl4/6/8/12)=0/0/0/0 of 20
t=800  N=809  holderDeg=-1  probe(ttl4/6/8/12)=0/0/0/0 of 20
t=800  N=809  holderDeg=-1  probe(ttl4/6/8/12)=0/0/0/0 of 20
t=1000  N=1009  holderDeg=-1  probe(ttl4/6/8/12)=0/0/0/0 of 20
t=2000  N=2009  holderDeg=-1  probe(ttl4/6/8/12)=0/0/0/0 of 20
t=1000  N=1009  holderDeg=-1  probe(ttl4/6/8/12)=0/0/0/0 of 20
t=6800  N=6809  holderDeg=-1  probe(ttl4/6/8/12)=0/0/0/0 of 20
t=1200  N=1209  holderDeg=-1  probe(ttl4/6/8/12)=0/0/0/0 of 20
t=1200  N=1209  holderDeg=-1  probe(ttl4/6/8/12)=0/0/0/0 of 20
t=2200  N=2209  holderDeg=-1  probe(ttl4/6/8/12)=0/0/0/0 of 20
t=1400  N=1409  holderDeg=-1  probe(ttl4/6/8/12)=0/0/0/0 of 20
t=31200  N=19218  holderDeg=25  probe(ttl4/6/8/12)=1/2/9/20 of 20
t=1400  N=1409  holderDeg=-1  probe(ttl4/6/8/12)=0/0/0/0 of 20
t=1600  N=1609  holderDeg=-1  probe(ttl4/6/8/12)=0/0/0/0 of 20
t=1600  N=1609  holderDeg=-1  probe(ttl4/6/8/12)=0/0/0/0 of 20
t=2400  N=2409  holderDeg=-1  probe(ttl4/6/8/12)=0/0/0/0 of 20
t=1800  N=1809  holderDeg=-1  probe(ttl4/6/8/12)=0/0/0/0 of 20
t=1800  N=1809  holderDeg=-1  probe(ttl4/6/8/12)=0/0/0/0 of 20
t=7000  N=7009  holderDeg=-1  probe(ttl4/6/8/12)=0/0/0/0 of 20
t=2600  N=2609  holderDeg=-1  probe(ttl4/6/8/12)=0/0/0/0 of 20
t=2000  N=2009  holderDeg=-1  probe(ttl4/6/8/12)=0/0/0/0 of 20
t=2000  N=2009  holderDeg=-1  probe(ttl4/6/8/12)=0/0/0/0 of 20
t=2200  N=2209  holderDeg=-1  probe(ttl4/6/8/12)=0/0/0/0 of 20
t=2200  N=2209  holderDeg=-1  probe(ttl4/6/8/12)=0/0/0/0 of 20
t=2800  N=2809  holderDeg=-1  probe(ttl4/6/8/12)=0/0/0/0 of 20
t=2400  N=2409  holderDeg=-1  probe(ttl4/6/8/12)=0/0/0/0 of 20
t=7200  N=7209  holderDeg=-1  probe(ttl4/6/8/12)=0/0/0/0 of 20
t=3000  N=3009  holderDeg=-1  probe(ttl4/6/8/12)=0/0/0/0 of 20
t=2400  N=2409  holderDeg=-1  probe(ttl4/6/8/12)=0/0/0/0 of 20
t=2600  N=2609  holderDeg=-1  probe(ttl4/6/8/12)=0/0/0/0 of 20
t=2600  N=2609  holderDeg=-1  probe(ttl4/6/8/12)=0/0/0/0 of 20
t=3200  N=3209  holderDeg=-1  probe(ttl4/6/8/12)=0/0/0/0 of 20
t=32200  N=19646  holderDeg=9  probe(ttl4/6/8/12)=0/1/5/14 of 20
t=2800  N=2809  holderDeg=-1  probe(ttl4/6/8/12)=0/0/0/0 of 20
t=2800  N=2809  holderDeg=-1  probe(ttl4/6/8/12)=0/0/0/0 of 20
t=3400  N=3409  holderDeg=-1  probe(ttl4/6/8/12)=0/0/0/0 of 20
t=7400  N=7409  holderDeg=-1  probe(ttl4/6/8/12)=0/0/0/0 of 20
t=3000  N=3009  holderDeg=-1  probe(ttl4/6/8/12)=0/0/0/0 of 20
t=3000  N=3009  holderDeg=-1  probe(ttl4/6/8/12)=0/0/0/0 of 20

 Plateau completed at t=32296

t=3600  N=3609  holderDeg=-1  probe(ttl4/6/8/12)=0/0/0/0 of 20

================ trendplat  seed=9  (Pp=100 Pd=0 Pt=25000 rewire=True k=5 c=2 eps=0,02 qmax=0,2 N=10000 theta=6 crash=0 shape=3 multi=5 randrw=0 oracle=False fixedthr=0 rules=7 cooper=False dmax=160 mu=1 noscale=False plateau=18000) ================
t=200  N=209  holderDeg=-1  probe(ttl4/6/8/12)=0/0/0/0 of 20
t=3200  N=3209  holderDeg=-1  probe(ttl4/6/8/12)=0/0/0/0 of 20
t=400  N=409  holderDeg=-1  probe(ttl4/6/8/12)=0/0/0/0 of 20
t=3200  N=3209  holderDeg=-1  probe(ttl4/6/8/12)=0/0/0/0 of 20
t=600  N=609  holderDeg=-1  probe(ttl4/6/8/12)=0/0/0/0 of 20
t=7600  N=7609  holderDeg=-1  probe(ttl4/6/8/12)=0/0/0/0 of 20
t=3800  N=3809  holderDeg=-1  probe(ttl4/6/8/12)=0/0/0/0 of 20
t=800  N=809  holderDeg=-1  probe(ttl4/6/8/12)=0/0/0/0 of 20
t=3400  N=3409  holderDeg=-1  probe(ttl4/6/8/12)=0/0/0/0 of 20
t=1000  N=1009  holderDeg=-1  probe(ttl4/6/8/12)=0/0/0/0 of 20
t=4000  N=4009  holderDeg=-1  probe(ttl4/6/8/12)=0/0/0/0 of 20
t=3400  N=3409  holderDeg=-1  probe(ttl4/6/8/12)=0/0/0/0 of 20
t=3600  N=3609  holderDeg=-1  probe(ttl4/6/8/12)=0/0/0/0 of 20
t=1200  N=1209  holderDeg=-1  probe(ttl4/6/8/12)=0/0/0/0 of 20
t=31400  N=19279  holderDeg=25  probe(ttl4/6/8/12)=0/3/12/20 of 20
t=1400  N=1409  holderDeg=-1  probe(ttl4/6/8/12)=0/0/0/0 of 20
t=4200  N=4209  holderDeg=-1  probe(ttl4/6/8/12)=0/0/0/0 of 20
t=7800  N=7809  holderDeg=-1  probe(ttl4/6/8/12)=0/0/0/0 of 20
t=3600  N=3609  holderDeg=-1  probe(ttl4/6/8/12)=0/0/0/0 of 20
t=1600  N=1609  holderDeg=-1  probe(ttl4/6/8/12)=0/0/0/0 of 20
t=3800  N=3809  holderDeg=-1  probe(ttl4/6/8/12)=0/0/0/0 of 20
t=1800  N=1809  holderDeg=-1  probe(ttl4/6/8/12)=0/0/0/0 of 20
t=4400  N=4409  holderDeg=-1  probe(ttl4/6/8/12)=0/0/0/0 of 20
t=4000  N=4009  holderDeg=-1  probe(ttl4/6/8/12)=0/0/0/0 of 20
t=2000  N=2009  holderDeg=-1  probe(ttl4/6/8/12)=0/0/0/0 of 20
t=3800  N=3809  holderDeg=-1  probe(ttl4/6/8/12)=0/0/0/0 of 20
t=2200  N=2209  holderDeg=-1  probe(ttl4/6/8/12)=0/0/0/0 of 20
t=4200  N=4209  holderDeg=-1  probe(ttl4/6/8/12)=0/0/0/0 of 20
t=4600  N=4609  holderDeg=-1  probe(ttl4/6/8/12)=0/0/0/0 of 20
t=2400  N=2409  holderDeg=-1  probe(ttl4/6/8/12)=0/0/0/0 of 20
t=4000  N=4009  holderDeg=-1  probe(ttl4/6/8/12)=0/0/0/0 of 20
t=8000  N=8009  holderDeg=-1  probe(ttl4/6/8/12)=0/0/0/0 of 20
t=2600  N=2609  holderDeg=-1  probe(ttl4/6/8/12)=0/0/0/0 of 20
t=4800  N=4809  holderDeg=-1  probe(ttl4/6/8/12)=0/0/0/0 of 20
t=4400  N=4409  holderDeg=-1  probe(ttl4/6/8/12)=0/0/0/0 of 20
t=2800  N=2809  holderDeg=-1  probe(ttl4/6/8/12)=0/0/0/0 of 20
t=4200  N=4209  holderDeg=-1  probe(ttl4/6/8/12)=0/0/0/0 of 20
t=3000  N=3009  holderDeg=-1  probe(ttl4/6/8/12)=0/0/0/0 of 20
t=4600  N=4609  holderDeg=-1  probe(ttl4/6/8/12)=0/0/0/0 of 20
t=5000  N=5009  holderDeg=-1  probe(ttl4/6/8/12)=0/0/0/0 of 20
t=4400  N=4409  holderDeg=-1  probe(ttl4/6/8/12)=0/0/0/0 of 20
t=3200  N=3209  holderDeg=-1  probe(ttl4/6/8/12)=0/0/0/0 of 20
t=8200  N=8209  holderDeg=-1  probe(ttl4/6/8/12)=0/0/0/0 of 20
t=4800  N=4809  holderDeg=-1  probe(ttl4/6/8/12)=0/0/0/0 of 20
t=4600  N=4609  holderDeg=-1  probe(ttl4/6/8/12)=0/0/0/0 of 20
t=5200  N=5209  holderDeg=-1  probe(ttl4/6/8/12)=0/0/0/0 of 20
t=3400  N=3409  holderDeg=-1  probe(ttl4/6/8/12)=0/0/0/0 of 20
t=31600  N=19344  holderDeg=25  probe(ttl4/6/8/12)=0/5/13/18 of 20
t=5000  N=5009  holderDeg=-1  probe(ttl4/6/8/12)=0/0/0/0 of 20
t=5400  N=5409  holderDeg=-1  probe(ttl4/6/8/12)=0/0/0/0 of 20
t=3600  N=3609  holderDeg=-1  probe(ttl4/6/8/12)=0/0/0/0 of 20
t=4800  N=4809  holderDeg=-1  probe(ttl4/6/8/12)=0/0/0/0 of 20
t=5600  N=5609  holderDeg=-1  probe(ttl4/6/8/12)=0/0/0/0 of 20
t=8400  N=8409  holderDeg=-1  probe(ttl4/6/8/12)=0/0/0/0 of 20
t=5200  N=5209  holderDeg=-1  probe(ttl4/6/8/12)=0/0/0/0 of 20
t=3800  N=3809  holderDeg=-1  probe(ttl4/6/8/12)=0/0/0/0 of 20
t=5000  N=5009  holderDeg=-1  probe(ttl4/6/8/12)=0/0/0/0 of 20
t=5800  N=5809  holderDeg=-1  probe(ttl4/6/8/12)=0/0/0/0 of 20
t=4000  N=4009  holderDeg=-1  probe(ttl4/6/8/12)=0/0/0/0 of 20
t=5200  N=5209  holderDeg=-1  probe(ttl4/6/8/12)=0/0/0/0 of 20
t=5400  N=5409  holderDeg=-1  probe(ttl4/6/8/12)=0/0/0/0 of 20
t=5400  N=5409  holderDeg=-1  probe(ttl4/6/8/12)=0/0/0/0 of 20
t=8600  N=8609  holderDeg=-1  probe(ttl4/6/8/12)=0/0/0/0 of 20
t=6000  N=6009  holderDeg=-1  probe(ttl4/6/8/12)=0/0/0/0 of 20
t=4200  N=4209  holderDeg=-1  probe(ttl4/6/8/12)=0/0/0/0 of 20
t=5600  N=5609  holderDeg=-1  probe(ttl4/6/8/12)=0/0/0/0 of 20
t=4400  N=4409  holderDeg=-1  probe(ttl4/6/8/12)=0/0/0/0 of 20
t=5600  N=5609  holderDeg=-1  probe(ttl4/6/8/12)=0/0/0/0 of 20
t=5800  N=5809  holderDeg=-1  probe(ttl4/6/8/12)=0/0/0/0 of 20
t=31800  N=19416  holderDeg=25  probe(ttl4/6/8/12)=0/3/16/20 of 20
t=6200  N=6209  holderDeg=-1  probe(ttl4/6/8/12)=0/0/0/0 of 20
t=4600  N=4609  holderDeg=-1  probe(ttl4/6/8/12)=0/0/0/0 of 20
t=8800  N=8809  holderDeg=-1  probe(ttl4/6/8/12)=0/0/0/0 of 20
t=5800  N=5809  holderDeg=-1  probe(ttl4/6/8/12)=0/0/0/0 of 20
t=6400  N=6409  holderDeg=-1  probe(ttl4/6/8/12)=0/0/0/0 of 20
t=6000  N=6009  holderDeg=-1  probe(ttl4/6/8/12)=0/0/0/0 of 20
t=4800  N=4809  holderDeg=-1  probe(ttl4/6/8/12)=0/0/0/0 of 20
t=6200  N=6209  holderDeg=-1  probe(ttl4/6/8/12)=0/0/0/0 of 20
t=5000  N=5009  holderDeg=-1  probe(ttl4/6/8/12)=0/0/0/0 of 20
t=6000  N=6009  holderDeg=-1  probe(ttl4/6/8/12)=0/0/0/0 of 20
t=6600  N=6609  holderDeg=-1  probe(ttl4/6/8/12)=0/0/0/0 of 20
t=9000  N=9009  holderDeg=-1  probe(ttl4/6/8/12)=0/0/0/0 of 20
t=6400  N=6409  holderDeg=-1  probe(ttl4/6/8/12)=0/0/0/0 of 20
t=6200  N=6209  holderDeg=-1  probe(ttl4/6/8/12)=0/0/0/0 of 20
t=6800  N=6809  holderDeg=-1  probe(ttl4/6/8/12)=0/0/0/0 of 20
t=5200  N=5209  holderDeg=-1  probe(ttl4/6/8/12)=0/0/0/0 of 20
t=5400  N=5409  holderDeg=-1  probe(ttl4/6/8/12)=0/0/0/0 of 20
t=6400  N=6409  holderDeg=-1  probe(ttl4/6/8/12)=0/0/0/0 of 20
t=6600  N=6609  holderDeg=-1  probe(ttl4/6/8/12)=0/0/0/0 of 20
t=9200  N=9209  holderDeg=-1  probe(ttl4/6/8/12)=0/0/0/0 of 20
t=7000  N=7009  holderDeg=-1  probe(ttl4/6/8/12)=0/0/0/0 of 20
t=6600  N=6609  holderDeg=-1  probe(ttl4/6/8/12)=0/0/0/0 of 20
t=5600  N=5609  holderDeg=-1  probe(ttl4/6/8/12)=0/0/0/0 of 20
t=6800  N=6809  holderDeg=-1  probe(ttl4/6/8/12)=0/0/0/0 of 20
t=32000  N=19482  holderDeg=25  probe(ttl4/6/8/12)=1/5/14/19 of 20
t=7200  N=7209  holderDeg=-1  probe(ttl4/6/8/12)=0/0/0/0 of 20
t=9400  N=9409  holderDeg=-1  probe(ttl4/6/8/12)=0/0/0/0 of 20
t=6800  N=6809  holderDeg=-1  probe(ttl4/6/8/12)=0/0/0/0 of 20
t=5800  N=5809  holderDeg=-1  probe(ttl4/6/8/12)=0/0/0/0 of 20
t=7000  N=7009  holderDeg=-1  probe(ttl4/6/8/12)=0/0/0/0 of 20
t=6000  N=6009  holderDeg=-1  probe(ttl4/6/8/12)=0/0/0/0 of 20
t=7000  N=7009  holderDeg=-1  probe(ttl4/6/8/12)=0/0/0/0 of 20
t=9600  N=9609  holderDeg=-1  probe(ttl4/6/8/12)=0/0/0/0 of 20
t=7400  N=7409  holderDeg=-1  probe(ttl4/6/8/12)=0/0/0/0 of 20
t=6200  N=6209  holderDeg=-1  probe(ttl4/6/8/12)=0/0/0/0 of 20
t=7200  N=7209  holderDeg=-1  probe(ttl4/6/8/12)=0/0/0/0 of 20
t=7200  N=7209  holderDeg=-1  probe(ttl4/6/8/12)=0/0/0/0 of 20
t=7600  N=7609  holderDeg=-1  probe(ttl4/6/8/12)=0/0/0/0 of 20
t=32200  N=19539  holderDeg=25  probe(ttl4/6/8/12)=0/4/15/20 of 20

 Plateau completed at t=32200

t=9800  N=9809  holderDeg=-1  probe(ttl4/6/8/12)=0/0/0/0 of 20

================ popplat  seed=9  (Pp=100 Pd=0 Pt=0 rewire=False k=5 c=2 eps=0,02 qmax=0,2 N=10000 theta=6 crash=0 shape=3 multi=5 randrw=0 oracle=False fixedthr=0 rules=7 cooper=False dmax=160 mu=1 noscale=False plateau=18000) ================
t=6400  N=6409  holderDeg=-1  probe(ttl4/6/8/12)=0/0/0/0 of 20
t=200  N=209  holderDeg=-1  probe(ttl4/6/8/12)=0/0/0/0 of 20
t=400  N=409  holderDeg=-1  probe(ttl4/6/8/12)=0/0/0/0 of 20
t=600  N=609  holderDeg=-1  probe(ttl4/6/8/12)=0/0/0/0 of 20
t=7400  N=7409  holderDeg=-1  probe(ttl4/6/8/12)=0/0/0/0 of 20
t=7400  N=7409  holderDeg=-1  probe(ttl4/6/8/12)=0/0/0/0 of 20
t=800  N=809  holderDeg=-1  probe(ttl4/6/8/12)=0/0/0/0 of 20
t=1000  N=1009  holderDeg=-1  probe(ttl4/6/8/12)=0/0/0/0 of 20
t=1200  N=1209  holderDeg=-1  probe(ttl4/6/8/12)=0/0/0/0 of 20
t=1400  N=1409  holderDeg=-1  probe(ttl4/6/8/12)=0/0/0/0 of 20
t=10000  N=10009  holderDeg=-1  probe(ttl4/6/8/12)=0/0/0/0 of 20
t=6600  N=6609  holderDeg=-1  probe(ttl4/6/8/12)=0/0/0/0 of 20
t=7600  N=7609  holderDeg=-1  probe(ttl4/6/8/12)=0/0/0/0 of 20
t=1600  N=1609  holderDeg=-1  probe(ttl4/6/8/12)=0/0/0/0 of 20
t=7600  N=7609  holderDeg=-1  probe(ttl4/6/8/12)=0/0/0/0 of 20
t=7800  N=7809  holderDeg=-1  probe(ttl4/6/8/12)=0/0/0/0 of 20
t=1800  N=1809  holderDeg=-1  probe(ttl4/6/8/12)=0/0/0/0 of 20
t=2000  N=2009  holderDeg=-1  probe(ttl4/6/8/12)=0/0/0/0 of 20
t=6800  N=6809  holderDeg=-1  probe(ttl4/6/8/12)=0/0/0/0 of 20
t=7800  N=7809  holderDeg=-1  probe(ttl4/6/8/12)=0/0/0/0 of 20
t=2200  N=2209  holderDeg=-1  probe(ttl4/6/8/12)=0/0/0/0 of 20
t=7800  N=7809  holderDeg=-1  probe(ttl4/6/8/12)=0/0/0/0 of 20
t=8000  N=8009  holderDeg=-1  probe(ttl4/6/8/12)=0/0/0/0 of 20
t=2400  N=2409  holderDeg=-1  probe(ttl4/6/8/12)=0/0/0/0 of 20
t=10200  N=10209  holderDeg=-1  probe(ttl4/6/8/12)=0/0/0/0 of 20
t=2600  N=2609  holderDeg=-1  probe(ttl4/6/8/12)=0/0/0/0 of 20
t=7000  N=7009  holderDeg=-1  probe(ttl4/6/8/12)=0/0/0/0 of 20
t=2800  N=2809  holderDeg=-1  probe(ttl4/6/8/12)=0/0/0/0 of 20
t=8200  N=8209  holderDeg=-1  probe(ttl4/6/8/12)=0/0/0/0 of 20
t=3000  N=3009  holderDeg=-1  probe(ttl4/6/8/12)=0/0/0/0 of 20
t=8000  N=8009  holderDeg=-1  probe(ttl4/6/8/12)=0/0/0/0 of 20
t=8000  N=8009  holderDeg=-1  probe(ttl4/6/8/12)=0/0/0/0 of 20
t=7200  N=7209  holderDeg=-1  probe(ttl4/6/8/12)=0/0/0/0 of 20
t=3200  N=3209  holderDeg=-1  probe(ttl4/6/8/12)=0/0/0/0 of 20
t=8400  N=8409  holderDeg=-1  probe(ttl4/6/8/12)=0/0/0/0 of 20
t=3400  N=3409  holderDeg=-1  probe(ttl4/6/8/12)=0/0/0/0 of 20
t=7400  N=7409  holderDeg=-1  probe(ttl4/6/8/12)=0/0/0/0 of 20
t=8200  N=8209  holderDeg=-1  probe(ttl4/6/8/12)=0/0/0/0 of 20
t=10400  N=10409  holderDeg=-1  probe(ttl4/6/8/12)=0/0/0/0 of 20
t=8200  N=8209  holderDeg=-1  probe(ttl4/6/8/12)=0/0/0/0 of 20
t=3600  N=3609  holderDeg=-1  probe(ttl4/6/8/12)=0/0/0/0 of 20
t=7600  N=7609  holderDeg=-1  probe(ttl4/6/8/12)=0/0/0/0 of 20
t=3800  N=3809  holderDeg=-1  probe(ttl4/6/8/12)=0/0/0/0 of 20
t=8600  N=8609  holderDeg=-1  probe(ttl4/6/8/12)=0/0/0/0 of 20
t=8400  N=8409  holderDeg=-1  probe(ttl4/6/8/12)=0/0/0/0 of 20
t=8400  N=8409  holderDeg=-1  probe(ttl4/6/8/12)=0/0/0/0 of 20
t=10600  N=10609  holderDeg=-1  probe(ttl4/6/8/12)=0/0/0/0 of 20
t=4000  N=4009  holderDeg=-1  probe(ttl4/6/8/12)=0/0/0/0 of 20
t=7800  N=7809  holderDeg=-1  probe(ttl4/6/8/12)=0/0/0/0 of 20
t=4200  N=4209  holderDeg=-1  probe(ttl4/6/8/12)=0/0/0/0 of 20
t=8800  N=8809  holderDeg=-1  probe(ttl4/6/8/12)=0/0/0/0 of 20
t=8600  N=8609  holderDeg=-1  probe(ttl4/6/8/12)=0/0/0/0 of 20
t=8600  N=8609  holderDeg=-1  probe(ttl4/6/8/12)=0/0/0/0 of 20
t=8000  N=8009  holderDeg=-1  probe(ttl4/6/8/12)=0/0/0/0 of 20
t=4400  N=4409  holderDeg=-1  probe(ttl4/6/8/12)=0/0/0/0 of 20
t=10800  N=10809  holderDeg=-1  probe(ttl4/6/8/12)=0/0/0/0 of 20
t=9000  N=9009  holderDeg=-1  probe(ttl4/6/8/12)=0/0/0/0 of 20
t=4600  N=4609  holderDeg=-1  probe(ttl4/6/8/12)=0/0/0/0 of 20
t=8800  N=8809  holderDeg=-1  probe(ttl4/6/8/12)=0/0/0/0 of 20
t=4800  N=4809  holderDeg=-1  probe(ttl4/6/8/12)=0/0/0/0 of 20
t=8800  N=8809  holderDeg=-1  probe(ttl4/6/8/12)=0/0/0/0 of 20
t=9200  N=9209  holderDeg=-1  probe(ttl4/6/8/12)=0/0/0/0 of 20
t=8200  N=8209  holderDeg=-1  probe(ttl4/6/8/12)=0/0/0/0 of 20
t=5000  N=5009  holderDeg=-1  probe(ttl4/6/8/12)=0/0/0/0 of 20
t=11000  N=11009  holderDeg=-1  probe(ttl4/6/8/12)=0/0/0/0 of 20
t=9000  N=9009  holderDeg=-1  probe(ttl4/6/8/12)=0/0/0/0 of 20
t=5200  N=5209  holderDeg=-1  probe(ttl4/6/8/12)=0/0/0/0 of 20
t=9000  N=9009  holderDeg=-1  probe(ttl4/6/8/12)=0/0/0/0 of 20
t=8400  N=8409  holderDeg=-1  probe(ttl4/6/8/12)=0/0/0/0 of 20
t=9400  N=9409  holderDeg=-1  probe(ttl4/6/8/12)=0/0/0/0 of 20
t=5400  N=5409  holderDeg=-1  probe(ttl4/6/8/12)=0/0/0/0 of 20
t=11200  N=11209  holderDeg=-1  probe(ttl4/6/8/12)=0/0/0/0 of 20
t=9200  N=9209  holderDeg=-1  probe(ttl4/6/8/12)=0/0/0/0 of 20
t=9200  N=9209  holderDeg=-1  probe(ttl4/6/8/12)=0/0/0/0 of 20
t=5600  N=5609  holderDeg=-1  probe(ttl4/6/8/12)=0/0/0/0 of 20
t=8600  N=8609  holderDeg=-1  probe(ttl4/6/8/12)=0/0/0/0 of 20
t=9600  N=9609  holderDeg=-1  probe(ttl4/6/8/12)=0/0/0/0 of 20
t=11400  N=11409  holderDeg=-1  probe(ttl4/6/8/12)=0/0/0/0 of 20
t=5800  N=5809  holderDeg=-1  probe(ttl4/6/8/12)=0/0/0/0 of 20
t=9400  N=9409  holderDeg=-1  probe(ttl4/6/8/12)=0/0/0/0 of 20
t=8800  N=8809  holderDeg=-1  probe(ttl4/6/8/12)=0/0/0/0 of 20
t=9800  N=9809  holderDeg=-1  probe(ttl4/6/8/12)=0/0/0/0 of 20
t=6000  N=6009  holderDeg=-1  probe(ttl4/6/8/12)=0/0/0/0 of 20
t=9400  N=9409  holderDeg=-1  probe(ttl4/6/8/12)=0/0/0/0 of 20
t=9000  N=9009  holderDeg=-1  probe(ttl4/6/8/12)=0/0/0/0 of 20
t=9600  N=9609  holderDeg=-1  probe(ttl4/6/8/12)=0/0/0/0 of 20
t=11600  N=11609  holderDeg=-1  probe(ttl4/6/8/12)=0/0/0/0 of 20
t=6200  N=6209  holderDeg=-1  probe(ttl4/6/8/12)=0/0/0/0 of 20
t=10000  N=10009  holderDeg=-1  probe(ttl4/6/8/12)=0/0/0/0 of 20
t=9600  N=9609  holderDeg=-1  probe(ttl4/6/8/12)=0/0/0/0 of 20
t=6400  N=6409  holderDeg=-1  probe(ttl4/6/8/12)=0/0/0/0 of 20
t=9200  N=9209  holderDeg=-1  probe(ttl4/6/8/12)=0/0/0/0 of 20
t=9800  N=9809  holderDeg=-1  probe(ttl4/6/8/12)=0/0/0/0 of 20
t=11800  N=11809  holderDeg=-1  probe(ttl4/6/8/12)=0/0/0/0 of 20
t=10200  N=10209  holderDeg=-1  probe(ttl4/6/8/12)=0/0/0/0 of 20
t=6600  N=6609  holderDeg=-1  probe(ttl4/6/8/12)=0/0/0/0 of 20
t=9400  N=9409  holderDeg=-1  probe(ttl4/6/8/12)=0/0/0/0 of 20
t=6800  N=6809  holderDeg=-1  probe(ttl4/6/8/12)=0/0/0/0 of 20
t=10000  N=10009  holderDeg=-1  probe(ttl4/6/8/12)=0/0/0/0 of 20
t=9800  N=9809  holderDeg=-1  probe(ttl4/6/8/12)=0/0/0/0 of 20
t=10400  N=10409  holderDeg=-1  probe(ttl4/6/8/12)=0/0/0/0 of 20
t=12000  N=12009  holderDeg=-1  probe(ttl4/6/8/12)=0/0/0/0 of 20
t=9600  N=9609  holderDeg=-1  probe(ttl4/6/8/12)=0/0/0/0 of 20
t=7000  N=7009  holderDeg=-1  probe(ttl4/6/8/12)=0/0/0/0 of 20
t=10200  N=10209  holderDeg=-1  probe(ttl4/6/8/12)=0/0/0/0 of 20
t=10000  N=10009  holderDeg=-1  probe(ttl4/6/8/12)=0/0/0/0 of 20
t=10600  N=10609  holderDeg=-1  probe(ttl4/6/8/12)=0/0/0/0 of 20
t=7200  N=7209  holderDeg=-1  probe(ttl4/6/8/12)=0/0/0/0 of 20
t=12200  N=12209  holderDeg=-1  probe(ttl4/6/8/12)=0/0/0/0 of 20
t=7400  N=7409  holderDeg=-1  probe(ttl4/6/8/12)=0/0/0/0 of 20
t=9800  N=9809  holderDeg=-1  probe(ttl4/6/8/12)=0/0/0/0 of 20
t=10400  N=10409  holderDeg=-1  probe(ttl4/6/8/12)=0/0/0/0 of 20
t=10800  N=10809  holderDeg=-1  probe(ttl4/6/8/12)=0/0/0/0 of 20
t=10200  N=10209  holderDeg=-1  probe(ttl4/6/8/12)=0/0/0/0 of 20
t=7600  N=7609  holderDeg=-1  probe(ttl4/6/8/12)=0/0/0/0 of 20
t=10000  N=10009  holderDeg=-1  probe(ttl4/6/8/12)=0/0/0/0 of 20
t=10400  N=10409  holderDeg=-1  probe(ttl4/6/8/12)=0/0/0/0 of 20
t=10600  N=10609  holderDeg=-1  probe(ttl4/6/8/12)=0/0/0/0 of 20
t=11000  N=11009  holderDeg=-1  probe(ttl4/6/8/12)=0/0/0/0 of 20
t=7800  N=7809  holderDeg=-1  probe(ttl4/6/8/12)=0/0/0/0 of 20
t=12400  N=12409  holderDeg=-1  probe(ttl4/6/8/12)=0/0/0/0 of 20
t=10200  N=10209  holderDeg=-1  probe(ttl4/6/8/12)=0/0/0/0 of 20
t=10600  N=10609  holderDeg=-1  probe(ttl4/6/8/12)=0/0/0/0 of 20
t=8000  N=8009  holderDeg=-1  probe(ttl4/6/8/12)=0/0/0/0 of 20
t=11200  N=11209  holderDeg=-1  probe(ttl4/6/8/12)=0/0/0/0 of 20
t=10800  N=10809  holderDeg=-1  probe(ttl4/6/8/12)=0/0/0/0 of 20
t=8200  N=8209  holderDeg=-1  probe(ttl4/6/8/12)=0/0/0/0 of 20
t=10800  N=10809  holderDeg=-1  probe(ttl4/6/8/12)=0/0/0/0 of 20
t=12600  N=12609  holderDeg=-1  probe(ttl4/6/8/12)=0/0/0/0 of 20
t=10400  N=10409  holderDeg=-1  probe(ttl4/6/8/12)=0/0/0/0 of 20
t=8400  N=8409  holderDeg=-1  probe(ttl4/6/8/12)=0/0/0/0 of 20
t=11000  N=11009  holderDeg=-1  probe(ttl4/6/8/12)=0/0/0/0 of 20
t=11000  N=11009  holderDeg=-1  probe(ttl4/6/8/12)=0/0/0/0 of 20
t=11400  N=11409  holderDeg=-1  probe(ttl4/6/8/12)=0/0/0/0 of 20
t=12800  N=12809  holderDeg=-1  probe(ttl4/6/8/12)=0/0/0/0 of 20
t=10600  N=10609  holderDeg=-1  probe(ttl4/6/8/12)=0/0/0/0 of 20
t=8600  N=8609  holderDeg=-1  probe(ttl4/6/8/12)=0/0/0/0 of 20
t=11200  N=11209  holderDeg=-1  probe(ttl4/6/8/12)=0/0/0/0 of 20
t=11200  N=11209  holderDeg=-1  probe(ttl4/6/8/12)=0/0/0/0 of 20
t=10800  N=10809  holderDeg=-1  probe(ttl4/6/8/12)=0/0/0/0 of 20
t=8800  N=8809  holderDeg=-1  probe(ttl4/6/8/12)=0/0/0/0 of 20
t=13000  N=13009  holderDeg=-1  probe(ttl4/6/8/12)=0/0/0/0 of 20
t=11600  N=11609  holderDeg=-1  probe(ttl4/6/8/12)=0/0/0/0 of 20
t=11400  N=11409  holderDeg=-1  probe(ttl4/6/8/12)=0/0/0/0 of 20
t=9000  N=9009  holderDeg=-1  probe(ttl4/6/8/12)=0/0/0/0 of 20
t=11000  N=11009  holderDeg=-1  probe(ttl4/6/8/12)=0/0/0/0 of 20
t=11800  N=11809  holderDeg=-1  probe(ttl4/6/8/12)=0/0/0/0 of 20
t=9200  N=9209  holderDeg=-1  probe(ttl4/6/8/12)=0/0/0/0 of 20
t=11400  N=11409  holderDeg=-1  probe(ttl4/6/8/12)=0/0/0/0 of 20
t=11600  N=11609  holderDeg=-1  probe(ttl4/6/8/12)=0/0/0/0 of 20
t=13200  N=13209  holderDeg=-1  probe(ttl4/6/8/12)=0/0/0/0 of 20
t=12000  N=12009  holderDeg=-1  probe(ttl4/6/8/12)=0/0/0/0 of 20
t=11200  N=11209  holderDeg=-1  probe(ttl4/6/8/12)=0/0/0/0 of 20
t=11600  N=11609  holderDeg=-1  probe(ttl4/6/8/12)=0/0/0/0 of 20
t=11800  N=11809  holderDeg=-1  probe(ttl4/6/8/12)=0/0/0/0 of 20
t=12200  N=12209  holderDeg=-1  probe(ttl4/6/8/12)=0/0/0/0 of 20
t=9400  N=9409  holderDeg=-1  probe(ttl4/6/8/12)=0/0/0/0 of 20
t=13400  N=13409  holderDeg=-1  probe(ttl4/6/8/12)=0/0/0/0 of 20
t=11400  N=11409  holderDeg=-1  probe(ttl4/6/8/12)=0/0/0/0 of 20
t=11800  N=11809  holderDeg=-1  probe(ttl4/6/8/12)=0/0/0/0 of 20
t=12000  N=12009  holderDeg=-1  probe(ttl4/6/8/12)=0/0/0/0 of 20
t=9600  N=9609  holderDeg=-1  probe(ttl4/6/8/12)=0/0/0/0 of 20
t=12400  N=12409  holderDeg=-1  probe(ttl4/6/8/12)=0/0/0/0 of 20
t=11600  N=11609  holderDeg=-1  probe(ttl4/6/8/12)=0/0/0/0 of 20
t=13600  N=13609  holderDeg=-1  probe(ttl4/6/8/12)=0/0/0/0 of 20
t=9800  N=9809  holderDeg=-1  probe(ttl4/6/8/12)=0/0/0/0 of 20
t=12200  N=12209  holderDeg=-1  probe(ttl4/6/8/12)=0/0/0/0 of 20
t=12000  N=12009  holderDeg=-1  probe(ttl4/6/8/12)=0/0/0/0 of 20
t=12600  N=12609  holderDeg=-1  probe(ttl4/6/8/12)=0/0/0/0 of 20
t=11800  N=11809  holderDeg=-1  probe(ttl4/6/8/12)=0/0/0/0 of 20
t=13800  N=13809  holderDeg=-1  probe(ttl4/6/8/12)=0/0/0/0 of 20
t=10000  N=10009  holderDeg=-1  probe(ttl4/6/8/12)=0/0/0/0 of 20
t=12200  N=12209  holderDeg=-1  probe(ttl4/6/8/12)=0/0/0/0 of 20
t=12000  N=12009  holderDeg=-1  probe(ttl4/6/8/12)=0/0/0/0 of 20
t=12800  N=12809  holderDeg=-1  probe(ttl4/6/8/12)=0/0/0/0 of 20
t=12400  N=12409  holderDeg=-1  probe(ttl4/6/8/12)=0/0/0/0 of 20
t=10200  N=10209  holderDeg=-1  probe(ttl4/6/8/12)=0/0/0/0 of 20
t=14000  N=14009  holderDeg=-1  probe(ttl4/6/8/12)=0/0/0/0 of 20
t=12400  N=12409  holderDeg=-1  probe(ttl4/6/8/12)=0/0/0/0 of 20
t=12200  N=12209  holderDeg=-1  probe(ttl4/6/8/12)=0/0/0/0 of 20
t=10400  N=10409  holderDeg=-1  probe(ttl4/6/8/12)=0/0/0/0 of 20
t=12600  N=12609  holderDeg=-1  probe(ttl4/6/8/12)=0/0/0/0 of 20
t=13000  N=13009  holderDeg=-1  probe(ttl4/6/8/12)=0/0/0/0 of 20
t=14200  N=14209  holderDeg=-1  probe(ttl4/6/8/12)=0/0/0/0 of 20
t=10600  N=10609  holderDeg=-1  probe(ttl4/6/8/12)=0/0/0/0 of 20
t=12400  N=12409  holderDeg=-1  probe(ttl4/6/8/12)=0/0/0/0 of 20
t=12600  N=12609  holderDeg=-1  probe(ttl4/6/8/12)=0/0/0/0 of 20

 Growing has been completed
*********************************************************************

t=12800  N=12809  holderDeg=-1  probe(ttl4/6/8/12)=0/0/0/0 of 20
t=10800  N=10809  holderDeg=-1  probe(ttl4/6/8/12)=0/0/0/0 of 20
t=13200  N=13209  holderDeg=-1  probe(ttl4/6/8/12)=0/0/0/0 of 20
t=12600  N=12609  holderDeg=-1  probe(ttl4/6/8/12)=0/0/0/0 of 20
t=12800  N=12809  holderDeg=-1  probe(ttl4/6/8/12)=0/0/0/0 of 20
t=14400  N=14368  holderDeg=-1  probe(ttl4/6/8/12)=0/0/0/0 of 20
t=11000  N=11009  holderDeg=-1  probe(ttl4/6/8/12)=0/0/0/0 of 20
t=13000  N=13009  holderDeg=-1  probe(ttl4/6/8/12)=0/0/0/0 of 20
t=13000  N=13009  holderDeg=-1  probe(ttl4/6/8/12)=0/0/0/0 of 20
t=12800  N=12809  holderDeg=-1  probe(ttl4/6/8/12)=0/0/0/0 of 20
t=11200  N=11209  holderDeg=-1  probe(ttl4/6/8/12)=0/0/0/0 of 20
t=13400  N=13409  holderDeg=-1  probe(ttl4/6/8/12)=0/0/0/0 of 20
t=13200  N=13209  holderDeg=-1  probe(ttl4/6/8/12)=0/0/0/0 of 20
t=13200  N=13209  holderDeg=-1  probe(ttl4/6/8/12)=0/0/0/0 of 20
t=14600  N=14444  holderDeg=-1  probe(ttl4/6/8/12)=0/0/0/0 of 20
t=13000  N=13009  holderDeg=-1  probe(ttl4/6/8/12)=0/0/0/0 of 20
t=11400  N=11409  holderDeg=-1  probe(ttl4/6/8/12)=0/0/0/0 of 20
t=13600  N=13609  holderDeg=-1  probe(ttl4/6/8/12)=0/0/0/0 of 20
t=13400  N=13409  holderDeg=-1  probe(ttl4/6/8/12)=0/0/0/0 of 20
t=11600  N=11609  holderDeg=-1  probe(ttl4/6/8/12)=0/0/0/0 of 20
t=14800  N=14501  holderDeg=-1  probe(ttl4/6/8/12)=0/0/0/0 of 20
t=13400  N=13409  holderDeg=-1  probe(ttl4/6/8/12)=0/0/0/0 of 20
t=13200  N=13209  holderDeg=-1  probe(ttl4/6/8/12)=0/0/0/0 of 20
t=13600  N=13609  holderDeg=-1  probe(ttl4/6/8/12)=0/0/0/0 of 20
t=11800  N=11809  holderDeg=-1  probe(ttl4/6/8/12)=0/0/0/0 of 20
t=13800  N=13809  holderDeg=-1  probe(ttl4/6/8/12)=0/0/0/0 of 20
t=15000  N=14555  holderDeg=-1  probe(ttl4/6/8/12)=0/0/0/0 of 20
t=13600  N=13609  holderDeg=-1  probe(ttl4/6/8/12)=0/0/0/0 of 20
t=13400  N=13409  holderDeg=-1  probe(ttl4/6/8/12)=0/0/0/0 of 20
t=12000  N=12009  holderDeg=-1  probe(ttl4/6/8/12)=0/0/0/0 of 20
t=13800  N=13809  holderDeg=-1  probe(ttl4/6/8/12)=0/0/0/0 of 20
t=15200  N=14623  holderDeg=3  probe(ttl4/6/8/12)=0/1/4/9 of 20
t=14000  N=14009  holderDeg=-1  probe(ttl4/6/8/12)=0/0/0/0 of 20
t=12200  N=12209  holderDeg=-1  probe(ttl4/6/8/12)=0/0/0/0 of 20
t=13800  N=13809  holderDeg=-1  probe(ttl4/6/8/12)=0/0/0/0 of 20
t=13600  N=13609  holderDeg=-1  probe(ttl4/6/8/12)=0/0/0/0 of 20
t=14000  N=14009  holderDeg=-1  probe(ttl4/6/8/12)=0/0/0/0 of 20
t=14200  N=14209  holderDeg=-1  probe(ttl4/6/8/12)=0/0/0/0 of 20

 Growing has been completed
*********************************************************************

t=15400  N=14687  holderDeg=3  probe(ttl4/6/8/12)=0/0/2/12 of 20
t=12400  N=12409  holderDeg=-1  probe(ttl4/6/8/12)=0/0/0/0 of 20
t=13800  N=13809  holderDeg=-1  probe(ttl4/6/8/12)=0/0/0/0 of 20
t=14200  N=14209  holderDeg=-1  probe(ttl4/6/8/12)=0/0/0/0 of 20
t=15600  N=14743  holderDeg=3  probe(ttl4/6/8/12)=0/3/2/12 of 20
t=14000  N=14009  holderDeg=-1  probe(ttl4/6/8/12)=0/0/0/0 of 20
t=12600  N=12609  holderDeg=-1  probe(ttl4/6/8/12)=0/0/0/0 of 20
t=14000  N=14009  holderDeg=-1  probe(ttl4/6/8/12)=0/0/0/0 of 20
t=14400  N=14274  holderDeg=-1  probe(ttl4/6/8/12)=0/0/0/0 of 20

 Growing has been completed
*********************************************************************

t=15800  N=14802  holderDeg=3  probe(ttl4/6/8/12)=0/0/1/14 of 20
t=12800  N=12809  holderDeg=-1  probe(ttl4/6/8/12)=0/0/0/0 of 20
t=14400  N=14337  holderDeg=-1  probe(ttl4/6/8/12)=0/0/0/0 of 20
t=14600  N=14328  holderDeg=-1  probe(ttl4/6/8/12)=0/0/0/0 of 20
t=14200  N=14209  holderDeg=-1  probe(ttl4/6/8/12)=0/0/0/0 of 20
t=14200  N=14209  holderDeg=-1  probe(ttl4/6/8/12)=0/0/0/0 of 20
t=16000  N=14853  holderDeg=3  probe(ttl4/6/8/12)=0/0/4/10 of 20

 Growing has been completed
*********************************************************************

t=13000  N=13009  holderDeg=-1  probe(ttl4/6/8/12)=0/0/0/0 of 20

 Growing has been completed
*********************************************************************

t=14600  N=14393  holderDeg=-1  probe(ttl4/6/8/12)=0/0/0/0 of 20
t=14800  N=14395  holderDeg=-1  probe(ttl4/6/8/12)=0/0/0/0 of 20
t=14400  N=14348  holderDeg=-1  probe(ttl4/6/8/12)=0/0/0/0 of 20
t=14400  N=14375  holderDeg=-1  probe(ttl4/6/8/12)=0/0/0/0 of 20
t=16200  N=14918  holderDeg=3  probe(ttl4/6/8/12)=0/1/3/14 of 20
t=14800  N=14448  holderDeg=-1  probe(ttl4/6/8/12)=0/0/0/0 of 20
t=13200  N=13209  holderDeg=-1  probe(ttl4/6/8/12)=0/0/0/0 of 20
t=15000  N=14452  holderDeg=-1  probe(ttl4/6/8/12)=0/0/0/0 of 20
t=14600  N=14408  holderDeg=-1  probe(ttl4/6/8/12)=0/0/0/0 of 20
t=14600  N=14429  holderDeg=-1  probe(ttl4/6/8/12)=0/0/0/0 of 20
t=15000  N=14499  holderDeg=-1  probe(ttl4/6/8/12)=0/0/0/0 of 20
t=13400  N=13409  holderDeg=-1  probe(ttl4/6/8/12)=0/0/0/0 of 20
t=16400  N=14979  holderDeg=3  probe(ttl4/6/8/12)=0/0/3/9 of 20
t=14800  N=14460  holderDeg=-1  probe(ttl4/6/8/12)=0/0/0/0 of 20
t=14800  N=14487  holderDeg=-1  probe(ttl4/6/8/12)=0/0/0/0 of 20
t=15200  N=14526  holderDeg=3  probe(ttl4/6/8/12)=0/0/5/8 of 20
t=15200  N=14550  holderDeg=3  probe(ttl4/6/8/12)=0/1/3/13 of 20
t=13600  N=13609  holderDeg=-1  probe(ttl4/6/8/12)=0/0/0/0 of 20
t=15000  N=14542  holderDeg=-1  probe(ttl4/6/8/12)=0/0/0/0 of 20
t=15400  N=14576  holderDeg=3  probe(ttl4/6/8/12)=0/0/3/8 of 20
t=15000  N=14534  holderDeg=-1  probe(ttl4/6/8/12)=0/0/0/0 of 20
t=16600  N=15042  holderDeg=3  probe(ttl4/6/8/12)=0/1/4/12 of 20
t=15400  N=14609  holderDeg=3  probe(ttl4/6/8/12)=0/0/1/8 of 20
t=13800  N=13809  holderDeg=-1  probe(ttl4/6/8/12)=0/0/0/0 of 20
t=15200  N=14601  holderDeg=3  probe(ttl4/6/8/12)=0/0/4/9 of 20
t=15600  N=14633  holderDeg=3  probe(ttl4/6/8/12)=1/0/6/7 of 20
t=15200  N=14595  holderDeg=3  probe(ttl4/6/8/12)=0/1/4/11 of 20
t=16800  N=15106  holderDeg=3  probe(ttl4/6/8/12)=0/0/5/9 of 20
t=15600  N=14665  holderDeg=3  probe(ttl4/6/8/12)=0/0/5/10 of 20
t=14000  N=14009  holderDeg=-1  probe(ttl4/6/8/12)=0/0/0/0 of 20
t=15400  N=14669  holderDeg=3  probe(ttl4/6/8/12)=0/0/2/5 of 20
t=15400  N=14658  holderDeg=3  probe(ttl4/6/8/12)=0/1/2/13 of 20
t=17000  N=15161  holderDeg=3  probe(ttl4/6/8/12)=1/0/3/4 of 20
t=15800  N=14724  holderDeg=3  probe(ttl4/6/8/12)=1/4/1/12 of 20
t=15800  N=14687  holderDeg=3  probe(ttl4/6/8/12)=0/0/3/9 of 20
t=14200  N=14209  holderDeg=-1  probe(ttl4/6/8/12)=0/0/0/0 of 20
t=15600  N=14730  holderDeg=3  probe(ttl4/6/8/12)=0/1/2/2 of 20

 Growing has been completed
*********************************************************************

t=15600  N=14721  holderDeg=3  probe(ttl4/6/8/12)=0/1/5/12 of 20
t=17200  N=15218  holderDeg=3  probe(ttl4/6/8/12)=0/1/4/11 of 20
t=16000  N=14781  holderDeg=3  probe(ttl4/6/8/12)=0/2/3/8 of 20
t=14400  N=14320  holderDeg=-1  probe(ttl4/6/8/12)=0/0/0/0 of 20
t=15800  N=14788  holderDeg=3  probe(ttl4/6/8/12)=0/0/2/4 of 20
t=16000  N=14751  holderDeg=3  probe(ttl4/6/8/12)=0/1/4/5 of 20
t=17400  N=15292  holderDeg=3  probe(ttl4/6/8/12)=0/0/2/8 of 20
t=14600  N=14374  holderDeg=-1  probe(ttl4/6/8/12)=0/0/0/0 of 20
t=15800  N=14774  holderDeg=3  probe(ttl4/6/8/12)=0/0/5/11 of 20
t=16000  N=14846  holderDeg=3  probe(ttl4/6/8/12)=0/0/2/3 of 20
t=16200  N=14843  holderDeg=3  probe(ttl4/6/8/12)=0/1/4/6 of 20
t=16200  N=14810  holderDeg=3  probe(ttl4/6/8/12)=0/2/0/9 of 20
t=14800  N=14433  holderDeg=-1  probe(ttl4/6/8/12)=0/0/0/0 of 20
t=16200  N=14909  holderDeg=3  probe(ttl4/6/8/12)=0/1/2/5 of 20
t=16000  N=14827  holderDeg=3  probe(ttl4/6/8/12)=0/2/2/12 of 20
t=16400  N=14900  holderDeg=3  probe(ttl4/6/8/12)=0/0/2/8 of 20
t=17600  N=15338  holderDeg=3  probe(ttl4/6/8/12)=0/1/2/10 of 20
t=16400  N=14880  holderDeg=3  probe(ttl4/6/8/12)=0/0/3/5 of 20
t=15000  N=14493  holderDeg=-1  probe(ttl4/6/8/12)=0/0/0/0 of 20
t=16400  N=14968  holderDeg=3  probe(ttl4/6/8/12)=0/0/1/5 of 20
t=16600  N=14941  holderDeg=3  probe(ttl4/6/8/12)=0/1/3/9 of 20
t=16200  N=14879  holderDeg=3  probe(ttl4/6/8/12)=0/0/5/14 of 20
t=17800  N=15391  holderDeg=3  probe(ttl4/6/8/12)=0/1/2/8 of 20
t=15200  N=14552  holderDeg=3  probe(ttl4/6/8/12)=0/1/6/11 of 20
t=16600  N=14952  holderDeg=3  probe(ttl4/6/8/12)=0/1/5/8 of 20
t=16600  N=15035  holderDeg=3  probe(ttl4/6/8/12)=0/1/1/6 of 20
t=16800  N=15008  holderDeg=3  probe(ttl4/6/8/12)=0/2/2/10 of 20
t=16400  N=14952  holderDeg=3  probe(ttl4/6/8/12)=0/1/3/12 of 20
t=18000  N=15451  holderDeg=3  probe(ttl4/6/8/12)=0/0/2/10 of 20
t=15400  N=14616  holderDeg=3  probe(ttl4/6/8/12)=0/2/3/12 of 20
t=16800  N=15088  holderDeg=3  probe(ttl4/6/8/12)=0/0/4/4 of 20
t=17000  N=15056  holderDeg=3  probe(ttl4/6/8/12)=0/1/3/6 of 20
t=16600  N=15019  holderDeg=3  probe(ttl4/6/8/12)=0/0/2/7 of 20
t=16800  N=15020  holderDeg=3  probe(ttl4/6/8/12)=0/1/2/7 of 20
t=15600  N=14675  holderDeg=3  probe(ttl4/6/8/12)=0/0/2/15 of 20
t=17000  N=15142  holderDeg=3  probe(ttl4/6/8/12)=0/0/4/8 of 20
t=17200  N=15117  holderDeg=3  probe(ttl4/6/8/12)=0/0/0/10 of 20
t=17000  N=15084  holderDeg=3  probe(ttl4/6/8/12)=0/2/2/9 of 20
t=15800  N=14739  holderDeg=3  probe(ttl4/6/8/12)=1/1/4/13 of 20
t=17200  N=15212  holderDeg=3  probe(ttl4/6/8/12)=0/0/1/9 of 20
t=17400  N=15180  holderDeg=3  probe(ttl4/6/8/12)=0/0/2/7 of 20
t=18200  N=15507  holderDeg=3  probe(ttl4/6/8/12)=0/0/2/10 of 20
t=17200  N=15140  holderDeg=5  probe(ttl4/6/8/12)=0/0/7/17 of 20
t=16800  N=15075  holderDeg=3  probe(ttl4/6/8/12)=0/0/2/11 of 20
t=16000  N=14788  holderDeg=3  probe(ttl4/6/8/12)=0/1/4/13 of 20
t=17600  N=15238  holderDeg=3  probe(ttl4/6/8/12)=0/0/3/6 of 20
t=17400  N=15281  holderDeg=3  probe(ttl4/6/8/12)=0/0/3/3 of 20
t=18400  N=15561  holderDeg=3  probe(ttl4/6/8/12)=0/0/3/15 of 20
t=17400  N=15204  holderDeg=7  probe(ttl4/6/8/12)=2/2/4/15 of 20
t=17000  N=15142  holderDeg=3  probe(ttl4/6/8/12)=0/1/1/9 of 20
t=16200  N=14849  holderDeg=3  probe(ttl4/6/8/12)=0/1/2/17 of 20
t=18600  N=15636  holderDeg=3  probe(ttl4/6/8/12)=0/1/5/10 of 20
t=17600  N=15347  holderDeg=3  probe(ttl4/6/8/12)=0/0/2/5 of 20
t=17800  N=15310  holderDeg=3  probe(ttl4/6/8/12)=0/0/1/3 of 20
t=17600  N=15263  holderDeg=9  probe(ttl4/6/8/12)=0/1/6/15 of 20
t=17200  N=15210  holderDeg=3  probe(ttl4/6/8/12)=0/0/6/8 of 20
t=16400  N=14910  holderDeg=3  probe(ttl4/6/8/12)=0/1/3/11 of 20
t=18000  N=15366  holderDeg=3  probe(ttl4/6/8/12)=0/2/3/9 of 20
t=17800  N=15406  holderDeg=3  probe(ttl4/6/8/12)=0/0/2/3 of 20
t=17800  N=15329  holderDeg=11  probe(ttl4/6/8/12)=1/2/6/18 of 20
t=17400  N=15270  holderDeg=3  probe(ttl4/6/8/12)=0/0/4/6 of 20
t=16600  N=14973  holderDeg=3  probe(ttl4/6/8/12)=0/0/2/16 of 20
t=18200  N=15420  holderDeg=3  probe(ttl4/6/8/12)=0/0/0/9 of 20
t=18000  N=15455  holderDeg=3  probe(ttl4/6/8/12)=0/3/1/5 of 20
t=18800  N=15690  holderDeg=3  probe(ttl4/6/8/12)=0/0/8/8 of 20
t=17600  N=15329  holderDeg=5  probe(ttl4/6/8/12)=0/1/1/7 of 20
t=18000  N=15392  holderDeg=13  probe(ttl4/6/8/12)=1/2/8/17 of 20
t=16800  N=15030  holderDeg=3  probe(ttl4/6/8/12)=0/0/4/12 of 20
t=18400  N=15487  holderDeg=3  probe(ttl4/6/8/12)=0/0/3/11 of 20
t=18200  N=15513  holderDeg=3  probe(ttl4/6/8/12)=0/0/1/4 of 20
t=19000  N=15752  holderDeg=3  probe(ttl4/6/8/12)=0/1/3/7 of 20
t=17000  N=15100  holderDeg=3  probe(ttl4/6/8/12)=1/0/6/13 of 20
t=18200  N=15449  holderDeg=15  probe(ttl4/6/8/12)=0/2/12/20 of 20
t=18600  N=15554  holderDeg=3  probe(ttl4/6/8/12)=0/0/3/11 of 20
t=17800  N=15398  holderDeg=7  probe(ttl4/6/8/12)=2/2/7/15 of 20
t=17200  N=15162  holderDeg=3  probe(ttl4/6/8/12)=0/0/5/11 of 20
t=19200  N=15810  holderDeg=3  probe(ttl4/6/8/12)=0/0/2/10 of 20
t=18400  N=15580  holderDeg=3  probe(ttl4/6/8/12)=0/0/2/6 of 20
t=18400  N=15509  holderDeg=17  probe(ttl4/6/8/12)=1/4/8/18 of 20
t=18800  N=15614  holderDeg=3  probe(ttl4/6/8/12)=0/2/1/7 of 20
t=18000  N=15461  holderDeg=9  probe(ttl4/6/8/12)=0/0/7/19 of 20
t=17400  N=15221  holderDeg=3  probe(ttl4/6/8/12)=0/0/2/13 of 20
t=19400  N=15859  holderDeg=3  probe(ttl4/6/8/12)=0/0/6/9 of 20
t=18600  N=15577  holderDeg=19  probe(ttl4/6/8/12)=0/2/12/20 of 20
t=18600  N=15647  holderDeg=3  probe(ttl4/6/8/12)=0/2/3/6 of 20
t=19000  N=15678  holderDeg=3  probe(ttl4/6/8/12)=0/0/2/8 of 20
t=18200  N=15530  holderDeg=11  probe(ttl4/6/8/12)=0/1/10/18 of 20
t=17600  N=15276  holderDeg=3  probe(ttl4/6/8/12)=0/4/2/11 of 20
t=18800  N=15634  holderDeg=21  probe(ttl4/6/8/12)=0/2/10/20 of 20
t=19600  N=15921  holderDeg=3  probe(ttl4/6/8/12)=0/0/3/8 of 20
t=18800  N=15698  holderDeg=3  probe(ttl4/6/8/12)=0/0/3/5 of 20
t=19200  N=15738  holderDeg=3  probe(ttl4/6/8/12)=0/1/0/6 of 20
t=18400  N=15594  holderDeg=13  probe(ttl4/6/8/12)=0/4/12/19 of 20
t=17800  N=15329  holderDeg=3  probe(ttl4/6/8/12)=0/1/2/11 of 20
t=19800  N=15974  holderDeg=3  probe(ttl4/6/8/12)=1/0/3/6 of 20
t=19000  N=15748  holderDeg=3  probe(ttl4/6/8/12)=0/0/2/5 of 20
t=18600  N=15643  holderDeg=15  probe(ttl4/6/8/12)=0/1/8/20 of 20
t=19400  N=15793  holderDeg=3  probe(ttl4/6/8/12)=0/0/1/7 of 20
t=18000  N=15381  holderDeg=3  probe(ttl4/6/8/12)=0/1/3/14 of 20
t=20000  N=16027  holderDeg=3  probe(ttl4/6/8/12)=0/0/3/3 of 20
t=19200  N=15806  holderDeg=3  probe(ttl4/6/8/12)=0/0/2/7 of 20
t=18200  N=15432  holderDeg=3  probe(ttl4/6/8/12)=0/0/3/14 of 20
t=18800  N=15699  holderDeg=17  probe(ttl4/6/8/12)=0/3/14/19 of 20
t=19600  N=15858  holderDeg=3  probe(ttl4/6/8/12)=0/0/1/9 of 20
t=19000  N=15696  holderDeg=23  probe(ttl4/6/8/12)=2/2/14/20 of 20
t=19400  N=15860  holderDeg=3  probe(ttl4/6/8/12)=0/1/1/2 of 20
t=20200  N=16093  holderDeg=3  probe(ttl4/6/8/12)=0/0/3/9 of 20
t=18400  N=15504  holderDeg=3  probe(ttl4/6/8/12)=0/1/2/12 of 20
t=19000  N=15764  holderDeg=19  probe(ttl4/6/8/12)=1/3/11/20 of 20
t=19600  N=15912  holderDeg=3  probe(ttl4/6/8/12)=0/0/2/4 of 20
t=19200  N=15749  holderDeg=25  probe(ttl4/6/8/12)=1/2/11/20 of 20
t=19800  N=15926  holderDeg=3  probe(ttl4/6/8/12)=0/1/3/10 of 20
t=18600  N=15578  holderDeg=3  probe(ttl4/6/8/12)=1/0/3/15 of 20
t=19200  N=15834  holderDeg=21  probe(ttl4/6/8/12)=0/3/12/18 of 20
t=20400  N=16150  holderDeg=3  probe(ttl4/6/8/12)=0/1/0/4 of 20
t=19800  N=15968  holderDeg=3  probe(ttl4/6/8/12)=0/1/2/7 of 20
t=19400  N=15804  holderDeg=27  probe(ttl4/6/8/12)=1/3/16/20 of 20
t=20000  N=15991  holderDeg=3  probe(ttl4/6/8/12)=0/0/1/7 of 20
t=18800  N=15638  holderDeg=3  probe(ttl4/6/8/12)=1/1/2/13 of 20
t=20600  N=16212  holderDeg=3  probe(ttl4/6/8/12)=0/0/3/5 of 20
t=19400  N=15891  holderDeg=23  probe(ttl4/6/8/12)=0/4/15/20 of 20
t=19600  N=15868  holderDeg=29  probe(ttl4/6/8/12)=0/4/12/20 of 20
t=20000  N=16029  holderDeg=3  probe(ttl4/6/8/12)=0/1/1/3 of 20
t=19000  N=15696  holderDeg=3  probe(ttl4/6/8/12)=0/1/5/11 of 20
t=20200  N=16044  holderDeg=3  probe(ttl4/6/8/12)=1/0/0/10 of 20
t=20800  N=16259  holderDeg=3  probe(ttl4/6/8/12)=0/1/5/8 of 20
t=20200  N=16092  holderDeg=3  probe(ttl4/6/8/12)=0/1/4/3 of 20
t=19800  N=15933  holderDeg=32  probe(ttl4/6/8/12)=2/7/13/20 of 20
t=19600  N=15955  holderDeg=25  probe(ttl4/6/8/12)=0/5/14/20 of 20
t=19200  N=15751  holderDeg=3  probe(ttl4/6/8/12)=0/0/4/9 of 20
t=21000  N=16322  holderDeg=3  probe(ttl4/6/8/12)=0/2/2/4 of 20
t=20400  N=16103  holderDeg=3  probe(ttl4/6/8/12)=0/0/1/12 of 20
t=20000  N=15999  holderDeg=34  probe(ttl4/6/8/12)=0/3/16/20 of 20
t=19400  N=15821  holderDeg=3  probe(ttl4/6/8/12)=0/3/6/15 of 20
t=20400  N=16143  holderDeg=3  probe(ttl4/6/8/12)=0/2/2/4 of 20
t=19800  N=16018  holderDeg=27  probe(ttl4/6/8/12)=0/6/14/20 of 20
t=21200  N=16378  holderDeg=3  probe(ttl4/6/8/12)=0/0/3/9 of 20
t=20200  N=16049  holderDeg=34  probe(ttl4/6/8/12)=2/7/15/20 of 20
t=19600  N=15879  holderDeg=3  probe(ttl4/6/8/12)=0/0/6/14 of 20
t=20600  N=16161  holderDeg=3  probe(ttl4/6/8/12)=0/1/2/5 of 20
t=20600  N=16205  holderDeg=3  probe(ttl4/6/8/12)=0/1/3/3 of 20
t=20000  N=16077  holderDeg=27  probe(ttl4/6/8/12)=1/3/15/20 of 20
t=21400  N=16427  holderDeg=3  probe(ttl4/6/8/12)=0/0/5/8 of 20
t=19800  N=15943  holderDeg=3  probe(ttl4/6/8/12)=0/0/4/8 of 20
t=20800  N=16219  holderDeg=3  probe(ttl4/6/8/12)=0/3/2/3 of 20
t=20400  N=16102  holderDeg=34  probe(ttl4/6/8/12)=0/7/13/20 of 20
t=20800  N=16264  holderDeg=3  probe(ttl4/6/8/12)=1/1/0/9 of 20
t=20200  N=16141  holderDeg=27  probe(ttl4/6/8/12)=1/4/11/20 of 20
t=21600  N=16495  holderDeg=3  probe(ttl4/6/8/12)=0/1/1/6 of 20
t=20000  N=15993  holderDeg=3  probe(ttl4/6/8/12)=0/0/5/8 of 20
t=21000  N=16283  holderDeg=3  probe(ttl4/6/8/12)=0/0/3/7 of 20
t=20600  N=16162  holderDeg=34  probe(ttl4/6/8/12)=2/7/15/20 of 20
t=20400  N=16200  holderDeg=27  probe(ttl4/6/8/12)=0/3/15/20 of 20
t=20200  N=16040  holderDeg=3  probe(ttl4/6/8/12)=0/1/4/11 of 20
t=21800  N=16551  holderDeg=3  probe(ttl4/6/8/12)=0/1/6/10 of 20
t=21000  N=16325  holderDeg=3  probe(ttl4/6/8/12)=0/0/1/8 of 20
t=20800  N=16234  holderDeg=34  probe(ttl4/6/8/12)=0/3/18/19 of 20
t=20600  N=16256  holderDeg=27  probe(ttl4/6/8/12)=0/8/14/20 of 20
t=20400  N=16092  holderDeg=3  probe(ttl4/6/8/12)=0/1/4/8 of 20
t=21200  N=16347  holderDeg=3  probe(ttl4/6/8/12)=0/0/1/7 of 20
t=22000  N=16615  holderDeg=3  probe(ttl4/6/8/12)=0/0/3/9 of 20
t=21000  N=16287  holderDeg=34  probe(ttl4/6/8/12)=0/3/13/20 of 20
t=21200  N=16385  holderDeg=3  probe(ttl4/6/8/12)=0/0/5/7 of 20
t=20800  N=16317  holderDeg=27  probe(ttl4/6/8/12)=0/5/17/20 of 20
t=21400  N=16403  holderDeg=3  probe(ttl4/6/8/12)=1/1/2/6 of 20
t=20600  N=16145  holderDeg=3  probe(ttl4/6/8/12)=0/1/2/12 of 20
t=21200  N=16349  holderDeg=34  probe(ttl4/6/8/12)=0/7/16/20 of 20
t=21400  N=16443  holderDeg=3  probe(ttl4/6/8/12)=0/2/2/12 of 20
t=20800  N=16212  holderDeg=3  probe(ttl4/6/8/12)=0/0/3/11 of 20
t=22200  N=16682  holderDeg=3  probe(ttl4/6/8/12)=0/0/2/9 of 20
t=21600  N=16452  holderDeg=3  probe(ttl4/6/8/12)=0/0/1/6 of 20
t=21000  N=16372  holderDeg=27  probe(ttl4/6/8/12)=1/4/17/19 of 20
t=21600  N=16503  holderDeg=3  probe(ttl4/6/8/12)=0/0/3/9 of 20
t=21400  N=16413  holderDeg=34  probe(ttl4/6/8/12)=0/5/16/20 of 20
t=22400  N=16739  holderDeg=3  probe(ttl4/6/8/12)=0/0/4/9 of 20
t=21800  N=16507  holderDeg=3  probe(ttl4/6/8/12)=0/1/1/5 of 20
t=21600  N=16465  holderDeg=34  probe(ttl4/6/8/12)=0/4/15/20 of 20
t=21800  N=16569  holderDeg=3  probe(ttl4/6/8/12)=0/1/6/6 of 20
t=21200  N=16434  holderDeg=27  probe(ttl4/6/8/12)=0/1/14/20 of 20
t=21000  N=16268  holderDeg=3  probe(ttl4/6/8/12)=0/0/1/12 of 20
t=22600  N=16804  holderDeg=3  probe(ttl4/6/8/12)=0/0/3/7 of 20
t=22000  N=16566  holderDeg=3  probe(ttl4/6/8/12)=0/2/1/8 of 20
t=22000  N=16626  holderDeg=3  probe(ttl4/6/8/12)=0/1/4/3 of 20
t=21400  N=16494  holderDeg=27  probe(ttl4/6/8/12)=2/0/15/20 of 20
t=21800  N=16525  holderDeg=34  probe(ttl4/6/8/12)=2/5/16/20 of 20
t=21200  N=16324  holderDeg=3  probe(ttl4/6/8/12)=0/0/3/6 of 20
t=21600  N=16554  holderDeg=27  probe(ttl4/6/8/12)=0/3/15/20 of 20
t=22800  N=16867  holderDeg=3  probe(ttl4/6/8/12)=0/1/1/6 of 20
t=22000  N=16592  holderDeg=34  probe(ttl4/6/8/12)=1/5/17/20 of 20
t=22200  N=16678  holderDeg=3  probe(ttl4/6/8/12)=0/1/3/5 of 20
t=21400  N=16390  holderDeg=3  probe(ttl4/6/8/12)=0/0/2/12 of 20
t=22200  N=16619  holderDeg=3  probe(ttl4/6/8/12)=0/1/2/6 of 20
t=21800  N=16608  holderDeg=27  probe(ttl4/6/8/12)=0/5/18/20 of 20
t=21600  N=16450  holderDeg=3  probe(ttl4/6/8/12)=0/2/3/9 of 20
t=23000  N=16925  holderDeg=3  probe(ttl4/6/8/12)=0/0/2/4 of 20
t=22200  N=16657  holderDeg=34  probe(ttl4/6/8/12)=0/4/16/20 of 20
t=22400  N=16723  holderDeg=3  probe(ttl4/6/8/12)=0/0/0/8 of 20
t=22400  N=16671  holderDeg=3  probe(ttl4/6/8/12)=0/0/3/8 of 20
t=22000  N=16666  holderDeg=27  probe(ttl4/6/8/12)=1/2/11/20 of 20
t=21800  N=16507  holderDeg=3  probe(ttl4/6/8/12)=0/1/3/10 of 20
t=22400  N=16718  holderDeg=34  probe(ttl4/6/8/12)=0/3/15/20 of 20
t=23200  N=16986  holderDeg=3  probe(ttl4/6/8/12)=0/0/3/6 of 20
t=22600  N=16786  holderDeg=3  probe(ttl4/6/8/12)=0/0/2/9 of 20
t=22000  N=16568  holderDeg=3  probe(ttl4/6/8/12)=0/1/2/11 of 20
t=22600  N=16730  holderDeg=3  probe(ttl4/6/8/12)=0/1/2/7 of 20
t=22200  N=16719  holderDeg=27  probe(ttl4/6/8/12)=0/3/17/20 of 20
t=22600  N=16779  holderDeg=34  probe(ttl4/6/8/12)=1/6/14/20 of 20
t=23400  N=17052  holderDeg=3  probe(ttl4/6/8/12)=0/0/1/6 of 20
t=22800  N=16849  holderDeg=3  probe(ttl4/6/8/12)=0/1/0/6 of 20
t=22800  N=16788  holderDeg=3  probe(ttl4/6/8/12)=0/0/2/5 of 20
t=22200  N=16629  holderDeg=3  probe(ttl4/6/8/12)=0/2/4/10 of 20
t=22400  N=16783  holderDeg=27  probe(ttl4/6/8/12)=2/2/10/20 of 20
t=22800  N=16850  holderDeg=34  probe(ttl4/6/8/12)=2/4/13/20 of 20
t=23600  N=17102  holderDeg=3  probe(ttl4/6/8/12)=0/0/3/8 of 20
t=23000  N=16850  holderDeg=3  probe(ttl4/6/8/12)=0/0/2/8 of 20
t=22400  N=16687  holderDeg=3  probe(ttl4/6/8/12)=0/1/2/8 of 20
t=23000  N=16919  holderDeg=3  probe(ttl4/6/8/12)=0/0/1/11 of 20
t=22600  N=16841  holderDeg=27  probe(ttl4/6/8/12)=1/3/15/20 of 20
t=23000  N=16899  holderDeg=34  probe(ttl4/6/8/12)=0/6/17/20 of 20
t=23800  N=17165  holderDeg=3  probe(ttl4/6/8/12)=0/0/4/9 of 20
t=22600  N=16734  holderDeg=3  probe(ttl4/6/8/12)=0/2/3/5 of 20
t=23200  N=16909  holderDeg=3  probe(ttl4/6/8/12)=0/0/1/8 of 20
t=23200  N=16981  holderDeg=3  probe(ttl4/6/8/12)=0/0/1/10 of 20
t=22800  N=16903  holderDeg=27  probe(ttl4/6/8/12)=1/5/13/20 of 20
t=23200  N=16970  holderDeg=34  probe(ttl4/6/8/12)=2/6/15/20 of 20
t=24000  N=17216  holderDeg=3  probe(ttl4/6/8/12)=0/0/2/9 of 20
t=23400  N=17040  holderDeg=3  probe(ttl4/6/8/12)=0/0/1/3 of 20
t=22800  N=16799  holderDeg=3  probe(ttl4/6/8/12)=0/0/2/8 of 20
t=23400  N=16970  holderDeg=3  probe(ttl4/6/8/12)=0/1/1/8 of 20
t=23400  N=17032  holderDeg=34  probe(ttl4/6/8/12)=1/3/16/19 of 20
t=23000  N=16855  holderDeg=3  probe(ttl4/6/8/12)=0/0/3/14 of 20
t=23600  N=17040  holderDeg=3  probe(ttl4/6/8/12)=0/0/1/7 of 20
t=23000  N=16970  holderDeg=27  probe(ttl4/6/8/12)=0/5/14/20 of 20
t=23600  N=17098  holderDeg=3  probe(ttl4/6/8/12)=0/0/3/9 of 20
t=23600  N=17095  holderDeg=34  probe(ttl4/6/8/12)=1/5/17/20 of 20
t=24200  N=17283  holderDeg=3  probe(ttl4/6/8/12)=0/1/2/9 of 20
t=23200  N=16917  holderDeg=3  probe(ttl4/6/8/12)=0/0/2/10 of 20
t=23800  N=17094  holderDeg=3  probe(ttl4/6/8/12)=0/0/1/5 of 20
t=23200  N=17025  holderDeg=27  probe(ttl4/6/8/12)=0/3/18/20 of 20
t=23800  N=17152  holderDeg=3  probe(ttl4/6/8/12)=0/0/3/7 of 20
t=23800  N=17155  holderDeg=34  probe(ttl4/6/8/12)=2/3/17/20 of 20
t=24400  N=17347  holderDeg=3  probe(ttl4/6/8/12)=0/0/3/11 of 20
t=23400  N=16973  holderDeg=3  probe(ttl4/6/8/12)=0/1/2/11 of 20
t=24000  N=17214  holderDeg=3  probe(ttl4/6/8/12)=0/0/2/6 of 20
t=23400  N=17099  holderDeg=27  probe(ttl4/6/8/12)=0/3/17/20 of 20
t=24000  N=17148  holderDeg=3  probe(ttl4/6/8/12)=0/0/2/6 of 20
t=24000  N=17213  holderDeg=34  probe(ttl4/6/8/12)=2/3/16/20 of 20
t=23600  N=17042  holderDeg=3  probe(ttl4/6/8/12)=0/1/0/8 of 20
t=24200  N=17283  holderDeg=3  probe(ttl4/6/8/12)=2/0/2/9 of 20
t=24600  N=17412  holderDeg=3  probe(ttl4/6/8/12)=0/0/2/10 of 20
t=24200  N=17209  holderDeg=3  probe(ttl4/6/8/12)=0/0/2/3 of 20
t=23600  N=17162  holderDeg=27  probe(ttl4/6/8/12)=0/4/11/20 of 20
t=23800  N=17098  holderDeg=3  probe(ttl4/6/8/12)=0/1/1/8 of 20
t=24200  N=17284  holderDeg=34  probe(ttl4/6/8/12)=0/3/15/20 of 20
t=24400  N=17328  holderDeg=3  probe(ttl4/6/8/12)=0/0/2/5 of 20
t=24800  N=17473  holderDeg=3  probe(ttl4/6/8/12)=0/0/3/12 of 20
t=23800  N=17225  holderDeg=27  probe(ttl4/6/8/12)=0/3/13/20 of 20
t=24400  N=17275  holderDeg=3  probe(ttl4/6/8/12)=0/0/4/8 of 20
t=24400  N=17340  holderDeg=34  probe(ttl4/6/8/12)=0/5/16/20 of 20
t=24000  N=17169  holderDeg=3  probe(ttl4/6/8/12)=0/2/1/10 of 20
t=24600  N=17383  holderDeg=3  probe(ttl4/6/8/12)=0/0/1/8 of 20
t=24600  N=17335  holderDeg=3  probe(ttl4/6/8/12)=0/2/2/7 of 20
t=24000  N=17281  holderDeg=27  probe(ttl4/6/8/12)=0/4/15/20 of 20
t=25000  N=17534  holderDeg=3  probe(ttl4/6/8/12)=0/1/2/11 of 20
t=24600  N=17402  holderDeg=34  probe(ttl4/6/8/12)=0/7/16/20 of 20
t=24200  N=17240  holderDeg=3  probe(ttl4/6/8/12)=0/0/2/9 of 20
t=24800  N=17439  holderDeg=3  probe(ttl4/6/8/12)=0/1/1/7 of 20
t=24800  N=17394  holderDeg=3  probe(ttl4/6/8/12)=0/1/3/6 of 20
t=25200  N=17590  holderDeg=3  probe(ttl4/6/8/12)=0/0/5/9 of 20
t=24200  N=17340  holderDeg=27  probe(ttl4/6/8/12)=1/4/15/20 of 20
t=24800  N=17465  holderDeg=34  probe(ttl4/6/8/12)=0/2/16/20 of 20
t=24400  N=17311  holderDeg=3  probe(ttl4/6/8/12)=0/0/4/5 of 20
t=25000  N=17450  holderDeg=3  probe(ttl4/6/8/12)=1/0/1/5 of 20
t=25000  N=17494  holderDeg=3  probe(ttl4/6/8/12)=0/0/2/4 of 20
t=25400  N=17657  holderDeg=3  probe(ttl4/6/8/12)=0/0/2/15 of 20
t=24400  N=17400  holderDeg=27  probe(ttl4/6/8/12)=0/0/11/20 of 20
t=24600  N=17372  holderDeg=3  probe(ttl4/6/8/12)=0/0/4/7 of 20
t=25000  N=17514  holderDeg=34  probe(ttl4/6/8/12)=1/2/16/20 of 20
t=25200  N=17510  holderDeg=3  probe(ttl4/6/8/12)=0/0/1/3 of 20
t=25600  N=17717  holderDeg=3  probe(ttl4/6/8/12)=0/0/2/11 of 20
t=25200  N=17549  holderDeg=3  probe(ttl4/6/8/12)=0/0/0/7 of 20
t=24600  N=17443  holderDeg=27  probe(ttl4/6/8/12)=0/5/17/20 of 20
t=25200  N=17578  holderDeg=34  probe(ttl4/6/8/12)=1/4/13/20 of 20
t=25400  N=17573  holderDeg=3  probe(ttl4/6/8/12)=0/0/1/7 of 20
t=24800  N=17441  holderDeg=3  probe(ttl4/6/8/12)=0/1/3/6 of 20
t=25400  N=17604  holderDeg=3  probe(ttl4/6/8/12)=0/0/1/8 of 20
t=25800  N=17769  holderDeg=3  probe(ttl4/6/8/12)=0/0/1/9 of 20
t=24800  N=17501  holderDeg=27  probe(ttl4/6/8/12)=1/4/13/20 of 20
t=25400  N=17630  holderDeg=34  probe(ttl4/6/8/12)=1/1/16/20 of 20
t=25600  N=17638  holderDeg=3  probe(ttl4/6/8/12)=0/1/0/8 of 20
t=25000  N=17500  holderDeg=3  probe(ttl4/6/8/12)=0/0/6/8 of 20
t=25600  N=17670  holderDeg=3  probe(ttl4/6/8/12)=0/1/2/5 of 20
t=26000  N=17838  holderDeg=3  probe(ttl4/6/8/12)=0/1/2/9 of 20
t=25000  N=17565  holderDeg=27  probe(ttl4/6/8/12)=0/7/12/20 of 20
t=25800  N=17691  holderDeg=3  probe(ttl4/6/8/12)=0/1/3/3 of 20
t=25600  N=17687  holderDeg=34  probe(ttl4/6/8/12)=1/5/14/20 of 20
t=25200  N=17559  holderDeg=3  probe(ttl4/6/8/12)=0/0/2/7 of 20
t=25800  N=17730  holderDeg=3  probe(ttl4/6/8/12)=0/0/3/7 of 20
t=26200  N=17906  holderDeg=3  probe(ttl4/6/8/12)=0/0/2/9 of 20
t=26000  N=17741  holderDeg=3  probe(ttl4/6/8/12)=0/0/0/5 of 20
t=25200  N=17616  holderDeg=27  probe(ttl4/6/8/12)=0/7/15/19 of 20
t=25800  N=17754  holderDeg=34  probe(ttl4/6/8/12)=0/5/15/20 of 20
t=26000  N=17788  holderDeg=3  probe(ttl4/6/8/12)=0/1/2/6 of 20
t=25400  N=17617  holderDeg=3  probe(ttl4/6/8/12)=0/0/3/8 of 20
t=26400  N=17964  holderDeg=3  probe(ttl4/6/8/12)=0/0/2/9 of 20
t=26200  N=17804  holderDeg=3  probe(ttl4/6/8/12)=0/0/3/6 of 20
t=26000  N=17819  holderDeg=34  probe(ttl4/6/8/12)=0/2/13/20 of 20
t=25400  N=17677  holderDeg=27  probe(ttl4/6/8/12)=1/5/13/20 of 20
t=25600  N=17676  holderDeg=3  probe(ttl4/6/8/12)=0/0/1/6 of 20
t=26200  N=17860  holderDeg=3  probe(ttl4/6/8/12)=0/1/1/4 of 20
t=26600  N=18010  holderDeg=3  probe(ttl4/6/8/12)=0/0/0/12 of 20
t=26400  N=17856  holderDeg=3  probe(ttl4/6/8/12)=0/0/3/2 of 20
t=26200  N=17884  holderDeg=34  probe(ttl4/6/8/12)=0/3/16/20 of 20
t=25800  N=17733  holderDeg=3  probe(ttl4/6/8/12)=0/2/3/8 of 20
t=26400  N=17920  holderDeg=3  probe(ttl4/6/8/12)=0/1/4/7 of 20
t=26600  N=17921  holderDeg=3  probe(ttl4/6/8/12)=0/1/3/3 of 20
t=26800  N=18063  holderDeg=3  probe(ttl4/6/8/12)=0/1/2/10 of 20
t=25600  N=17737  holderDeg=27  probe(ttl4/6/8/12)=0/4/14/20 of 20
t=26000  N=17786  holderDeg=3  probe(ttl4/6/8/12)=0/1/3/4 of 20
t=26600  N=17986  holderDeg=3  probe(ttl4/6/8/12)=0/0/0/7 of 20
t=26400  N=17937  holderDeg=34  probe(ttl4/6/8/12)=1/4/16/20 of 20
t=27000  N=18123  holderDeg=3  probe(ttl4/6/8/12)=0/0/3/11 of 20
t=26800  N=17971  holderDeg=3  probe(ttl4/6/8/12)=0/1/1/6 of 20
t=25800  N=17788  holderDeg=27  probe(ttl4/6/8/12)=1/2/15/20 of 20
t=26200  N=17849  holderDeg=3  probe(ttl4/6/8/12)=0/1/5/8 of 20
t=27000  N=18025  holderDeg=3  probe(ttl4/6/8/12)=0/0/3/6 of 20
t=26600  N=18002  holderDeg=34  probe(ttl4/6/8/12)=0/5/15/20 of 20
t=26800  N=18048  holderDeg=3  probe(ttl4/6/8/12)=0/0/2/6 of 20
t=27200  N=18184  holderDeg=3  probe(ttl4/6/8/12)=0/0/4/9 of 20
t=26000  N=17841  holderDeg=27  probe(ttl4/6/8/12)=0/4/14/20 of 20
t=26400  N=17909  holderDeg=3  probe(ttl4/6/8/12)=0/0/3/11 of 20
t=26800  N=18058  holderDeg=34  probe(ttl4/6/8/12)=0/5/14/19 of 20
t=27000  N=18112  holderDeg=3  probe(ttl4/6/8/12)=0/0/3/7 of 20
t=27200  N=18089  holderDeg=3  probe(ttl4/6/8/12)=1/0/1/6 of 20
t=26200  N=17900  holderDeg=27  probe(ttl4/6/8/12)=0/2/13/20 of 20
t=26600  N=17971  holderDeg=3  probe(ttl4/6/8/12)=0/1/2/5 of 20
t=27200  N=18164  holderDeg=3  probe(ttl4/6/8/12)=0/1/2/8 of 20
t=27400  N=18145  holderDeg=3  probe(ttl4/6/8/12)=0/1/0/4 of 20
t=27400  N=18250  holderDeg=3  probe(ttl4/6/8/12)=1/1/5/10 of 20
t=26400  N=17961  holderDeg=27  probe(ttl4/6/8/12)=1/4/14/20 of 20
t=27000  N=18128  holderDeg=34  probe(ttl4/6/8/12)=1/5/17/20 of 20
t=26800  N=18041  holderDeg=3  probe(ttl4/6/8/12)=0/0/0/8 of 20
t=27400  N=18221  holderDeg=3  probe(ttl4/6/8/12)=0/1/2/7 of 20
t=27600  N=18208  holderDeg=3  probe(ttl4/6/8/12)=0/0/2/8 of 20
t=27200  N=18189  holderDeg=34  probe(ttl4/6/8/12)=3/5/14/20 of 20
t=27600  N=18316  holderDeg=3  probe(ttl4/6/8/12)=0/0/1/9 of 20
t=26600  N=18020  holderDeg=27  probe(ttl4/6/8/12)=0/3/14/20 of 20
t=27000  N=18114  holderDeg=3  probe(ttl4/6/8/12)=0/0/3/8 of 20
t=27600  N=18278  holderDeg=3  probe(ttl4/6/8/12)=0/1/2/11 of 20
t=27800  N=18274  holderDeg=3  probe(ttl4/6/8/12)=0/0/1/4 of 20
t=26800  N=18085  holderDeg=27  probe(ttl4/6/8/12)=1/3/16/20 of 20
t=27200  N=18162  holderDeg=3  probe(ttl4/6/8/12)=0/0/0/2 of 20
t=27800  N=18369  holderDeg=3  probe(ttl4/6/8/12)=0/0/5/7 of 20
t=27800  N=18340  holderDeg=3  probe(ttl4/6/8/12)=0/0/1/4 of 20
t=28000  N=18337  holderDeg=3  probe(ttl4/6/8/12)=0/2/2/3 of 20
t=27400  N=18243  holderDeg=34  probe(ttl4/6/8/12)=0/2/17/20 of 20
t=27000  N=18136  holderDeg=27  probe(ttl4/6/8/12)=0/6/12/20 of 20
t=28000  N=18401  holderDeg=3  probe(ttl4/6/8/12)=0/1/2/3 of 20
t=27400  N=18218  holderDeg=3  probe(ttl4/6/8/12)=0/0/0/5 of 20
t=28200  N=18392  holderDeg=3  probe(ttl4/6/8/12)=0/0/2/3 of 20
t=27600  N=18309  holderDeg=34  probe(ttl4/6/8/12)=0/7/14/20 of 20
t=28000  N=18429  holderDeg=3  probe(ttl4/6/8/12)=0/2/2/10 of 20
t=27200  N=18195  holderDeg=27  probe(ttl4/6/8/12)=0/2/18/20 of 20
t=28200  N=18461  holderDeg=3  probe(ttl4/6/8/12)=0/0/3/6 of 20
t=27600  N=18270  holderDeg=3  probe(ttl4/6/8/12)=0/0/1/7 of 20
t=27800  N=18369  holderDeg=34  probe(ttl4/6/8/12)=0/7/17/19 of 20
t=28200  N=18482  holderDeg=3  probe(ttl4/6/8/12)=0/0/0/13 of 20
t=28400  N=18467  holderDeg=3  probe(ttl4/6/8/12)=0/0/0/3 of 20
t=28400  N=18515  holderDeg=3  probe(ttl4/6/8/12)=0/0/5/5 of 20
t=27800  N=18320  holderDeg=3  probe(ttl4/6/8/12)=0/0/2/4 of 20
t=27400  N=18252  holderDeg=27  probe(ttl4/6/8/12)=0/4/14/20 of 20
t=28400  N=18538  holderDeg=3  probe(ttl4/6/8/12)=0/0/4/7 of 20
t=28600  N=18529  holderDeg=3  probe(ttl4/6/8/12)=0/0/2/2 of 20
t=28000  N=18376  holderDeg=3  probe(ttl4/6/8/12)=0/0/4/4 of 20
t=28600  N=18587  holderDeg=3  probe(ttl4/6/8/12)=0/1/2/7 of 20
t=28000  N=18432  holderDeg=34  probe(ttl4/6/8/12)=0/3/16/20 of 20
t=27600  N=18312  holderDeg=27  probe(ttl4/6/8/12)=1/3/13/20 of 20
t=28800  N=18585  holderDeg=3  probe(ttl4/6/8/12)=0/1/1/6 of 20
t=28600  N=18604  holderDeg=3  probe(ttl4/6/8/12)=0/0/2/10 of 20
t=28200  N=18439  holderDeg=3  probe(ttl4/6/8/12)=0/0/3/3 of 20
t=28800  N=18656  holderDeg=3  probe(ttl4/6/8/12)=0/3/1/7 of 20
t=28200  N=18496  holderDeg=34  probe(ttl4/6/8/12)=1/4/14/19 of 20
t=27800  N=18376  holderDeg=27  probe(ttl4/6/8/12)=0/4/13/20 of 20
t=29000  N=18641  holderDeg=3  probe(ttl4/6/8/12)=0/1/0/2 of 20
t=28800  N=18655  holderDeg=3  probe(ttl4/6/8/12)=0/0/3/5 of 20
t=28400  N=18493  holderDeg=3  probe(ttl4/6/8/12)=0/0/0/2 of 20
t=28000  N=18450  holderDeg=27  probe(ttl4/6/8/12)=0/4/14/20 of 20
t=28400  N=18553  holderDeg=34  probe(ttl4/6/8/12)=0/3/15/19 of 20
t=29000  N=18710  holderDeg=3  probe(ttl4/6/8/12)=0/0/2/7 of 20
t=29000  N=18729  holderDeg=3  probe(ttl4/6/8/12)=0/1/7/5 of 20
t=28600  N=18571  holderDeg=3  probe(ttl4/6/8/12)=0/0/2/2 of 20
t=29200  N=18707  holderDeg=3  probe(ttl4/6/8/12)=0/0/2/5 of 20
t=28200  N=18500  holderDeg=27  probe(ttl4/6/8/12)=0/2/13/20 of 20
t=28600  N=18617  holderDeg=34  probe(ttl4/6/8/12)=0/4/13/20 of 20
t=29200  N=18788  holderDeg=3  probe(ttl4/6/8/12)=0/3/3/3 of 20
t=29200  N=18767  holderDeg=3  probe(ttl4/6/8/12)=0/2/1/8 of 20
t=29400  N=18769  holderDeg=3  probe(ttl4/6/8/12)=0/2/3/1 of 20
t=28800  N=18630  holderDeg=3  probe(ttl4/6/8/12)=0/2/0/6 of 20
t=28800  N=18678  holderDeg=34  probe(ttl4/6/8/12)=1/6/10/19 of 20
t=28400  N=18565  holderDeg=27  probe(ttl4/6/8/12)=1/3/17/19 of 20
t=29400  N=18839  holderDeg=3  probe(ttl4/6/8/12)=0/0/4/5 of 20
t=29400  N=18827  holderDeg=3  probe(ttl4/6/8/12)=0/1/5/11 of 20
t=29600  N=18816  holderDeg=3  probe(ttl4/6/8/12)=0/1/1/3 of 20
t=29000  N=18736  holderDeg=34  probe(ttl4/6/8/12)=0/4/16/19 of 20
t=29000  N=18683  holderDeg=3  probe(ttl4/6/8/12)=1/0/1/6 of 20
t=28600  N=18624  holderDeg=27  probe(ttl4/6/8/12)=0/4/15/20 of 20
t=29600  N=18892  holderDeg=3  probe(ttl4/6/8/12)=0/0/0/6 of 20
t=29600  N=18886  holderDeg=3  probe(ttl4/6/8/12)=1/2/1/9 of 20
t=29200  N=18759  holderDeg=3  probe(ttl4/6/8/12)=0/1/1/2 of 20
t=29200  N=18796  holderDeg=34  probe(ttl4/6/8/12)=1/6/15/19 of 20
t=29800  N=18956  holderDeg=3  probe(ttl4/6/8/12)=0/2/0/8 of 20
t=28800  N=18690  holderDeg=27  probe(ttl4/6/8/12)=1/8/14/20 of 20
t=29800  N=18876  holderDeg=3  probe(ttl4/6/8/12)=0/2/2/4 of 20
t=29400  N=18833  holderDeg=3  probe(ttl4/6/8/12)=0/0/1/4 of 20
t=29400  N=18862  holderDeg=34  probe(ttl4/6/8/12)=1/6/16/20 of 20
t=29800  N=18944  holderDeg=3  probe(ttl4/6/8/12)=0/0/2/6 of 20
t=30000  N=19013  holderDeg=3  probe(ttl4/6/8/12)=0/0/1/2 of 20
t=30000  N=18933  holderDeg=3  probe(ttl4/6/8/12)=0/1/0/3 of 20
t=29600  N=18889  holderDeg=3  probe(ttl4/6/8/12)=0/0/5/3 of 20
t=29600  N=18923  holderDeg=34  probe(ttl4/6/8/12)=1/6/18/20 of 20
t=30000  N=18993  holderDeg=3  probe(ttl4/6/8/12)=0/0/2/11 of 20
t=30200  N=19075  holderDeg=3  probe(ttl4/6/8/12)=1/0/2/5 of 20
t=29000  N=18754  holderDeg=27  probe(ttl4/6/8/12)=0/3/14/19 of 20
t=30200  N=19004  holderDeg=3  probe(ttl4/6/8/12)=0/0/1/2 of 20
t=29800  N=18946  holderDeg=3  probe(ttl4/6/8/12)=0/0/1/4 of 20
t=30200  N=19050  holderDeg=3  probe(ttl4/6/8/12)=0/0/1/6 of 20
t=29800  N=18990  holderDeg=34  probe(ttl4/6/8/12)=1/5/15/20 of 20
t=30400  N=19129  holderDeg=3  probe(ttl4/6/8/12)=0/0/5/5 of 20
t=29200  N=18809  holderDeg=27  probe(ttl4/6/8/12)=0/4/13/20 of 20
t=30400  N=19057  holderDeg=3  probe(ttl4/6/8/12)=0/0/2/6 of 20
t=30000  N=19003  holderDeg=3  probe(ttl4/6/8/12)=0/0/0/4 of 20
t=30000  N=19040  holderDeg=34  probe(ttl4/6/8/12)=0/5/16/20 of 20
t=30400  N=19112  holderDeg=3  probe(ttl4/6/8/12)=0/0/5/11 of 20
t=30600  N=19183  holderDeg=3  probe(ttl4/6/8/12)=0/1/3/6 of 20
t=29400  N=18878  holderDeg=27  probe(ttl4/6/8/12)=0/4/16/20 of 20
t=30600  N=19112  holderDeg=3  probe(ttl4/6/8/12)=0/0/1/6 of 20
t=30200  N=19069  holderDeg=3  probe(ttl4/6/8/12)=0/1/0/1 of 20
t=30200  N=19095  holderDeg=34  probe(ttl4/6/8/12)=0/4/10/20 of 20
t=30800  N=19241  holderDeg=3  probe(ttl4/6/8/12)=0/0/1/6 of 20
t=29600  N=18944  holderDeg=27  probe(ttl4/6/8/12)=1/5/14/19 of 20
t=30600  N=19182  holderDeg=3  probe(ttl4/6/8/12)=0/0/5/8 of 20
t=30800  N=19177  holderDeg=3  probe(ttl4/6/8/12)=0/0/0/3 of 20
t=31000  N=19302  holderDeg=3  probe(ttl4/6/8/12)=0/0/3/9 of 20
t=30400  N=19158  holderDeg=34  probe(ttl4/6/8/12)=0/4/16/20 of 20
t=30400  N=19127  holderDeg=3  probe(ttl4/6/8/12)=1/0/2/4 of 20
t=29800  N=19008  holderDeg=27  probe(ttl4/6/8/12)=0/5/15/20 of 20
t=31000  N=19231  holderDeg=3  probe(ttl4/6/8/12)=0/0/1/4 of 20
t=30800  N=19246  holderDeg=3  probe(ttl4/6/8/12)=0/0/1/10 of 20
t=31200  N=19370  holderDeg=3  probe(ttl4/6/8/12)=0/1/3/8 of 20
t=30600  N=19179  holderDeg=3  probe(ttl4/6/8/12)=0/0/1/3 of 20
t=30600  N=19209  holderDeg=34  probe(ttl4/6/8/12)=1/6/14/20 of 20
t=30000  N=19059  holderDeg=27  probe(ttl4/6/8/12)=0/2/13/20 of 20
t=31200  N=19288  holderDeg=3  probe(ttl4/6/8/12)=0/0/2/12 of 20
t=31000  N=19303  holderDeg=3  probe(ttl4/6/8/12)=0/0/2/10 of 20
t=31400  N=19432  holderDeg=3  probe(ttl4/6/8/12)=0/1/0/8 of 20
t=30800  N=19240  holderDeg=3  probe(ttl4/6/8/12)=0/0/2/4 of 20
t=30800  N=19266  holderDeg=34  probe(ttl4/6/8/12)=1/3/14/20 of 20
t=30200  N=19109  holderDeg=27  probe(ttl4/6/8/12)=0/6/16/19 of 20
t=31200  N=19358  holderDeg=3  probe(ttl4/6/8/12)=0/1/3/9 of 20
t=31400  N=19349  holderDeg=3  probe(ttl4/6/8/12)=1/0/2/9 of 20
t=31000  N=19315  holderDeg=34  probe(ttl4/6/8/12)=1/3/14/20 of 20
t=31000  N=19301  holderDeg=3  probe(ttl4/6/8/12)=0/0/3/2 of 20
t=31600  N=19500  holderDeg=3  probe(ttl4/6/8/12)=0/0/2/6 of 20
t=30400  N=19173  holderDeg=27  probe(ttl4/6/8/12)=2/2/15/20 of 20
t=31400  N=19418  holderDeg=3  probe(ttl4/6/8/12)=1/0/3/13 of 20
t=31600  N=19400  holderDeg=3  probe(ttl4/6/8/12)=0/0/0/8 of 20
t=31200  N=19363  holderDeg=3  probe(ttl4/6/8/12)=0/1/1/4 of 20
t=31200  N=19374  holderDeg=34  probe(ttl4/6/8/12)=1/6/17/20 of 20
t=30600  N=19227  holderDeg=27  probe(ttl4/6/8/12)=0/5/9/19 of 20
t=31800  N=19561  holderDeg=3  probe(ttl4/6/8/12)=0/0/1/5 of 20
t=31600  N=19479  holderDeg=3  probe(ttl4/6/8/12)=0/0/1/10 of 20
t=31400  N=19428  holderDeg=3  probe(ttl4/6/8/12)=1/2/0/2 of 20
t=32000  N=19614  holderDeg=3  probe(ttl4/6/8/12)=0/0/0/3 of 20
t=31800  N=19460  holderDeg=3  probe(ttl4/6/8/12)=0/1/1/12 of 20
t=30800  N=19288  holderDeg=27  probe(ttl4/6/8/12)=1/3/13/18 of 20
t=31400  N=19441  holderDeg=34  probe(ttl4/6/8/12)=1/5/12/19 of 20
t=31800  N=19544  holderDeg=3  probe(ttl4/6/8/12)=0/0/2/9 of 20
t=32200  N=19670  holderDeg=3  probe(ttl4/6/8/12)=1/0/2/8 of 20
t=31600  N=19499  holderDeg=3  probe(ttl4/6/8/12)=0/0/1/4 of 20
t=32000  N=19525  holderDeg=3  probe(ttl4/6/8/12)=1/1/4/7 of 20

 Plateau completed at t=32349

t=31000  N=19351  holderDeg=27  probe(ttl4/6/8/12)=1/3/10/20 of 20
t=31600  N=19508  holderDeg=34  probe(ttl4/6/8/12)=0/2/17/20 of 20

================ trendplat  seed=10  (Pp=100 Pd=0 Pt=25000 rewire=True k=5 c=2 eps=0,02 qmax=0,2 N=10000 theta=6 crash=0 shape=3 multi=5 randrw=0 oracle=False fixedthr=0 rules=7 cooper=False dmax=160 mu=1 noscale=False plateau=18000) ================
t=200  N=209  holderDeg=-1  probe(ttl4/6/8/12)=0/0/0/0 of 20
t=400  N=409  holderDeg=-1  probe(ttl4/6/8/12)=0/0/0/0 of 20
t=600  N=609  holderDeg=-1  probe(ttl4/6/8/12)=0/0/0/0 of 20
t=800  N=809  holderDeg=-1  probe(ttl4/6/8/12)=0/0/0/0 of 20
t=1000  N=1009  holderDeg=-1  probe(ttl4/6/8/12)=0/0/0/0 of 20
t=1200  N=1209  holderDeg=-1  probe(ttl4/6/8/12)=0/0/0/0 of 20
t=32000  N=19608  holderDeg=3  probe(ttl4/6/8/12)=0/0/4/11 of 20
t=1400  N=1409  holderDeg=-1  probe(ttl4/6/8/12)=0/0/0/0 of 20
t=1600  N=1609  holderDeg=-1  probe(ttl4/6/8/12)=0/0/0/0 of 20
t=31800  N=19559  holderDeg=3  probe(ttl4/6/8/12)=0/0/2/5 of 20
t=1800  N=1809  holderDeg=-1  probe(ttl4/6/8/12)=0/0/0/0 of 20
t=2000  N=2009  holderDeg=-1  probe(ttl4/6/8/12)=0/0/0/0 of 20
t=32200  N=19589  holderDeg=3  probe(ttl4/6/8/12)=0/0/2/10 of 20

 Plateau completed at t=32210

t=2200  N=2209  holderDeg=-1  probe(ttl4/6/8/12)=0/0/0/0 of 20

================ popplat  seed=10  (Pp=100 Pd=0 Pt=0 rewire=False k=5 c=2 eps=0,02 qmax=0,2 N=10000 theta=6 crash=0 shape=3 multi=5 randrw=0 oracle=False fixedthr=0 rules=7 cooper=False dmax=160 mu=1 noscale=False plateau=18000) ================
t=200  N=209  holderDeg=-1  probe(ttl4/6/8/12)=0/0/0/0 of 20
t=400  N=409  holderDeg=-1  probe(ttl4/6/8/12)=0/0/0/0 of 20
t=2400  N=2409  holderDeg=-1  probe(ttl4/6/8/12)=0/0/0/0 of 20
t=600  N=609  holderDeg=-1  probe(ttl4/6/8/12)=0/0/0/0 of 20
t=800  N=809  holderDeg=-1  probe(ttl4/6/8/12)=0/0/0/0 of 20
t=31800  N=19575  holderDeg=34  probe(ttl4/6/8/12)=0/4/11/20 of 20
t=1000  N=1009  holderDeg=-1  probe(ttl4/6/8/12)=0/0/0/0 of 20
t=2600  N=2609  holderDeg=-1  probe(ttl4/6/8/12)=0/0/0/0 of 20
t=1200  N=1209  holderDeg=-1  probe(ttl4/6/8/12)=0/0/0/0 of 20
t=2800  N=2809  holderDeg=-1  probe(ttl4/6/8/12)=0/0/0/0 of 20
t=1400  N=1409  holderDeg=-1  probe(ttl4/6/8/12)=0/0/0/0 of 20
t=1600  N=1609  holderDeg=-1  probe(ttl4/6/8/12)=0/0/0/0 of 20
t=3000  N=3009  holderDeg=-1  probe(ttl4/6/8/12)=0/0/0/0 of 20
t=1800  N=1809  holderDeg=-1  probe(ttl4/6/8/12)=0/0/0/0 of 20
t=3200  N=3209  holderDeg=-1  probe(ttl4/6/8/12)=0/0/0/0 of 20
t=2000  N=2009  holderDeg=-1  probe(ttl4/6/8/12)=0/0/0/0 of 20
t=31200  N=19413  holderDeg=27  probe(ttl4/6/8/12)=0/2/10/20 of 20
t=32200  N=19654  holderDeg=3  probe(ttl4/6/8/12)=0/0/4/9 of 20
t=2200  N=2209  holderDeg=-1  probe(ttl4/6/8/12)=0/0/0/0 of 20
t=3400  N=3409  holderDeg=-1  probe(ttl4/6/8/12)=0/0/0/0 of 20
t=2400  N=2409  holderDeg=-1  probe(ttl4/6/8/12)=0/0/0/0 of 20
t=3600  N=3609  holderDeg=-1  probe(ttl4/6/8/12)=0/0/0/0 of 20
t=32000  N=19616  holderDeg=3  probe(ttl4/6/8/12)=0/0/1/4 of 20
t=2600  N=2609  holderDeg=-1  probe(ttl4/6/8/12)=0/0/0/0 of 20

 Plateau completed at t=32333

t=2800  N=2809  holderDeg=-1  probe(ttl4/6/8/12)=0/0/0/0 of 20
t=3800  N=3809  holderDeg=-1  probe(ttl4/6/8/12)=0/0/0/0 of 20
t=3000  N=3009  holderDeg=-1  probe(ttl4/6/8/12)=0/0/0/0 of 20
t=4000  N=4009  holderDeg=-1  probe(ttl4/6/8/12)=0/0/0/0 of 20
t=3200  N=3209  holderDeg=-1  probe(ttl4/6/8/12)=0/0/0/0 of 20
t=32000  N=19643  holderDeg=34  probe(ttl4/6/8/12)=0/6/14/20 of 20
t=4200  N=4209  holderDeg=-1  probe(ttl4/6/8/12)=0/0/0/0 of 20
t=3400  N=3409  holderDeg=-1  probe(ttl4/6/8/12)=0/0/0/0 of 20
t=3600  N=3609  holderDeg=-1  probe(ttl4/6/8/12)=0/0/0/0 of 20
t=4400  N=4409  holderDeg=-1  probe(ttl4/6/8/12)=0/0/0/0 of 20
t=31400  N=19475  holderDeg=27  probe(ttl4/6/8/12)=1/2/9/20 of 20
t=3800  N=3809  holderDeg=-1  probe(ttl4/6/8/12)=0/0/0/0 of 20
t=4600  N=4609  holderDeg=-1  probe(ttl4/6/8/12)=0/0/0/0 of 20
t=32200  N=19681  holderDeg=3  probe(ttl4/6/8/12)=0/1/1/5 of 20
t=4000  N=4009  holderDeg=-1  probe(ttl4/6/8/12)=0/0/0/0 of 20
t=4800  N=4809  holderDeg=-1  probe(ttl4/6/8/12)=0/0/0/0 of 20

 Plateau completed at t=32271

t=4200  N=4209  holderDeg=-1  probe(ttl4/6/8/12)=0/0/0/0 of 20
t=5000  N=5009  holderDeg=-1  probe(ttl4/6/8/12)=0/0/0/0 of 20
t=4400  N=4409  holderDeg=-1  probe(ttl4/6/8/12)=0/0/0/0 of 20
t=32200  N=19706  holderDeg=34  probe(ttl4/6/8/12)=1/4/9/20 of 20
t=5200  N=5209  holderDeg=-1  probe(ttl4/6/8/12)=0/0/0/0 of 20
t=4600  N=4609  holderDeg=-1  probe(ttl4/6/8/12)=0/0/0/0 of 20

 Plateau completed at t=32309

t=5400  N=5409  holderDeg=-1  probe(ttl4/6/8/12)=0/0/0/0 of 20
t=31600  N=19531  holderDeg=27  probe(ttl4/6/8/12)=0/3/11/19 of 20
t=4800  N=4809  holderDeg=-1  probe(ttl4/6/8/12)=0/0/0/0 of 20
t=5600  N=5609  holderDeg=-1  probe(ttl4/6/8/12)=0/0/0/0 of 20
t=5000  N=5009  holderDeg=-1  probe(ttl4/6/8/12)=0/0/0/0 of 20
t=5200  N=5209  holderDeg=-1  probe(ttl4/6/8/12)=0/0/0/0 of 20
t=5800  N=5809  holderDeg=-1  probe(ttl4/6/8/12)=0/0/0/0 of 20
t=5400  N=5409  holderDeg=-1  probe(ttl4/6/8/12)=0/0/0/0 of 20
t=6000  N=6009  holderDeg=-1  probe(ttl4/6/8/12)=0/0/0/0 of 20
t=31800  N=19601  holderDeg=27  probe(ttl4/6/8/12)=0/5/14/20 of 20
t=5600  N=5609  holderDeg=-1  probe(ttl4/6/8/12)=0/0/0/0 of 20
t=6200  N=6209  holderDeg=-1  probe(ttl4/6/8/12)=0/0/0/0 of 20
t=5800  N=5809  holderDeg=-1  probe(ttl4/6/8/12)=0/0/0/0 of 20
t=6400  N=6409  holderDeg=-1  probe(ttl4/6/8/12)=0/0/0/0 of 20
t=6000  N=6009  holderDeg=-1  probe(ttl4/6/8/12)=0/0/0/0 of 20
t=6200  N=6209  holderDeg=-1  probe(ttl4/6/8/12)=0/0/0/0 of 20
t=6600  N=6609  holderDeg=-1  probe(ttl4/6/8/12)=0/0/0/0 of 20
t=6400  N=6409  holderDeg=-1  probe(ttl4/6/8/12)=0/0/0/0 of 20
t=6800  N=6809  holderDeg=-1  probe(ttl4/6/8/12)=0/0/0/0 of 20
t=32000  N=19667  holderDeg=27  probe(ttl4/6/8/12)=0/3/14/20 of 20
t=6600  N=6609  holderDeg=-1  probe(ttl4/6/8/12)=0/0/0/0 of 20
t=7000  N=7009  holderDeg=-1  probe(ttl4/6/8/12)=0/0/0/0 of 20
t=6800  N=6809  holderDeg=-1  probe(ttl4/6/8/12)=0/0/0/0 of 20
t=7200  N=7209  holderDeg=-1  probe(ttl4/6/8/12)=0/0/0/0 of 20
t=7000  N=7009  holderDeg=-1  probe(ttl4/6/8/12)=0/0/0/0 of 20
t=7400  N=7409  holderDeg=-1  probe(ttl4/6/8/12)=0/0/0/0 of 20
t=32200  N=19740  holderDeg=27  probe(ttl4/6/8/12)=0/4/6/19 of 20
t=7200  N=7209  holderDeg=-1  probe(ttl4/6/8/12)=0/0/0/0 of 20
t=7600  N=7609  holderDeg=-1  probe(ttl4/6/8/12)=0/0/0/0 of 20
t=7400  N=7409  holderDeg=-1  probe(ttl4/6/8/12)=0/0/0/0 of 20

 Plateau completed at t=32323

t=7800  N=7809  holderDeg=-1  probe(ttl4/6/8/12)=0/0/0/0 of 20
t=7600  N=7609  holderDeg=-1  probe(ttl4/6/8/12)=0/0/0/0 of 20
t=8000  N=8009  holderDeg=-1  probe(ttl4/6/8/12)=0/0/0/0 of 20
t=7800  N=7809  holderDeg=-1  probe(ttl4/6/8/12)=0/0/0/0 of 20
t=8200  N=8209  holderDeg=-1  probe(ttl4/6/8/12)=0/0/0/0 of 20
t=8000  N=8009  holderDeg=-1  probe(ttl4/6/8/12)=0/0/0/0 of 20
t=8200  N=8209  holderDeg=-1  probe(ttl4/6/8/12)=0/0/0/0 of 20
t=8400  N=8409  holderDeg=-1  probe(ttl4/6/8/12)=0/0/0/0 of 20
t=8400  N=8409  holderDeg=-1  probe(ttl4/6/8/12)=0/0/0/0 of 20
t=8600  N=8609  holderDeg=-1  probe(ttl4/6/8/12)=0/0/0/0 of 20
t=8600  N=8609  holderDeg=-1  probe(ttl4/6/8/12)=0/0/0/0 of 20
t=8800  N=8809  holderDeg=-1  probe(ttl4/6/8/12)=0/0/0/0 of 20
t=8800  N=8809  holderDeg=-1  probe(ttl4/6/8/12)=0/0/0/0 of 20
t=9000  N=9009  holderDeg=-1  probe(ttl4/6/8/12)=0/0/0/0 of 20
t=9000  N=9009  holderDeg=-1  probe(ttl4/6/8/12)=0/0/0/0 of 20
t=9200  N=9209  holderDeg=-1  probe(ttl4/6/8/12)=0/0/0/0 of 20
t=9200  N=9209  holderDeg=-1  probe(ttl4/6/8/12)=0/0/0/0 of 20
t=9400  N=9409  holderDeg=-1  probe(ttl4/6/8/12)=0/0/0/0 of 20
t=9400  N=9409  holderDeg=-1  probe(ttl4/6/8/12)=0/0/0/0 of 20
t=9600  N=9609  holderDeg=-1  probe(ttl4/6/8/12)=0/0/0/0 of 20
t=9600  N=9609  holderDeg=-1  probe(ttl4/6/8/12)=0/0/0/0 of 20
t=9800  N=9809  holderDeg=-1  probe(ttl4/6/8/12)=0/0/0/0 of 20
t=9800  N=9809  holderDeg=-1  probe(ttl4/6/8/12)=0/0/0/0 of 20
t=10000  N=10009  holderDeg=-1  probe(ttl4/6/8/12)=0/0/0/0 of 20
t=10000  N=10009  holderDeg=-1  probe(ttl4/6/8/12)=0/0/0/0 of 20
t=10200  N=10209  holderDeg=-1  probe(ttl4/6/8/12)=0/0/0/0 of 20
t=10200  N=10209  holderDeg=-1  probe(ttl4/6/8/12)=0/0/0/0 of 20
t=10400  N=10409  holderDeg=-1  probe(ttl4/6/8/12)=0/0/0/0 of 20
t=10400  N=10409  holderDeg=-1  probe(ttl4/6/8/12)=0/0/0/0 of 20
t=10600  N=10609  holderDeg=-1  probe(ttl4/6/8/12)=0/0/0/0 of 20
t=10600  N=10609  holderDeg=-1  probe(ttl4/6/8/12)=0/0/0/0 of 20
t=10800  N=10809  holderDeg=-1  probe(ttl4/6/8/12)=0/0/0/0 of 20
t=11000  N=11009  holderDeg=-1  probe(ttl4/6/8/12)=0/0/0/0 of 20
t=10800  N=10809  holderDeg=-1  probe(ttl4/6/8/12)=0/0/0/0 of 20
t=11000  N=11009  holderDeg=-1  probe(ttl4/6/8/12)=0/0/0/0 of 20
t=11200  N=11209  holderDeg=-1  probe(ttl4/6/8/12)=0/0/0/0 of 20
t=11200  N=11209  holderDeg=-1  probe(ttl4/6/8/12)=0/0/0/0 of 20
t=11400  N=11409  holderDeg=-1  probe(ttl4/6/8/12)=0/0/0/0 of 20
t=11400  N=11409  holderDeg=-1  probe(ttl4/6/8/12)=0/0/0/0 of 20
t=11600  N=11609  holderDeg=-1  probe(ttl4/6/8/12)=0/0/0/0 of 20
t=11600  N=11609  holderDeg=-1  probe(ttl4/6/8/12)=0/0/0/0 of 20
t=11800  N=11809  holderDeg=-1  probe(ttl4/6/8/12)=0/0/0/0 of 20
t=11800  N=11809  holderDeg=-1  probe(ttl4/6/8/12)=0/0/0/0 of 20
t=12000  N=12009  holderDeg=-1  probe(ttl4/6/8/12)=0/0/0/0 of 20
t=12000  N=12009  holderDeg=-1  probe(ttl4/6/8/12)=0/0/0/0 of 20
t=12200  N=12209  holderDeg=-1  probe(ttl4/6/8/12)=0/0/0/0 of 20
t=12200  N=12209  holderDeg=-1  probe(ttl4/6/8/12)=0/0/0/0 of 20
t=12400  N=12409  holderDeg=-1  probe(ttl4/6/8/12)=0/0/0/0 of 20
t=12400  N=12409  holderDeg=-1  probe(ttl4/6/8/12)=0/0/0/0 of 20
t=12600  N=12609  holderDeg=-1  probe(ttl4/6/8/12)=0/0/0/0 of 20
t=12600  N=12609  holderDeg=-1  probe(ttl4/6/8/12)=0/0/0/0 of 20
t=12800  N=12809  holderDeg=-1  probe(ttl4/6/8/12)=0/0/0/0 of 20
t=12800  N=12809  holderDeg=-1  probe(ttl4/6/8/12)=0/0/0/0 of 20
t=13000  N=13009  holderDeg=-1  probe(ttl4/6/8/12)=0/0/0/0 of 20
t=13200  N=13209  holderDeg=-1  probe(ttl4/6/8/12)=0/0/0/0 of 20
t=13000  N=13009  holderDeg=-1  probe(ttl4/6/8/12)=0/0/0/0 of 20
t=13400  N=13409  holderDeg=-1  probe(ttl4/6/8/12)=0/0/0/0 of 20
t=13200  N=13209  holderDeg=-1  probe(ttl4/6/8/12)=0/0/0/0 of 20
t=13600  N=13609  holderDeg=-1  probe(ttl4/6/8/12)=0/0/0/0 of 20
t=13400  N=13409  holderDeg=-1  probe(ttl4/6/8/12)=0/0/0/0 of 20
t=13800  N=13809  holderDeg=-1  probe(ttl4/6/8/12)=0/0/0/0 of 20
t=13600  N=13609  holderDeg=-1  probe(ttl4/6/8/12)=0/0/0/0 of 20
t=14000  N=14009  holderDeg=-1  probe(ttl4/6/8/12)=0/0/0/0 of 20

 Growing has been completed
*********************************************************************

t=13800  N=13809  holderDeg=-1  probe(ttl4/6/8/12)=0/0/0/0 of 20
t=14200  N=14145  holderDeg=-1  probe(ttl4/6/8/12)=0/0/0/0 of 20
t=14000  N=14009  holderDeg=-1  probe(ttl4/6/8/12)=0/0/0/0 of 20
t=14400  N=14196  holderDeg=-1  probe(ttl4/6/8/12)=0/0/0/0 of 20
t=14200  N=14209  holderDeg=-1  probe(ttl4/6/8/12)=0/0/0/0 of 20
t=14600  N=14263  holderDeg=-1  probe(ttl4/6/8/12)=0/0/0/0 of 20

 Growing has been completed
*********************************************************************

t=14400  N=14309  holderDeg=-1  probe(ttl4/6/8/12)=0/0/0/0 of 20
t=14800  N=14319  holderDeg=-1  probe(ttl4/6/8/12)=0/0/0/0 of 20
t=14600  N=14376  holderDeg=-1  probe(ttl4/6/8/12)=0/0/0/0 of 20
t=15000  N=14376  holderDeg=-1  probe(ttl4/6/8/12)=0/0/0/0 of 20
t=15200  N=14426  holderDeg=3  probe(ttl4/6/8/12)=1/1/4/4 of 20
t=14800  N=14438  holderDeg=-1  probe(ttl4/6/8/12)=0/0/0/0 of 20
t=15400  N=14481  holderDeg=3  probe(ttl4/6/8/12)=0/0/4/10 of 20
t=15000  N=14502  holderDeg=-1  probe(ttl4/6/8/12)=0/0/0/0 of 20
t=15600  N=14540  holderDeg=3  probe(ttl4/6/8/12)=1/3/0/3 of 20
t=15200  N=14560  holderDeg=3  probe(ttl4/6/8/12)=0/0/3/8 of 20
t=15800  N=14602  holderDeg=3  probe(ttl4/6/8/12)=0/0/5/2 of 20
t=15400  N=14632  holderDeg=3  probe(ttl4/6/8/12)=0/1/6/10 of 20
t=16000  N=14663  holderDeg=3  probe(ttl4/6/8/12)=0/0/1/8 of 20
t=15600  N=14689  holderDeg=3  probe(ttl4/6/8/12)=0/1/5/8 of 20
t=16200  N=14718  holderDeg=3  probe(ttl4/6/8/12)=0/0/3/5 of 20
t=15800  N=14758  holderDeg=3  probe(ttl4/6/8/12)=0/1/5/6 of 20
t=16400  N=14767  holderDeg=3  probe(ttl4/6/8/12)=0/0/1/4 of 20
t=16000  N=14839  holderDeg=3  probe(ttl4/6/8/12)=0/3/3/12 of 20
t=16600  N=14823  holderDeg=3  probe(ttl4/6/8/12)=0/0/1/5 of 20
t=16800  N=14883  holderDeg=3  probe(ttl4/6/8/12)=0/1/5/4 of 20
t=16200  N=14901  holderDeg=3  probe(ttl4/6/8/12)=0/0/1/8 of 20
t=16400  N=14957  holderDeg=3  probe(ttl4/6/8/12)=0/1/1/7 of 20
t=17000  N=14939  holderDeg=3  probe(ttl4/6/8/12)=0/3/1/8 of 20
t=16600  N=15011  holderDeg=3  probe(ttl4/6/8/12)=0/0/5/4 of 20
t=17200  N=14990  holderDeg=3  probe(ttl4/6/8/12)=0/1/4/7 of 20
t=17400  N=15051  holderDeg=3  probe(ttl4/6/8/12)=0/0/1/4 of 20
t=16800  N=15072  holderDeg=3  probe(ttl4/6/8/12)=0/0/8/10 of 20
t=17600  N=15112  holderDeg=3  probe(ttl4/6/8/12)=0/0/4/2 of 20
t=17000  N=15128  holderDeg=3  probe(ttl4/6/8/12)=0/0/1/10 of 20
t=17800  N=15174  holderDeg=3  probe(ttl4/6/8/12)=0/0/0/5 of 20
t=17200  N=15188  holderDeg=3  probe(ttl4/6/8/12)=1/2/2/7 of 20
t=18000  N=15233  holderDeg=3  probe(ttl4/6/8/12)=0/0/3/6 of 20
t=17400  N=15242  holderDeg=3  probe(ttl4/6/8/12)=0/1/4/5 of 20
t=18200  N=15291  holderDeg=3  probe(ttl4/6/8/12)=0/1/1/7 of 20
t=17600  N=15298  holderDeg=3  probe(ttl4/6/8/12)=0/0/2/5 of 20
t=18400  N=15361  holderDeg=3  probe(ttl4/6/8/12)=1/0/4/4 of 20
t=17800  N=15360  holderDeg=3  probe(ttl4/6/8/12)=0/2/1/7 of 20
t=18600  N=15414  holderDeg=3  probe(ttl4/6/8/12)=0/0/7/5 of 20
t=18000  N=15427  holderDeg=3  probe(ttl4/6/8/12)=0/0/0/5 of 20
t=18200  N=15488  holderDeg=3  probe(ttl4/6/8/12)=0/0/2/9 of 20
t=18800  N=15471  holderDeg=3  probe(ttl4/6/8/12)=0/2/3/3 of 20
t=18400  N=15544  holderDeg=5  probe(ttl4/6/8/12)=0/2/5/9 of 20
t=19000  N=15533  holderDeg=3  probe(ttl4/6/8/12)=0/0/1/2 of 20
t=18600  N=15611  holderDeg=7  probe(ttl4/6/8/12)=0/2/6/12 of 20
t=19200  N=15582  holderDeg=3  probe(ttl4/6/8/12)=0/0/5/3 of 20
t=18800  N=15670  holderDeg=9  probe(ttl4/6/8/12)=2/2/7/10 of 20
t=19400  N=15641  holderDeg=3  probe(ttl4/6/8/12)=0/0/2/10 of 20
t=19000  N=15741  holderDeg=11  probe(ttl4/6/8/12)=0/1/7/13 of 20
t=19600  N=15699  holderDeg=3  probe(ttl4/6/8/12)=0/0/1/5 of 20
t=19200  N=15795  holderDeg=13  probe(ttl4/6/8/12)=0/4/10/15 of 20
t=19800  N=15754  holderDeg=3  probe(ttl4/6/8/12)=0/1/1/1 of 20
t=20000  N=15805  holderDeg=3  probe(ttl4/6/8/12)=0/1/3/4 of 20
t=19400  N=15856  holderDeg=13  probe(ttl4/6/8/12)=0/4/7/16 of 20
t=20200  N=15866  holderDeg=3  probe(ttl4/6/8/12)=0/0/1/2 of 20
t=19600  N=15917  holderDeg=13  probe(ttl4/6/8/12)=0/2/5/15 of 20
t=20400  N=15923  holderDeg=3  probe(ttl4/6/8/12)=0/0/4/4 of 20
t=19800  N=15975  holderDeg=13  probe(ttl4/6/8/12)=0/2/6/15 of 20
t=20600  N=15984  holderDeg=3  probe(ttl4/6/8/12)=1/0/2/5 of 20
t=20000  N=16038  holderDeg=13  probe(ttl4/6/8/12)=1/1/5/11 of 20
t=20800  N=16041  holderDeg=3  probe(ttl4/6/8/12)=0/0/3/2 of 20
t=21000  N=16093  holderDeg=3  probe(ttl4/6/8/12)=0/0/1/1 of 20
t=20200  N=16096  holderDeg=13  probe(ttl4/6/8/12)=0/3/11/13 of 20
t=21200  N=16173  holderDeg=3  probe(ttl4/6/8/12)=0/1/2/2 of 20
t=20400  N=16156  holderDeg=13  probe(ttl4/6/8/12)=0/3/10/18 of 20
t=21400  N=16232  holderDeg=3  probe(ttl4/6/8/12)=0/0/0/3 of 20
t=20600  N=16223  holderDeg=13  probe(ttl4/6/8/12)=1/1/10/17 of 20
t=21600  N=16298  holderDeg=3  probe(ttl4/6/8/12)=0/0/1/2 of 20
t=20800  N=16298  holderDeg=13  probe(ttl4/6/8/12)=2/2/8/16 of 20
t=21800  N=16371  holderDeg=3  probe(ttl4/6/8/12)=0/0/1/2 of 20
t=21000  N=16358  holderDeg=13  probe(ttl4/6/8/12)=0/1/7/13 of 20
t=22000  N=16424  holderDeg=3  probe(ttl4/6/8/12)=0/0/1/1 of 20
t=21200  N=16417  holderDeg=13  probe(ttl4/6/8/12)=0/2/7/11 of 20
t=22200  N=16474  holderDeg=3  probe(ttl4/6/8/12)=0/1/2/7 of 20
t=21400  N=16467  holderDeg=13  probe(ttl4/6/8/12)=2/3/5/14 of 20
t=22400  N=16531  holderDeg=3  probe(ttl4/6/8/12)=0/1/1/4 of 20
t=21600  N=16526  holderDeg=13  probe(ttl4/6/8/12)=1/3/9/13 of 20
t=22600  N=16605  holderDeg=3  probe(ttl4/6/8/12)=0/1/2/7 of 20
t=22800  N=16661  holderDeg=3  probe(ttl4/6/8/12)=0/1/3/2 of 20
t=21800  N=16585  holderDeg=13  probe(ttl4/6/8/12)=0/2/4/13 of 20
t=23000  N=16714  holderDeg=3  probe(ttl4/6/8/12)=0/0/1/5 of 20
t=22000  N=16649  holderDeg=13  probe(ttl4/6/8/12)=0/3/10/14 of 20
t=23200  N=16782  holderDeg=3  probe(ttl4/6/8/12)=0/0/1/6 of 20
t=22200  N=16710  holderDeg=13  probe(ttl4/6/8/12)=0/0/7/13 of 20
t=23400  N=16848  holderDeg=3  probe(ttl4/6/8/12)=0/0/1/7 of 20
t=22400  N=16762  holderDeg=13  probe(ttl4/6/8/12)=0/2/12/14 of 20
t=23600  N=16913  holderDeg=3  probe(ttl4/6/8/12)=0/1/1/2 of 20
t=22600  N=16831  holderDeg=13  probe(ttl4/6/8/12)=0/2/11/14 of 20
t=22800  N=16890  holderDeg=13  probe(ttl4/6/8/12)=2/3/6/17 of 20
t=23800  N=16981  holderDeg=3  probe(ttl4/6/8/12)=0/0/4/1 of 20
t=23000  N=16938  holderDeg=13  probe(ttl4/6/8/12)=0/0/11/11 of 20
t=24000  N=17049  holderDeg=3  probe(ttl4/6/8/12)=1/0/1/6 of 20
t=23200  N=17000  holderDeg=13  probe(ttl4/6/8/12)=0/1/6/15 of 20
t=24200  N=17109  holderDeg=3  probe(ttl4/6/8/12)=0/0/2/3 of 20
t=23400  N=17048  holderDeg=13  probe(ttl4/6/8/12)=0/0/6/12 of 20
t=24400  N=17169  holderDeg=3  probe(ttl4/6/8/12)=0/0/3/4 of 20
t=24600  N=17220  holderDeg=3  probe(ttl4/6/8/12)=0/0/0/2 of 20
t=23600  N=17108  holderDeg=13  probe(ttl4/6/8/12)=0/0/7/14 of 20
t=24800  N=17274  holderDeg=3  probe(ttl4/6/8/12)=0/0/2/3 of 20
t=25000  N=17329  holderDeg=3  probe(ttl4/6/8/12)=0/2/3/2 of 20
t=23800  N=17169  holderDeg=13  probe(ttl4/6/8/12)=0/1/11/11 of 20
t=25200  N=17382  holderDeg=3  probe(ttl4/6/8/12)=0/0/3/5 of 20
t=24000  N=17228  holderDeg=13  probe(ttl4/6/8/12)=1/0/7/10 of 20
t=24200  N=17280  holderDeg=13  probe(ttl4/6/8/12)=0/2/9/10 of 20
t=24400  N=17336  holderDeg=13  probe(ttl4/6/8/12)=0/0/9/12 of 20
t=25400  N=17441  holderDeg=3  probe(ttl4/6/8/12)=0/0/3/3 of 20
t=25600  N=17488  holderDeg=3  probe(ttl4/6/8/12)=0/0/0/3 of 20
t=24600  N=17387  holderDeg=13  probe(ttl4/6/8/12)=0/5/5/12 of 20
t=24800  N=17449  holderDeg=13  probe(ttl4/6/8/12)=0/5/5/11 of 20
t=25800  N=17544  holderDeg=3  probe(ttl4/6/8/12)=0/2/0/3 of 20
t=26000  N=17607  holderDeg=3  probe(ttl4/6/8/12)=0/0/0/10 of 20
t=25000  N=17515  holderDeg=13  probe(ttl4/6/8/12)=1/1/7/13 of 20
t=26200  N=17654  holderDeg=3  probe(ttl4/6/8/12)=0/1/2/4 of 20
t=26400  N=17717  holderDeg=3  probe(ttl4/6/8/12)=0/0/3/6 of 20
t=25200  N=17576  holderDeg=13  probe(ttl4/6/8/12)=0/3/8/13 of 20
t=25400  N=17626  holderDeg=13  probe(ttl4/6/8/12)=0/2/5/11 of 20
t=26600  N=17774  holderDeg=3  probe(ttl4/6/8/12)=0/0/2/5 of 20
t=25600  N=17695  holderDeg=13  probe(ttl4/6/8/12)=0/2/5/14 of 20
t=26800  N=17828  holderDeg=3  probe(ttl4/6/8/12)=0/1/2/4 of 20
t=25800  N=17751  holderDeg=13  probe(ttl4/6/8/12)=0/2/8/13 of 20
t=27000  N=17889  holderDeg=3  probe(ttl4/6/8/12)=0/0/4/4 of 20
t=26000  N=17812  holderDeg=13  probe(ttl4/6/8/12)=0/2/8/12 of 20
t=27200  N=17958  holderDeg=3  probe(ttl4/6/8/12)=0/1/2/4 of 20
t=26200  N=17883  holderDeg=13  probe(ttl4/6/8/12)=0/1/6/13 of 20
t=27400  N=18020  holderDeg=3  probe(ttl4/6/8/12)=0/0/2/7 of 20
t=26400  N=17953  holderDeg=13  probe(ttl4/6/8/12)=1/1/6/14 of 20
t=27600  N=18082  holderDeg=3  probe(ttl4/6/8/12)=0/1/2/3 of 20
t=27800  N=18153  holderDeg=3  probe(ttl4/6/8/12)=0/1/2/5 of 20
t=26600  N=18011  holderDeg=13  probe(ttl4/6/8/12)=0/4/13/12 of 20
t=28000  N=18212  holderDeg=3  probe(ttl4/6/8/12)=0/0/0/3 of 20
t=26800  N=18071  holderDeg=13  probe(ttl4/6/8/12)=0/2/10/12 of 20
t=28200  N=18269  holderDeg=3  probe(ttl4/6/8/12)=0/1/5/3 of 20
t=27000  N=18137  holderDeg=13  probe(ttl4/6/8/12)=0/2/7/11 of 20
t=28400  N=18335  holderDeg=3  probe(ttl4/6/8/12)=0/0/0/5 of 20
t=27200  N=18202  holderDeg=13  probe(ttl4/6/8/12)=0/2/10/13 of 20
t=28600  N=18395  holderDeg=3  probe(ttl4/6/8/12)=0/1/1/4 of 20
t=28800  N=18461  holderDeg=3  probe(ttl4/6/8/12)=0/0/3/4 of 20
t=27400  N=18264  holderDeg=13  probe(ttl4/6/8/12)=2/1/8/13 of 20
t=29000  N=18520  holderDeg=3  probe(ttl4/6/8/12)=0/0/1/7 of 20
t=27600  N=18332  holderDeg=13  probe(ttl4/6/8/12)=1/1/8/11 of 20
t=27800  N=18376  holderDeg=13  probe(ttl4/6/8/12)=0/1/6/12 of 20
t=29200  N=18583  holderDeg=3  probe(ttl4/6/8/12)=1/0/0/5 of 20
t=28000  N=18436  holderDeg=13  probe(ttl4/6/8/12)=0/2/7/13 of 20
t=29400  N=18631  holderDeg=3  probe(ttl4/6/8/12)=0/0/5/6 of 20
t=28200  N=18501  holderDeg=13  probe(ttl4/6/8/12)=0/3/8/11 of 20
t=29600  N=18698  holderDeg=3  probe(ttl4/6/8/12)=0/1/0/4 of 20
t=28400  N=18553  holderDeg=13  probe(ttl4/6/8/12)=0/2/8/12 of 20
t=28600  N=18615  holderDeg=13  probe(ttl4/6/8/12)=0/1/8/8 of 20
t=29800  N=18755  holderDeg=3  probe(ttl4/6/8/12)=0/1/2/6 of 20
t=28800  N=18663  holderDeg=13  probe(ttl4/6/8/12)=0/0/5/11 of 20
t=30000  N=18813  holderDeg=3  probe(ttl4/6/8/12)=0/1/2/4 of 20
t=29000  N=18725  holderDeg=13  probe(ttl4/6/8/12)=0/3/7/11 of 20
t=30200  N=18874  holderDeg=3  probe(ttl4/6/8/12)=0/2/1/4 of 20
t=30400  N=18944  holderDeg=3  probe(ttl4/6/8/12)=0/0/0/2 of 20
t=29200  N=18786  holderDeg=13  probe(ttl4/6/8/12)=0/1/9/13 of 20
t=29400  N=18843  holderDeg=13  probe(ttl4/6/8/12)=0/6/7/18 of 20
t=30600  N=19008  holderDeg=3  probe(ttl4/6/8/12)=0/0/3/2 of 20
t=30800  N=19056  holderDeg=3  probe(ttl4/6/8/12)=0/0/1/6 of 20
t=29600  N=18902  holderDeg=13  probe(ttl4/6/8/12)=0/1/5/10 of 20
t=29800  N=18950  holderDeg=13  probe(ttl4/6/8/12)=0/1/7/10 of 20
t=31000  N=19117  holderDeg=3  probe(ttl4/6/8/12)=0/0/2/8 of 20
t=30000  N=19020  holderDeg=13  probe(ttl4/6/8/12)=0/2/8/12 of 20
t=31200  N=19177  holderDeg=3  probe(ttl4/6/8/12)=0/1/0/1 of 20
t=31400  N=19239  holderDeg=3  probe(ttl4/6/8/12)=0/0/4/5 of 20
t=30200  N=19074  holderDeg=13  probe(ttl4/6/8/12)=0/1/4/13 of 20
t=30400  N=19127  holderDeg=13  probe(ttl4/6/8/12)=0/3/8/7 of 20
t=31600  N=19286  holderDeg=3  probe(ttl4/6/8/12)=0/0/0/4 of 20
t=30600  N=19185  holderDeg=13  probe(ttl4/6/8/12)=0/2/11/13 of 20
t=30800  N=19230  holderDeg=13  probe(ttl4/6/8/12)=0/2/9/12 of 20
t=31000  N=19287  holderDeg=13  probe(ttl4/6/8/12)=0/1/8/10 of 20
t=31800  N=19360  holderDeg=3  probe(ttl4/6/8/12)=0/0/4/5 of 20
t=31200  N=19341  holderDeg=13  probe(ttl4/6/8/12)=0/3/5/10 of 20
t=32000  N=19418  holderDeg=3  probe(ttl4/6/8/12)=0/0/3/3 of 20

 Plateau completed at t=32113

t=31400  N=19395  holderDeg=13  probe(ttl4/6/8/12)=1/0/11/11 of 20
t=31600  N=19462  holderDeg=13  probe(ttl4/6/8/12)=0/5/5/8 of 20
t=31800  N=19520  holderDeg=13  probe(ttl4/6/8/12)=1/0/6/13 of 20
t=32000  N=19573  holderDeg=13  probe(ttl4/6/8/12)=2/1/7/12 of 20
t=32200  N=19631  holderDeg=13  probe(ttl4/6/8/12)=0/3/6/16 of 20

 Plateau completed at t=32267

PLAT_DONE
